ID,Код записи,Наименование товара,Наименование товара (повтор),Поставщик,Категория товара,Бренд,Город,Адрес,Телефон,Email,Статус заказа,"Остаток на складе, шт.","Цена, руб.",Дата создания записи,Дата последнего обновления,Система-источник,Примечания
1,SHOP-000001,Кофемашина автоматическая,Кофемашина автоматическая,Лебедев Алексей Андреевич,Бытовая электроника,Adidas,Краснодар,"ул. Пушкина, д. 141, кв. 124",+7-949-847-28-98,ivanov.mail.ru,Возвр.,463,69248,вчера,07.05.2024,Собственная система учёта,Ограниченная серия
2,SHOP-000002,Кроссовки беговые,Кроссовки беговые,Смирнов Александр Иванович,Книги и печатная продукция,LG,Воронеж,"ул. Победы, д. 28, кв. 5",+7-928-988-93-59,smirnovaleks390@yandex.ru,Возврат,500,13255,28.08.2025,03.09.2026,CRM Bitrix24,Требуется проверка качества
3,SHOP-000003,Футболка хлопковая,Футболка хлопковая,Иванова Юлия Александровна,Бытовая электроника,Adidas,,"ул. Победы, д. 126, кв. 101",+7-957-260-12-54,ivanovayuliy364@gmail.com,Отправлен,120,65900,21.01.2025,27.07.2025,1С:Предприятие,
4,SHOP-000004,Наушники беспроводные,Наушники беспроводные,Егоров Алексей Сергеевич,Одежда/обувь,LG,Ростов-на-Дону,"ул. Садовая, д. 59, кв. 107",,egorovalekse932@gmail.com,Возврат,,59073,21.04.2024,18.10.2024,CRM Bitrix24,Требуется проверка качества
5,SHOP-000005,Наушники беспроводные,Наушники беспроводные,Виноградова Алина Сергеевна,Тов. для дома,Apple,Волгоград,"ул. Спортивная, д. 41, кв. 82",+7-914-670-78-25,vinogradovaa326@yandex.ru,Опл.,ABC,4064,14.07.2025,24.08.2025,SAP ERP,Требуется проверка качества
6,SHOP-000006,Кастрюля с антипригарным покрытием,Кастрюля с антипригарным покрытием,Соколов Максим Александрович,Косметика и парфюмерия,Adidas,Нижний Новгород,"ул. Спортивная, д. 146, кв. 157",+7-924-710-39-39,sokolovmaksi368@mail.ru,В обработке,352,62669,28.09.2024,23.08.2026,SAP ERP,Требуется проверка качества
7,SHOP-000007,Шампунь увлажняющий,Шампунь увлажняющий,Попов Илья Сергеевич,Бытовая электроника,Samsung,Москва,"ул. Молодёжная, д. 4, кв. 70",+7-936-327-95-35,,Оплачен,474,57777,11.12.2026,14.04.2025,Excel-выгрузка,???
8,SHOP-000008,Ноутбук игровой,Ноутбук игровой,Волкова Светлана Ивановна,Косм./парф.,LG,Казань,"ул. Спортивная, д. 138, кв. 135",+7-951-996-14-76,volkovasvetl463@mail.ru,Дост.,423,5759,,02.12.2025,Собственная система учёта,Товар под заказ
9,SHOP-000009,Футболка хлопковая,N/A,Лебедева Елена Николаевна,Тов. для дома,Bosch,Нижний Новгород,"ул. Пушкина, д. 119, кв. 43",+7-937-401-88-16,lebedevaelen475@yandex.ru,Доставлен,46,65822,25.03.2023,18.12.2026,CRM Bitrix24,Товар
10,SHOP-000010,Рюкзак,Рюкзак городской,Соколов Александр Петрович,Косметика и парфюмерия,LG,Екатеринбург,"ул. Центральная, д. 24, кв. 65",+7-930-808-93-30,sokolovaleks94@mail.ru,В обработке,361,59103,17.02.2025,24.07.2026,Собственная система учёта,
11,SHOP-000011,Книга «Программирование на Java»,Книга «Программирование на Java»,Петров Артём Сергеевич,Книги и печатная продукция,Adidas,Вор,"ул. Гагарина, д. 42, кв. 38",+7-921-887-16-63,petrovartems317@gmail.com,Доставлен,147,23884,07.03.2023,25.10.2024,SAP ERP,Товар со скидкой
12,SHOP-000012,Кофемашина автоматическая,Кофемашина автоматическая,Богданов Илья Александрович,Косметика и парфюмерия,Bosch,Екатеринбург,"ул. Советская, д. 122, кв. 117",+7-936-552-20-86,bogdanovilya251@mail.ru,Возврат,142,73279,06.01.2024,21.01.2024,SAP ERP,Товар со скидкой
13,SHOP-000013,Книга «Программирование на Java»,Книга «Программирование на Java»,Воробьёва Дарья Николаевна,Кни,Nike,Москва,"ул. Мира, д. 107, кв. 46",+7-920-7,vorobevadary990@yandex.ru,Доставлен,383,76086,03.01.2025,12.06.2025,Excel-выгрузка,Товар со скидкой
14,SHOP-000014,Кастрюля,Кастрюля с антипригарным покрытием,Смирнов Кирилл Николаевич,Тов. для дома,Samsung,Санкт-Петербург,"ул. Пушкина, д. 85, кв. 135",+7-936-637-36-99,smirnovkiril627@yandex.ru,В обработке,55,75090,24.08.2023,26.10.2026,SAP ERP,Товар под заказ
15,SHOP-000015,Ноутбук игровой,Ноутбук игровой,Виноградова Наталья Викторовна,Бытовая электроника,Adidas,Казань,ОШИБКА_ДАННЫХ,+7-950-609-73-33,vinogradovan726@yandex.ru,Отпр.,99,407,15.01.2023,24.02.2026,???,
16,SHOP-000016,Рюкзак,Рюкзак городской,Алексеев Алексей Андреевич,Одежда/обувь,LG,Екатеринбург,"ул. Пушкина, д. 66, кв. 18",+7-929-4,alekseevalek786@gmail.com,В обработке,58,43884,24.07.2025,01.10.2026,CRM Bitrix24,ОШИБКА_ДАННЫХ
17,SHOP-000017,Чайник электрический,Чайник электрический,Голубева Алина Петровна,Одежда и обувь,LG,Волгоград,"ул. Центральная, д. 40, кв. 161",+7-939-985-78-52,,Доставлен,475,7542,24.10.2025,18.06.2026,Собственная система учёта,Товар со скидкой
18,SHOP-000018,Куртка зимняя,Куртка зимняя,Алексеева Ирина Дмитриевна,Бытовая электроника,Xiaomi,Мск,"ул. Победы, д. 97, кв. 161",+7-944-962-31-83,alekseevairi192@outlook.com,Возвр.,59,40607,02.12.2025,03.07.2025,Excel-выгрузка,Требуется проверка качества
19,SHOP-000019,???,,Лебедев Андрей Николаевич,Бытовая электроника,Nike,Новосиб.,"ул. Ленина, д. 52, кв. 24",+7-938-618-13-71,lebedevandre195@yandex.ru,Отправлен,472,63569,05.06.2025,22.09.2024,CRM Bitrix24,Требуется проверка качества
20,SHOP-000020,Настольная лампа,Настольная лампа,Виноградов Артём Дмитриевич,Одежда/обувь,Xiaomi,Москва,"ул. Спортивная, д. 23, кв. 86",+7-939-147-23-76,vinogradovar24@gmail.com,Возврат,388,41113,07.06.2024,31.02.2026,Собственная система учёта,Ограниченная серия
21,SHOP-000021,Кастрюля с антипригарным покрытием,Кастрюля с антипригарным покрытием,Новиков Дмитрий Сергеевич,Быт. электр.,Xiaomi,Санкт-Петербург,"ул. Ленина, д. 144, кв. 132",+7-916-311-79-54,ivanov.mail.ru,Оплачен,482,37328,03.03.2024,11.10.2025,Собственная система учёта,Товар под заказ
22,SHOP-000022,Кроссовки беговые,Кроссовки беговые,Петров Илья Дмитриевич,Товары для дома,Nike,Санкт-Петербург,ул.,+7-955-7,petrovilyadm632@outlook.com,,159,43759,25.12.2024,2026,,
23,SHOP-000023,Книга «Программирование на Java»,Книга «Программирование на Java»,Семёнов Виктор Дмитриевич,Товары для дома,Xiaomi,Воронеж,12345XYZ,+7-924-247-88-43,semenovvikto402@gmail.com,Оплачен,358,43496,16.08.2025,16.02.2024,1С:Предприятие,Ограниченная серия
24,SHOP-000024,Кофемашина автоматическая,Кофемашина автоматическая,Морозов Максим Викторович,Косметика и парфюмерия,Adidas,Влгд,12345XYZ,+7-955-915-23-51,morozovmaksi812@mail.ru,Отправлен,,60620,14.10.2026,08.10.2024,Собственная система учёта,Требуется проверка качества
25,SHOP-000025,Кофемашина автоматическая,Кофемашина автоматическая,Лебедев Алексей Иванович,Неизвестная категория,Adidas,Самара,"ул. Победы, д. 140, кв. 178",+7-925-277-94-95,lebedevaleks758@mail.ru,Возвр.,428,63983,20.10.2023,18.06.2025,1С:Предприятие,Товар под заказ
26,SHOP-000026,Книга «Программирование на Java»,Книга «Программирование на Java»,Смирнов Артём Дмитриевич,Косметика и парфюмерия,Apple,Ростов-н/Д,"ул. Победы, д. 127, кв. 166",+7-952-162-21-37,smirnovartem909@yandex.ru,Возвр.,,224,05.11.2024,10.09.2025,Excel-выгрузка,
27,SHOP-000027,Ноутбук,Ноутбук игровой,Волков Сергей Николаевич,Косметика и парфюмерия,Apple,Воронеж,"ул. Пушкина, д. 112, кв. 184",+7-932-191-84-11,volkovsergei868@outlook.com,Оплачен,436,38759,18.06.2023,23.01.2024,Собственная система учёта,Ограниченная серия
28,SHOP-000028,,Смартфон 128 ГБ,Иванова Полина Андреевна,Товары для дома,LG,Казань,"ул. Молодёжная, д. 82, кв. 183",+7-934-515-58-65,ivanovapolin679@yandex.ru,Оплачен,243,18428,13.09.2024,05.07.2025,SAP ERP,Требуется
29,SHOP-000029,Книга «Программирование на Java»,Книга «Программирование на Java»,Иванов Павел Сергеевич,Товары для дома,LG,Ростов-н/Д,"ул. Гагарина, д. 22, кв. 36",телефон отсутствует,ivanovpavels639@outlook.com,Опл.,232,66970,27.09.2026,12.07.2025,CRM Bitrix24,Требуется проверка качества
30,SHOP-000030,,Рюкзак городской,Голубева Екатерина Андреевна,Косм./парф.,Xiaomi,Ростов-на-Дону,"ул. Садовая, д. 148, кв. 94",+7-912-138-82-71,golubevaekat116@gmail.com,Возврат,много,,24.12.2024,15.05.2026,Собственная система учёта,Товар со скидкой
31,SHOP-000031,Футболка хлопковая,Футболка хлопковая,Козлова Ольга Петровна,,LG,Ворнж,"ул. Садовая, д. 149, кв. 80",+7-99-abc-12-34,kozlovaolgap481@mail.ru,Дост.,262,61703,12.07.2025,06.05.2025,1С:Предприятие,
32,SHOP-000032,Настольная лампа,Настольная,Воробьёв Виктор Николаевич,Одежда и обувь,LG,Челяб.,"ул. Спортивная, д. 44, кв. 147",+7-913-772-47-89,vorobevvikto294@mail.ru,Доставлен,-1,16822,09.05.2023,09.10.2024,SAP ERP,Ограниченная серия
33,SHOP-000033,Кроссовки беговые,Кроссовки беговые,Соколова Екатерина Сергеевна,Товары для дома,Xiaomi,Самара,"ул. Гагарина, д. 67, кв. 180",+7-925-596-33-77,sokolovaekat352@mail.ru,В обработке,495,19214,25.08.2024,08.07.2025,Excel-выгрузка,Требуется проверка качества
34,SHOP-000034,Куртка зимняя,Куртка зимняя,Алексеева Полина Александровна,Книги и печатная продукция,Apple,Санкт-Петербург,"ул. Ленина, д. 43, кв. 119",+7-935-587-48-70,alekseevapol389@yandex.ru,Доставлен,242,34622,28.09.2024,10.01.2025,Excel-выгрузка,Товар под заказ
35,SHOP-000035,Крем для лица,Крем для лица,Петров Кирилл Дмитриевич,Косм./парф.,LG,Неизвестная категория,"ул. Молодёжная, д. 70, кв. 86",+7-927-373-22-42,petrovkirill473@outlook.com,Оплачен,375,77365,11.09.2024,06.12.2026,SAP,
36,SHOP-000036,Кроссовки беговые,Кроссовки беговые,Смирнова Полина Александровна,Тов. для дома,Nike,Краснодар,"ул. Мира, д. 115, кв. 90",+7-924-842-46-42,smirnovapoli35@yandex.ru,В обработке,317,12250,22.10.2023,21.10.2024,1С:Предприятие,12345XYZ
37,SHOP-000037,Смартфон 128 ГБ,Смартфон 128 ГБ,,Одежда/обувь,LG,Волгоград,"ул. Пушкина, д. 76, кв. 120",+7-952-177-91-68,egorovaannas788@gmail.com,Доставлен,354,42589,25.03.2025,25.05.2024,1С:Предприятие,Товар под заказ
38,SHOP-000038,Рюкзак городской,???,Новиков Александр Николаевич,###,Bosch,Санкт-Петербург,"ул. Центральная, д. 52, кв. 157",+7-99-abc-12-34,novikovaleks148@mail.ru,Возвр.,393,56725,21.10.2024,23.08.2024,SAP ERP,Товар со скидкой
39,SHOP-000039,Кроссовки беговые,Кроссовки беговые,Новиков Никита Петрович,Одежда/обувь,Bosch,Волгоград,"ул. Ленина, д. 10, кв. 171",+7-934-372-29-99,novikovnikit927@gmail.com,Дост.,н/д,685,14.08.2026,25.12.2025,нет данных(ошибка),
40,SHOP-000040,####,Куртка зимняя,Голубев Роман Дмитриевич,Косметика и парфюмерия,Adidas,Новосибирск,"ул. Победы, д. 78, кв. 103",,petrov@@mail..ru,Отправлен,41,,07.11.2025,вчера,Excel-выгрузка,Требуется проверка качества
41,SHOP-000041,N/A,Наушники беспроводные,Кузнецова Алина Викторовна,Товары для дома,Nike,Воронеж,"ул. Центральная, д. 49, кв. 36",+7-912-297-13-85,kuznecovaali501@yandex.ru,Доставлен,32,71051,18.08.2025,02.01.2025,SAP ERP,Товар со скидкой
42,SHOP-000042,Чайник электрический,Чайник электрический,Егорова Елена Дмитриевна,Бытовая электроника,Apple,Воронеж,,+7-944-252-84-39,egorovaelena38@mail.ru,Оплачен,250,2698,02.10.2026,21.12.2024,CRM Bitrix24,Товар со скидкой
43,SHOP-000043,Книга «Программирование на Java»,Книга «Программирование на Java»,,Тов. для дома,Adidas,Вол,"ул. Спортивная, д. 17, кв. 28",+7-917-609-86-88,ivanov.mail.ru,Оплачен,218,,04.06.2026,18.10.2026,CRM Bitrix24,Ограниченная серия
44,SHOP-000044,Шампунь увлажняющий,Шампунь увлажняющий,Петрова Мария Сергеевна,Книги и печатная продукция,Nike,Санкт-Петербург,"ул. Пушкина, д. 37, кв. 194",+7-936-272-99-57,petrovamariy450@yandex.ru,Оплачен,473,76482,04.03.2023,2026,CRM Bitrix24,Товар со скидкой
45,SHOP-000045,Планшет 10 дюймов,,Иванов Александр Сергеевич,Одежда и обувь,LG,Воронеж,"ул. Спортивная, д. 73, кв. 107",+7-954-926-70-98,ivanovaleksa212@yandex.ru,Оплачен,327,35713,08.07.2026,23.10.2024,1С:Предприятие,
46,SHOP-000046,Книга «Программирование на Java»,Книга «Программирование на Java»,Смирнова,Книги/печ. прод.,,Москва,"ул. Садовая, д. 61, кв. 50",+7-917-642-22-89,smirnovaekat884@gmail.com,Возврат,,28940,22.11.2026,02.05.2024,CRM Bitrix24,Товар со скидкой
47,SHOP-000047,Кастрюля с антипригарным покрытием,Кастрюля с антипригарным покрытием,Голубев Егор Петрович,Быт. электр.,Samsung,Ворнж,"ул. Ленина, д. 14, кв. 166",+7-933-391-36-65,golubevegorp343@gmail.com,Возврат,412,59594,24.02.2023,06.09.2024,CRM Bitrix24,Товар со скидкой
48,SHOP-000048,Кофемашина автоматическая,Кофемашина автоматическая,Козлова Ольга Петровна,Косметика и парфюмерия,Adidas,Новосибирск,"ул. Молодёжная, д. 51, кв. 192",+7-953-433-39-24,kozlovaolgap234@gmail.com,В обр.,121,54279,08.07.2024,19.08.2024,Excel-выгрузка,Товар со скидкой
49,SHOP-000049,Планшет 10 дюймов,Планшет 10 дюймов,Фёдоров Сергей Петрович,Быт. электр.,Bosch,Новосиб.,"ул. Гагарина, д. 118, кв. 185",+7-922-747-55-44,fedorovserge344@yandex.ru,Опл.,16,74736,2023,15.08.2024,Excel-выгрузка,Требуется проверка качества
50,SHOP-000050,N/A,Кастрюля с антипригарным покрытием,Морозов Владимир Сергеевич,Косметика и парфюмерия,Samsung,Казань,"ул. Садовая, д. 59, кв. 23",+7-936-977-76-72,morozovvladi606@yandex.ru,Доставлен,428,60855,24.01.2025,28.12.2025,CRM Bitrix24,Требуется проверка качества
51,SHOP-000051,Чайник электрический,Чайник электрический,Воробьёв Сергей Сергеевич,Косм./парф.,Nike,Ростов-на-Дону,"ул. Ленина, д. 11, кв. 121",+7-956-887-74-14,vorobevserge544@outlook.com,Дост.,245,13044,08.08.2026,25.09.2024,1С:Предприятие,Товар под заказ
52,SHOP-000052,Куртка зимняя,Куртка зимняя,Козлов Андрей Дмитриевич,Одежда и обувь,,Воронеж,"ул. Пушкина, д. 42, кв. 181",+7-939-978-83-84,kozlovandrei466@mail.ru,Дост.,,18369,26.03.2026,15.11.2025,1С:Предприятие,Товар со скидкой
53,SHOP-000053,Рюкзак городской,Рюкзак городской,Виноградова Ирина Александровна,Книги и печатная продукция,Bosch,Смр,"ул. Пушкина, д. 139, кв. 148",+7-923-906-97-20,vinogradovai754@gmail.com,В обработке,263,,13.02.2023,20.08.2025,1С:Предприятие,Ограниченная серия
54,SHOP-000054,Чайник электрический,Чайник электрический,Смирнов Кирилл Андреевич,Быт. электр.,Xiaomi,Екатеринбург,"ул. Садовая, д. 30, кв. 167",+7-940-855-84-99,smirnovkiril772@yandex.ru,Оплачен,164,46430,22.09.2025,02.05.2025,1С:Предприятие,Ограниченная серия
55,SHOP-000055,Чайник электрический,Чайник электрический,Виноградов Кирилл Дмитриевич,Товары для дома,LG,Краснодар,"ул. Садовая, д. 75, кв. 116",+7-949-476-96-98,vinogradovki193@mail.ru,Дос,,10708,10.03.2026,2026-13-45,SAP ERP,Товар со скидкой
56,SHOP-000056,Настольная лампа,Настольная лампа,Лебедев Максим Александрович,Книги и печатная продукция,Bosch,Ворнж,"ул. Садовая, д. 34, кв. 122",+7-932-530-66-92,lebedevmaksi299@mail.ru,Опл.,32,3088,21.09.2024,19.07.2025,SAP ERP,Ограниченная серия
57,SHOP-000057,Кофемашина автоматическая,Кофемашина автоматическая,Виноградова Ксения Петровна,Товары для дома,Xiaomi,Казань,"ул. Гагарина, д. 79, кв. 44",+7-926-332-71-57,vinogradovak789@gmail.com,В обработке,,46484,06.08.2025,23.03.2026,Собственная система учёта,-
58,SHOP-000058,Книга «Программирование на Java»,Книга «Программирование на Java»,Попова Полина Сергеевна,Быт. электр.,Nike,Москва,"ул. Победы, д. 148, кв. 33",+7-938-366-57-33,popovapolina576@yandex.ru,В обработке,340,41742,12.03.2025,06.09.2025,Собственная система учёта,Ограниченная серия
59,SHOP-000059,Смартфон 128 ГБ,Смартфон 128 ГБ,Голубева Светлана Сергеевна,Товары для дома,Xiaomi,Волгоград,"ул. Ленина, д. 140, кв. 130",+7-931-762-47-70,golubevasvet993@gmail.com,Возврат,341,19478,23.06.2026,16.12.2024,1С:Предприятие,Требуется проверка качества
60,SHOP-000060,Крем для лица,Крем для лица,Иванова Наталья Ивановна,не указано(ошибка),Apple,Екатеринбург,,+7-930-156-87-92,ivanovanatal598@yandex.ru,Возвр.,113,36628,03.01.2024,22.08.2026,1С:Предприятие,
61,SHOP-000061,Рюкзак городской,Рюкзак городской,Фёдоров Алексей Александрович,Книги/печ. прод.,Bosch,Влгд,"ул. Молодёжная, д. 95, кв. 99",+7-933-112-46-54,fedorovaleks316@gmail.com,Дост.,,73735,вчера,14.12.2025,Excel-выгрузка,Ограниченная серия
62,SHOP-000062,Книга «Программирование на Java»,Книга «Программирование на Java»,Павлова Алина Ивановна,Бытовая электроника,Apple,Казань,"ул. Спортивная, д. 23, кв. 37",+7-923-410-70-77,pavlovaalina68@gmail.com,Возвр.,,49453,14.01.2023,14.05.2026,CRM Bitrix24,
63,SHOP-000063,Кофемашина автоматическая,Кофемашина автоматическая,Попова Виктория Андреевна,Бытовая электроника,Apple,Ростов-н/Д,нет данных(ошибка),+7-912-942-48-84,popovaviktor506@gmail.com,Возврат,378,60945,26.01.2024,09.03.2024,SAP ERP,Товар под заказ
64,SHOP-000064,Смартфон 128 ГБ,Смартфон 128 ГБ,Морозова Алина Ивановна,Быт. электр.,Bosch,Пермь,"ул. Советская, д. 8, кв. 31",+7-958-383-73-18,morozovaalin596@gmail.com,Доставлен,289,57356,вчера,27.12.2025,1С:Предприятие,Ограниченная серия
65,SHOP-000065,Футболка хлопковая,,Новикова Елена Сергеевна,Косм./парф.,Nike,Волгоград,"ул. Победы, д. 119, кв. 178",+7-918-465-30-16,novikovaelen370@gmail.com,Дост.,325,46859,10.05.2023,03.11.2026,Собственная система учёта,Требуется проверка качества
66,SHOP-000066,Кастрюля с антипригарным покрытием,Кастрюля с антипригарным покрытием,Кузнецова Виктория Сергеевна,Косметика и парфюмерия,Xiaomi,Новосибирск,"ул. Пушкина, д. 70, кв. 176",+7-954-804-56-22,kuznecovavik844@gmail.com,Опл.,6,18150,25.06.2025,31.02.2026,CRM Bitrix24,Товар со скидкой
67,SHOP-000067,Куртка зимняя,Куртка зимняя,Лебедев Сергей Дмитриевич,Товары для дома,Bosch,Санкт-Петербург,"ул. Мира, д. 34, кв. 5",+7-940-456-49-98,lebedevserge143@gmail.com,Доставлен,455,-1,23.03.2025,24.01.2025,1С:Предприятие,Требуется проверка качества
68,SHOP-000068,Книга «Программирование на Java»,Книга «Программирование на Java»,Козлова Анна Николаевна,Бытовая электроника,Samsung,Волгоград,"ул. Мира, д. 109, кв. 177",+7-958-902-24-19,,Доставлен,387,,04.04.2023,17.11.2024,Собственная система учёта,Товар со скидкой
69,SHOP-000069,Кофемашина автоматическая,Кофемашина автоматическая,Петров Андрей Дмитриевич,Книги и печатная продукция,LG,Москва,"ул. Мира, д. 32, кв. 155",+7-923-701-35-33,petrovandrei30@gmail.com,В обработке,74,36556,06.06.2025,20.12.2026,,
70,SHOP-000070,Ноутбук игровой,Ноутбук игровой,Воробьёв Егор Александрович,Косм./парф.,Samsung,Пермь,"ул. Советская, д. 73, кв. 44",+7-958-650-10-22,vorobevegora943@yandex.ru,Возвр.,435,62421,19.12.2025,22.08.2024,1С:Предприятие,Требуется проверка качества
71,SHOP-000071,Шампунь увлажняющий,Шампунь увлажняющий,Павлов Артём Андреевич,Косметика и парфюмерия,Samsung,Ростов-на-Дону,"ул. Мира, д. 81, кв. 32",+7-939-212-76-27,pavlovartema781@outlook.com,Отпр.,360,37984,11.02.2023,13.02.2025,SAP ERP,Товар под заказ
72,SHOP-000072,Ноутбук игровой,Ноутбук игровой,Семёнова Дарья Андреевна,Косметика и парфюмерия,Bosch,Нижний Новгород,"ул. Молодёжная, д. 49, кв. 18",+7-940-795-57-32,semenovadary691@mail.ru,Доставлен,344,13985,17.08.2026,03.11.2026,1С:Предприятие,Требуется проверка качества
73,SHOP-000073,Рюкзак городской,Рюкзак городской,Кузнецов Никита Сергеевич,Одежда и обувь,Xiaomi,Екатеринбург,ул.,+7-935-225-39-64,kuznecovniki286@outlook.com,Возвр.,303,35979,16.06.2026,13.10.2026,Excel-выгрузка,
74,SHOP-000074,Наушники беспроводные,Наушники беспроводные,Кузнецов Илья Дмитриевич,Книги/печ. прод.,Bosch,Челябинск,"ул. Советская, д. 35, кв. 8",+7-916-855-16-18,kuznecovilya695@outlook.com,В обработке,497,23674,22.10.2026,10.03.2025,Собственная система учёта,
75,SHOP-000075,Смартфон 128 ГБ,Смартфон 128 ГБ,Виноградова Дарья Петровна,Товары для дома,Samsung,Нижний Новгород,"ул. Центральная, д. 126, кв. 130",+7-926-655-53-79,vinogradovad976@mail.ru,В обработке,220,15815,11.08.2026,15.08.2025,1С:Предприятие,Товар со скидкой
76,SHOP-000076,Книга «Программирование на Java»,Книга «Программирование на Java»,Морозова Полина Сергеевна,Тов. для дома,Bosch,Волгоград,нет данных(ошибка),+7-958-212-82-96,morozovapoli676@,Возврат,350,,18.08.2026,02.09.2024,Excel-выгрузка,Ограниченная серия
77,SHOP-000077,Кофемашина автоматическая,Кофемашина автоматическая,Фёдорова Светлана Викторовна,,Xiaomi,Москва,"ул. Ленина, д. 12, кв. 33",+7-933-457-84-13,fedorovasvet390@gmail.com,В обр.,219,45438,12.07.2025,08.11.2024,CRM Bitrix24,Требуется проверка качества
78,SHOP-000078,Крем для лица,Крем для лица,Смирнов Дмитрий Николаевич,Одежда и обувь,Xiaomi,Волгоград,"ул. Ленина, д. 138, кв. 84",+7-912-571-94-64,smirnovdmitr274@outlook.com,В обр.,356,61764,13.06.2023,11.07.2026,Собственная система учёта,Товар со скидкой
79,SHOP-000079,Кастрюля с антипригарным покрытием,Кастрюля с антипригарным покрытием,Лебедев Роман Викторович,Товары для дома,Adidas,Самара,"ул. Победы, д. 43, кв. 158",+7-929-472-65-35,lebedevroman651@outlook.com,В обработке,430,70432,09.05.2024,19.05.2024,Excel-выгрузка,
80,SHOP-000080,,Ноутбук игровой,Воробьёва Ольга Дмитриевна,Косм./парф.,Xiaomi,Нижний Новгород,"ул. Мира, д. 146, кв. 136",+7-940-537-36-54,vorobevaolga668@mail.ru,Отправлен,258,39509,вчера,14.04.2025,Excel-выгрузка,Ограниченная серия
81,SHOP-000081,Ноутбук игровой,Ноутбук игровой,Богданова Дарья Сергеевна,Одежда и обувь,,Пермь,"ул. Садовая, д. 48, кв. 148",+7-941-318-94-69,bogdanovadar960@gmail.com,Возврат,414,57049,07.09.2023,05.08.2025,CRM Bitrix24,Требуется проверка качества
82,SHOP-000082,Настольная лампа,Настольная лампа,,Книги и печатная продукция,Apple,Санкт-Петербург,"ул. Советская, д. 106, кв. 69",+7-928-761-30-42,pavlovanatal416@yandex.ru,Оплачен,58,19855,08.01.2024,16.08.2025,Собственная система учёта,Товар под заказ
83,SHOP-000083,Рюкзак городской,Рюкзак городской,Лебедева Елена Сергеевна,Книги и печатная продукция,Samsung,Москва,"ул. Пушкина, д. 72, кв. 169",+7-945-280-92-15,lebedevaelen802@outlook.com,В обработке,28,11200,10.10.2025,12.07.2024,1С:Предприятие,Товар под заказ
84,SHOP-000084,Шампунь увлажняющий,Шампунь увлажняющий,Козлова Анна Дмитриевна,Косм./парф.,LG,Крд,"ул. Мира, д. 134, кв. 171",+7-947-893-77-42,kozlovaannad906@outlook.com,В обработке,,78819,11.06.2023,13.12.2026,CRM Bitrix24,Товар под заказ
85,SHOP-000085,Куртка зимняя,Куртка зимняя,Лебедев Максим Николаевич,Товары для дома,Bosch,Н.Новгород,"ул. Спортивная, д. 15, кв. 126",+7-944-483-99-24,lebedevmaksi559@gmail.com,Доставлен,243,32489,12.03.2025,12.12.2025,SAP ERP,Товар со скидкой
86,SHOP-000086,Крем для лица,Крем для лица,Петрова Екатерина Александровна,Быт. электр.,Xiaomi,Краснодар,"ул. Молодёжная, д. 80, кв. 164",,petrovaekate879@yandex.ru,Доставлен,198,1231,10.05.2026,10.04.2024,CRM Bitrix24,Требуется проверка качества
87,SHOP-000087,Планшет 10 дюймов,Планшет 10 дюймов,,Книги и печатная продукция,нет данных(ошибка),,"ул. Центральная, д. 121, кв. 189",+7-936-961-52-64,нет_почты,Оплачен,357,34405,14.06.2023,27.12.2026,Собственная система учёта,Ограниченная серия
88,SHOP-000088,Кофемашина автоматическая,Кофемашина автоматическая,Петрова Виктория Сергеевна,Товары для дома,-,Ворнж,"ул. Гагарина, д. 1, кв. 103",+7-922-743-49-50,petrovavikto114@,Оплачен,127,67881,22.10.2024,15.06.2025,Excel-выгрузка,Требуется проверка качества
89,SHOP-000089,Наушники беспроводные,Наушники беспроводные,Волков Никита Николаевич,Бытовая электроника,Nike,Ростов-на-Дону,"ул. Победы, д. 47, кв. 101",+7-934-954-83-38,volkovnikita971@mail.ru,В обработке,472,73407,15.02.2024,23.05.2024,CRM Bitrix24,Товар со скидкой
90,SHOP-000090,Рюкзак городской,Рюкзак городской,Новикова Екатерина Сергеевна,Одежда и обувь,Xiaomi,Волгоград,"ул. Спортивная, д. 31, кв. 4",+7-955-638-65-68,novikovaekat122@outlook.com,Оплачен,365,26826,10.05.2024,13.08.2026,CRM Bitrix24,ОШИБКА_ДАННЫХ
91,SHOP-000091,Шампунь увлажняющий,Шампунь увлажняющий,Морозов Сергей Андреевич,Товары для дома,Samsung,Ростов-на-Дону,"ул. Гагарина, д. 8, кв. 75",+7-926-341-89-67,morozovserge379@yandex.ru,Возвр.,350,60252,16.01.2023,23.06.2024,Excel-выгрузка,Требуется проверка качества
92,SHOP-000092,Настольная лампа,Настольная лампа,Фёдоров Артём Николаевич,Одежда/обувь,Nike,Крд,"ул. Ленина, д. 14, кв. 86",+7-925-582-55-87,fedorovartem6@mail.ru,Отпр.,258,50130,22.07.2025,18.03.2025,1С:Предприятие,
93,SHOP-000093,Книга «Программирование на Java»,Книга «Программирование на Java»,Голубев Кирилл Викторович,Товары для дома,Samsung,Санкт-Петербург,"ул. Победы, д. 136, кв. 111",+7-919-366-24-50,,Доставлен,446,37031,10.07.2025,27.10.2025,SAP ERP,
94,SHOP-000094,Чайник электрический,Чайник электрический,Волков Максим Петрович,Бытовая электроника,Adidas,Воронеж,"ул. Центральная, д. 14, кв. 49",+7-919-155-39-33,volkovmaksim482@mail.ru,,83,61428,16.02.2026,12.08.2024,Собственная система учёта,Товар под заказ
95,SHOP-000095,,Кофемашина автоматическая,Попов Егор Дмитриевич,Книги и печатная продукция,-,Екатеринбург,"ул. Пушкина, д. 47, кв. 44",+7-957-620-44-82,popovegordmi598@yandex.ru,В обработке,269,75014,03.07.2024,22.08.2024,1С:Предприятие,Ограниченная серия
96,SHOP-000096,Кроссовки беговые,Кроссовки беговые,нет данных(ошибка),Книги и печатная продукция,Adidas,Санкт-Петербург,"ул. Победы, д. 40, кв. 8",+7-915-571-94-71,kuznecovpave644@outlook.com,Отправлен,304,960,21.01.2025,11.08.2026,Собственная система учёта,Требуется проверка качества
97,SHOP-000097,Куртка зимняя,Куртка зимняя,Морозова Виктория Викторовна,Одежда/обувь,LG,Санкт-Петербург,"ул. Садовая, д. 98, кв. 24",+7-935-361-32-40,morozovavikt92@outlook.com,В обработке,436,27492,25.07.2024,21.05.2025,CRM Bitrix24,Товар со скидкой
98,SHOP-000098,Наушники беспроводные,Наушники беспроводные,Морозов Артём Сергеевич,Книги и печатная продукция,LG,###,"ул. Победы, д. 132, кв. 52",+7-941-556-59-70,petrov@@mail..ru,Возврат,216,много,20.06.2026,21.07.2024,Excel-выгрузка,Товар со скидкой
99,SHOP-000099,Кроссовки беговые,Кроссовки беговые,Козлова Татьяна Сергеевна,Товары для дома,Adidas,Воронеж,"ул. Садовая, д. 22, кв. 75",+7-939-547-20-71,kozlovatatya153@gmail.com,Оплачен,350,39575,14.09.2024,02.10.2025,Собственная система учёта,Товар со скидкой
100,SHOP-000100,Планшет 10 дюймов,Планшет 10 дюймов,Виноградов,Товары для дома,Nike,Чел,"ул. Спортивная, д. 65, кв. 91",+7-926-699-20-74,vinogradovdm117@mail.ru,Доставлен,91,24082,03.01.2026,10.12.2025,SAP ERP,
101,SHOP-000101,Настольная лампа,12345XYZ,Семёнов Павел Николаевич,Книги и печатная продукция,Apple,Самара,"ул. Гагарина, д. 55, кв. 48",+7-915-864-87-43,semenovpavel445@mail.ru,Возврат,9,966,01.02.2026,16.11.2024,Excel-выгрузка,Товар
102,SHOP-000102,Шампунь увлажняющий,Шампунь увлажняющий,Фёдорова Ксения Петровна,Книги/печ. прод.,Adidas,Казань,"ул. Победы, д. 102, кв. 78",+7-915-228-27-11,fedorovaksen115@yandex.ru,В обработке,ABC,24870,2023,21.03.2026,CRM Bitrix24,Товар под заказ
103,SHOP-000103,Шампунь увлажняющий,Шампунь увлажняющий,Богданова Виктория Андреевна,Одежда и обувь,Xiaomi,Самара,"ул. Центральная, д. 38, кв. 122",+7-937-122-24-31,bogdanovavik757@yandex.ru,Дост.,493,63776,28.01.2026,08.10.2025,CRM Bitrix24,Ограниченная серия
104,SHOP-000104,Ноутбук игровой,Ноутбук игровой,нет данных(ошибка),Одежда/обувь,Nike,Воронеж,"ул. Молодёжная, д. 107, кв. 127",+7-957-692-86-80,,не указано(ошибка),204,много,23.04.2026,01.09.2024,Excel-выгрузка,
105,SHOP-000105,Чайник электрический,Чайник электрический,Павлова Наталья Петровна,Одежда и обувь,Bosch,Казань,"ул. Победы, д. 115, кв. 179",+7-937-121-30-46,pavlovanatal481@yandex.ru,Отправлен,224,30622,22.10.2024,28.10.2025,Excel-выгрузка,Требуется проверка качества
106,SHOP-000106,Планшет 10 дюймов,Планшет 10 дюймов,-,Книги/печ. прод.,Apple,Челяб.,"ул. Гагарина, д. 54, кв. 73",+7-954-8,egorovromani133@outlook.com,Оплачен,102,20688,26.02.2026,10.08.2025,CRM Bitrix24,Требуется проверка качества
107,SHOP-000107,Футболка хлопковая,Футболка хлопковая,Алексеев Александр Николаевич,,LG,Волгоград,"ул. Гагарина, д. 129, кв. 9",+7-914-445-65-24,alekseevalek124@yandex.ru,Возвр.,114,,26.06.2025,25.01.2025,Собственная система учёта,Ограниченная серия
108,SHOP-000108,Планшет 10 дюймов,Планшет 10 дюймов,Виноградов Роман Дмитриевич,Одежда и обувь,Bosch,Самара,"ул. Центральная, д. 29, кв. 28",+7-949-724-23-81,vinogradovro520@mail.ru,В обработке,85,15674,06.06.2024,23.05.2026,Excel-выгрузка,
109,SHOP-000109,Кофемашина автоматическая,Кофемашина автоматическая,Попова Ольга Викторовна,Книги и печатная продукция,Apple,Волгоград,"ул. Мира, д. 52, кв. 113",+7-936-887-10-41,popovaolgavi350@outlook.com,Отправлен,258,22647,12.05.2023,12.07.2026,CRM,Требуется проверка качества
110,SHOP-000110,Кастрюля с антипригарным покрытием,Кастрюля с антипригарным покрытием,Козлова Светлана Сергеевна,Товары для дома,,Ростов-на-Дону,"ул. Центральная, д. 133, кв. 175",+7-933-130-66-28,kozlovasvetl735@mail.ru,Возврат,483,9320,11.06.2023,14.03.2025,1С:Предприятие,Товар под заказ
111,SHOP-000111,Кастрюля с антипригарным покрытием,Кастрюля с антипригарным покрытием,Попов Владимир Александрович,Косметика и парфюмерия,Xiaomi,Ростов-н/Д,ул.,+7-956-860-50-54,popovvladimi847@mail.ru,Отправлен,460,69378,13.12.2024,2025,Собственная система учёта,
112,SHOP-000112,Кастрюля с антипригарным покрытием,Кастрюля с антипригарным покрытием,Алексеева Татьяна Ивановна,Бытовая электроника,Xiaomi,СПб,"ул. Ленина, д. 138, кв. 86",телефон отсутствует,alekseevatat219@gmail.com,В о,261,72523,11.09.2025,01.03.2026,1С:Предприятие,
113,SHOP-000113,Ноутбук игровой,Ноутбук игровой,Морозов Егор Иванович,Косметика и парфюмерия,Nike,Пермь,"ул. Ленина, д. 96, кв. 67",+7-950-619-55-25,morozovegori775@mail.ru,В обработке,229,-1,11.08.2023,19.12.2024,Собственная,
114,SHOP-000114,Шампунь увлажняющий,Шампунь увлажняющий,Морозова Ирина Николаевна,Косм./парф.,LG,Влгд,"ул. Молодёжная, д. 134, кв. 189",+7-99-abc-12-34,morozovairin843@yandex.ru,Отправлен,ABC,,14.12.2024,03.02.2025,1С:Предприятие,Товар под заказ
115,SHOP-000115,Планшет 10 дюймов,Планшет 10 дюймов,Семёнов Сергей Дмитриевич,не указано(ошибка),LG,Краснодар,???,+7-959-504-43-84,semenovserge652@outlook.com,Доставлен,225,64365,05.03.2026,16.03.2026,,Требуется проверка качества
116,SHOP-000116,Настольная лампа,???,Кузнецова Юлия Андреевна,Товары для дома,Bosch,Мск,"ул. Гагарина, д. 144, кв. 95",+7-917-716-62-24,kuznecovayul379@mail.ru,Возвр.,148,5479,12.02.2024,10.06.2025,SAP ERP,Товар под заказ
117,SHOP-000117,Кроссовки беговые,Кроссовки беговые,Воробьёва Анна Ивановна,Одежда и обувь,Xiaomi,Н.Новгород,,+7-941-102-25-80,vorobevaanna70@gmail.com,В обработке,213,63268,15.10.2025,16.07.2025,Собственная система учёта,Требуется проверка качества
118,SHOP-000118,Кастрюля с антипригарным покрытием,Кастрюля с антипригарным покрытием,Семёнов Павел Петрович,Тов. для дома,Samsung,Пермь,"ул. Победы, д. 23, кв. 160",+7-952-738-62-59,semenovpavel922@yandex.ru,Доставлен,173,71109,15.11.2023,21.05.2026,1С:Предприятие,Требуется проверка качества
119,SHOP-000119,Настольная лампа,Настольная лампа,Морозов Павел Дмитриевич,Косметика и парфюмерия,Nike,,"ул. Спортивная, д. 139, кв. 148",+7-958-1,morozovpavel769@yandex.ru,Доставлен,257,2646,18.11.2023,09.01.2024,CRM Bitrix24,Требуется проверка качества
120,SHOP-000120,Шампунь увлажняющий,Шампунь увлажняющий,Воробьёва Алина Петровна,Одежда и обувь,Apple,Краснодар,"ул. Спортивная, д. 83, кв. 103",+7-947-146-72-12,vorobevaalin448@gmail.com,Оплачен,212,3353,09.07.2025,04.02.2024,Собственная система учёта,Требуется проверка качества
121,SHOP-000121,Наушники беспроводные,Наушники беспроводные,Смирнов Андрей Сергеевич,Книги и печатная продукция,???,Воронеж,"ул. Гагарина, д. 16, кв. 158",+7-930-285-13-17,smirnovandre400@gmail.com,В обр.,163,18872,09.06.2026,02.02.2025,CRM Bitrix24,Требуется проверка качества
122,SHOP-000122,Кастрюля с антипригарным покрытием,Кастрюля с антипригарным покрытием,Голубева Мария Ивановна,Одежда и обувь,Xiaomi,Москва,"ул. Победы, д. 119, кв. 142",+7-936-167-71-13,golubevamari649@outlook.com,Опл.,467,2640,19.09.2025,08.02.2026,Собственная система учёта,Требуется проверка качества
123,SHOP-000123,Наушники беспроводные,Наушники беспроводные,Смирнова Татьяна Андреевна,Быт. электр.,Xiaomi,Краснодар,"ул. Гагарина, д. 63, кв. 138",+7-937-668-67-15,smirnovataty833@mail.ru,Доставлен,492,38112,02.01.2024,20.05.2025,SAP ERP,Товар под заказ
124,SHOP-000124,Чайник электрический,Чайник электрический,Воробьёва Мария Николаевна,Одежда и обувь,Samsung,Пермь,"ул. Садовая, д. 145, кв. 18",+7-929-191-60-99,vorobevamari851@mail.ru,Оплачен,371,73138,,26.09.2026,SAP ERP,ОШИБКА_ДАННЫХ
125,SHOP-000125,Крем для лица,Крем для лица,Семёнов Виктор Николаевич,Бытовая электроника,LG,Новосибирск,"ул. Победы, д. 54, кв. 118",+7-948-436-12-98,semenovvikto662@yandex.ru,В обработке,311,62659,22.01.2023,18.07.2024,Excel-выгрузка,Товар под заказ
126,SHOP-000126,Футболка хлопковая,Футболка хлопковая,Смирнов Владимир Александрович,Товары для дома,LG,СПб,"ул. Победы, д. 97, кв. 154",+7-932-496-32-99,smirnovvladi128@mail.ru,Доставлен,189,25495,08.01.2026,25.01.2026,SAP ERP,Ограниченная серия
127,SHOP-000127,Куртка зимняя,Куртка зимняя,Морозов Никита Андреевич,Бытовая электроника,Bosch,Новосибирск,"ул. Ленина, д. 72, кв. 127",+7-955-823-87-36,morozovnikit201@,Доставлен,56,36552,18.03.2026,24.11.2024,Собственная система учёта,
128,SHOP-000128,Ноутбук игровой,Ноутбук игровой,Попов Никита Дмитриевич,Бытовая электроника,Xiaomi,Казань,"ул. Советская, д. 134, кв. 187",+7-927-296-96-12,petrov@@mail..ru,Возврат,452,59697,21.07.2023,02.11.2026,SAP ERP,Товар под заказ
129,SHOP-000129,Шампунь увлажняющий,Шампунь увлажняющий,Кузнецова Наталья Петровна,Товары для дома,нет данных(ошибка),Крд,"ул. Ленина, д. 58, кв. 13",+7-927-530-78-67,kuznecovanat6@gmail.com,Доставлен,99,-1,26.10.2023,08.12.2024,Excel-выгрузка,Товар со скидкой
130,SHOP-000130,Планшет,Планшет 10 дюймов,Волков Максим Николаевич,Одежда и обувь,LG,Воронеж,"ул. Мира, д. 8, кв. 123",+7-99-abc-12-34,volkovmaksim861@gmail.com,Отправлен,126,14334,11.04.2026,17.06.2024,CRM Bitrix24,Товар со скидкой
131,SHOP-000131,Кастрюля с антипригарным покрытием,Кастрюля с антипригарным покрытием,Кузнецова Татьяна Петровна,Косметика и парфюмерия,Nike,Санкт-Петербург,"ул. Ленина, д. 9, кв. 97",+7-930-9,kuznecovatat64@yandex.ru,Дост.,28,39714,04.02.2026,18.01.2026,,
132,SHOP-000132,Шампунь увлажняющий,Шампунь увлажняющий,Фёдоров Дмитрий Иванович,Быт. электр.,Apple,Казань,"ул. Спортивная, д. 3, кв. 117",+7-934-575-64-89,fedorovdmitr348@mail.ru,В обр.,232,67992,07.10.2025,01.02.2024,Собственная система учёта,Товар со скидкой
133,SHOP-000133,Ноутбук игровой,Ноутбук игровой,Воробьёва Мария Сергеевна,Косметика и парфюмерия,Xiaomi,Новосибирск,"ул. Молодёжная, д. 124, кв. 186",+7-949-555-33-41,ivanov.mail.ru,В обработке,30,16935,14.10.2025,25.11.2026,,ОШИБКА_ДАННЫХ
134,SHOP-000134,Ноутбук игровой,,Попова Виктория Сергеевна,Товары для дома,Xiaomi,Казань,"ул. Победы, д. 75, кв. 95",+7-910-630-85-94,popovaviktor59@yandex.ru,Оплачен,259,ERROR,12.07.2023,21.04.2024,CRM Bitrix24,Товар со скидкой
135,SHOP-000135,Чайник электрический,Чайник электрический,Семёнов Илья Викторович,Косметика и парфюмерия,Adidas,Новосиб.,"ул. Спортивная, д. 77, кв. 108",+7-931-266-23-68,semenovilyav508@mail.ru,Опл.,471,684,08.12.2024,07.10.2025,CRM,Товар под заказ
136,SHOP-000136,Настольная лампа,Настольная лампа,Волкова Полина Ивановна,Бытовая электроника,Bosch,Волгоград,"ул. Ленина, д. 93, кв. 3",+7-914-466-13-81,volkovapolin146@mail.ru,Отправлен,225,25680,01.01.2025,10.04.2024,CRM Bitrix24,Требуется проверка качества
137,SHOP-000137,Планшет 10 дюймов,Планшет 10 дюймов,Волков Максим Андреевич,Бытовая электроника,Samsung,Москва,"ул. Гагарина, д. 68, кв. 26",+7-911-951-96-27,volkovmaksim671@outlook.com,В обработке,173,27756,08.08.2025,22.06.2025,CRM Bitrix24,
138,SHOP-000138,Кастрюля с антипригарным покрытием,Кастрюля с антипригарным покрытием,Павлова Алина Дмитриевна,Одежда и обувь,Samsung,Волгоград,"ул. Советская, д. 50, кв. 137",+7-934-811-57-50,pavlovaalina652@outlook.com,Опл.,471,6254,10.09.2024,08.06.2024,1С:Предприятие,Ограниченная серия
139,SHOP-000139,Шампунь увлажняющий,Шампунь увлажняющий,Воробьёв Кирилл Петрович,Бытовая электроника,LG,Санкт-Петербург,"ул. Центральная, д. 17, кв. 43",+7-942-497-92-75,vorobevkiril511@gmail.com,Возвр.,237,23661,12.12.2025,16.12.2026,Excel-выгрузка,Товар под заказ
140,SHOP-000140,Наушники беспроводные,Наушники беспроводные,Воробьёва Дарья Александровна,,Samsung,Екатеринбург,"ул. Центральная, д. 61, кв. 102",+7-923-413-64-58,vorobevadary958@yandex.ru,Отпр.,,,,15.05.2024,Собственная система учёта,Ограниченная серия
141,SHOP-000141,Куртка зимняя,Куртка,Виноградова,Товары для дома,Bosch,Челябинск,"ул. Молодёжная, д. 105, кв. 95",+7-941-424-44-58,vinogradovat184@mail.ru,Дост.,119,35015,03.06.2023,17.09.2025,Собственная система учёта,Товар со скидкой
142,SHOP-000142,Кастрюля с антипригарным покрытием,Кастрюля с антипригарным покрытием,Кузнецов Сергей Дмитриевич,Одежда и обувь,Xiaomi,Мск,"ул. Садовая, д. 52, кв. 86",+7-922-791-52-42,kuznecovserg764@gmail.com,Отправлен,97,79371,31.02.2026,01.05.2026,SAP ERP,Ограниченная серия
143,SHOP-000143,Шампунь увлажняющий,Шампунь увлажняющий,Егоров Артём Александрович,Товары для дома,LG,Краснодар,"ул. Гагарина, д. 102, кв. 59",+7-924-840-36-70,egorovartema529@yandex.ru,Возврат,402,72632,27.12.2026,26.06.2025,1С:Предприятие,Ограниченная серия
144,SHOP-000144,Шампунь увлажняющий,Шампунь увлажняющий,Павлов Виктор Андреевич,Неизвестная категория,Bosch,Краснодар,"ул. Ленина, д. 96, кв. 36",+7-946-994-26-49,petrov@@mail..ru,Отправлен,173,,22.07.2026,18.12.2025,SAP ERP,Ограниченная серия
145,SHOP-000145,Ноутбук игровой,Ноутбук игровой,???,Бытовая электроника,Xiaomi,Казань,"ул. Спортивная, д. 147, кв. 101",+7-934-309-60-18,petrovviktor193@outlook.com,Доставлен,55,43301,00.00.0000,04.03.2024,Собственная система учёта,Требуется проверка качества
146,SHOP-000146,Кроссовки беговые,Кроссовки беговые,Голубева Екатерина Александровна,,Samsung,СПб,"ул. Молодёжная, д. 73, кв. 53",+7-924-398-94-77,golubevaekat466@mail.ru,В обр.,188,68164,11.03.2023,06.07.2025,1С:Предприятие,Требуется проверка качества
147,SHOP-000147,Футболка хлопковая,Футболка хлопковая,Смирнов Роман Иванович,Бытовая электроника,Samsung,Екатеринбург,"ул. Пушкина, д. 111, кв. 182",+7-952-586-30-87,smirnovroman602@gmail.com,Оплачен,257,60356,01.04.2025,,Excel-выгрузка,
148,SHOP-000148,Кастрюля с антипригарным покрытием,Кастрюля с антипригарным покрытием,Воробьёв Алексей Петрович,Товары для дома,Bosch,Казань,"ул. Ленина, д. 24, кв. 74",+7-951-567-54-99,vorobevaleks401@gmail.com,Возврат,ERROR,23154,06.04.2026,14.12.2026,Excel-выгрузка,Товар под заказ
149,SHOP-000149,Планшет 10 дюймов,Планшет 10 дюймов,####,Тов. для дома,LG,Москва,"ул. Советская, д. 41, кв. 71",+7-950-650-47-95,vorobevaksen715@mail.ru,Оплачен,465,64882,04.09.2026,25.02.2025,1С:Предприятие,
150,SHOP-000150,Кастрюля с антипригарным покрытием,Кастрюля с антипригарным покрытием,Семёнова Светлана Сергеевна,Книги и печатная продукция,Samsung,Краснодар,"ул. Ленина, д. 119, кв. 7",+7-914-754-98-96,semenovasvet391@outlook.com,Отпр.,381,52542,02.07.2024,04.05.2024,CRM Bitrix24,Ограниченная серия
151,SHOP-000151,Крем для лица,???,Семёнова Татьяна Дмитриевна,Одежда/обувь,Adidas,Ворнж,"ул. Советская, д. 113, кв. 36",+7-940-940-45-30,semenovataty859@yandex.ru,В обработке,310,13374,04.05.2024,13.12.2026,,Товар со скидкой
152,SHOP-000152,Крем для лица,Крем для лица,Новикова Дарья Сергеевна,Товары для дома,Xiaomi,Волгоград,"ул. Советская, д. 9, кв. 173",+7-944-321-66-99,novikovadary857@mail.ru,Возвр.,328,13673,10.12.2026,20.01.2025,1С:Предприятие,Товар со скидкой
153,SHOP-000153,Кастрюля с антипригарным покрытием,Кастрюля с антипригарным покрытием,Козлов Сергей Викторович,Быт. электр.,Samsung,СПб,"ул. Ленина, д. 108, кв. 8",+7-910-445-34-97,kozlovsergei226@mail.ru,В обр.,408,22204,14.01.2024,27.02.2026,SAP ERP,Ограниченная серия
154,SHOP-000154,Футболка хлопковая,Футболка хлопковая,Лебедева Екатерина Ивановна,Товары для дома,Nike,Екб,"ул. Советская, д. 28, кв. 92",+7-930-277-11-61,lebedevaekat13@gmail.com,Доставлен,108,60332,,20.11.2025,SAP ERP,Товар со скидкой
155,SHOP-000155,Смартфон 128 ГБ,Смартфон 128 ГБ,Морозова Светлана Петровна,Одежда и обувь,LG,Краснодар,ул.,+7-916-714-51-90,morozovasvet695@outlook.com,Оплачен,170,23180,16.11.2025,01.06.2024,Собственная система учёта,
156,SHOP-000156,Кофемашина автоматическая,Кофемашина автоматическая,Козлов Павел Александрович,Быт. электр.,Nike,Казань,"ул. Мира, д. 80, кв. 61",+7-957-538-41-89,нет_почты,Оплачен,191,65569,05.04.2025,,1С:Предприятие,Требуется проверка качества
157,SHOP-000157,Планшет 10 дюймов,Планшет 10 дюймов,Волкова Татьяна Сергеевна,Книги и печатная продукция,Xiaomi,Ворнж,нет данных(ошибка),+7-951-932-46-13,volkovatatya868@yandex.ru,###,175,31952,02.09.2024,26.04.2026,CRM Bitrix24,
158,SHOP-000158,Шампунь увлажняющий,Шампунь увлажняющий,Соколов Алексей Петрович,Одежда/обувь,,Челяб.,"ул. Мира, д. 50, кв. 14",+7-950-244-36-26,sokolovaleks178@mail.ru,Возвр.,,26987,03.09.2024,15.12.2025,SAP ERP,Требуется проверка качества
159,SHOP-000159,Настольная лампа,Настольная лампа,Соколов Артём Андреевич,Книги и печатная продукция,Xiaomi,Казань,"ул. Центральная, д. 52, кв. 70",+7-940-181-56-60,sokolovartem172@outlook.com,Доставлен,225,55603,2026,25.01.2025,Excel-выгрузка,Товар под заказ
160,SHOP-000160,Шампунь,Шампунь увлажняющий,Морозов Владимир Сергеевич,Косметика и парфюмерия,LG,Волгоград,"ул. Пушкина, д. 98, кв. 119",+7-929-564-46-58,morozovvladi74@,Отправлен,69,61706,07.03.2024,28.01.2024,-,Ограниченная серия
161,SHOP-000161,Кофемашина автоматическая,Кофемашина автоматическая,Егоров Артём Викторович,Товары для дома,Bosch,Нижний Новгород,"ул. Спортивная, д. 19, кв. 105",+7-912-227-59-82,egorovartemv199@yandex.ru,Доставлен,490,33657,23.09.2025,23.11.2025,SAP ERP,Товар со скидкой
162,SHOP-000162,Крем для лица,Крем для лица,Козлов Артём Андреевич,Товары для дома,Nike,Новосибирск,"ул. Ленина, д. 38, кв. 67",+7-948-566-97-28,kozlovartema254@gmail.com,Возврат,296,21358,25.02.2023,23.11.2024,N/A,Товар под заказ
163,SHOP-000163,Настольная лампа,Настольная лампа,Смирнова Алина Андреевна,Товары для дома,Samsung,Ростов-на-Дону,"ул. Пушкина, д. 78, кв. 129",+7-944-774-58-85,smirnovaalin752@gmail.com,Доставлен,385,11848,19.11.2023,09.03.2025,CRM Bitrix24,Товар под заказ
164,SHOP-000164,Настольная лампа,Настольная лампа,Голубев Максим Александрович,Одежда/обувь,Nike,Смр,ул.,+7-951-395-65-31,golubevmaksi384@yandex.ru,Опл.,360,,06.08.2024,15.02.2026,Собственная система учёта,Требуется проверка качества
165,SHOP-000165,Книга «Программирование на Java»,Книга «Программирование на Java»,Соколов Роман Андреевич,Книги/печ. прод.,Apple,Ростов-на-Дону,"ул. Центральная, д. 28, кв. 163",+7-920-181-47-20,sokolovroman128@outlook.com,Отправлен,32,45046,08.10.2023,22.08.2025,1С:Предприятие,Товар со скидкой
166,SHOP-000166,Кроссовки беговые,Кроссовки беговые,Воробьёв Александр Александрович,Одежда и обувь,Samsung,Краснодар,"ул. Ленина, д. 97, кв. 155",+7-943-879-44-72,vorobevaleks776@outlook.com,Отправлен,309,56489,22.06.2025,27.06.2025,CRM Bitrix24,Ограниченная серия
167,SHOP-000167,Крем для лица,Крем для лица,Петров Никита Викторович,Книги и печатная продукция,,Санкт-Петербург,"ул. Ленина, д. 117, кв. 179",+7-935-842-27-13,petrovnikita890@mail.ru,Возврат,143,32776,20.08.2025,28.11.2026,Excel-выгрузка,
168,SHOP-000168,Рюкзак городской,Рюкзак городской,Волкова Елена Александровна,Книги и печатная продукция,Apple,Мск,"ул. Победы, д. 114, кв. 60",+7-948-596-61-88,volkovaelena357@mail.ru,Дост.,480,62606,13.12.2023,07.10.2025,CRM Bitrix24,
169,SHOP-000169,Планшет 10 дюймов,Планшет 10 дюймов,Виноградова Полина Александровна,,Bosch,Самара,"ул. Мира, д. 78, кв. 173",,vinogradovap978@outlook.com,В обработке,246,71066,07.04.2024,23.11.2024,1С:Предприятие,Товар со скидкой
170,SHOP-000170,Рюкзак городской,Рюкзак городской,Соколова Елена Викторовна,Тов. для дома,Apple,Н.Новгород,"ул. Советская, д. 66, кв. 171",+7-940-786-25-95,sokolovaelen945@yandex.ru,Возврат,324,64682,11.12.2023,25.10.2024,Собственная система учёта,Товар со скидкой
171,SHOP-000171,Крем для лица,Крем для лица,Егоров Владимир Иванович,Бытовая электроника,Samsung,Нижний Новгород,"ул. Мира, д. 75, кв. 23",+7-917-191-53-85,egorovvladim763@yandex.ru,В обработке,293,48400,13.06.2024,01.12.2026,SAP ERP,Товар со скидкой
172,SHOP-000172,Ноутбук игровой,Ноутбук игровой,Егорова Полина Ивановна,Книги и печатная продукция,Apple,не указано(ошибка),"ул. Гагарина, д. 134, кв. 170",+7-948-704-38-23,egorovapolin10@outlook.com,Возврат,436,60572,27.03.2025,16.04.2025,Excel-выгрузка,Требуется проверка качества
173,SHOP-000173,Ноутбук игровой,Ноутбук игровой,Петров Роман Викторович,Кни,Adidas,Пермь,"ул. Мира, д. 71, кв. 181",+7-946-589-90-37,petrovromanv299@outlook.com,Доставлен,30,43865,07.12.2024,23.04.2026,1С:Предприятие,Требуется проверка качества
174,SHOP-000174,Шампунь увлажняющий,Шампунь увлажняющий,Морозов Артём Сергеевич,Одежда и обувь,Adidas,Ростов-на-Дону,"ул. Победы, д. 109, кв. 174",+7-940-456-60-60,morozovartem541@mail.ru,Отправлен,144,25771,05.02.2026,28.10.2025,1С:Предприятие,Ограниченная
175,SHOP-000175,Кофемашина автоматическая,Кофемашина автоматическая,Попова Екатерина Петровна,Товары для дома,Xiaomi,Волгоград,"ул. Советская, д. 56, кв. 192",+7-922-852-93-11,popovaekater744@gmail.com,Возвр.,52,19546,22.07.2026,04.01.2024,SAP ERP,Товар под заказ
176,SHOP-000176,Книга «Программирование на Java»,Книга «Программирование на Java»,Виноградова Ольга Викторовна,Косметика и парфюмерия,Bosch,Волгоград,"ул. Молодёжная, д. 63, кв. 9",+7-917-346-60-72,vinogradovao705@gmail.com,Возврат,488,22808,26.12.2026,вчера,Excel-выгрузка,Товар под заказ
177,SHOP-000177,Наушники беспроводные,Наушники беспроводные,Алексеева Татьяна Александровна,Одежда/обувь,Nike,Санкт-Петербург,-,+7-952-621-38-12,alekseevatat281@outlook.com,В обработке,406,77909,16.07.2024,14.12.2026,SAP ERP,
178,SHOP-000178,Книга «Программирование на Java»,Книга «Программирование на Java»,Богданов Дмитрий Сергеевич,Товары для дома,Apple,Пермь,ул.,+7-944-902-77-72,bogdanovdmit532@mail.ru,Возврат,275,16464,04.11.2024,23.10.2024,CRM Bitrix24,Товар со скидкой
179,SHOP-000179,Футболка хлопковая,Футболка хлопковая,ОШИБКА_ДАННЫХ,Бытовая электроника,Adidas,Екатеринбург,,+7-926-971-14-20,kuznecovalek519@,Отправлен,186,71559,22.07.2024,10.04.2024,1С:Предприятие,
180,SHOP-000180,Планшет 10 дюймов,Планшет 10 дюймов,Богданова,Бытовая электроника,Adidas,Челяб.,"ул. Победы, д. 134, кв. 91",+7-948-651-75-36,bogdanovadar679@mail.ru,В обработке,,5014,10.03.2024,20.03.2024,Собственная система учёта,Требуется проверка качества
181,SHOP-000181,Ноутбук игровой,Ноутбук игровой,Фёдоров Максим Иванович,Одежда и обувь,Adidas,Нижний Новгород,"ул. Пушкина, д. 98, кв. 167",+7-920-509-68-20,fedorovmaksi693@gmail.com,Доставлен,481,18975,21.02.2024,21.05.2026,CRM Bitrix24,Ограниченная серия
182,SHOP-000182,Ноутбук игровой,Ноутбук игровой,Виноградова Полина Сергеевна,Тов,Apple,Волгоград,"ул. Победы, д. 112, кв. 98",+7-911-718-41-19,vinogradovap128@gmail.com,Возвр.,,72075,11.02.2026,12.02.2026,SAP ERP,Ограниченная серия
183,SHOP-000183,Книга «Программирование на Java»,Книга «Программирование на Java»,Новикова Мария Александровна,Одежда и обувь,Bosch,Екб,"ул. Молодёжная, д. 27, кв. 32",+7-921-639-49-85,novikovamari98@outlook.com,Возврат,178,75193,09.09.2025,02.02.2026,CRM Bitrix24,Ограниченная серия
184,SHOP-000184,Кастрюля с антипригарным покрытием,Кастрюля с антипригарным покрытием,Богданов Алексей Иванович,Товары для дома,Adidas,Волгоград,"ул. Пушкина, д. 3, кв. 176",+7-942-830-29-94,bogdanovalek147@yandex.ru,Дост.,290,35244,21.12.2023,25.12.2025,CRM Bitrix24,
185,SHOP-000185,Рюкзак городской,Рюкзак городской,Семёнова Анна Викторовна,Тов. для дома,Adidas,Нижний Новгород,"ул. Пушкина, д. 110, кв. 134",+7-955-933-39-49,semenovaanna971@mail.ru,Отправлен,208,41191,03.11.2023,08.12.2024,1С:Предприятие,Требуется проверка качества
186,SHOP-000186,Ноутбук игровой,Ноутбук игровой,Морозов Роман Петрович,Одежда и обувь,Bosch,Воронеж,"ул. Садовая, д. 35, кв. 123",+7-941-627-97-96,morozovroman416@mail.ru,В обработке,315,25127,14.12.2023,24.09.2026,SAP ERP,Требуется проверка качества
187,SHOP-000187,Настольная лампа,Настольная лампа,Виноградова Алина Александровна,Косметика и парфюмерия,Bosch,категория_5,"ул. Садовая, д. 58, кв. 45",+7-914-475-27-75,vinogradovaa976@gmail.com,В обр.,216,65147,12.03.2026,22.06.2024,CRM Bitrix24,N/A
188,SHOP-000188,Шампунь увлажняющий,???,Морозова Ольга Николаевна,Товары для дома,Xiaomi,,"ул. Советская, д. 1, кв. 189",+7-950-682-60-37,morozovaolga952@gmail.com,Возвр.,422,4843,28.10.2026,12.01.2025,1С:Предприятие,
189,SHOP-000189,Кофемашина автоматическая,Кофемашина автоматическая,Кузнецов Алексей Александрович,Книги/печ. прод.,LG,Волгоград,"ул. Молодёжная, д. 91, кв. 3",+7-916-541-72-35,petrov@@mail..ru,Возвр.,460,20347,16.02.2026,25.03.2024,SAP,Требуется проверка качества
190,SHOP-000190,ОШИБКА_ДАННЫХ,Кофемашина автоматическая,Алексеев Андрей Иванович,Бытовая электроника,12345XYZ,Самара,"ул. Пушкина, д. 28, кв. 113",,alekseevandr363@yandex.ru,Доставлен,2,,07.02.2024,05.01.2025,Excel-выгрузка,Товар под заказ
191,SHOP-000191,Настольная лампа,Настольная лампа,Соколов Александр Андреевич,Товары для дома,LG,Н.Новгород,"ул. Мира, д. 108, кв. 126",+7-945-607-97-26,sokolovaleks770@gmail.com,Доставлен,256,51167,04.02.2024,05.03.2024,SAP ERP,
192,SHOP-000192,Кроссовки беговые,Кроссовки беговые,Петрова Мария Викторовна,Товары для дома,Adidas,Пермь,"ул. Ленина, д. 112, кв. 123",+7-928-388-72-20,petrovamariy254@outlook.com,Возвр.,78,67209,09.04.2024,23.05.2024,CRM Bitrix24,Товар под заказ
193,SHOP-000193,Куртка зимняя,Куртка зимняя,Кузнецов Виктор Сергеевич,###,Apple,Казань,"ул. Гагарина, д. 59, кв. 31",,kuznecovvikt952@yandex.ru,Оплачен,218,2514,28.02.2024,14.07.2024,Собственная система учёта,Ограниченная серия
194,SHOP-000194,Настольная лампа,Настольная лампа,Козлова,Тов. для дома,Bosch,Москва,"ул. Садовая, д. 110, кв. 165",+7-913-411-24-44,kozlovamariy288@gmail.com,Отправлен,364,54997,02.06.2024,01.01.2024,???,Ограниченная серия
195,SHOP-000195,Куртка зимняя,Куртка зимняя,,Товары для дома,Samsung,Нижний Новгород,"ул. Центральная, д. 94, кв. 86",+7-929-214-22-95,fedorovandre700@mail.ru,Возвр.,394,17279,24.06.2025,25.12.2025,Собственная система учёта,
196,SHOP-000196,Ноутбук игровой,Ноутбук игровой,Новиков Павел Андреевич,Косметика и парфюмерия,,не указано(ошибка),"ул. Мира, д. 34, кв. 162",+7-957-716-25-15,novikovpavel198@yandex.ru,Доставлен,473,13128,20.09.2023,24.05.2025,Excel-выгрузка,Требуется проверка качества
197,SHOP-000197,Футболка хлопковая,Футболка хлопковая,Попова Елена Андреевна,Товары для дома,Adidas,Пермь,"ул. Пушкина, д. 144, кв. 89",+7-933-559-90-25,popovaelenaa70@outlook.com,Доставлен,214,68850,20.03.2023,05.12.2025,SAP ERP,-
198,SHOP-000198,Ноутбук игровой,,Лебедев Роман Иванович,Товары для дома,LG,Краснодар,"ул. Садовая, д. 20, кв. 43",+7-938-868-75-59,lebedevroman411@outlook.com,,139,27322,06.01.2024,19.04.2026,1С:Предприятие,
199,SHOP-000199,Кофемашина автоматическая,Кофемашина автоматическая,Виноградова Ксения Николаевна,Книги и печатная продукция,Apple,Екатеринбург,"ул. Пушкина, д. 69, кв. 142",+7-917-275-38-15,vinogradovak299@yandex.ru,В обр.,327,19616,09.03.2025,08.11.2024,CRM Bitrix24,
200,SHOP-000200,Смартфон 128 ГБ,Смартфон 128 ГБ,Фёдоров Алексей Викторович,Книги и печатная продукция,Nike,Пермь,"ул. Садовая, д. 68, кв. 185",+7-918-5,fedorovaleks59@,В обработке,421,46793,09.12.2024,01.05.2024,Собственная система учёта,
