ID,Код записи,ФИО студента,ФИО студента (повтор),Куратор группы,Направление подготовки,Форма обучения,Город,Адрес,Телефон,Email,Учебный статус,Количество кредитов ECTS,"Стоимость обучения, руб./год",Дата создания записи,Дата последнего обновления,Система-источник,Примечания
1,UNI-000001,Павлова Виктория Андреевна,Павлова Виктория Андреевна,Павлов Владимир Александрович,ИВТ,Очная,Влгд,"ул. Победы, д. 133, кв. 190",+7-948-425-52-31,pavlovvladim248@outlook.com,Переведён,100,,26.01.2026,2026-13-45,Excel-выгрузка,Претендент на повышенную стипендию
2,UNI-000002,,Виноградов Алексей Сергеевич,Попов Дмитрий Дмитриевич,Филология,,Самара,"ул. Пушкина, д. 142, кв. 41",+7-930-308-21-21,popovdmitrii448@mail.ru,Обучается,160,130241,23.10.2023,19.02.2026,Excel-выгрузка,Академическая задолженность
3,UNI-000003,N/A,Семёнова Анна Викторовна,Козлов Павел Николаевич,Экономика,Очно-заочная,Екб,"ул. Молодёжная, д. 67, кв. 169",+7-913-381-20-28,нет_почты,Переведён,221,104221,20.08.2023,05.02.2024,SAP ERP,Обучается по целевому направлению
4,UNI-000004,Смирнова Ольга Петровна,Смирнова Ольга Петровна,Лебедева Алина Ивановна,Информатика и вычислительная техника,Заочная,Самара,"ул. Ленина, д. 106, кв. 19",+7-941-740-19-36,lebedevaalin385@outlook.com,Отчислен,162,286390,10.03.2024,22.03.2024,Собственная система учёта,
5,UNI-000005,,Волкова Ольга Викторовна,Фёдоров Никита Александрович,Экономика,Очно-заочная,Пермь,"ул. Пушкина, д. 32, кв. 50",+7-948-130-78-12,fedorovnikit222@,Отчислен,29,163748,05.06.2023,24.02.2024,CRM Bitrix24,
6,UNI-000006,Смирнов,Смирнов Сергей Викторович,Морозова Дарья Петровна,Прикладная математика,Заочная,Краснодар,"ул. Молодёжная, д. 50, кв. 65",+7-921-302-97-45,morozovadary106@outlook.com,Перев.,203,,24.04.2024,15.07.2025,Excel-выгрузка,
7,UNI-000007,Волкова Полина Дмитриевна,Волкова Полина Дмитриевна,Лебедева Светлана Викторовна,Юриспруденция,Очно-заочная,Санкт-Петербург,"ул. Центральная, д. 43, кв. 9",+7-942-359-85-62,lebedevasvet619@gmail.com,Переведён,90,258827,06.02.2023,26.07.2025,CRM Bitrix24,Обучается по целевому направлению
8,UNI-000008,Алексеев Сергей Викторович,Алексеев Сергей Викторович,Кузнецов Алексей Александрович,Юриспруденция,Очно-заочная,Москва,"ул. Победы, д. 55, кв. 120",+7-946-914-51-39,kuznecovalek395@mail.ru,Отчислен,154,161240,18.02.2024,20.12.2025,1С:Предприятие,
9,UNI-000009,Павлова Светлана Викторовна,Павлова Светлана Викторовна,Лебедева Мария Александровна,Прикладная математика,N/A,Москва,"ул. Пушкина, д. 108, кв. 31",+7-917-563-31-86,lebedevamari606@gmail.com,Выпускник,60,61150,21.01.2025,15.01.2026,???,Претендент на повышенную стипендию
10,UNI-000010,Петрова Светлана Александровна,Петрова Светлана Александровна,Смирнов Александр Петрович,Информатика и вычислительная техника,Заочная,Пермь,"ул. Пушкина, д. 71, кв. 82",+7-958-454-61-20,smirnovaleks506@gmail.com,Переведён,-1,256216,15.12.2025,04.11.2025,SAP ERP,
11,UNI-000011,Петров Сергей Александрович,N/A,Павлов Алексей Андреевич,Экономика,Очная,Екатеринбург,"ул. Победы, д. 138, кв. 2",+7-954-988-16-43,pavlovalekse114@mail.ru,Обуч.,,89343,23.06.2025,2026,CRM Bitrix24,Претендент на повышенную стипендию
12,UNI-000012,Попова Ольга Викторовна,####,Воробьёва Виктория Ивановна,Прикл. матем.,Очно-заочная,Санкт-Петербург,"ул. Садовая, д. 136, кв. 62",+7-946-589-94-72,vorobevavikt330@gmail.com,Выпускник,57,98129,23.05.2025,18.06.2024,CRM Bitrix24,Претендент на повышенную стипендию
13,UNI-000013,Голубева Ольга Александровна,Голубева Ольга Александровна,Лебедев Павел Петрович,Прикл. матем.,Очная,,"ул. Мира, д. 88, кв. 54",+7-947-879-77-75,lebedevpavel779@gmail.com,Отчислен,181,288038,04.09.2024,12.04.2024,Excel-выгрузка,####
14,UNI-000014,Лебедева Юлия Ивановна,Лебедева Юлия Ивановна,Павлов Андрей Сергеевич,Юрид.,Очно-заочная,Ворнж,"ул. Мира, д. 38, кв. 119",+7-916-862-24-40,pavlovandrei916@mail.ru,Вып.,47,189857,22.08.2023,12.08.2026,SAP ERP,Академическая задолженность
15,UNI-000015,Алексеева Ольга Ивановна,Алексеева Ольга Ивановна,Виноградов Артём Иванович,Филология,Заочная,Москва,"ул. Центральная, д. 70, кв. 95",+7-916-150-93-58,vinogradovar199@outlook.com,Отчислен,48,261126,09.10.2024,16.10.2026,Собственная система учёта,Индивидуальный учебный план
16,UNI-000016,Козлов Александр Дмитриевич,Козлов Александр Дмитриевич,Петров Александр Николаевич,Экономика,Очная,Краснодар,"ул. Мира, д. 71, кв. 58",+7-949-816-61-60,petrovaleksa104@outlook.com,Академический отпуск,много,190649,06.04.2026,21.06.2024,SAP ERP,
17,UNI-000017,Кузнецов Александр Сергеевич,Кузнецов Александр Сергеевич,Фёдорова Ксения Петровна,Юриспруденция,Очно-заочная,Екатеринбург,"ул. Гагарина, д. 81, кв. 175",+7-914-270-33-52,fedorovaksen146@outlook.com,Обуч.,170,298827,01.06.2026,03.05.2024,CRM Bitrix24,Академическая задолженность
18,UNI-000018,Воробьёва Татьяна Александровна,Воробьёва Татьяна Александровна,Голубев Сергей Дмитриевич,Информатика и вычислительная техника,Очная,Казань,,+7-942-271-28-22,,Отч.,ABC,307248,09.09.2025,09.08.2026,SAP ERP,Индивидуальный учебный план
19,UNI-000019,Морозов Алексей Викторович,Морозов Алексей Викторович,Фёдорова Виктория Петровна,Информатика и вычислительная техника,Заочная,Вор,"ул. Садовая, д. 6, кв. 38",+7-936-976-38-94,fedorovavikt366@yandex.ru,Вып.,7,178119,07.06.2026,07.02.2026,Excel-выгрузка,Академическая задолженность
20,UNI-000020,Богданова,Богданова Алина Петровна,Виноградова Алина Сергеевна,Юриспруденция,Очно-заочная,Новосибирск,"ул. Победы, д. 101, кв. 151",+7-936-382-49-34,vinogradovaa594@mail.ru,Перев.,-1,229974,26.07.2023,26.10.2025,SAP ERP,Обучается по целевому направлению
21,UNI-000021,Голубев Александр Сергеевич,Голубев Александр Сергеевич,Виноградов Максим Николаевич,Филология,Очно-заочная,Воронеж,"ул. Гагарина, д. 78, кв. 125",+7-928-166-47-11,vinogradovma42@outlook.com,Академический отпуск,72,114715,10.08.2023,12.07.2024,1С:Предприятие,Академическая задолженность
22,UNI-000022,Морозов Алексей Сергеевич,Морозов,Новикова,категория_5,Заочная,Казань,"ул. Мира, д. 75, кв. 57",+7-912-584-55-41,novikovaksen433@outlook.com,Выпускник,231,101452,20.05.2025,19.03.2025,Excel-выгрузка,Обучается по целевому направлению
23,UNI-000023,Лебедева Анна Николаевна,,Лебедев Кирилл Николаевич,Юриспруденция,Очная,Нижний Новгород,"ул. Спортивная, д. 119, кв. 140",+7-921-484-65-22,lebedevkiril540@yandex.ru,Вып.,177,214238,12.08.2025,14.08.2025,Excel-выгрузка,Индивидуальный учебный план
24,UNI-000024,Иванов Кирилл Иванович,Иванов,Фёдоров Максим Николаевич,Экономика,Очно-заочная,Краснодар,"ул. Победы, д. 33, кв. 159",+7-944-679-47-16,fedorovmaksi129@outlook.com,Вып.,171,53121,15.09.2026,02.02.2024,SAP,Академическая задолженность
25,UNI-000025,Морозов Дмитрий Петрович,Морозов Дмитрий Петрович,Петрова Полина Дмитриевна,Филология,Очно-заочная,Краснодар,"ул. Ленина, д. 53, кв. 133",+7-919-675-73-27,petrovapolin917@yandex.ru,Академический отпуск,77,212996,20.08.2023,00.00.0000,1С:Предприятие,Академическая задолженность
26,UNI-000026,Кузнецов Владимир Дмитриевич,Кузнецов Владимир Дмитриевич,Голубев Дмитрий Александрович,Филология,Заочная,Ростов-на-Дону,ул.,+7-935-595-33-40,golubevdmitr842@gmail.com,Перев.,174,280230,05.07.2023,06.01.2026,CRM Bitrix24,Претендент на повышенную стипендию
27,UNI-000027,Богданов Роман Андреевич,Богданов Роман Андреевич,Морозов Андрей Дмитриевич,Филология,Заочная,Новосиб.,"ул. Пушкина, д. 101, кв. 99",+7-954-919-23-69,morozovandre834@outlook.com,Выпускник,37,64664,04.08.2025,01.07.2026,Собственная система учёта,
28,UNI-000028,Фёдоров Павел Петрович,Фёдоров Павел Петрович,Алексеев Владимир Сергеевич,Прикладная математика,Очно-заочная,Челяб.,"ул. Пушкина, д. 3, кв. 41",+7-932-612-74-36,alekseevvlad925@,Переведён,99,318983,21.03.2023,21.06.2024,Собственная система учёта,####
29,UNI-000029,Попов Егор Николаевич,Попов Егор Николаевич,Морозова Дарья Ивановна,ИВТ,Очно-заочная,Челябинск,"ул. Молодёжная, д. 121, кв. 156",+7-952-284-83-74,morozovadary133@gmail.com,Отчислен,150,232502,02.02.2026,00.00.0000,CRM Bitrix24,Академическая задолженность
30,UNI-000030,Голубева Татьяна Викторовна,Голубева Татьяна Викторовна,Козлова Виктория Дмитриевна,Экономика,Очно-заочная,Ростов-н/Д,"ул. Молодёжная, д. 17, кв. 16",+7-949-356-24-14,kozlovavikto453@mail.ru,Отчислен,155,65445,04.06.2024,13.08.2026,CRM Bitrix24,
31,UNI-000031,Новикова Мария Петровна,Новикова Мария Петровна,Козлов Андрей Андреевич,Экономика,Заочная,Краснодар,"ул. Советская, д. 23, кв. 150",+7-911-744-95-22,kozlovandrei35@yandex.ru,Академический отпуск,228,52745,19.07.2025,11.02.2026,CRM Bitrix24,
32,UNI-000032,Лебедев Егор Петрович,Лебедев Егор Петрович,Фёдорова Ирина Сергеевна,Информатика и вычислительная техника,Заочная,Рос,"ул. Молодёжная, д. 19, кв. 146",телефон отсутствует,fedorovairin121@mail.ru,Вып.,59,76989,08.01.2025,13.05.2025,SAP ERP,Академическая задолженность
33,UNI-000033,Морозова Анна Дмитриевна,,Виноградова Мария Николаевна,Прикладная математика,Очно-заочная,Москва,"ул. Садовая, д. 29, кв. 150",+7-940-369-93-13,vinogradovam347@mail.ru,Выпускник,66,155125,31.02.2026,27.09.2024,SAP ERP,Академическая задолженность
34,UNI-000034,Воробьёв Дмитрий Александрович,Воробьёв Дмитрий Александрович,Павлов Дмитрий Дмитриевич,Филология,Заочная,Волгоград,"ул. Пушкина, д. 11, кв. 27",+7-912-608-74-38,pavlovdmitri442@gmail.com,Вып.,,-1,01.01.2023,20.09.2024,,Академическая задолженность
35,UNI-000035,Егорова Елена Ивановна,Егорова Елена Ивановна,Павлова Светлана Сергеевна,ИВТ,Заочная,Санкт-Петербург,"ул. Спортивная, д. 95, кв. 91",+7-922-451-65-17,pavlovasvetl238@yandex.ru,Обуч.,150,55268,24.07.2024,02.10.2026,1С:Предприятие,Претендент на повышенную стипендию
36,UNI-000036,Петрова Ольга Сергеевна,Петрова Ольга Сергеевна,Петров Андрей Викторович,Юриспруденция,Очно-заочная,Ворнж,"ул. Советская, д. 75, кв. 34",+7-948-507-71-94,petrovandrei673@mail.ru,Обучается,ERROR,181176,23.08.2024,28.06.2026,CRM Bitrix24,Индивидуальный учебный план
37,UNI-000037,Богданова Ирина Николаевна,Богданова,Виноградова Мария Николаевна,Юриспруденция,Очно-заочная,Краснодар,"ул. Садовая, д. 27, кв. 14",+7-932-520-89-72,vinogradovam81@gmail.com,Акад. отп.,233,121896,24.05.2024,04.04.2026,SAP ERP,Претендент на повышенную стипендию
38,UNI-000038,Семёнов Сергей Петрович,Семёнов Сергей Петрович,Голубева Елена Александровна,Юриспруденция,Заочная,Казань,"ул. Молодёжная, д. 77, кв. 22",+7-913-385-88-59,golubevaelen20@outlook.com,Неизвестная категория,98,282794,07.04.2023,22.03.2025,Excel-выгрузка,
39,UNI-000039,Петров Андрей Викторович,Петров Андрей Викторович,Фёдорова Алина Викторовна,Юрид.,Очно-заочная,Екатеринбург,"ул. Ленина, д. 88, кв. 186",+7-949-544-64-17,fedorovaalin567@mail.ru,Выпускник,184,200690,19.07.2026,25.10.2026,Собственная система учёта,Обучается по целевому направлению
40,UNI-000040,Семёнов Артём Андреевич,Семёнов Артём Андреевич,Новиков Александр Николаевич,Информатика и вычислительная техника,Очная,Самара,"ул. Садовая, д. 76, кв. 87",+7-946-504-14-88,нет_почты,Неизвестная категория,много,181341,10.02.2023,11.11.2026,SAP ERP,####
41,UNI-000041,Семёнов Александр Александрович,Семёнов Александр Александрович,Голубев Алексей Андреевич,Прикл. матем.,Очная,Казань,"ул. Мира, д. 71, кв. 157",+7-945-421-18-66,golubevaleks265@yandex.ru,Отч.,66,309485,,28.03.2024,Собственная система учёта,Академическая задолженность
42,UNI-000042,Петров Павел Сергеевич,Петров Павел Сергеевич,Семёнова Полина Викторовна,ИВТ,Очно-заочная,Пермь,"ул. Советская, д. 16, кв. 183",+7-926-363-12-96,semenovapoli554@gmail.com,Обучается,-1,173048,03.02.2025,04.08.2026,Собственная система учёта,Академическая задолженность
43,UNI-000043,нет данных(ошибка),Воробьёв Алексей Викторович,Павлова Дарья Дмитриевна,Прикладная математика,Заочная,Волгоград,"ул. Ленина, д. 84, кв. 156",+7-933-443-62-93,pavlovadarya482@gmail.com,Отчислен,159,66335,02.06.2024,19.03.2025,1С:Предприятие,Академическая задолженность
44,UNI-000044,Волкова Виктория Викторовна,Волкова Виктория Викторовна,Воробьёва Светлана Александровна,Экономика,Заочная,Самара,"ул. Мира, д. 20, кв. 58",+7-946-6,vorobevasvet552@outlook.com,Обучается,216,326696,16.10.2023,17.09.2026,Excel-выгрузка,N/A
45,UNI-000045,Воробьёв Егор Николаевич,Воробьёв Егор Николаевич,Козлова Ирина Викторовна,Экономика,Заочная,Новосибирск,"ул. Мира, д. 62, кв. 114",+7-956-519-56-20,kozlovairina574@gmail.com,Перев.,19,239947,08.10.2026,08.07.2025,Собственная система учёта,Претендент на повышенную стипендию
46,UNI-000046,Павлова Мария Сергеевна,Павлова Мария Сергеевна,Морозова,Юриспруденция,Очная,Санкт-Петербург,"ул. Молодёжная, д. 108, кв. 130",+7-919-689-73-90,morozovavikt922@yandex.ru,Акад. отп.,224,288063,2023,25.05.2025,Собственная система учёта,Индивидуальный учебный план
47,UNI-000047,Петрова Анна Ивановна,Петрова Анна Ивановна,Смирнов Максим Сергеевич,Филология,Очно-заочная,Ростов-на-Дону,"ул. Молодёжная, д. 91, кв. 33",+7-935-813-81-40,smirnovmaksi122@gmail.com,Отчислен,229,226496,02.12.2023,12.12.2024,Excel-выгрузка,Индивидуальный учебный план
48,UNI-000048,Павлова Ксения Николаевна,Павлова,Попова Ксения Сергеевна,Филология,Очно-заочная,Санкт-Петербург,"ул. Гагарина, д. 2, кв. 152",+7-947-478-96-93,popovakseniy389@outlook.com,Отчислен,112,142653,08.02.2025,11.08.2025,1С:Предприятие,
49,UNI-000049,Воробьёва Юлия Ивановна,Воробьёва Юлия Ивановна,Волков Артём Сергеевич,Экономика,N/A,Пермь,"ул. Советская, д. 111, кв. 133",+7-927-688-88-50,volkovartems356@mail.ru,Отч.,42,112154,16.05.2025,06.04.2025,SAP ERP,Обучается по целевому направлению
50,UNI-000050,Кузнецова Виктория Андреевна,Кузнецова,Кузнецова Анна Андреевна,категория_5,Очно-заочная,Смр,,+7-912-652-78-34,kuznecovaann501@mail.ru,Обучается,94,156504,14.10.2025,17.08.2026,,ОШИБКА_ДАННЫХ
51,UNI-000051,Кузнецов Дмитрий Петрович,Кузнецов Дмитрий Петрович,Новикова Татьяна Дмитриевна,Экон.,Заочная,Пермь,"ул. Мира, д. 91, кв. 21",+7-957-912-38-19,novikovataty161@gmail.com,Перев.,85,194760,24.11.2026,25.11.2026,1С:Предприятие,Обучается по целевому направлению
52,UNI-000052,Павлова Елена Дмитриевна,Павлова Елена Дмитриевна,Виноградова Виктория Викторовна,Экон.,Очно-заочная,Ворнж,"ул. Ленина, д. 3, кв. 63",телефон отсутствует,vinogradovav272@yandex.ru,Выпускник,38,304021,16.12.2024,07.03.2025,1С:Предприятие,
53,UNI-000053,Лебедева Ксения Александровна,Лебедева Ксения Александровна,Богданов Илья Андреевич,Экон.,Очная,Ростов-н/Д,"ул. Пушкина, д. 98, кв. 162",+7-947-340-91-54,bogdanovilya544@outlook.com,Акад. отп.,224,207339,22.05.2024,26.08.2025,Excel-выгрузка,12345XYZ
54,UNI-000054,Морозов Илья Дмитриевич,Морозов Илья Дмитриевич,,Прикладная математика,Заочная,Екатеринбург,"ул. Молодёжная, д. 30, кв. 46",+7-939-426-94-24,morozovvladi714@gmail.com,Выпускник,180,117139,20.08.2026,08.11.2025,1С:Предприятие,Обучается по целевому направлению
55,UNI-000055,Павлов Сергей Александрович,Павлов Сергей Александрович,Новикова Ирина Викторовна,Прикладная математика,???,Самара,нет данных(ошибка),+7-926-155-44-72,novikovairin348@yandex.ru,Обуч.,78,284690,19.04.2026,07.09.2024,1С:Предприятие,
56,UNI-000056,Фёдорова Анна Александровна,Фёдорова Анна Александровна,Егорова Елена Дмитриевна,Юриспруденция,Заочная,Смр,"ул. Садовая, д. 17, кв. 168",+7-913-631-36-56,egorovaelena161@yandex.ru,Перев.,101,170237,12.03.2025,07.07.2025,Собственная система учёта,Претендент на повышенную стипендию
57,UNI-000057,Иванова Елена Дмитриевна,Иванова Елена Дмитриевна,Голубева Виктория Александровна,Экон.,Заочная,,"ул. Ленина, д. 59, кв. 162",+7-959-804-41-14,golubevavikt768@gmail.com,Обуч.,ABC,248105,27.03.2026,28.05.2026,1С:Предприятие,N/A
58,UNI-000058,Павлов Роман Александрович,Павлов Роман Александрович,Богданов Егор Сергеевич,Информатика и вычислительная техника,Очно-заочная,Казань,"ул. Молодёжная, д. 50, кв. 156",+7-929-903-51-64,,Отчислен,117,156255,21.05.2023,13.08.2026,SAP ERP,Индивидуальный учебный план
59,UNI-000059,Богданов Артём Николаевич,Богданов Артём Николаевич,Богданов Владимир Андреевич,Прикл. матем.,Очная,Челябинск,"ул. Молодёжная, д. 96, кв. 196",+7-944-831-23-67,bogdanovvlad592@yandex.ru,Обучается,101,171695,16.06.2026,21.02.2026,SAP ERP,Обучается по целевому направлению
60,UNI-000060,Смирнов Павел Дмитриевич,Смирнов Павел Дмитриевич,Голубева Мария Андреевна,Информатика и вычислительная техника,Очная,Ростов-на-Дону,"ул. Спортивная, д. 122, кв. 134",+7-956-959-82-39,golubevamari786@mail.ru,Выпускник,64,265932,11.12.2025,11.01.2024,Собственная система учёта,
61,UNI-000061,Новиков,Новиков Александр Андреевич,Голубева Виктория Петровна,Юриспруденция,Очно-заочная,Екатеринбург,"ул. Победы, д. 119, кв. 182",+7-940-626-81-20,golubevavikt436@mail.ru,Обуч.,96,116732,17.03.2023,06.02.2026,CRM Bitrix24,Индивидуальный учебный план
62,UNI-000062,Петрова Ольга Ивановна,Петрова Ольга Ивановна,Виноградов Павел Петрович,Экон.,Очно-заочная,Краснодар,"ул. Молодёжная, д. 103, кв. 3",+7-928-220-65-47,vinogradovpa536@gmail.com,Отчислен,157,244842,10.03.2024,07.11.2026,Собственная система учёта,Обучается по целевому направлению
63,UNI-000063,Голубева Наталья Петровна,Голубева Наталья Петровна,Попов Алексей Сергеевич,Филология,Очно-заочная,Челябинск,"ул. Ленина, д. 82, кв. 107",+7-921-253-70-18,popovaleksei320@,Академический отпуск,51,99203,04.06.2026,15.10.2024,Собственная система учёта,Претендент на повышенную стипендию
64,UNI-000064,Богданов Павел Андреевич,Богданов Павел Андреевич,Лебедев Александр Николаевич,Юриспруденция,Заочная,Казань,"ул. Пушкина, д. 95, кв. 160",+7-959-512-42-81,lebedevaleks80@yandex.ru,Переведён,39,103989,06.05.2024,04.10.2025,CRM Bitrix24,
65,UNI-000065,Егорова Виктория Викторовна,Егорова Виктория Викторовна,,Фил,Очно-заочная,Челябинск,???,+7-924-321-21-88,vorobevapoli147@yandex.ru,Академический отпуск,-1,,02.02.2025,26.09.2024,Excel-выгрузка,Индивидуальный учебный план
66,UNI-000066,Морозова Ирина Дмитриевна,Морозова Ирина Дмитриевна,Егоров Артём Иванович,Прикладная математика,Заочная,Нижний Новгород,"ул. Садовая, д. 82, кв. 136",+7-915-719-37-31,egorovartemi729@gmail.com,Акад. отп.,215,279241,2026,04.11.2025,Собственная система учёта,Индивидуальный учебный план
67,UNI-000067,Иванова Анна Викторовна,Иванова Анна Викторовна,Алексеева Виктория Ивановна,Экономика,Очно-заочная,Краснодар,"ул. Советская, д. 98, кв. 96",+7-921-865-11-35,alekseevavik370@outlook.com,Переведён,49,52943,04.06.2025,2025,1С:Предприятие,
68,UNI-000068,,Новиков Павел Петрович,Новиков Роман Николаевич,ИВТ,Очно-заочная,Москва,"ул. Центральная, д. 117, кв. 126",телефон отсутствует,novikovroman40@mail.ru,Отчислен,7,130316,03.03.2024,вчера,Excel-выгрузка,Академическая задолженность
69,UNI-000069,Богданов Егор Николаевич,Богданов Егор Николаевич,Фёдорова Мария Александровна,Юриспруденция,Очно-заочная,Новосибирск,"ул. Гагарина, д. 94, кв. 133",+7-910-780-61-63,fedorovamari67@mail.ru,Акад. отп.,211,312943,,15.03.2024,1С:Предприятие,Обучается по целевому направлению
70,UNI-000070,Виноградова Ксения Ивановна,Виноградова Ксения Ивановна,Иванов Роман Николаевич,Юриспруденция,Очно-заочная,Новосибирск,"ул. Мира, д. 88, кв. 120",+7-946-956-99-21,ivanovromann91@outlook.com,Обучается,235,97480,03.12.2024,19.06.2024,1С:Предприятие,Претендент на повышенную стипендию
71,UNI-000071,,Алексеева Мария Петровна,Козлов Роман Николаевич,Экономика,Очно-заочная,Самара,"ул. Гагарина, д. 80, кв. 14",+7-934-822-46-32,kozlovromann144@gmail.com,Переведён,80,267046,09.04.2024,10.03.2024,SAP ERP,
72,UNI-000072,Алексеев Илья Викторович,Алексеев Илья Викторович,Виноградов Павел Петрович,Экономика,Очная,Казань,"ул. Молодёжная, д. 40, кв. 138",+7-946-315-99-65,vinogradovpa662@gmail.com,Отч.,53,229401,17.02.2025,2024,Excel-выгрузка,Обучается по целевому направлению
73,UNI-000073,Виноградов Дмитрий Сергеевич,,Воробьёв Илья Викторович,Юриспруденция,Очно-заочная,Ростов-на-Дону,"ул. Спортивная, д. 9, кв. 83",+7-954-207-90-55,vorobevilyav163@mail.ru,Выпускник,121,225485,04.11.2025,10.06.2024,CRM Bitrix24,Индивидуальный учебный план
74,UNI-000074,Иванова Виктория Петровна,Иванова Виктория Петровна,Воробьёва Татьяна Ивановна,Прикл. матем.,Заочная,Екатеринбург,"ул. Пушкина, д. 96, кв. 154",+7-931-594-96-61,ivanov.mail.ru,Академический отпуск,195,315793,14.07.2023,13.10.2025,,Академическая задолженность
75,UNI-000075,,Морозов Максим Андреевич,Попова Екатерина Сергеевна,Юриспруденция,Очная,СПб,"ул. Пушкина, д. 37, кв. 89",+7-939-505-31-68,popovaekater675@mail.ru,Академический отпуск,51,ABC,03.05.2025,28.04.2024,CRM Bitrix24,Индивидуальный учебный план
76,UNI-000076,Попов Сергей Викторович,Попов Сергей Викторович,Алексеев Максим Дмитриевич,Прикладная математика,Очно-заочная,Воронеж,ул.,+7-952-485-69-41,alekseevmaks397@mail.ru,Академический отпуск,81,120006,10.06.2026,28.12.2026,???,
77,UNI-000077,Алексеев Дмитрий Петрович,Алексеев Дмитрий Петрович,Иванова Екатерина Андреевна,Филол.,Очная,Самара,,+7-931-613-10-88,ivanovaekate937@outlook.com,Обучается,165,170624,07.08.2024,10.04.2024,Excel-выгрузка,Академическая задолженность
78,UNI-000078,Соколов Павел Иванович,Соколов Павел Иванович,Егоров Андрей Петрович,ИВТ,Заочная,Ростов-на-Дону,"ул. Гагарина, д. 42, кв. 102",+7-953-629-23-69,egorovandrei355@mail.ru,Обучается,,262060,11.03.2023,17.10.2024,Excel-выгрузка,Индивидуальный учебный план
79,UNI-000079,Егоров Павел Иванович,Егоров Павел Иванович,Павлова Наталья Николаевна,Информатика и вычислительная техника,Очно-заочная,Смр,"ул. Центральная, д. 129, кв. 96",+7-959-584-52-78,pavlovanatal115@gmail.com,Академический отпуск,108,328770,03.11.2026,11.01.2024,Собственная система учёта,Обучается по целевому направлению
80,UNI-000080,Фёдоров Егор Петрович,Фёдоров Егор Петрович,Морозов Илья Александрович,Информатика и вычислительная техника,Заочная,Чел,"ул. Победы, д. 13, кв. 154",+7-953-478-42-64,morozovilyaa692@gmail.com,Отчислен,196,62336,10.03.2025,01.07.2025,Excel-выгрузка,Обучается по целевому направлению
81,UNI-000081,Фёдоров Александр Дмитриевич,Фёдоров,Богданов Александр Иванович,Экон.,Очная,СПб,"ул. Садовая, д. 25, кв. 33",+7-956-248-91-73,bogdanovalek915@,Отч.,88,290140,27.12.2024,15.10.2026,1С:Предприятие,Академическая
82,UNI-000082,Попов Александр Дмитриевич,Попов Александр Дмитриевич,Смирнов Роман Викторович,Юриспруденция,Заочная,Ростов-на-Дону,12345XYZ,+7-926-838-93-20,smirnovroman989@outlook.com,,203,150476,20.05.2025,28.09.2026,CRM Bitrix24,Академическая задолженность
83,UNI-000083,Лебедев Илья Иванович,Лебедев Илья Иванович,Соколов Роман Николаевич,Филология,Очно-заочная,Мск,"ул. Спортивная, д. 103, кв. 47",+7-953-391-44-10,sokolovroman213@outlook.com,Обучается,200,267225,09.05.2024,26.10.2025,SAP ERP,Академическая задолженность
84,UNI-000084,Волков Александр Андреевич,Волков Александр Андреевич,Фёдоров Андрей Петрович,Филол.,Заочная,Ворнж,"ул. Спортивная, д. 85, кв. 139",+7-934-587-81-11,fedorovandre349@gmail.com,Отчислен,88,282984,,07.08.2026,Собственная система учёта,Претендент на повышенную стипендию
85,UNI-000085,Егорова Наталья Александровна,Егорова Наталья Александровна,Смирнова Екатерина Петровна,Филология,Заочная,СПб,"ул. Советская, д. 136, кв. 95",+7-929-398-50-67,smirnovaekat31@outlook.com,Академический отпуск,159,137416,00.00.0000,25.01.2025,SAP ERP,
86,UNI-000086,Егорова Мария Сергеевна,Егорова Мария Сергеевна,Кузнецов Егор Дмитриевич,Прикладная математика,Очная,Екатеринбург,"ул. Мира, д. 147, кв. 75",+7-921-9,kuznecovegor361@outlook.com,Академический отпуск,107,196213,21.06.2025,22.11.2024,SAP ERP,
87,UNI-000087,Козлова Светлана Ивановна,####,Морозов Илья Петрович,Экономика,Очная,Ростов-н/Д,,+7-931-881-69-93,morozovilyap700@yandex.ru,Обучается,98,269204,07.07.2026,20.01.2026,CRM Bitrix24,Претендент на повышенную стипендию
88,UNI-000088,Смирнова Юлия Ивановна,N/A,Фёдорова Ирина Андреевна,Экономика,Очно-заочная,Ворнж,"ул. Центральная, д. 24, кв. 95",+7-911-860-86-93,fedorovairin566@outlook.com,Переведён,221,151204,12.08.2024,06.04.2026,Excel-выгрузка,
89,UNI-000089,нет данных(ошибка),Смирнов Андрей Александрович,Семёнов Илья Андреевич,Филология,Заочная,Екатеринбург,"ул. Гагарина, д. 119, кв. 129",+7-951-213-87-52,semenovilyaa251@yandex.ru,Выпускник,184,86617,02.12.2023,14.11.2026,Собственная система учёта,Индивидуальный учебный план
90,UNI-000090,Павлова Ольга Николаевна,Павлова Ольга Николаевна,Кузнецова Юлия Александровна,Прикладная математика,Заочная,Пермь,"ул. Ленина, д. 75, кв. 102",12345,ivanov.mail.ru,Переведён,161,280710,04.02.2026,25.05.2024,Собственная система учёта,Академическая задолженность
91,UNI-000091,ОШИБКА_ДАННЫХ,Павлова Ирина Викторовна,Голубев Сергей Андреевич,Юриспруденция,Очная,Новосибирск,"ул. Мира, д. 118, кв. 182",+7-941-870-41-43,golubevserge303@gmail.com,Выпускник,84,ERROR,09.10.2025,25.01.2026,CRM Bitrix24,Претендент на повышенную стипендию
92,UNI-000092,Козлова Елена Викторовна,Козлова Елена Викторовна,Морозова Ксения Николаевна,Экономика,Очно-заочная,Воронеж,"ул. Пушкина, д. 122, кв. 183",+7-938-789-47-29,morozovaksen151@yandex.ru,Переведён,74,251445,,2024,SAP ERP,Претендент на повышенную стипендию
93,UNI-000093,Алексеева Наталья Ивановна,Алексеева Наталья Ивановна,12345XYZ,Экономика,Очно-заочная,Краснодар,"ул. Победы, д. 134, кв. 96",+7-934-986-72-92,sokolovvladi892@yandex.ru,Переведён,123,-1,01.07.2026,11.02.2026,CRM Bitrix24,Обучается
94,UNI-000094,Новиков Максим Дмитриевич,Новиков Максим Дмитриевич,Голубева Ирина Петровна,Филология,Очно-заочная,Москва,"ул. Садовая, д. 59, кв. 190",+7-922-472-95-14,golubevairin642@outlook.com,Обучается,84,316032,18.05.2023,18.12.2026,1С:Предприятие,Академическая задолженность
95,UNI-000095,Козлов Кирилл Андреевич,Козлов Кирилл Андреевич,Соколов Роман Андреевич,,Очно-заочная,Пермь,"ул. Центральная, д. 46, кв. 11",+7-948-372-80-45,sokolovroman761@mail.ru,Академический отпуск,187,83380,10.09.2024,08.04.2024,CRM Bitrix24,
96,UNI-000096,Семёнова Татьяна Дмитриевна,Семёнова Татьяна Дмитриевна,Петрова Виктория Викторовна,Информатика и вычислительная техника,Очная,Челябинск,,+7-940-302-22-79,petrovavikto613@yandex.ru,Выпускник,76,348492,14.10.2023,15.12.2024,CRM Bitrix24,
97,UNI-000097,Семёнова Екатерина Александровна,Семёнова Екатерина Александровна,Фёдоров Артём Николаевич,Прикладная математика,Очно-заочная,Волгоград,"ул. Победы, д. 130, кв. 124",+7-942-390-92-48,fedorovartem889@gmail.com,Переведён,63,-1,18.11.2025,21.05.2026,Excel-выгрузка,Академическая задолженность
98,UNI-000098,Голубева Анна Александровна,Голубева Анна Александровна,Голубев Кирилл Петрович,Экономика,Очная,СПб,"ул. Молодёжная, д. 78, кв. 25",+7-938-450-91-97,golubevkiril199@yandex.ru,Обучается,-1,171531,17.05.2024,25.06.2025,Собственная система учёта,Индивидуальный учебный план
99,UNI-000099,Фёдоров Андрей Андреевич,Фёдоров Андрей Андреевич,Волкова Анна Сергеевна,Экономика,Заочная,Самара,ул.,+7-952-260-51-76,volkovaannas670@outlook.com,Переведён,201,268580,09.04.2025,12.05.2025,CRM Bitrix24,Обучается по целевому направлению
100,UNI-000100,Волков Алексей Петрович,Волков Алексей Петрович,Егоров Никита Иванович,Инф,Заочная,Москва,"ул. Молодёжная, д. 91, кв. 166",+7-918-567-45-12,egorovnikita214@yandex.ru,Отч.,75,245808,14.06.2023,18.06.2025,Собственная система учёта,12345XYZ
101,UNI-000101,Виноградова Екатерина Петровна,Виноградова Екатерина Петровна,Смирнова Ольга Андреевна,Экономика,Заочная,Пермь,"ул. Центральная, д. 121, кв. 12",+7-959-775-59-98,smirnovaolga256@outlook.com,Отчислен,,246617,02.02.2023,09.06.2026,Собственная система учёта,Обучается по целевому направлению
102,UNI-000102,Кузнецов Андрей Петрович,Кузнецов Андрей Петрович,Смирнов Роман Викторович,Прикл. матем.,Очная,Волгоград,"ул. Спортивная, д. 77, кв. 147",+7-922-675-21-66,smirnovroman336@yandex.ru,Переведён,139,186691,01.12.2025,28.02.2024,SAP ERP,Обучается по целевому направлению
103,UNI-000103,Лебедева Татьяна Сергеевна,Лебедева Татьяна Сергеевна,Семёнов Сергей Викторович,Юрид.,Очная,Воронеж,"ул. Пушкина, д. 66, кв. 155",+7-957-123-27-25,semenovserge438@outlook.com,Вып.,206,304991,02.09.2023,01.06.2026,Собственная система учёта,Индивидуальный учебный план
104,UNI-000104,Волкова Юлия Петровна,Волкова Юлия Петровна,Смирнов Алексей Дмитриевич,Филология,Очная,Краснодар,"ул. Мира, д. 137, кв. 41",+7-942-966-21-83,smirnovaleks625@outlook.com,Акад. отп.,192,88316,15.05.2026,05.12.2025,SAP ERP,Академическая задолженность
105,UNI-000105,Волков Никита Петрович,Волков Никита Петрович,Павлова Ксения Александровна,Прикладная математика,Очно-заочная,Нижний Новгород,"ул. Ленина, д. 100, кв. 5",12345,pavlovakseni266@yandex.ru,Акад. отп.,149,221242,22.11.2026,00.00.0000,Собственная система учёта,Претендент на повышенную стипендию
106,UNI-000106,Лебедев Максим Николаевич,Лебедев Максим Николаевич,Богданов Александр Александрович,Экон.,Очно-заочная,Новосиб.,"ул. Мира, д. 84, кв. 81",+7-924-773-36-35,bogdanovalek168@gmail.com,Выпускник,69,172148,01.06.2024,04.08.2024,Excel-выгрузка,Академическая задолженность
107,UNI-000107,Лебедев Роман Иванович,Лебедев Роман Иванович,Егоров Илья Андреевич,Экономика,Заочная,Казань,"ул. Мира, д. 24, кв. 45",+7-942-692-76-25,egorovilyaan775@yandex.ru,Академический отпуск,30,ABC,11.12.2025,07.04.2025,1С:Предприятие,
108,UNI-000108,Виноградов Андрей Дмитриевич,Виноградов Андрей Дмитриевич,Иванова Елена Ивановна,Прикл. матем.,Заочная,Санкт-Петербург,"ул. Победы, д. 93, кв. 80",+7-914-544-93-48,ivanovaelena719@yandex.ru,Обучается,166,254307,09.01.2026,11.11.2026,1С:Предприятие,Претендент на повышенную стипендию
109,UNI-000109,Воробьёва Анна Александровна,Воробьёва,Попов Максим Петрович,Информатика и вычислительная техника,Очная,Казань,,+7-949-524-30-63,popovmaksimp179@yandex.ru,Переведён,38,145218,26.02.2025,16.01.2024,CRM Bitrix24,Обучается по целевому направлению
110,UNI-000110,Новиков Алексей Викторович,Новиков Алексей Викторович,Волков Александр Александрович,Прикладная математика,Очная,Пермь,"ул. Гагарина, д. 105, кв. 12",+7-944-486-86-77,volkovaleksa162@yandex.ru,Обучается,3,232801,14.02.2024,16.02.2024,Excel-выгрузка,нет данных(ошибка)
111,UNI-000111,,Семёнова Юлия Сергеевна,Иванова Виктория Николаевна,Прикладная математика,Заочная,Нижний Новгород,"ул. Гагарина, д. 83, кв. 169",+7-944-474-88-95,ivanovavikto490@mail.ru,,191,349494,08.03.2024,26.03.2026,CRM Bitrix24,Претендент на повышенную стипендию
112,UNI-000112,Кузнецова Ксения Ивановна,Кузнецова Ксения Ивановна,Кузнецов Никита Андреевич,Экономика,Заочная,Волгоград,"ул. Пушкина, д. 85, кв. 182",+7-939-784-85-76,petrov@@mail..ru,Акад. отп.,83,271260,05.11.2025,28.12.2026,1С:Предприятие,Индивидуальный учебный план
113,UNI-000113,Лебедева Виктория Сергеевна,-,Петров Павел Андреевич,Экономика,Заочная,Новосиб.,"ул. Ленина, д. 147, кв. 124",+7-940-978-54-34,petrovpavela463@outlook.com,Академический отпуск,116,187785,24.02.2026,25.11.2025,Собственная система учёта,Обучается по целевому направлению
114,UNI-000114,Соколов Владимир Николаевич,Соколов Владимир Николаевич,Голубев Егор Петрович,ИВТ,Очно-заочная,Новосиб.,нет данных(ошибка),+7-933-536-92-13,golubevegorp97@yandex.ru,Акад. отп.,117,,23.09.2023,28.03.2025,SAP ERP,Обучается по целевому направлению
115,UNI-000115,Смирнов Кирилл Сергеевич,Смирнов Кирилл Сергеевич,Виноградов Владимир Андреевич,Экономика,Очно-заочная,Екб,"ул. Ленина, д. 51, кв. 188",+7-957-462-77-86,vinogradovvl577@yandex.ru,Переведён,134,74639,08.09.2025,06.09.2026,SAP ERP,Претендент на повышенную стипендию
116,UNI-000116,Фёдоров Максим Андреевич,Фёдоров Максим Андреевич,Попова Виктория Ивановна,Экономика,Заочная,Москва,"ул. Молодёжная, д. 76, кв. 100",+7-943-531-70-69,popovaviktor140@gmail.com,Отчислен,0,89253,18.12.2025,07.05.2026,Собственная,
117,UNI-000117,Павлова Елена Сергеевна,Павлова Елена Сергеевна,Соколов Егор Андреевич,,Очная,,"ул. Молодёжная, д. 101, кв. 152",+7-922-354-54-19,sokolovegora987@yandex.ru,Отчислен,35,260470,вчера,05.11.2026,####,Индивидуальный учебный план
118,UNI-000118,Волков Андрей Александрович,Волков Андрей Александрович,Морозова Юлия Дмитриевна,Филология,Заочная,Екатеринбург,"ул. Центральная, д. 77, кв. 32",+7-944-860-88-68,morozovayuli73@yandex.ru,Отч.,224,192660,27.07.2023,21.02.2025,Excel-выгрузка,Индивидуальный учебный план
119,UNI-000119,Голубева Алина Николаевна,Голубева Алина Николаевна,Смирнов Дмитрий Викторович,Экономика,Очно-заочная,Челябинск,"ул. Молодёжная, д. 108, кв. 15",+7-950-207-45-45,smirnovdmitr656@gmail.com,Перев.,84,270015,03.06.2025,23.02.2024,Excel-выгрузка,Претендент на повышенную стипендию
120,UNI-000120,Воробьёва Мария Ивановна,Воробьёва Мария Ивановна,Голубева Ольга Ивановна,Филология,Очно-заочная,Воронеж,"ул. Молодёжная, д. 11, кв. 155",+7-916-704-92-22,golubevaolga121@mail.ru,Акад. отп.,92,271160,,21.06.2024,,Индивидуальный учебный план
121,UNI-000121,Петрова Юлия Ивановна,Петрова Юлия Ивановна,Павлова Дарья Александровна,Экономика,Очно-заочная,Волгоград,"ул. Ленина, д. 85, кв. 26",+7-928-522-13-68,ivanov.mail.ru,Отч.,90,180390,2026-13-45,15.06.2024,SAP ERP,Претендент на повышенную стипендию
122,UNI-000122,Богданов Виктор Викторович,Богданов Виктор Викторович,Алексеева Виктория Сергеевна,Прикладная математика,Очная,Новосиб.,"ул. Победы, д. 138, кв. 190",+7-924-424-49-22,alekseevavik655@mail.ru,Выпускник,80,310672,07.07.2024,16.12.2025,SAP ERP,Обучается по целевому направлению
123,UNI-000123,Алексеева Алина Сергеевна,Алексеева Алина Сергеевна,Иванова Ирина Дмитриевна,Экономика,Очно-заочная,Нижний Новгород,"ул. Садовая, д. 144, кв. 76",+7-958-673-78-32,ivanovairina634@outlook.com,Обучается,50,98949,20.12.2023,28.07.2026,SAP ERP,Претендент на повышенную стипендию
124,UNI-000124,Алексеева Юлия Ивановна,Алексеева Юлия Ивановна,Кузнецов Артём Николаевич,Филология,Очно-заочная,СПб,"ул. Победы, д. 58, кв. 114",+7-912-351-80-29,kuznecovarte27@gmail.com,Выпускник,57,164806,15.04.2024,05.04.2026,1С:Предприятие,Обучается по целевому направлению
125,UNI-000125,Фёдоров Александр Петрович,Фёдоров Александр Петрович,Богданова Светлана Андреевна,Прикладная математика,Очная,Краснодар,"ул. Спортивная, д. 103, кв. 161",+7-99-abc-12-34,bogdanovasve442@gmail.com,Отчислен,93,173053,12.09.2025,05.12.2024,SAP ERP,Претендент на повышенную стипендию
126,UNI-000126,Попова Екатерина Дмитриевна,Попова Екатерина Дмитриевна,Виноградова Виктория Петровна,Филол.,Заочная,Санкт-Петербург,"ул. Спортивная, д. 59, кв. 185",+7-932-834-99-92,vinogradovav477@yandex.ru,Отчислен,147,77892,2026,14.10.2025,1С:Предприятие,Претендент на повышенную стипендию
127,UNI-000127,Богданов Илья Александрович,Богданов Илья Александрович,Попова Татьяна Дмитриевна,Юриспруденция,Очная,Пермь,"ул. Пушкина, д. 146, кв. 65",+7-956-128-86-72,popovatatyan722@outlook.com,Акад. отп.,101,162828,2026,10.11.2026,SAP ERP,Претендент на повышенную стипендию
128,UNI-000128,Виноградова Алина Ивановна,-,Воробьёв Кирилл Викторович,Инф,Очно-заочная,Москва,"ул. Победы, д. 31, кв. 199",+7-914-728-18-77,vorobevkiril748@outlook.com,Академический отпуск,187,152036,25.10.2024,01.03.2024,Excel-выгрузка,Академическая задолженность
129,UNI-000129,Егоров Дмитрий Иванович,Егоров Дмитрий Иванович,Голубева Светлана Сергеевна,Юриспруденция,Очная,Санкт-Петербург,"ул. Пушкина, д. 91, кв. 46",+7-955-540-42-73,golubevasvet189@mail.ru,Отч.,102,155175,21.06.2024,11.02.2026,Excel-выгрузка,Академическая задолженность
130,UNI-000130,Фёдорова Елена Александровна,,Алексеева Елена Дмитриевна,Экономика,####,Краснодар,"ул. Ленина, д. 2, кв. 84",+7-934-413-13-82,alekseevaele880@gmail.com,не указано(ошибка),,148818,18.03.2026,04.06.2024,CRM Bitrix24,
131,UNI-000131,Семёнов Максим Сергеевич,Семёнов Максим Сергеевич,Семёнова Полина Александровна,Филология,Очная,Краснодар,"ул. Мира, д. 80, кв. 75",+7-916-457-97-33,semenovapoli922@yandex.ru,Обучается,ERROR,151271,11.10.2024,18.11.2025,Excel-выгрузка,Индивидуальный учебный план
132,UNI-000132,Богданова Дарья Дмитриевна,Богданова Дарья Дмитриевна,Попов Алексей Андреевич,Прикладная математика,Очная,Самара,"ул. Молодёжная, д. 11, кв. 92",+7-913-591-94-85,popovaleksei869@mail.ru,Переведён,23,218062,21.09.2026,11.05.2024,CRM Bitrix24,Индивидуальный учебный план
133,UNI-000133,Павлова Наталья Ивановна,Павлова,Голубев Дмитрий Александрович,Прикладная математика,Очная,Новосибирск,"ул. Садовая, д. 124, кв. 157",+7-934-413-73-46,golubevdmitr541@mail.ru,Обуч.,48,96759,24.10.2025,вчера,SAP ERP,Академическая задолженность
134,UNI-000134,Морозова Елена Ивановна,Морозова Елена Ивановна,Петров Кирилл Иванович,Филология,Очно-заочная,Волгоград,"ул. Садовая, д. 95, кв. 175",12345,petrovkirill973@outlook.com,Акад. отп.,228,,23.02.2025,07.08.2024,Собственная система учёта,
135,UNI-000135,Егоров Владимир Андреевич,,Морозова Ольга Александровна,Экономика,Очно-заочная,Новосибирск,ОШИБКА_ДАННЫХ,+7-933-957-61-15,morozovaolga146@yandex.ru,Переведён,63,185363,19.11.2026,10.11.2026,CRM Bitrix24,Обучается по целевому направлению
136,UNI-000136,Павлов Александр Иванович,Павлов Александр Иванович,Лебедев Егор Петрович,Юрид.,Очно-заочная,Москва,"ул. Молодёжная, д. 11, кв. 179",12345,lebedevegorp73@yandex.ru,Обуч.,29,133321,06.02.2026,06.06.2026,SAP ERP,Индивидуальный учебный план
137,UNI-000137,Морозов Андрей Николаевич,Морозов Андрей Николаевич,Егоров Дмитрий Андреевич,Информатика и вычислительная техника,Очно-заочная,Челябинск,"ул. Советская, д. 33, кв. 133",+7-912-580-71-23,egorovdmitri235@mail.ru,Обуч.,213,253457,25.02.2024,08.02.2026,Excel-выгрузка,
138,UNI-000138,Попов Роман Петрович,Попов Роман Петрович,Виноградова Елена Андреевна,Экономика,Очно-заочная,Новосиб.,"ул. Ленина, д. 146, кв. 4",+7-919-449-42-32,vinogradovae474@gmail.com,Академический отпуск,н/д,79584,05.07.2026,03.09.2025,CRM Bitrix24,Претендент на повышенную стипендию
139,UNI-000139,Семёнова Ирина Александровна,Семёнова Ирина Александровна,Козлова Ольга Николаевна,Филол.,Очная,Волгоград,"ул. Садовая, д. 82, кв. 15",+7-917-801-18-62,kozlovaolgan634@,Акад. отп.,185,218640,05.01.2025,08.11.2024,1С:Предприятие,Индивидуальный учебный план
140,UNI-000140,Егоров Александр Дмитриевич,Егоров Александр Дмитриевич,Петрова Виктория Дмитриевна,ИВТ,Очно-заочная,Челябинск,"ул. Спортивная, д. 99, кв. 73",+7-953-730-59-67,petrovavikto700@yandex.ru,,156,181094,15.11.2025,15.03.2025,Собственная система учёта,Обучается
141,UNI-000141,Соколов Андрей Иванович,Соколов Андрей Иванович,Соколова Алина Викторовна,Информатика и вычислительная техника,Заочная,Смр,"ул. Пушкина, д. 37, кв. 11",+7-939-520-79-39,sokolovaalin129@outlook.com,Отч.,53,262752,15.07.2026,15.08.2026,Excel-выгрузка,Индивидуальный учебный план
142,UNI-000142,Егоров Алексей Сергеевич,Егоров Алексей Сергеевич,Козлова Мария Андреевна,Экономика,Очно-заочная,Екб,"ул. Спортивная, д. 94, кв. 119",+7-945-983-62-57,kozlovamariy219@gmail.com,Вып.,36,296537,21.09.2023,27.05.2025,Собственная система учёта,Индивидуальный учебный план
143,UNI-000143,Волков Сергей Сергеевич,Волков Сергей Сергеевич,???,Экономика,Заочная,Мск,"ул. Советская, д. 99, кв. 146",+7-952-276-44-97,vinogradovaa657@yandex.ru,Выпускник,,153709,00.00.0000,28.04.2025,CRM Bitrix24,Индивидуальный учебный план
144,UNI-000144,Фёдоров Владимир Александрович,Фёдоров Владимир Александрович,Смирнова Виктория Дмитриевна,ИВТ,Очная,Москва,"ул. Победы, д. 24, кв. 81",+7-932-307-29-37,smirnovavikt861@gmail.com,Обучается,92,215412,11.08.2026,10.03.2026,SAP ERP,Академическая задолженность
145,UNI-000145,Попова Анна Сергеевна,Попова Анна Сергеевна,Фёдоров Кирилл Иванович,Экономика,Очно-заочная,Краснодар,"ул. Центральная, д. 72, кв. 177",+7-925-216-94-28,fedorovkiril100@outlook.com,Обуч.,34,249727,16.07.2026,19.01.2024,SAP ERP,Индивидуальный учебный план
146,UNI-000146,Семёнова Анна Александровна,Семёнова Анна Александровна,Воробьёва Дарья Викторовна,Юриспруденция,Очная,Новосибирск,"ул. Мира, д. 46, кв. 35",+7-949-407-96-60,vorobevadary114@yandex.ru,Акад. отп.,162,218138,26.12.2025,20.06.2024,Excel-выгрузка,Академическая задолженность
147,UNI-000147,Павлова Екатерина Сергеевна,Павлова Екатерина Сергеевна,Лебедев Андрей Николаевич,Филол.,Очная,Челяб.,"ул. Победы, д. 43, кв. 14",+7-951-344-99-49,lebedevandre460@gmail.com,Выпускник,86,71210,25.12.2025,22.08.2026,1С:Предприятие,Обучается по целевому направлению
148,UNI-000148,Фёдорова Анна Александровна,Фёдорова Анна Александровна,Морозова Елена Ивановна,Экономика,Заочная,Ростов-на-Дону,"ул. Молодёжная, д. 10, кв. 178",+7-953-376-99-58,morozovaelen376@gmail.com,Перев.,218,272567,11.12.2026,24.06.2024,SAP ERP,
149,UNI-000149,Новиков Андрей Дмитриевич,Новиков Андрей Дмитриевич,,Филология,Очная,Мск,"ул. Гагарина, д. 28, кв. 63",+7-914-281-57-18,smirnovaalin586@yandex.ru,Академический отпуск,ERROR,95815,24.01.2023,26.12.2024,SAP ERP,
150,UNI-000150,Семёнов Никита Викторович,Семёнов Никита Викторович,Фёдорова,Информатика и вычислительная техника,,Волгоград,"ул. Советская, д. 21, кв. 48",,fedorovaolga811@outlook.com,Академический отпуск,53,76213,11.07.2023,07.09.2026,Excel-выгрузка,Претендент на повышенную стипендию
151,UNI-000151,Фёдорова Татьяна Сергеевна,Фёдорова Татьяна Сергеевна,Воробьёв Роман Александрович,Прикладная математика,Очная,Кра,"ул. Ленина, д. 21, кв. 46",+7-922-369-28-79,vorobevroman717@yandex.ru,Обучается,179,89730,28.03.2024,06.04.2025,Excel-выгрузка,
152,UNI-000152,Виноградов Артём Николаевич,Виноградов Артём Николаевич,Алексеев Андрей Андреевич,Филология,,Воронеж,"ул. Пушкина, д. 73, кв. 194",+7-920-166-17-18,alekseevandr353@outlook.com,Обучается,158,275493,25.11.2023,01.08.2026,1С:Предприятие,
153,UNI-000153,,Алексеева Алина Дмитриевна,Волкова Ксения Петровна,Юриспруденция,Очно-заочная,категория_5,ул.,+7-929-881-72-50,volkovakseni234@yandex.ru,,43,72386,15.07.2025,26.06.2025,Excel-выгрузка,
154,UNI-000154,Семёнова Татьяна Сергеевна,Семёнова Татьяна Сергеевна,Егоров Виктор Иванович,Информатика и вычислительная техника,Очная,Самара,"ул. Победы, д. 98, кв. 162",+7-919-509-56-11,egorovviktor811@outlook.com,Академический отпуск,38,146421,01.02.2024,05.08.2025,,Обучается по целевому направлению
155,UNI-000155,Егоров Илья Сергеевич,Егоров Илья Сергеевич,Богданов Егор Николаевич,Экономика,Очная,Челябинск,"ул. Спортивная, д. 128, кв. 111",+7-937-972-30-72,bogdanovegor362@mail.ru,Обучается,17,219493,10.10.2026,17.04.2024,Excel-выгрузка,Претендент на повышенную стипендию
156,UNI-000156,Морозов Александр Сергеевич,Морозов Александр Сергеевич,Фёдоров Андрей Иванович,Филология,Очная,Казань,"ул. Гагарина, д. 136, кв. 73",+7-931-842-57-98,fedorovandre379@yandex.ru,не указано(ошибка),121,83095,12.08.2023,07.04.2025,SAP ERP,Претендент на повышенную стипендию
157,UNI-000157,Волкова Алина Петровна,,Волкова Юлия Викторовна,Экономика,Очная,Новосибирск,"ул. Спортивная, д. 59, кв. 182",+7-947-724-40-41,volkovayuliy577@outlook.com,Выпускник,227,60169,04.09.2025,20.03.2025,SAP ERP,Академическая задолженность
158,UNI-000158,Фёдорова Татьяна Николаевна,Фёдорова Татьяна Николаевна,Лебедев Артём Николаевич,Экономика,Заочная,Самара,"ул. Ленина, д. 122, кв. 64",+7-924-748-10-51,lebedevartem845@gmail.com,Переведён,123,344585,2026-13-45,20.06.2025,Собственная система учёта,Претендент на повышенную стипендию
159,UNI-000159,Лебедева Дарья Дмитриевна,Лебедева Дарья Дмитриевна,Лебедев Александр Николаевич,Экономика,Заочная,Ростов-на-Дону,"ул. Ленина, д. 77, кв. 67",+7-99-abc-12-34,lebedevaleks668@mail.ru,Вып.,20,243269,15.03.2026,18.07.2026,CRM Bitrix24,
160,UNI-000160,Кузнецов Алексей Николаевич,Кузнецов Алексей Николаевич,,Юриспруденция,Очная,Казань,"ул. Гагарина, д. 83, кв. 5",+7-917-153-51-80,fedorovserge378@outlook.com,Академический отпуск,80,246623,14.11.2023,13.06.2026,CRM Bitrix24,Обучается по целевому направлению
161,UNI-000161,Петрова Виктория Николаевна,Петрова Виктория Николаевна,Воробьёв Виктор Александрович,Филология,Очная,Пермь,"ул. Гагарина, д. 128, кв. 17",+7-914-243-29-23,vorobevvikto963@yandex.ru,Академический отпуск,23,238909,03.06.2025,25.06.2025,1С:Предприятие,Индивидуальный учебный план
162,UNI-000162,Виноградов Александр Иванович,Виноградов Александр Иванович,Попова,Экономика,Заочная,Вол,"ул. Мира, д. 67, кв. 59",+7-925-157-92-97,popovasvetla54@mail.ru,Акад. отп.,122,72227,25.04.2023,28.03.2024,CRM Bitrix24,
163,UNI-000163,Егоров Артём Александрович,N/A,Голубева Наталья Александровна,Прикладная математика,Очно-заочная,Санкт-Петербург,"ул. Ленина, д. 52, кв. 151",+7-912-313-39-84,golubevanata8@outlook.com,Отчислен,179,92271,27.09.2025,07.07.2024,CRM Bitrix24,
164,UNI-000164,Фёдоров Павел Николаевич,Фёдоров Павел Николаевич,Виноградов Алексей Иванович,Экономика,Очная,Самара,"ул. Спортивная, д. 66, кв. 86",+7-922-434-43-60,vinogradoval667@mail.ru,Отчислен,115,65108,,25.09.2026,Excel-выгрузка,Претендент на повышенную стипендию
165,UNI-000165,Егоров Александр Дмитриевич,Егоров Александр Дмитриевич,Лебедева Полина Андреевна,Филол.,нет данных(ошибка),Пермь,ОШИБКА_ДАННЫХ,,lebedevapoli581@yandex.ru,Отч.,55,317963,01.05.2023,28.03.2024,SAP ERP,Претендент на повышенную стипендию
166,UNI-000166,Егоров Роман Викторович,-,Фёдоров Артём Сергеевич,Прикладная математика,Заочная,Крд,"ул. Спортивная, д. 74, кв. 171",+7-925-179-88-23,fedorovartem874@mail.ru,Обучается,158,76229,01.05.2023,13.08.2025,Собственная система учёта,Претендент на повышенную стипендию
167,UNI-000167,Лебедев Алексей Андреевич,Лебедев Алексей Андреевич,Алексеева Ксения Дмитриевна,Юрид.,Заочная,Воронеж,"ул. Ленина, д. 77, кв. 198",+7-912-222-48-28,alekseevakse468@gmail.com,Академический отпуск,30,65921,01.03.2026,24.02.2024,CRM Bitrix24,Индивидуальный учебный план
168,UNI-000168,Богданова Екатерина Николаевна,Богданова,Воробьёв Роман Петрович,Информатика и вычислительная техника,Очно-заочная,Пермь,"ул. Гагарина, д. 56, кв. 17",+7-935-794-58-13,vorobevroman510@mail.ru,Выпускник,212,294161,01.03.2026,22.01.2026,1С:Предприятие,Обучается по целевому направлению
169,UNI-000169,Голубева Ксения Андреевна,Голубева Ксения Андреевна,Новикова Елена Андреевна,Экон.,Очно-заочная,Челябинск,"ул. Ленина, д. 12, кв. 145",+7-937-672-99-72,novikovaelen733@yandex.ru,Обучается,73,240859,12.10.2023,18.08.2025,CRM Bitrix24,Обучается по целевому направлению
170,UNI-000170,Богданова Ирина Сергеевна,Богданова Ирина Сергеевна,Алексеев Павел Иванович,Экономика,Очно-заочная,Ростов-на-Дону,,+7-959-399-28-96,alekseevpave692@outlook.com,Перев.,н/д,238916,20.02.2026,11.03.2025,SAP ERP,Индивидуальный учебный план
171,UNI-000171,Соколов Кирилл Александрович,Соколов Кирилл Александрович,Попов Владимир Викторович,Филол.,Очно-заочная,Пермь,"ул. Гагарина, д. 147, кв. 36",+7-923-944-98-60,popovvladimi844@mail.ru,Выпускник,225,108657,04.09.2023,09.01.2026,Собственная система учёта,Претендент на повышенную стипендию
172,UNI-000172,Волкова,Волкова Дарья Петровна,Алексеев Роман Иванович,Филология,Очно-заочная,Ростов-на-Дону,"ул. Советская, д. 148, кв. 90",+7-957-517-98-23,alekseevroma656@yandex.ru,Выпускник,39,148739,26.09.2023,05.08.2024,1С:Предприятие,Обучается по целевому направлению
173,UNI-000173,Морозов Артём Андреевич,Морозов Артём Андреевич,Лебедева Ольга Александровна,Информатика и вычислительная техника,Очная,Нижний Новгород,"ул. Мира, д. 54, кв. 48",+7-959-796-19-18,,Обуч.,108,237440,23.01.2026,11.05.2026,Excel-выгрузка,Обучается по целевому направлению
174,UNI-000174,Фёдоров Артём Петрович,ОШИБКА_ДАННЫХ,Петрова Екатерина Петровна,Информатика и вычислительная техника,Заочная,Новосиб.,"ул. Победы, д. 8, кв. 66",+7-954-584-59-78,petrovaekate433@mail.ru,Переведён,158,234053,13.01.2026,25.08.2024,1С:Предприятие,Индивидуальный учебный план
175,UNI-000175,Смирнов Дмитрий Андреевич,Смирнов Дмитрий Андреевич,Кузнецова Ксения Петровна,Прикладная математика,Очно-заочная,Новосибирск,"ул. Советская, д. 121, кв. 9",+7-930-4,kuznecovakse629@yandex.ru,Выпускник,24,55396,28.10.2024,17.01.2026,Excel-выгрузка,Академическая задолженность
176,UNI-000176,Новикова Татьяна Ивановна,Новикова Татьяна Ивановна,Петрова Юлия Николаевна,Филология,Очная,Пермь,"ул. Садовая, д. 126, кв. 45",+7-938-400-30-15,petrovayuliy616@gmail.com,Отчислен,109,107501,07.02.2024,08.08.2025,1С:Предприятие,Индивидуальный учебный план
177,UNI-000177,Соколова Виктория Ивановна,Соколова Виктория Ивановна,Козлов Максим Викторович,Филол.,N/A,Екатеринбург,"ул. Центральная, д. 30, кв. 26",+7-920-242-26-87,kozlovmaksim449@mail.ru,Выпускник,93,275429,17.12.2023,31.02.2026,N/A,Академическая задолженность
178,UNI-000178,Новиков Александр Иванович,Новиков Александр Иванович,Смирнова Светлана Дмитриевна,Информатика и вычислительная техника,Заочная,Воронеж,"ул. Победы, д. 122, кв. 103",+7-942-349-27-25,smirnovasvet166@mail.ru,Обучается,146,147932,22.08.2024,2026,SAP ERP,Индивидуальный учебный план
179,UNI-000179,Соколов Виктор Иванович,Соколов,Козлов Александр Андреевич,Экономика,Заочная,Волгоград,"ул. Молодёжная, д. 3, кв. 96",+7-913-622-11-24,kozlovaleksa600@gmail.com,Переведён,2,209039,08.06.2024,07.04.2025,Excel-выгрузка,Индивидуальный учебный план
180,UNI-000180,Соколов Дмитрий Иванович,Соколов Дмитрий Иванович,Богданова Дарья Дмитриевна,Экономика,Очно-заочная,Влгд,"ул. Садовая, д. 38, кв. 195",+7-99-abc-12-34,bogdanovadar253@yandex.ru,Выпускник,214,239646,14.05.2024,02.07.2024,SAP ERP,Индивидуальный
181,UNI-000181,Алексеев Павел Иванович,Алексеев Павел Иванович,Козлов Егор Сергеевич,Прикл. матем.,Очно-заочная,Смр,"ул. Садовая, д. 105, кв. 166",+7-99-abc-12-34,kozlovegorse510@gmail.com,Обучается,110,66207,18.02.2026,25.12.2024,CRM Bitrix24,Академическая задолженность
182,UNI-000182,Новиков Артём Петрович,Новиков Артём Петрович,Волкова Алина Николаевна,Филология,Очно-заочная,Новосибирск,"ул. Пушкина, д. 121, кв. 131",,volkovaalina481@yandex.ru,Отч.,23,306731,17.09.2025,03.11.2026,SAP ERP,Обучается по целевому направлению
183,UNI-000183,Морозова Полина Андреевна,Морозова Полина Андреевна,Волков Владимир Андреевич,Филология,Очная,Новосибирск,"ул. Пушкина, д. 50, кв. 86",+7-943-792-62-45,volkovvladim613@gmail.com,Вып,171,н/д,10.12.2024,22.11.2024,SAP ERP,
184,UNI-000184,Семёнова Мария Сергеевна,Семёнова Мария Сергеевна,Морозов Роман Андреевич,Экономика,Очно-заочная,Самара,"ул. Победы, д. 47, кв. 166",+7-941-483-41-60,morozovroman735@outlook.com,Отчислен,238,347894,11.09.2026,20.05.2024,1С:Предприятие,Обучается
185,UNI-000185,Богданов Артём Иванович,Богданов Артём Иванович,Новиков Сергей Петрович,Прикладная математика,Очно-заочная,Казань,"ул. Пушкина, д. 131, кв. 146",,novikovserge644@outlook.com,Неизвестная категория,152,106664,13.07.2026,05.02.2025,CRM Bitrix24,Академическая задолженность
186,UNI-000186,Петров Виктор Александрович,Петров Виктор Александрович,Кузнецова Наталья Николаевна,Экон.,Очная,Пермь,"ул. Молодёжная, д. 53, кв. 11",+7-952-680-17-11,kuznecovanat346@mail.ru,Переведён,184,195318,08.07.2025,,,
187,UNI-000187,Богданова Алина Викторовна,Богданова Алина Викторовна,Иванова Анна Викторовна,Экон.,Очная,Самара,"ул. Молодёжная, д. 53, кв. 139",+7-949-117-30-21,ivanovaannav829@gmail.com,Выпускник,31,100165,08.07.2024,,CRM Bitrix24,Претендент на повышенную стипендию
188,UNI-000188,Кузнецова Наталья Александровна,Кузнецова Наталья Александровна,Павлов Андрей Иванович,Прикл. матем.,Очная,Екатеринбург,"ул. Мира, д. 21, кв. 105",+7-955-554-66-29,pavlovandrei872@outlook.com,Переведён,192,249314,25.09.2023,22.04.2025,???,Индивидуальный учебный план
189,UNI-000189,Волкова Юлия Викторовна,Волкова Юлия Викторовна,Фёдоров Кирилл Иванович,Прикладная математика,Очно-заочная,Екатеринбург,"ул. Победы, д. 37, кв. 181",+7-914-715-99-97,fedorovkiril173@outlook.com,Выпускник,53,164257,вчера,23.04.2025,SAP ERP,Претендент на повышенную стипендию
190,UNI-000190,Голубев Владимир Александрович,Голубев Владимир Александрович,Козлова Екатерина Дмитриевна,Прикл. матем.,Очно-заочная,Самара,"ул. Ленина, д. 100, кв. 147",+7-932-468-58-12,kozlovaekate447@outlook.com,Вып.,232,272370,09.07.2023,09.04.2025,SAP ERP,12345XYZ
191,UNI-000191,Козлов Максим Андреевич,Козлов Максим Андреевич,Алексеева Светлана Александровна,Экономика,Очная,Пермь,"ул. Гагарина, д. 24, кв. 158",12345,alekseevasve538@mail.ru,Отчислен,115,128134,2025,28.05.2025,CRM Bitrix24,Претендент на повышенную стипендию
192,UNI-000192,-,Виноградов Максим Дмитриевич,Фёдоров Дмитрий Александрович,Филология,Очно-заочная,Смр,"ул. Гагарина, д. 74, кв. 141",+7-940-533-31-40,fedorovdmitr828@mail.ru,Академический отпуск,154,90395,09.02.2023,04.09.2024,Excel-выгрузка,
193,UNI-000193,Соколова Ксения Сергеевна,Соколова Ксения Сергеевна,Козлова Анна Александровна,Юриспруденция,Очная,Самара,"ул. Пушкина, д. 132, кв. 6",+7-942-616-17-60,kozlovaannaa172@,Обучается,120,131741,28.04.2024,19.06.2026,SAP ERP,нет данных(ошибка)
194,UNI-000194,Кузнецов Максим Андреевич,Кузнецов Максим Андреевич,Петров Никита Дмитриевич,Прикладная математика,Очная,Москва,"ул. Пушкина, д. 118, кв. 136",+7-941-793-60-80,ivanov.mail.ru,Переведён,119,322449,19.10.2025,13.12.2026,SAP ERP,
195,UNI-000195,N/A,Виноградова Анна Петровна,Лебедев Александр Дмитриевич,Филология,Заочная,Нижний Новгород,"ул. Мира, д. 106, кв. 98",+7-934-406-57-13,lebedevaleks499@gmail.com,Академический отпуск,192,58410,25.07.2024,15.03.2026,Собственная система учёта,Претендент на повышенную стипендию
196,UNI-000196,Егорова Наталья Андреевна,Егорова Наталья Андреевна,Козлов Владимир Петрович,Юрид.,Заочная,Ростов-н/Д,"ул. Центральная, д. 120, кв. 96",+7-923-574-26-63,kozlovvladim252@mail.ru,Академический отпуск,229,103102,02.06.2025,31.02.2026,Excel-выгрузка,Академическая задолженность
197,UNI-000197,Виноградова Ирина Петровна,Виноградова Ирина Петровна,Голубев Егор Дмитриевич,Юриспруденция,Заочная,категория_5,"ул. Пушкина, д. 130, кв. 43",+7-910-203-28-81,golubevegord62@gmail.com,Обучается,130,164658,15.01.2025,26.06.2025,Собственная система учёта,Индивидуальный учебный план
198,UNI-000198,Морозов Алексей Викторович,Морозов Алексей Викторович,Воробьёв Кирилл Дмитриевич,Прикладная математика,Заочная,Ростов-н/Д,"ул. Садовая, д. 10, кв. 171",+7-959-661-82-74,vorobevkiril992@mail.ru,Академический отпуск,238,много,23.11.2025,24.12.2025,SAP ERP,Претендент на повышенную стипендию
199,UNI-000199,Лебедев Владимир Дмитриевич,Лебедев Владимир Дмитриевич,Егорова Наталья Андреевна,Информатика и вычислительная техника,Очная,Н.Новгород,"ул. Ленина, д. 35, кв. 50",+7-936-682-34-63,egorovanatal438@yandex.ru,Перев.,145,183770,03.01.2024,09.01.2024,Excel-выгрузка,Академическая задолженность
200,UNI-000200,Соколов Владимир Петрович,Соколов Владимир Петрович,Семёнов Павел Викторович,Филология,Очно-заочная,Новосибирск,"ул. Центральная, д. 67, кв. 148",+7-945-661-52-90,semenovpavel540@gmail.com,Акад. отп.,170,322655,25.10.2025,вчера,1С:Предприятие,Индивидуальный учебный план
