ID,Код записи,Номер рейса,Номер рейса (повтор),ФИО пассажира,Тип рейса,Класс обслуживания,Город,Адрес,Телефон,Email,Статус рейса,Количество мест в самолёте,"Стоимость билета, руб.",Дата создания записи,Дата последнего обновления,Система-источник,Примечания
1,AIR-000001,DP-4517,DP-4517,Семёнов Сергей Сергеевич,Внутренний рейс,Эконом,Воронеж,"ул. Центральная, д. 99, кв. 57",+7-945-621-92-28,semenovserge275@mail.ru,Задержан,239,71423,04.12.2025,17.11.2025,SAP ERP,Дополнительный багаж
2,AIR-000002,SU-1131,SU-1131,Кузнецова Алина Андреевна,Междунар. рейс,Бизнес,Самара,"ул. Советская, д. 143, кв. 158",+7-946-918-77-33,kuznecovaali542@outlook.com,Ожид.,126,5565,25.12.2025,19.07.2026,SAP ERP,Групповая бронь
3,AIR-000003,DP-3268,DP-3268,Морозов Роман Иванович,Международный рейс,Первый,Самара,"ул. Пушкина, д. 52, кв. 161",+7-935-785-87-82,morozovroman99@gmail.com,Вылетел,291,84870,2024,12.06.2024,Excel-выгрузка,Пассажир с ограниченными возможностями
4,AIR-000004,FV-5562,FV-5562,Богданов,Чартерный рейс,Эконом,Санкт-Петербург,"ул. Спортивная, д. 36, кв. 60",+7-936-987-15-36,bogdanovarte423@outlook.com,Отменён,87,16449,,07.12.2024,CRM Bitrix24,Провоз животного
5,AIR-000005,SU-699,SU-699,Воробьёв Владимир Иванович,Внутренний рейс,Бизнес,Воронеж,"ул. Спортивная, д. 116, кв. 54",телефон отсутствует,vorobevvladi96@mail.ru,Посадка,324,85458,16.01.2024,18.05.2026,CRM Bitrix24,Групповая бронь
6,AIR-000006,DP-3644,DP-3644,Волкова Алина Дмитриевна,Внутренний рейс,,Казань,"ул. Советская, д. 148, кв. 72",+7-910-5,volkovaalina772@gmail.com,Вылетел,334,24534,04.12.2023,01.10.2026,SAP ERP,
7,AIR-000007,S7-2671,S7-2671,Соколов Александр Андреевич,Внутренний рейс,Эконом,Волгоград,"ул. Пушкина, д. 118, кв. 16",+7-952-560-38-89,sokolovaleks33@yandex.ru,Ожид.,154,51056,14.11.2025,03.12.2024,CRM Bitrix24,Дополнительный багаж
8,AIR-000008,DP-224,DP-224,Богданов Александр Сергеевич,Чартерный рейс,Бизнес,Санкт-Петербург,"ул. Мира, д. 41, кв. 55",+7-914-257-63-23,bogdanovalek235@outlook.com,категория_5,135,37883,06.08.2025,22.09.2026,,Пассажир с ограниченными возможностями
9,AIR-000009,DP-7061,DP-7061,Семёнов Егор Николаевич,Международный рейс,Бизнес,Казань,"ул. Советская, д. 6, кв. 51",+7-935-402-58-78,semenovegorn950@outlook.com,Ожидается,347,18118,08.01.2024,18.12.2026,1С:Предприятие,
10,AIR-000010,DP-6565,DP-6565,Попова Екатерина Александровна,Чартерный рейс,Эконом,Краснодар,"ул. Советская, д. 33, кв. 62",+7-913-620-87-79,popovaekater248@mail.ru,Отменён,-1,13953,18.09.2025,09.05.2024,SAP ERP,
11,AIR-000011,S7-3021,S7-3021,Лебедев Илья Сергеевич,Внутренний рейс,Первый,Ворнж,"ул. Мира, д. 133, кв. 38",+7-949-552-19-64,lebedevilyas756@mail.ru,Посадка,285,24578,01.06.2025,25.01.2024,1С:Предприятие,Групповая бронь
12,AIR-000012,SU-1470,SU-1470,Воробьёв Виктор Дмитриевич,Внутренний рейс,Первый,Екб,,,vorobevvikto737@mail.ru,Рег. открыта,230,44005,04.11.2026,10.11.2026,SAP ERP,Провоз животного
13,AIR-000013,S7-1493,S7-1493,Фёдорова Анна Петровна,Международный рейс,Бизнес,Краснодар,"ул. Мира, д. 39, кв. 45",+7-958-395-74-89,fedorovaanna322@mail.ru,Вылет.,290,,01.08.2026,вчера,1С:Предприятие,Провоз животного
14,AIR-000014,S7-6291,S7-6291,Смирнов Алексей Викторович,Чартерный рейс,-,Нижний Новгород,"ул. Садовая, д. 39, кв. 104",+7-934-676-25-40,smirnovaleks153@outlook.com,Посадка,311,32864,22.06.2025,10.06.2024,CRM Bitrix24,####
15,AIR-000015,DP-786,DP-786,Голубева Елена Александровна,Междунар. рейс,Эконом,Екатеринбург,"ул. Молодёжная, д. 143, кв. 118",+7-949-463-12-89,golubevaelen129@yandex.ru,Ожидается,81,38102,28.02.2023,27.05.2025,Собственная система учёта,Групповая бронь
16,AIR-000016,FV-8771,FV-8771,Новикова Наталья Сергеевна,Чартерный рейс,Бизнес,Челябинск,"ул. Советская, д. 133, кв. 50",+7-934-835-34-77,novikovanata410@mail.ru,Посадка,174,23297,23.03.2023,22.10.2025,SAP ERP,Пассажир с ограниченными возможностями
17,AIR-000017,,FV-9462,Морозова Дарья Ивановна,Междунар. рейс,Эконом,Москва,"ул. Советская, д. 108, кв. 194",+7-955-233-57-77,morozovadary220@outlook.com,Ожи,208,36010,28.08.2023,10.07.2024,Excel-выгрузка,Пассажир с ограниченными возможностями
18,AIR-000018,U6-6222,U6-6222,Петрова Полина Сергеевна,Международный рейс,Эконом,Пермь,N/A,+7-953-291-47-34,petrovapolin685@mail.ru,Ожидается,290,52449,26.07.2025,17.05.2025,Собственная система учёта,
19,AIR-000019,FV-468,FV-468,Кузнецова Ксения Викторовна,Внутренний рейс,Первый,Пермь,"ул. Садовая, д. 133, кв. 46",+7-927-439-27-69,kuznecovakse690@mail.ru,Задержан,224,7920,21.11.2025,08.05.2024,CRM Bitrix24,Пассажир с ограниченными возможностями
20,AIR-000020,S7-5917,S7-5917,Новиков Кирилл Викторович,Чартер. рейс,Эконом,Ростов-на-Дону,"ул. Советская, д. 37, кв. 27",+7-915-196-86-68,novikovkiril739@,Ожидается,328,9334,19.04.2024,22.11.2024,CRM Bitrix24,Дополнительный багаж
21,AIR-000021,S7-2307,S7-2307,Козлов Алексей Александрович,Меж,Эконом,Пермь,"ул. Мира, д. 22, кв. 193",+7-949-879-74-73,kozlovalekse399@gmail.com,Ожидается,286,68625,24.09.2026,01.01.2026,CRM Bitrix24,Пассажир с ограниченными возможностями
22,AIR-000022,SU-581,SU-581,Павлова Ирина Дмитриевна,Чартерный рейс,Эконом,Казань,"ул. Садовая, д. 4, кв. 63",+7-954-486-52-70,pavlovairina271@outlook.com,Задержан,195,,14.12.2023,22.10.2024,CRM Bitrix24,Дополнительный багаж
23,AIR-000023,U6-5765,U6-5765,Смирнов Александр Николаевич,Чартерный рейс,,Смр,"ул. Мира, д. 135, кв. 164",+7-959-688-46-23,smirnovaleks232@gmail.com,Рег,253,ABC,27.06.2026,05.10.2024,Excel-выгрузка,Пассажир с ограниченными возможностями
24,AIR-000024,S7-2683,S7-2683,Фёдорова Екатерина Сергеевна,Внутр. рейс,Эконом,Челябинск,N/A,+7-936-178-21-42,fedorovaekat713@mail.ru,Задержан,200,20046,02.12.2026,01.11.2025,SAP ERP,Пассажир с ограниченными возможностями
25,AIR-000025,DP-6579,DP-6579,Петров Виктор Дмитриевич,Внутренний рейс,Первый,Волгоград,"ул. Молодёжная, д. 5, кв. 11",,petrovviktor370@yandex.ru,Вылетел,253,82616,13.01.2023,15.11.2024,1С:Предприятие,Провоз животного
26,AIR-000026,S7-1737,S7-1737,Лебедева Виктория Николаевна,Международный рейс,Бизнес,не указано(ошибка),"ул. Молодёжная, д. 131, кв. 141",+7-921-546-83-23,lebedevavikt642@outlook.com,Вылетел,267,76580,07.10.2024,10.05.2026,1С:Предприятие,Групповая бронь
27,AIR-000027,S7-5080,S7-5080,Виноградова Елена Петровна,Внутренний рейс,Бизнес,Нижний Новгород,"ул. Советская, д. 123, кв. 171",+7-945-854-77-27,vinogradovae48@outlook.com,Регистрация открыта,169,87559,24.10.2025,04.01.2024,SAP ERP,-
28,AIR-000028,SU-878,SU-878,Воробьёва Екатерина Дмитриевна,Международный рейс,Бизнес,Казань,"ул. Гагарина, д. 5, кв. 183",+7-938-361-84-31,vorobevaekat775@,Отменён,343,84759,19.10.2026,10.11.2025,Собственная система учёта,
29,AIR-000029,FV-7574,FV-7574,Морозов Кирилл Сергеевич,Чартерный рейс,Бизнес,Казань,"ул. Молодёжная, д. 146, кв. 64",+7-919-438-82-23,petrov@@mail..ru,Отменён,,77643,2024,27.03.2024,CRM Bitrix24,Провоз животного
30,AIR-000030,S7-7143,S7-7143,Петров Кирилл Иванович,Чартерный рейс,Первый,Мск,"ул. Садовая, д. 122, кв. 40",+7-935-755-25-68,petrovkirill996@outlook.com,Ожидается,276,25795,18.05.2024,00.00.0000,Собственная система учёта,Пассажир с ограниченными возможностями
31,AIR-000031,U6-9969,U6-9969,Козлова Дарья Сергеевна,Чартерный рейс,Первый,Смр,"ул. Ленина, д. 73, кв. 1",+7-932-5,kozlovadarya924@yandex.ru,Задержан,339,82954,01.06.2026,13.03.2026,Собственная система учёта,Провоз животного
32,AIR-000032,FV-2502,FV-2502,Смирнов Андрей Иванович,Чартер. рейс,Бизнес,Новосибирск,"ул. Молодёжная, д. 19, кв. 56",+7-910-675-71-64,smirnovandre689@mail.ru,Задерж.,124,27941,11.10.2025,27.05.2024,CRM Bitrix24,Провоз животного
33,AIR-000033,DP-8971,DP-8971,Морозов Никита Николаевич,Чартерный рейс,Эконом,Москва,"ул. Гагарина, д. 123, кв. 193",+7-924-101-10-95,morozovnikit615@outlook.com,Вылетел,249,11205,27.02.2023,07.09.2025,1С:Предприятие,Групповая бронь
34,AIR-000034,S7-5586,S7-5586,Иванова,Вну,Бизнес,,"ул. Ленина, д. 72, кв. 21",+7-928-744-87-19,ivanovapolin56@gmail.com,Вылет.,,26224,15.10.2024,21.07.2026,CRM Bitrix24,Групповая бронь
35,AIR-000035,U6-3712,U6-3712,Иванова Наталья Петровна,Междунар. рейс,Бизнес,Казань,"ул. Пушкина, д. 101, кв. 42",,ivanovanatal782@outlook.com,Вылет.,116,,,24.02.2026,Excel-выгрузка,Дополнительный багаж
36,AIR-000036,DP-881,DP-881,Фёдорова Екатерина Дмитриевна,Международный рейс,Эконом,Ростов-на-Дону,"ул. Садовая, д. 137, кв. 68",+7-914-299-35-35,fedorovaekat238@outlook.com,Ожидается,117,44182,06.12.2025,13.06.2024,1С:Предприятие,Дополнительный багаж
37,AIR-000037,FV-1396,FV-1396,Соколов Сергей Дмитриевич,Внутр. рейс,Первый,Волгоград,"ул. Ленина, д. 98, кв. 29",+7-924-868-64-40,sokolovserge136@gmail.com,###,303,74580,04.07.2025,15.04.2024,,
38,AIR-000038,U6-5131,U6-5131,Соколов Александр Викторович,Внутр. рейс,,Ростов-на-Дону,"ул. Пушкина, д. 131, кв. 12",+7-916-541-45-46,sokolovaleks243@mail.ru,Вылетел,154,35784,,05.02.2026,Excel-выгрузка,Дополнительный багаж
39,AIR-000039,FV-2890,FV-2890,Иванова Ольга Сергеевна,Чартер. рейс,Эконом,Челябинск,"ул. Спортивная, д. 138, кв. 47",+7-916-743-34-43,ivanovaolgas176@outlook.com,Отмен.,329,47582,22.12.2026,08.08.2026,Excel-выгрузка,Пассажир с ограниченными возможностями
40,AIR-000040,FV-4081,FV-4081,Виноградова Полина Сергеевна,Чартерный рейс,Первый,Новосибирск,ул.,+7-924-686-67-12,vinogradovap805@outlook.com,Задерж.,328,86447,22.07.2026,16.08.2024,1С:Предприятие,Дополнительный багаж
41,AIR-000041,DP-3965,DP-3965,Попова Юлия Александровна,Международный рейс,Эконом,Ростов-н/Д,"ул. Садовая, д. 37, кв. 22",+7-952-960-31-33,popovayuliya645@yandex.ru,Посадка,217,,22.07.2023,01.06.2026,SAP ERP,
42,AIR-000042,DP-1818,DP-1818,Воробьёва Светлана Сергеевна,Чартерный рейс,Эконом,Краснодар,"ул. Гагарина, д. 19, кв. 147",+7-918-435-82-60,vorobevasvet774@outlook.com,Отменён,70,76076,14.04.2025,18.10.2026,SAP ERP,
43,AIR-000043,SU-2694,SU-2694,Петров Владимир Викторович,Внутренний рейс,Первый,Пермь,"ул. Советская, д. 139, кв. 111",+7-956-712-98-42,petrovvladim664@gmail.com,Рег. открыта,202,82376,20.12.2025,21.09.2026,1С:Предприятие,Групповая бронь
44,AIR-000044,U6-5781,U6-5781,Виноградов Кирилл Петрович,Внутренний рейс,Первый,Воронеж,"ул. Центральная, д. 24, кв. 92",+7-921-340-79-61,vinogradovki400@outlook.com,Вылет.,150,н/д,20.01.2024,13.05.2025,1С:Предприятие,
45,AIR-000045,N/A,SU-7659,Голубев Кирилл Иванович,Чартерный рейс,Эконом,Казань,"ул. Спортивная, д. 112, кв. 130",+7-941-835-29-26,golubevkiril529@gmail.com,Отменён,150,67737,18.11.2023,17.11.2025,1С:Предприятие,Дополнительный багаж
46,AIR-000046,S7-3990,S7-3990,Новиков Роман Александрович,Чартерный рейс,Бизнес,Самара,"ул. Молодёжная, д. 98, кв. 187",+7-949-439-97-68,novikovroman32@mail.ru,Задержан,113,н/д,06.09.2025,2026-13-45,SAP ERP,
47,AIR-000047,U6-3090,U6-3090,Семёнова Светлана Ивановна,Внутренний рейс,Эконом,Новосиб.,"ул. Спортивная, д. 76, кв. 48",+7-950-352-91-27,semenovasvet809@gmail.com,Вылетел,163,28502,13.06.2023,03.05.2024,SAP ERP,Пассажир с ограниченными возможностями
48,AIR-000048,FV-5635,FV-5635,Голубева Алина Сергеевна,Международный рейс,Бизнес,Влгд,"ул. Спортивная, д. 44, кв. 104",+7-947-326-98-38,golubevaalin543@gmail.com,Отменён,239,16398,04.09.2024,13.12.2026,SAP ERP,Провоз животного
49,AIR-000049,SU-8122,SU-8122,Богданова Светлана Викторовна,Внутр. рейс,Первый,Новосиб.,"ул. Центральная, д. 74, кв. 67",+7-924-107-34-49,bogdanovasve899@mail.ru,Задержан,312,78623,16.02.2023,06.08.2026,1С:Предприятие,Пассажир с ограниченными возможностями
50,AIR-000050,FV-5565,FV-5565,Петрова Наталья Дмитриевна,Международный рейс,Эконом,Рос,"ул. Пушкина, д. 23, кв. 84",+7-928-564-23-51,petrovanatal208@gmail.com,Ожидается,160,25742,07.10.2025,24.08.2025,Собственная система учёта,Групповая бронь
51,AIR-000051,S7-7083,S7-7083,,Чартерный рейс,Бизнес,Волгоград,"ул. Мира, д. 73, кв. 198",+7-915-136-55-32,petrov@@mail..ru,Отменён,320,18992,02.09.2026,27.12.2026,CRM Bitrix24,Дополнительный багаж
52,AIR-000052,SU-4551,SU-4551,Виноградов Сергей Викторович,Международный рейс,Эконом,Волгоград,"ул. Победы, д. 143, кв. 199",+7-937-526-17-51,vinogradovse812@outlook.com,,325,60960,28.05.2025,16.03.2024,SAP ERP,
53,AIR-000053,U6-4681,U6-4681,Воробьёва Ирина Ивановна,Междунар. рейс,Бизнес,Самара,"ул. Спортивная, д. 74, кв. 46",+7-942-231-48-88,vorobevairin991@mail.ru,Ожидается,269,46554,28.03.2023,02.01.2024,CRM Bitrix24,Провоз животного
54,AIR-000054,U6-3861,U6-3861,Козлова Алина Дмитриевна,Внутренний рейс,Эконом,Ворнж,"ул. Мира, д. 84, кв. 82",+7-914-313-10-51,kozlovaalina493@gmail.com,Ожид.,317,,24.09.2026,04.11.2024,SAP ERP,Провоз животного
55,AIR-000055,U6-8616,U6-8616,Егорова Светлана Петровна,Внутренний рейс,Бизнес,Пермь,"ул. Советская, д. 109, кв. 115",+7-950-907-66-47,egorovasvetl154@outlook.com,Задержан,53,20004,24.09.2025,12.03.2026,SAP ERP,Пассажир с ограниченными возможностями
56,AIR-000056,SU-8715,SU-8715,Соколов Егор Дмитриевич,Чартерный рейс,Эконом,Екб,"ул. Мира, д. 33, кв. 52",+7-948-246-92-10,sokolovegord640@gmail.com,Ожидается,80,52434,17.02.2023,09.07.2024,Excel-выгрузка,Пассажир с ограниченными возможностями
57,AIR-000057,S7-9156,S7-9156,Богданов Александр Сергеевич,Международный рейс,Бизнес,Крд,???,+7-921-458-71-69,bogdanovalek267@gmail.com,Зад,235,,05.08.2025,,Собственная система учёта,Групповая бронь
58,AIR-000058,U6-2433,U6-2433,Семёнова Юлия Ивановна,Чартерный рейс,Первый,Екатеринбург,"ул. Мира, д. 101, кв. 14",+7-945-989-33-66,semenovayuli661@mail.ru,Вылетел,,11299,07.11.2026,26.08.2024,CRM Bitrix24,
59,AIR-000059,FV-3149,FV-3149,Иванова Алина Викторовна,Внутр. рейс,Эконом,Вол,"ул. Спортивная, д. 146, кв. 158",+7-923-858-62-31,ivanovaalina751@mail.ru,Вылет.,217,89146,10.11.2023,18.09.2024,CRM Bitrix24,Пассажир с ограниченными возможностями
60,AIR-000060,S7-5426,S7-5426,Козлова Ксения Андреевна,Международный рейс,Первый,Нижний Новгород,"ул. Пушкина, д. 107, кв. 32",+7-941-842-92-69,kozlovakseni225@outlook.com,Регистрация открыта,251,40990,2024,28.05.2025,SAP ERP,
61,AIR-000061,DP-2008,DP-2008,Фёдоров Илья Петрович,Внутр. рейс,Эконом,категория_5,"ул. Гагарина, д. 113, кв. 18",+7-920-156-52-41,fedorovilyap778@outlook.com,Отменён,304,17747,2024,19.03.2025,Собственная система учёта,
62,AIR-000062,S7-2240,S7-2240,Кузнецов Виктор Сергеевич,не указано(ошибка),Бизнес,Пермь,"ул. Ленина, д. 141, кв. 49",+7-921-138-15-43,kuznecovvikt622@outlook.com,Задержан,288,70977,22.06.2026,24.12.2024,SAP ERP,
63,AIR-000063,U6-3125,U6-3125,Егоров Кирилл Александрович,Внутренний рейс,Эконом,Москва,"ул. Пушкина, д. 78, кв. 61",+7-934-760-20-83,egorovkirill113@gmail.com,Вылетел,84,48467,28.04.2024,31.02.2026,1С:Предприятие,Групповая бронь
64,AIR-000064,S7-9556,S7-9556,Воробьёв Владимир Викторович,Чартер. рейс,Эконом,Санкт-Петербург,"ул. Пушкина, д. 51, кв. 123",+7-927-769-75-34,vorobevvladi627@mail.ru,Регистрация открыта,52,78569,03.08.2026,19.11.2024,Excel-выгрузка,Групповая бронь
65,AIR-000065,FV-1986,FV-1986,Попов Александр Сергеевич,Внутренний рейс,Эконом,Волгоград,"ул. Мира, д. 118, кв. 105",+7-939-870-94-27,popovaleksan118@mail.ru,Отменён,95,18195,13.07.2023,06.03.2024,1С:Предприятие,Групповая бронь
66,AIR-000066,FV-622,FV-622,Волков Роман Петрович,Внутренний рейс,Эконом,Казань,"ул. Советская, д. 10, кв. 76",+7-946-297-65-58,volkovromanp214@gmail.com,Отменён,56,89551,21.08.2024,25.05.2026,Собственная система учёта,Групповая бронь
67,AIR-000067,S7-4721,S7-4721,Морозов,Чартерный рейс,Первый,Ростов-на-Дону,"ул. Садовая, д. 36, кв. 87",+7-910-690-95-51,morozovdmitr154@yandex.ru,Отмен.,196,52227,,23.04.2026,SAP ERP,Провоз животного
68,AIR-000068,DP-1181,DP-1181,Иванова Ксения Андреевна,Чартерный рейс,Первый,Казань,ул.,+7-959-811-84-73,ivanovakseni795@mail.ru,Ожидается,167,62471,09.03.2023,12.07.2024,Собственная система учёта,Провоз животного
69,AIR-000069,FV-6107,FV-6107,,Внутр. рейс,Бизнес,Санкт-Петербург,"ул. Гагарина, д. 7, кв. 37",+7-940-155-64-25,popovviktora629@gmail.com,Регистрация открыта,295,33252,02.05.2026,20.10.2024,####,Дополнительный багаж
70,AIR-000070,SU-7165,SU-7165,Иванов Никита Иванович,Внутренний рейс,Эконом,Влгд,"ул. Пушкина, д. 136, кв. 167",+7-916-450-50-43,ivanovnikita848@yandex.ru,Задерж.,53,32076,08.01.2025,01.02.2024,Собственная система учёта,Провоз животного
71,AIR-000071,DP-8232,DP-8232,Семёнова Виктория Викторовна,Международный рейс,Бизнес,###,"ул. Мира, д. 95, кв. 114",+7-947-793-54-57,semenovavikt436@gmail.com,Регистрация открыта,176,35935,05.02.2026,14.08.2025,1С:Предприятие,Групповая бронь
72,AIR-000072,SU-9192,SU-9192,Виноградов Дмитрий Дмитриевич,Внутренний рейс,Эконом,Мск,"ул. Молодёжная, д. 142, кв. 59",+7-916-560-61-45,vinogradovdm501@mail.ru,Регистрация открыта,266,70669,01.09.2023,26.02.2026,SAP ERP,Дополнительный багаж
73,AIR-000073,SU-2526,SU-2526,Кузнецова Полина Викторовна,Чартерный рейс,Эконом,Челяб.,"ул. Мира, д. 51, кв. 131",+7-912-518-67-23,kuznecovapol56@yandex.ru,Вылетел,167,46534,27.01.2023,17.06.2025,SAP ERP,Дополнительный багаж
74,AIR-000074,U6-3368,U6-3368,Кузнецова Анна Андреевна,Внутр. рейс,Эконом,Казань,"ул. Молодёжная, д. 47, кв. 90",+7-944-980-77-96,kuznecovaann458@gmail.com,Вылетел,269,81139,01.08.2025,18.02.2024,1С:Предприятие,Провоз животного
75,AIR-000075,S7-3382,S7-3382,Семёнова Анна Николаевна,Междунар. рейс,Бизнес,Ростов-на-Дону,???,+7-947-165-77-40,semenovaanna717@yandex.ru,Вылет.,59,7205,13.05.2023,04.07.2025,SAP ERP,Провоз животного
76,AIR-000076,N/A,FV-508,Кузнецова Виктория Александровна,Международный рейс,Первый,Челяб.,"ул. Центральная, д. 32, кв. 65",+7-912-120-93-43,kuznecovavik557@yandex.ru,Отменён,84,,01.10.2025,22.04.2025,1С:Предприятие,Провоз животного
77,AIR-000077,S7-792,S7-792,Виноградов Никита Александрович,Чартерный рейс,Бизнес,Воронеж,"ул. Спортивная, д. 128, кв. 102",+7-948-641-73-91,vinogradovni664@yandex.ru,Ожидается,151,63718,04.11.2026,20.07.2025,Собственная система учёта,Провоз животного
78,AIR-000078,SU-6831,SU-6831,Попова Ольга Андреевна,Неизвестная категория,Бизнес,Москва,"ул. Центральная, д. 123, кв. 147",+7-927-354-39-32,popovaolgaan448@gmail.com,Регистрация открыта,157,70552,19.10.2025,15.10.2024,1С:Предприятие,12345XYZ
79,AIR-000079,U6-2805,U6-2805,Попова Полина Александровна,Внутренний рейс,Бизнес,Мск,"ул. Садовая, д. 118, кв. 139",+7-920-208-21-62,popovapolina862@mail.ru,Рег. открыта,-1,85683,28.02.2025,08.02.2026,SAP ERP,
80,AIR-000080,FV-8504,FV-8504,Воробьёва Алина Петровна,###,Эконом,Санкт-Петербург,"ул. Центральная, д. 6, кв. 188",+7-944-615-90-85,vorobevaalin951@gmail.com,Задержан,310,7002,13.09.2023,18.05.2025,12345XYZ,Пассажир с ограниченными возможностями
81,AIR-000081,SU-7493,SU-7493,Алексеева Алина Андреевна,Чартерный рейс,Бизнес,Крд,"ул. Победы, д. 113, кв. 3",+7-944-276-17-13,alekseevaali554@gmail.com,Ожидается,264,65168,22.08.2025,27.03.2024,CRM Bitrix24,Дополнительный багаж
82,AIR-000082,FV-1494,FV-1494,Смирнов Артём Дмитриевич,Внутр. рейс,Первый,Челяб.,"ул. Спортивная, д. 70, кв. 43",+7-948-786-64-81,smirnovartem475@yandex.ru,Задержан,250,78837,21.11.2026,02.05.2024,Собственная система учёта,Провоз животного
83,AIR-000083,S7-2031,S7-2031,Смирнов Виктор Иванович,Внутренний рейс,Бизнес,Ростов-на-Дону,"ул. Ленина, д. 127, кв. 142",+7-951-354-32-72,,Задерж.,,76162,24.06.2024,04.06.2025,Excel-выгрузка,
84,AIR-000084,DP-3077,DP-3077,Фёдоров Александр Иванович,Чартерный рейс,Первый,Нижний Новгород,"ул. Спортивная, д. 97, кв. 99",телефон отсутствует,fedorovaleks27@outlook.com,Посадка,281,70069,03.03.2025,05.01.2025,Собственная система учёта,Провоз животного
85,AIR-000085,SU-6423,SU-6423,Алексеев Владимир Андреевич,Чартер. рейс,Бизнес,Нижний Новгород,"ул. Садовая, д. 140, кв. 33",+7-910-614-83-38,alekseevvlad548@gmail.com,Вылетел,322,68773,02.10.2024,2025,Excel-выгрузка,Дополнительный багаж
86,AIR-000086,S7-8737,S7-8737,Смирнов Никита Иванович,Внутр. рейс,Первый,Санкт-Петербург,"ул. Мира, д. 77, кв. 19",+7-923-949-24-85,smirnovnikit367@yandex.ru,Задержан,133,29813,08.02.2026,24.08.2024,Excel-выгрузка,Групповая бронь
87,AIR-000087,U6-3156,U6-3156,Новикова Елена Викторовна,Чартерный рейс,Первый,,"ул. Молодёжная, д. 86, кв. 200",+7-954-122-31-56,novikovaelen769@gmail.com,Посадка,303,21958,20.02.2025,11.07.2024,,Пассажир с ограниченными возможностями
88,AIR-000088,,U6-4582,Павлов Никита Иванович,Внутренний рейс,Бизнес,Самара,"ул. Центральная, д. 17, кв. 198",+7-943-229-99-43,pavlovnikita560@mail.ru,Отмен.,51,55521,05.09.2026,,Excel-выгрузка,Провоз животного
89,AIR-000089,DP-8570,DP-8570,Козлова Ольга Викторовна,Чартер. рейс,Эконом,Ростов-н/Д,"ул. Молодёжная, д. 68, кв. 140",+7-99-abc-12-34,kozlovaolgav716@yandex.ru,Отменён,252,84073,17.05.2026,10.10.2025,1С:Предприятие,Провоз животного
90,AIR-000090,U6-9739,U6-9739,Петров Алексей Дмитриевич,Внутренний рейс,Первый,Волгоград,"ул. Спортивная, д. 47, кв. 15",+7-953-899-71-56,petrovalekse714@yandex.ru,Вылетел,72,49040,16.02.2023,22.07.2024,1С:Предприятие,Пассажир с ограниченными возможностями
91,AIR-000091,FV-8911,FV-8911,Егорова Юлия Андреевна,Международный рейс,Бизнес,Екатеринбург,ул.,,,Ожид.,244,,01.01.2023,21.11.2026,Собственная система учёта,Провоз животного
92,AIR-000092,S7-4994,S7-4994,Новикова Екатерина Сергеевна,Внутр. рейс,Бизнес,Ростов-н/Д,"ул. Молодёжная, д. 71, кв. 190",+7-945-728-65-65,novikovaekat421@outlook.com,Ожидается,ERROR,ERROR,01.03.2025,14.06.2025,SAP ERP,???
93,AIR-000093,DP-5669,DP-5669,Воробьёва Елена Петровна,Международный рейс,Бизнес,Екб,"ул. Советская, д. 130, кв. 156",+7-911-535-26-41,vorobevaelen265@gmail.com,Вылет.,245,20145,11.07.2024,02.05.2026,1С:Предприятие,Дополнительный багаж
94,AIR-000094,U6-9990,U6-9990,,Чартерный рейс,Первый,Ростов-на-Дону,"ул. Гагарина, д. 48, кв. 31",+7-921-255-47-33,petrovamariy439@outlook.com,Вылетел,292,43713,25.03.2026,03.10.2025,Excel-выгрузка,Групповая бронь
95,AIR-000095,SU-1395,SU-1395,Кузнецов Роман Дмитриевич,Международный рейс,Первый,Н.Новгород,"ул. Садовая, д. 133, кв. 164",+7-934-161-10-78,kuznecovroma111@,Вылетел,314,54915,16.12.2026,07.03.2026,1С:Предприятие,Пассажир с ограниченными возможностями
96,AIR-000096,FV-9857,FV-9857,Семёнова Ирина Александровна,Междунар. рейс,Бизнес,Волгоград,"ул. Молодёжная, д. 68, кв. 43",+7-950-931-64-19,semenovairin748@yandex.ru,Ожидается,134,10008,09.09.2024,25.12.2024,Excel-выгрузка,Провоз животного
97,AIR-000097,12345XYZ,S7-7146,Егоров Никита Александрович,Международный рейс,Первый,Новосибирск,ул.,+7-942-279-49-26,egorovnikita688@mail.ru,Отменён,,68989,12.05.2025,02.01.2025,Excel-выгрузка,Провоз животного
98,AIR-000098,U6-6119,U6-6119,Волков Илья Сергеевич,Внутренний рейс,Эконом,Санкт-Петербург,"ул. Гагарина, д. 50, кв. 40",+7-955-558-46-78,volkovilyase699@outlook.com,Отменён,93,62080,25.07.2026,22.04.2024,SAP ERP,Пассажир с ограниченными возможностями
99,AIR-000099,DP-2880,DP-2880,Богданов Егор Иванович,Чартер. рейс,Эконом,СПб,"ул. Центральная, д. 91, кв. 183",+7-910-770-79-17,bogdanovegor622@mail.ru,Вылетел,176,8466,23.06.2025,02.04.2026,Excel-выгрузка,
100,AIR-000100,S7-5424,S7-5424,Попова Юлия Николаевна,Чартерный рейс,Эконом,Новосибирск,"ул. Советская, д. 79, кв. 4",+7-912-978-99-91,popovayuliya528@mail.ru,Ожидается,252,60742,10.09.2026,31.02.2026,ОШИБКА_ДАННЫХ,Провоз животного
101,AIR-000101,S7-4668,S7-4668,Алексеев Владимир Николаевич,Международный рейс,Бизнес,Мск,"ул. Садовая, д. 54, кв. 137",+7-933-804-18-70,alekseevvlad462@yandex.ru,Задержан,332,17044,22.11.2023,22.12.2026,SAP ERP,Пассажир с ограниченными возможностями
102,AIR-000102,FV-2120,FV-2120,Виноградов Илья Николаевич,Чартерный рейс,-,Ростов-на-Дону,"ул. Спортивная, д. 146, кв. 149",+7-937-700-77-75,vinogradovil907@yandex.ru,Задерж.,81,43117,19.08.2025,27.03.2026,Excel-выгрузка,Групповая бронь
103,AIR-000103,нет данных(ошибка),U6-7463,Егорова Наталья Андреевна,Внутренний рейс,Эконом,Пермь,"ул. Спортивная, д. 139, кв. 192",+7-934-827-42-32,egorovanatal136@,Рег. открыта,335,88026,31.02.2026,08.09.2024,CRM Bitrix24,
104,AIR-000104,SU-2573,SU-2573,Богданова Дарья Петровна,Внутренний рейс,Бизнес,Волгоград,"ул. Спортивная, д. 54, кв. 45",,bogdanovadar172@yandex.ru,Регистрация открыта,112,8869,06.01.2023,01.03.2024,1С:Предприятие,Групповая бронь
105,AIR-000105,FV-6423,FV-6423,Кузнецов Артём Александрович,Внутр. рейс,Первый,Ворнж,"ул. Спортивная, д. 143, кв. 174",+7-940-832-59-25,kuznecovarte561@mail.ru,Ожидается,201,27818,26.07.2025,02.05.2024,CRM Bitrix24,
106,AIR-000106,####,U6-5331,Смирнова Дарья Александровна,Междунар. рейс,Бизнес,Ростов-на-Дону,"ул. Садовая, д. 36, кв. 50",+7-930-416-62-85,smirnovadary853@gmail.com,Задержан,100,7570,24.04.2023,27.08.2024,Excel-выгрузка,Пассажир с ограниченными возможностями
107,AIR-000107,SU-6163,SU-6163,Волкова Наталья Ивановна,Международный рейс,Эконом,Новосиб.,"ул. Ленина, д. 12, кв. 112",+7-937-784-59-64,volkovanatal95@gmail.com,Ожидается,56,87843,2026-13-45,03.12.2024,CRM Bitrix24,Провоз животного
108,AIR-000108,SU-7423,SU-7423,N/A,Чартерный рейс,Бизнес,Москва,"ул. Садовая, д. 4, кв. 95",+7-959-675-34-65,egorovaolgan562@outlook.com,Регистрация открыта,200,75608,18.07.2024,19.10.2026,Собственная система учёта,Дополнительный багаж
109,AIR-000109,S7-6463,S7-6463,Иванова Виктория Андреевна,Чартерный рейс,Бизнес,Краснодар,ул.,+7-946-221-70-77,ivanovavikto801@outlook.com,Отменён,87,50721,26.06.2023,06.07.2026,SAP ERP,Дополнительный багаж
110,AIR-000110,SU-9428,SU-9428,Иванов Артём Андреевич,Внутренний рейс,Эконом,СПб,"ул. Гагарина, д. 111, кв. 180",+7-958-467-68-90,ivanovartema390@yandex.ru,Ожид.,204,13310,12.10.2023,26.02.2024,Excel-выгрузка,Провоз животного
111,AIR-000111,U6-8463,U6-8463,Семёнов Дмитрий Петрович,Международный рейс,Бизнес,Пермь,N/A,+7-928-494-87-33,semenovdmitr99@mail.ru,Отменён,332,21960,20.02.2025,13.10.2026,CRM Bitrix24,Дополнительный багаж
112,AIR-000112,U6-3000,U6-3000,Голубев Никита Викторович,Чартерный рейс,Первый,СПб,"ул. Центральная, д. 14, кв. 182",+7-926-8,golubevnikit108@yandex.ru,Отменён,227,41489,27.08.2025,14.06.2024,Собственная система учёта,Пассажир с ограниченными возможностями
113,AIR-000113,SU-9569,SU-9569,Алексеев Егор Петрович,Внутренний рейс,Первый,Казань,"ул. Ленина, д. 13, кв. 17",+7-950-508-38-53,alekseevegor282@outlook.com,Ожидается,285,25502,09.03.2024,17.03.2025,CRM Bitrix24,
114,AIR-000114,FV-5475,FV-5475,Новикова Алина Александровна,Внутренний рейс,Эконом,Челяб.,"ул. Садовая, д. 133, кв. 47",+7-920-805-43-67,novikovaalin93@yandex.ru,Регистрация открыта,264,12501,26.09.2026,16.01.2025,1С:Предприятие,Групповая бронь
115,AIR-000115,U6-9315,U6-9315,Петрова Виктория Дмитриевна,Внутренний рейс,Первый,Новосиб.,"ул. Ленина, д. 46, кв. 119",+7-916-935-94-21,petrovavikto191@gmail.com,Неизвестная категория,91,8717,27.04.2025,27.01.2025,Собственная система учёта,Пассажир с ограниченными возможностями
116,AIR-000116,S7-818,S7-818,Павлов Дмитрий Викторович,Чартерный рейс,Эконом,Москва,"ул. Центральная, д. 66, кв. 180",+7-951-188-74-83,pavlovdmitri576@gmail.com,Задержан,217,41408,05.11.2024,15.09.2026,N/A,
117,AIR-000117,FV-9489,FV-9489,Павлов Егор Викторович,Внутренний рейс,Первый,Н.Новгород,"ул. Пушкина, д. 121, кв. 197",+7-917-523-21-89,pavlovegorvi486@yandex.ru,Регистрация открыта,209,73571,25.04.2023,02.02.2026,SAP ERP,Провоз животного
118,AIR-000118,SU-2618,SU-2618,Фёдоров Кирилл Иванович,,Первый,Волгоград,"ул. Мира, д. 120, кв. 76",+7-923-902-56-66,fedorovkiril537@gmail.com,Рег. открыта,222,22842,02.09.2026,2025,,Групповая бронь
119,AIR-000119,DP-7436,нет данных(ошибка),Козлов Кирилл Николаевич,Междунар. рейс,Первый,Крд,,+7-921-425-39-58,kozlovkirill416@gmail.com,Регистрация открыта,326,9217,02.06.2025,09.08.2025,1С:Предприятие,Дополнительный багаж
120,AIR-000120,U6-7456,U6-7456,Смирнова Ирина Викторовна,Международный рейс,Эконом,Екатеринбург,ОШИБКА_ДАННЫХ,+7-910-708-14-79,smirnovairin924@gmail.com,Посадка,104,8571,23.11.2026,01.12.2025,Собственная система учёта,Групповая бронь
121,AIR-000121,S7-1733,S7-1733,Семёнова Ольга Ивановна,Внутренний рейс,Первый,Воронеж,"ул. Ленина, д. 37, кв. 85",,semenovaolga56@outlook.com,Задержан,140,25045,23.07.2023,08.06.2026,SAP ERP,Провоз животного
122,AIR-000122,SU-3002,SU-3002,Смирнова Алина Сергеевна,Внутренний рейс,Бизнес,Новосиб.,"ул. Спортивная, д. 92, кв. 16",+7-910-261-63-99,smirnovaalin81@mail.ru,Посадка,106,47205,06.12.2024,22.11.2025,Собственная система учёта,Провоз животного
123,AIR-000123,DP-5667,DP-5667,Петров Андрей Петрович,Внутренний рейс,,Пермь,"ул. Советская, д. 34, кв. 119",+7-948-663-16-55,petrovandrei660@gmail.com,Ожидается,168,11619,13.01.2023,20.11.2025,CRM Bitrix24,Провоз животного
124,AIR-000124,SU-3430,SU-3430,Кузнецова Екатерина Александровна,Международный рейс,Бизнес,Влгд,ул.,+7-99-abc-12-34,kuznecovaeka66@gmail.com,Ожидается,327,42307,21.04.2023,20.10.2025,CRM Bitrix24,
125,AIR-000125,U6-5770,U6-5770,Алексеева Мария Викторовна,Внутренний рейс,Эконом,Новосиб.,"ул. Молодёжная, д. 19, кв. 9",+7-913-517-72-82,alekseevamar660@mail.ru,Ожид.,253,77867,02.09.2026,13.09.2024,Excel-выгрузка,Дополнительный багаж
126,AIR-000126,U6-822,U6-822,Козлова Алина Петровна,Чартерный рейс,Бизнес,Пермь,"ул. Гагарина, д. 56, кв. 170",+7-922-683-46-49,kozlovaalina883@gmail.com,Регистрация открыта,60,3364,15.08.2026,11.03.2025,SAP ERP,Групповая бронь
127,AIR-000127,S7-2732,S7-2732,Иванова Полина Дмитриевна,Международный рейс,Эконом,Ростов-на-Дону,"ул. Победы, д. 66, кв. 34",+7-935-288-46-23,ivanovapolin551@outlook.com,Посадка,144,79298,06.11.2023,23.10.2026,CRM Bitrix24,Пассажир с ограниченными возможностями
128,AIR-000128,S7-5141,S7-5141,Смирнов Дмитрий Александрович,Чартерный рейс,Эконом,Казань,"ул. Ленина, д. 108, кв. 174",+7-912-464-41-10,smirnovdmitr523@outlook.com,Посадка,174,,03.02.2024,15.07.2025,CRM Bitrix24,
129,AIR-000129,FV-206,FV-206,Волков,Международный рейс,Первый,Краснодар,"ул. Садовая, д. 116, кв. 83",+7-946-981-33-21,volkovpavelp608@yandex.ru,Задержан,,43853,02.07.2024,14.04.2024,???,Групповая бронь
130,AIR-000130,S7-7596,???,Соколов Кирилл Дмитриевич,Неизвестная категория,Бизнес,Челябинск,"ул. Ленина, д. 33, кв. 1",+7-938-217-21-54,sokolovkiril232@yandex.ru,Задержан,,3802,14.04.2024,04.03.2026,Собственная система учёта,Пассажир с ограниченными возможностями
131,AIR-000131,SU-5876,SU-5876,Кузнецова Юлия Петровна,Чартерный рейс,Эконом,Воронеж,"ул. Победы, д. 145, кв. 25",+7-937-208-24-74,kuznecovayul217@outlook.com,Отменён,240,46557,19.12.2023,24.10.2025,Excel-выгрузка,Дополнительный багаж
132,AIR-000132,S7-1643,S7-1643,Петров Кирилл Александрович,Международный рейс,Эконом,Челябинск,"ул. Садовая, д. 56, кв. 18",+7-945-484-87-29,petrovkirill921@outlook.com,Регистрация открыта,310,39190,28.05.2025,04.11.2024,Собственная система учёта,ОШИБКА_ДАННЫХ
133,AIR-000133,S7-7911,S7-7911,Соколов Александр Андреевич,Чартерный рейс,Бизнес,Краснодар,"ул. Гагарина, д. 59, кв. 35",+7-952-259-17-42,sokolovaleks285@mail.ru,Посадка,299,39537,05.12.2024,24.09.2026,1С:Предприятие,Групповая бронь
134,AIR-000134,DP-5996,DP-5996,Лебедева Ксения Александровна,Чартерный рейс,Эконом,Пермь,"ул. Ленина, д. 33, кв. 10",+7-950-312-16-45,petrov@@mail..ru,Регистрация открыта,116,60528,28.06.2026,04.12.2024,CRM Bitrix24,Провоз животного
135,AIR-000135,S7-778,S7-778,Попова Виктория Дмитриевна,Международный рейс,Бизнес,Москва,"ул. Молодёжная, д. 65, кв. 102",+7-922-102-97-17,popovaviktor733@gmail.com,Отмен.,168,60667,12.08.2026,04.10.2025,Собственная система учёта,
136,AIR-000136,S7-2263,S7-2263,Иванова Дарья Сергеевна,Чартерный рейс,Эконом,Ростов-на-Дону,"ул. Мира, д. 121, кв. 77",+7-934-985-87-15,ivanovadarya597@yandex.ru,Задерж.,321,31595,09.01.2023,18.12.2024,SAP ERP,
137,AIR-000137,FV-6442,FV-6442,Воробьёв Максим Дмитриевич,Внутренний рейс,Эконом,Ростов-на-Дону,"ул. Центральная, д. 4, кв. 129",+7-913-475-61-81,vorobevmaksi993@gmail.com,Вылетел,251,63359,08.07.2023,05.07.2026,1С:Предприятие,
138,AIR-000138,FV-6550,FV-6550,,Меж,Бизнес,Воронеж,"ул. Ленина, д. 113, кв. 111",+7-935-301-97-49,morozovaleks735@yandex.ru,###,340,57635,10.01.2025,13.10.2026,CRM Bitrix24,Дополнительный багаж
139,AIR-000139,S7-2221,S7-2221,Попова Светлана Ивановна,Внутренний рейс,???,Нижний Новгород,"ул. Гагарина, д. 66, кв. 56",+7-936-781-27-53,popovasvetla273@gmail.com,Задерж.,127,16292,24.09.2023,22.10.2025,-,Групповая
140,AIR-000140,FV-6777,,Морозов Сергей Дмитриевич,Чартерный рейс,Первый,Казань,"ул. Молодёжная, д. 68, кв. 57",+7-922-673-53-40,morozovserge738@,Посадка,285,27465,02.11.2025,08.09.2025,CRM Bitrix24,Пассажир с ограниченными возможностями
141,AIR-000141,U6-3414,U6-3414,Козлова Елена Дмитриевна,Внутренний рейс,нет данных(ошибка),Новосиб.,"ул. Садовая, д. 128, кв. 104",+7-911-482-44-57,kozlovaelena798@outlook.com,Задержан,249,76887,11.08.2025,19.07.2025,SAP ERP,Провоз животного
142,AIR-000142,S7-6006,S7-6006,Алексеева Светлана Петровна,Междунар. рейс,Бизнес,Ростов-н/Д,"ул. Спортивная, д. 129, кв. 98",+7-914-541-36-45,alekseevasve81@yandex.ru,Регистрация открыта,225,40427,18.01.2025,19.01.2026,SAP ERP,
143,AIR-000143,U6-8423,U6-8423,Соколов Алексей Иванович,Чартерный рейс,Эконом,Новосибирск,"ул. Победы, д. 148, кв. 98",+7-935-409-67-33,sokolovaleks874@mail.ru,Регистрация открыта,56,62401,08.03.2025,31.02.2026,1С:Предприятие,Провоз животного
144,AIR-000144,S7-6404,???,Морозов Егор Александрович,Чартерный рейс,Бизнес,Воронеж,"ул. Садовая, д. 150, кв. 51",+7-925-9,morozovegora309@mail.ru,Посадка,208,30982,19.08.2023,,Excel-выгрузка,Пассажир с ограниченными возможностями
145,AIR-000145,SU-396,SU-396,Кузнецов Павел Петрович,Чартерный рейс,Бизнес,Волгоград,"ул. Гагарина, д. 31, кв. 21",+7-933-847-80-67,kuznecovpave939@mail.ru,Отменён,,,12.04.2024,24.05.2026,CRM Bitrix24,Дополнительный багаж
146,AIR-000146,FV-7647,FV-7647,-,Внутр. рейс,Бизнес,Екатеринбург,"ул. Гагарина, д. 7, кв. 178",+7-943-520-53-28,golubevegora927@yandex.ru,Вылетел,286,62371,14.10.2024,11.11.2025,Excel-выгрузка,Пассажир с ограниченными возможностями
147,AIR-000147,S7-7768,S7-7768,Петров Андрей Александрович,Чартерный рейс,,Нов,"ул. Гагарина, д. 113, кв. 138",+7-914-125-57-51,petrovandrei38@mail.ru,Ожидается,127,66418,2024,2024,SAP ERP,Дополнительный багаж
148,AIR-000148,S7-2064,S7-2064,Морозов Никита Андреевич,,Первый,Самара,"ул. Мира, д. 56, кв. 196",+7-935-641-90-98,morozovnikit507@mail.ru,Регистрация открыта,67,29012,13.04.2023,2026,CRM Bitrix24,
149,AIR-000149,DP-2983,DP-2983,Фёдорова,Чартерный рейс,Первый,Воронеж,"ул. Центральная, д. 64, кв. 89",+7-918-836-57-88,fedorovaelen848@gmail.com,Задержан,159,н/д,,,Excel-выгрузка,Пассажир с ограниченными возможностями
150,AIR-000150,FV-3214,FV-3214,Фёдорова Екатерина Сергеевна,Внутр. рейс,Бизнес,,"ул. Центральная, д. 57, кв. 91",+7-924-232-39-64,fedorovaekat90@outlook.com,Отмен.,229,7555,03.07.2026,15.09.2024,1С:Предприятие,
151,AIR-000151,S7-6474,S7-6474,Кузнецова Виктория Сергеевна,Внутренний рейс,Бизнес,Москва,"ул. Мира, д. 4, кв. 126",+7-917-259-60-22,kuznecovavik661@gmail.com,Отменён,ERROR,76174,03.12.2024,26.11.2025,Excel-выгрузка,Провоз животного
152,AIR-000152,FV-4331,FV-4331,Лебедева Татьяна Викторовна,Международный рейс,Бизнес,Влгд,"ул. Гагарина, д. 54, кв. 56",+7-954-256-28-30,lebedevataty650@mail.ru,категория_5,199,36260,18.06.2024,19.12.2026,CRM Bitrix24,Пассажир с ограниченными возможностями
153,AIR-000153,S7-5895,S7-5895,Соколов Артём Викторович,Внутренний рейс,Бизнес,Ворнж,"ул. Ленина, д. 100, кв. 63",+7-950-909-71-41,sokolovartem876@mail.ru,Задержан,108,72674,13.05.2023,09.08.2026,1С:Предприятие,Пассажир с ограниченными возможностями
154,AIR-000154,SU-8055,SU-8055,Богданова Мария Николаевна,Внутр. рейс,Первый,Краснодар,"ул. Победы, д. 39, кв. 4",+7-952-173-38-59,bogdanovamar411@yandex.ru,Задержан,79,69678,13.11.2025,27.10.2024,Excel-выгрузка,Провоз животного
155,AIR-000155,DP-1136,DP-1136,Голубев Андрей Александрович,Международный рейс,Бизнес,Нижний Новгород,-,+7-950-775-18-57,petrov@@mail..ru,Задержан,187,12439,25.10.2023,11.06.2026,,Провоз животного
156,AIR-000156,???,SU-9431,Воробьёва Ольга Ивановна,Чартер. рейс,Эконом,Казань,"ул. Победы, д. 116, кв. 141",+7-941-466-33-17,vorobevaolga823@outlook.com,Ожидается,120,5380,14.03.2025,01.11.2024,1С:Предприятие,
157,AIR-000157,DP-1674,DP-1674,Смирнов Павел Сергеевич,Международный рейс,Эконом,Екб,"ул. Спортивная, д. 63, кв. 193",+7-955-540-89-61,smirnovpavel545@outlook.com,категория_5,282,56213,17.10.2023,03.04.2025,CRM Bitrix24,Дополнительный багаж
158,AIR-000158,DP-8027,DP-8027,Фёдоров Виктор Сергеевич,Внутренний рейс,Бизнес,не указано(ошибка),"ул. Молодёжная, д. 8, кв. 118",+7-931-812-83-77,fedorovvikto665@outlook.com,Отмен.,265,49191,07.11.2024,вчера,-,Пассажир с ограниченными возможностями
159,AIR-000159,SU-9973,SU-9973,####,Междунар. рейс,Эконом,,"ул. Садовая, д. 149, кв. 164",+7-931-286-39-25,egorovviktor47@yandex.ru,Регистрация открыта,111,79820,27.06.2023,2024,Excel-выгрузка,Провоз животного
160,AIR-000160,,U6-9324,???,Внутренний рейс,Первый,Мск,"ул. Ленина, д. 36, кв. 108",+7-945-575-60-49,morozovavikt558@gmail.com,Задержан,,ERROR,19.05.2026,15.10.2025,SAP ERP,
161,AIR-000161,-,DP-3398,,Международный рейс,Бизнес,Мск,"ул. Ленина, д. 105, кв. 63",+7-932-4,pavlovalekse204@outlook.com,Ожидается,247,38703,06.10.2026,03.08.2025,1С:Предприятие,
162,AIR-000162,U6-2350,U6-2350,,Внутр. рейс,Эконом,Пермь,"ул. Победы, д. 120, кв. 185",+7-910-283-57-54,kozlovasvetl166@mail.ru,Отменён,132,63643,07.11.2026,08.05.2025,1С:Предприятие,Провоз животного
163,AIR-000163,FV-4851,FV-4851,Богданова Екатерина Викторовна,Чартер. рейс,Бизнес,Нов,"ул. Пушкина, д. 106, кв. 169",,bogdanovaeka896@gmail.com,не указано(ошибка),163,43290,26.02.2025,04.10.2025,Excel-выгрузка,
164,AIR-000164,FV-9751,FV-9751,Козлов Никита Николаевич,Международный рейс,Первый,Челябинск,"ул. Пушкина, д. 58, кв. 148",+7-927-998-62-43,kozlovnikita539@mail.ru,Задержан,337,25457,02.04.2024,31.02.2026,Excel-выгрузка,Пассажир с ограниченными возможностями
165,AIR-000165,FV-7915,FV-7915,Воробьёва Мария Николаевна,Внутренний рейс,Эконом,Волгоград,"ул. Мира, д. 3, кв. 195",,vorobevamari118@yandex.ru,Вылетел,72,65774,28.05.2025,07.06.2026,SAP ERP,Дополнительный багаж
166,AIR-000166,U6-5616,U6-5616,Попов Никита Сергеевич,Внутренний рейс,N/A,Москва,"ул. Ленина, д. 78, кв. 72",+7-946-543-48-58,popovnikitas152@mail.ru,Задержан,164,77261,05.01.2023,04.06.2026,CRM Bitrix24,Групповая бронь
167,AIR-000167,S7-7660,S7-7660,Алексеев Артём Иванович,Внутренний рейс,Бизнес,Казань,N/A,+7-945-540-20-83,alekseevarte968@yandex.ru,Ожидается,183,50250,09.04.2025,13.06.2026,Excel-выгрузка,Пассажир с ограниченными возможностями
168,AIR-000168,SU-1287,SU-1287,Богданов Кирилл Викторович,Внутренний рейс,Эконом,Нижний Новгород,"ул. Гагарина, д. 49, кв. 105",+7-920-786-27-14,bogdanovkiri200@yandex.ru,Посадка,284,41371,14.05.2024,04.11.2024,1С:Предприятие,Провоз животного
169,AIR-000169,S7-7485,S7-7485,Виноградова Светлана Ивановна,Чартерный рейс,Эконом,Мск,"ул. Садовая, д. 81, кв. 182",+7-955-244-82-45,vinogradovas772@outlook.com,Отменён,75,23052,22.11.2023,2025,1С:Предприятие,12345XYZ
170,AIR-000170,U6-3185,,Лебедева Наталья Викторовна,Вну,Эконом,Екатеринбург,"ул. Садовая, д. 94, кв. 13",+7-920-265-81-88,lebedevanata433@gmail.com,Вылетел,223,26746,24.06.2026,07.04.2024,CRM Bitrix24,
171,AIR-000171,S7-3930,S7-3930,Попов Александр Викторович,Международный рейс,Первый,Санкт-Петербург,"ул. Советская, д. 53, кв. 3",+7-924-122-38-35,petrov@@mail..ru,Вылетел,275,11876,14.11.2023,27.06.2025,1С:Предприятие,Дополнительный багаж
172,AIR-000172,DP-2426,DP-2426,Фёдорова Екатерина Викторовна,Междунар. рейс,,Пермь,"ул. Ленина, д. 45, кв. 72",+7-951-479-36-17,fedorovaekat965@mail.ru,Рег. открыта,168,79247,06.08.2025,07.01.2024,SAP ERP,Пассажир с ограниченными возможностями
173,AIR-000173,SU-2181,SU-2181,Смирнова Татьяна Александровна,Внутренний рейс,Бизнес,Пермь,"ул. Гагарина, д. 42, кв. 170",+7-918-399-16-57,smirnovataty450@mail.ru,Задержан,261,36940,25.12.2026,21.08.2024,Excel-выгрузка,Провоз животного
174,AIR-000174,U6-6881,U6-6881,Фёдоров Виктор Сергеевич,Международный рейс,Эконом,Ростов-н/Д,"ул. Победы, д. 139, кв. 59",+7-944-993-66-29,fedorovvikto645@outlook.com,Регистрация открыта,223,69294,05.03.2023,02.10.2025,Собственная система учёта,Провоз животного
175,AIR-000175,DP-6558,DP-6558,Новикова,Внутренний рейс,Бизнес,Екб,"ул. Советская, д. 116, кв. 147",+7-959-178-33-22,novikovanata87@yandex.ru,Ожид.,74,18627,00.00.0000,12.12.2024,Собственная,Дополнительный багаж
176,AIR-000176,FV-919,FV-919,,Внутренний рейс,Бизнес,Нижний Новгород,"ул. Ленина, д. 58, кв. 154",+7-919-460-23-85,smirnovaalin712@gmail.com,Посадка,141,81404,25.12.2025,04.08.2024,CRM Bitrix24,Пассажир с ограниченными возможностями
177,AIR-000177,S7-8164,S7-8164,Новикова Ксения Андреевна,Внутренний рейс,Первый,Челябинск,"ул. Гагарина, д. 42, кв. 6",+7-933-977-47-29,novikovaksen116@yandex.ru,Вылетел,140,52398,26.11.2025,21.10.2025,Excel-выгрузка,
178,AIR-000178,S7-124,S7-124,Лебедева Полина Андреевна,Меж,Бизнес,Нижний Новгород,"ул. Центральная, д. 5, кв. 79",+7-942-960-76-73,lebedevapoli13@gmail.com,Посадка,287,5727,28.01.2024,22.10.2025,Excel-выгрузка,
179,AIR-000179,U6-1269,нет данных(ошибка),Волкова Полина Андреевна,Чартерный рейс,Бизнес,Челябинск,"ул. Пушкина, д. 47, кв. 102",+7-937-749-94-36,volkovapolin971@yandex.ru,Отменён,212,57278,06.05.2024,16.08.2025,SAP ERP,Пассажир с ограниченными возможностями
180,AIR-000180,S7-5976,,Павлова Елена Дмитриевна,Международный рейс,Бизнес,Краснодар,"ул. Мира, д. 37, кв. 155",+7-918-128-93-57,pavlovaelena155@yandex.ru,Отменён,196,18338,вчера,02.04.2025,CRM Bitrix24,
181,AIR-000181,U6-5274,U6-5274,Воробьёва Ксения Ивановна,Внутренний рейс,Бизнес,Екатеринбург,"ул. Центральная, д. 40, кв. 166",+7-936-276-89-47,vorobevaksen44@yandex.ru,Вылет.,243,12961,09.11.2025,01.09.2026,Собственная система учёта,Провоз животного
182,AIR-000182,SU-3287,SU-3287,Козлов Дмитрий Александрович,Внутр. рейс,Бизнес,Казань,"ул. Садовая, д. 58, кв. 181",+7-920-165-92-20,kozlovdmitri871@yandex.ru,Регистрация открыта,98,25661,24.06.2023,22.09.2025,,Провоз животного
183,AIR-000183,,FV-2617,Павлова Юлия Петровна,Международный рейс,Бизнес,Мск,"ул. Мира, д. 150, кв. 29",+7-943-434-43-81,pavlovayuliy399@mail.ru,Посадка,206,20506,26.01.2023,19.03.2025,Собственная система учёта,Дополнительный
184,AIR-000184,DP-8692,DP-8692,Волков Егор Викторович,Чартерный рейс,Бизнес,Воронеж,"ул. Молодёжная, д. 73, кв. 103",+7-957-418-25-86,ivanov.mail.ru,,161,41822,20.02.2024,14.12.2024,CRM Bitrix24,Пассажир с ограниченными возможностями
185,AIR-000185,ОШИБКА_ДАННЫХ,SU-3267,Смирнов Андрей Александрович,Международный рейс,Эконом,Казань,"ул. Пушкина, д. 137, кв. 56",+7-917-388-72-75,smirnovandre93@mail.ru,Вылетел,278,23109,20.10.2026,09.10.2026,Собственная система учёта,
186,AIR-000186,нет данных(ошибка),SU-2735,Кузнецова Мария Александровна,Внутр. рейс,Эконом,Ростов-на-Дону,,+7-957-804-31-10,kuznecovamar6@mail.ru,Посадка,150,24141,18.04.2025,28.04.2025,1С:Предприятие,Групповая бронь
187,AIR-000187,U6-860,U6-860,Новиков Максим Андреевич,Чартер. рейс,Эконом,Краснодар,"ул. Ленина, д. 91, кв. 142",+7-954-265-63-88,novikovmaksi676@yandex.ru,Отмен.,,10817,18.07.2026,06.07.2026,Excel-выгрузка,Дополнительный багаж
188,AIR-000188,S7-3821,S7-3821,Лебедев Кирилл Иванович,Чартерный рейс,Эконом,Екб,"ул. Центральная, д. 105, кв. 192",+7-915-617-53-91,lebedevkiril905@mail.ru,Задержан,327,55755,15.07.2024,14.04.2024,Собственная система учёта,Провоз животного
189,AIR-000189,SU-113,SU-113,Попова Мария Сергеевна,Внутренний рейс,Эконом,Пермь,"ул. Спортивная, д. 40, кв. 26",+7-953-653-75-38,popovamariya920@gmail.com,Регистрация открыта,286,81654,16.09.2023,25.12.2025,1С:Предприятие,Дополнительный багаж
190,AIR-000190,N/A,DP-8177,Петров Павел Иванович,Чартер. рейс,Первый,Новосиб.,"ул. Спортивная, д. 43, кв. 2",+7-950-651-76-22,petrovpaveli254@gmail.com,Ожидается,115,64222,04.07.2026,23.09.2025,1С:Предприятие,Провоз животного
191,AIR-000191,FV-6964,FV-6964,Козлова Юлия Николаевна,Международный рейс,Первый,не указано(ошибка),"ул. Гагарина, д. 5, кв. 184",+7-956-254-99-60,kozlovayuliy378@outlook.com,Задерж.,254,72974,20.03.2026,27.10.2025,1С:Предприятие,Пассажир с ограниченными возможностями
192,AIR-000192,U6-7443,U6-7443,Виноградов Никита Сергеевич,Междунар. рейс,Бизнес,Екатеринбург,ул.,+7-937-743-91-11,vinogradovni756@outlook.com,Посадка,119,78934,09.08.2023,05.08.2026,Собственная система учёта,Дополнительный багаж
193,AIR-000193,DP-9770,DP-9770,Смирнова Наталья Петровна,Чартерный рейс,Первый,Ростов-на-Дону,"ул. Центральная, д. 6, кв. 144",+7-910-666-86-68,smirnovanata703@gmail.com,Задержан,304,36411,20.11.2025,13.05.2026,SAP ERP,Групповая бронь
194,AIR-000194,FV-3270,FV-3270,Виноградова Виктория Николаевна,Внутр. рейс,Бизнес,Челябинск,"ул. Советская, д. 74, кв. 118",+7-943-745-53-36,vinogradovav751@outlook.com,Отменён,324,72889,10.07.2023,01.09.2026,SAP ERP,Провоз животного
195,AIR-000195,U6-261,U6-261,Виноградова Анна Ивановна,Внутр. рейс,Бизнес,Волгоград,"ул. Мира, д. 9, кв. 42",+7-935-242-68-15,petrov@@mail..ru,Посадка,333,81882,27.01.2023,09.03.2026,Собственная система учёта,Провоз животного
196,AIR-000196,U6-8621,U6-8621,Иванов Сергей Андреевич,Чартерный рейс,Эконом,Новосибирск,"ул. Центральная, д. 79, кв. 171",+7-944-664-40-89,ivanovsergei269@outlook.com,Задерж.,104,75526,28.07.2025,05.01.2024,Excel-выгрузка,Провоз животного
197,AIR-000197,SU-874,SU-874,Алексеев Александр Иванович,Чартерный рейс,Бизнес,Санкт-Петербург,"ул. Спортивная, д. 92, кв. 166",+7-923-117-55-59,alekseevalek100@gmail.com,Отмен.,183,77099,18.08.2024,14.05.2026,,
198,AIR-000198,SU-8335,SU-8335,Иванова Алина Дмитриевна,Чартерный рейс,Бизнес,Волгоград,"ул. Молодёжная, д. 9, кв. 8",+7-917-746-36-64,нет_почты,Задержан,112,9239,2026-13-45,05.05.2025,Собственная система учёта,
199,AIR-000199,SU-6545,SU-6545,Волков Павел Иванович,,Бизнес,Новосибирск,"ул. Гагарина, д. 78, кв. 10",+7-934-245-26-24,volkovpaveli933@gmail.com,Посадка,273,65611,14.06.2024,2024,CRM Bitrix24,Групповая бронь
200,AIR-000200,FV-229,FV-229,Морозов Сергей Петрович,Внутр. рейс,Бизнес,Челябинск,-,+7-929-654-46-97,morozovserge382@gmail.com,Отменён,164,,06.06.2026,18.04.2024,CRM Bitrix24,Провоз животного
