ID,Код записи,Номер заказа,Номер заказа (повтор),ФИО водителя,Класс автомобиля,Марка автомобиля,Город,Адрес,Телефон,Email,Статус поездки,"Расстояние поездки, км","Стоимость поездки, руб.",Дата создания записи,Дата последнего обновления,Система-источник,Примечания
1,TAXI-000001,ORD-622732,ORD-622732,Семёнов Илья Дмитриевич,Минивэн,Kia Rio,Ростов-на-Дону,"ул. Советская, д. 150, кв. 91",+7-935-209-27-61,semenovilyad946@outlook.com,Поездка завершена,35,1046,12.06.2023,15.04.2025,1С:Предприятие,Заказ с детским креслом
2,TAXI-000002,ORD-670918,ORD-670918,Голубева Юлия Николаевна,Эконом,Kia Rio,Пермь,"ул. Гагарина, д. 56, кв. 176",+7-951-834-46-95,golubevayuli985@outlook.com,Поиск водителя,н/д,1367,06.07.2026,07.07.2025,-,Оплата картой
3,TAXI-000003,ORD-411276,ORD-411276,Смирнова Ольга Петровна,Минивэн,Hyundai Solaris,Воронеж,"ул. Пушкина, д. 45, кв. 161",+7-952-204-57-33,smirnovaolga524@gmail.com,В пути к клиенту,8,2611,2026,14.04.2025,,Отмена по вине водителя
4,TAXI-000004,ORD-128535,ORD-128535,Волкова Светлана Ивановна,Минивэн,Toyota Camry,Краснодар,"ул. Центральная, д. 6, кв. 56",+7-934-664-81-39,volkovasvetl29@mail.ru,Поездка начата,35,1050,20.11.2026,13.04.2026,CRM Bitrix24,Оплата картой
5,TAXI-000005,ORD-902693,ORD-902693,Попов Максим Дмитриевич,Комфортный класс,Lada Vesta,Мск,####,+7-924-386-18-15,popovmaksimd52@gmail.com,Поездка завершена,,2958,04.10.2024,15.09.2024,CRM Bitrix24,Заказ с детским креслом
6,TAXI-000006,ORD-638509,ORD-638509,Кузнецов Илья Андреевич,Экономичный класс,Hyundai Solaris,Краснодар,"ул. Мира, д. 115, кв. 179",+7-947-891-61-93,kuznecovilya869@mail.ru,Поездка завершена,22,,20.09.2026,17.12.2026,####,
7,TAXI-000007,ORD-600238,ORD-600238,Фёдорова Екатерина Петровна,Эконом,Skoda Rapid,Волгоград,"ул. Гагарина, д. 28, кв. 126",+7-917-213-45-79,fedorovaekat810@outlook.com,Пое,27,1607,20.09.2023,04.11.2026,1С:Предприятие,
8,TAXI-000008,ORD-180708,ORD-180708,Волков Павел Иванович,Комфорт,Hyundai Solaris,Ростов-на-Дону,"ул. Советская, д. 25, кв. 44",+7-948-572-56-55,volkovpaveli838@outlook.com,В пути к кл.,48,3235,31.02.2026,20.05.2026,Excel-выгрузка,Заказ с детским креслом
9,TAXI-000009,ORD-611708,ORD-611708,Смирнова Юлия Дмитриевна,Комфортный класс,Toyota Camry,Пермь,"ул. Спортивная, д. 149, кв. 150",+7-913-501-77-31,smirnovayuli117@mail.ru,В пути к клиенту,42,203,,07.06.2025,CRM Bitrix24,Оплата картой
10,TAXI-000010,ORD-507914,ORD-507914,Лебедев Роман Иванович,Эконом,Kia Rio,Санкт-Петербург,"ул. Центральная, д. 135, кв. 85",+7-927-692-14-15,lebedevroman706@gmail.com,Отмен.,54,380,00.00.0000,12.10.2024,SAP ERP,Повышенный тариф (спрос)
11,TAXI-000011,ORD-640948,ORD-640948,Козлова Юлия Викторовна,Минивэн,Kia Rio,Воронеж,12345XYZ,+7-917-256-71-45,kozlovayuliy619@yandex.ru,В пути к клиенту,10,,15.02.2025,27.02.2025,Собственная система учёта,Заказ с детским креслом
12,TAXI-000012,ORD-438345,ORD-438345,Смирнова Алина Николаевна,категория_5,Lada Vesta,Влгд,"ул. Мира, д. 47, кв. 181",+7-922-515-14-25,smirnovaalin239@outlook.com,Отменена,39,1219,04.05.2025,25.12.2024,Собственная система учёта,Повышенный тариф (спрос)
13,TAXI-000013,ORD-433802,ORD-433802,Егоров Алексей Андреевич,Экономичный класс,Toyota Camry,Екб,"ул. Ленина, д. 121, кв. 154",+7-935-633-94-53,egorovalekse667@mail.ru,Отменена,28,2999,26.06.2025,15.09.2026,CRM Bitrix24,Повышенный тариф (спрос)
14,TAXI-000014,ORD-864810,ORD-864810,Фёдоров Роман Сергеевич,Эко,Lada Vesta,Челябинск,"ул. Советская, д. 85, кв. 167",+7-958-195-63-61,fedorovroman69@mail.ru,В пути к кл.,14,2696,14.04.2026,16.01.2025,CRM Bitrix24,Оплата картой
15,TAXI-000015,ORD-602081,ORD-602081,Морозова Ксения Александровна,Комфортный класс,Skoda Rapid,Волгоград,"ул. Гагарина, д. 44, кв. 189",+7-927-196-98-88,morozovaksen831@yandex.ru,Поиск водителя,27,2909,24.03.2024,,SAP ERP,Оплата картой
16,TAXI-000016,ОШИБКА_ДАННЫХ,ORD-198717,Морозова Ольга Николаевна,Бизнес-класс,Kia Rio,Нижний Новгород,"ул. Садовая, д. 70, кв. 40",+7-952-784-13-30,morozovaolga251@gmail.com,Поездка начата,1,3007,14.08.2025,03.12.2025,1С:Предприятие,
17,TAXI-000017,ORD-546480,ORD-546480,Павлова Ирина Николаевна,Эконом,Toyota Camry,###,"ул. Спортивная, д. 73, кв. 27",+7-929-606-54-34,pavlovairina919@,В пути к клиенту,30,309,27.05.2025,10.03.2026,SAP ERP,Оплата картой
18,TAXI-000018,ORD-817621,ORD-817621,Виноградова Елена Сергеевна,Минивэн,Hyundai Solaris,Воронеж,"ул. Мира, д. 7, кв. 165",+7-922-425-59-50,vinogradovae186@gmail.com,Отменена,38,868,06.11.2023,13.08.2024,Excel-выгрузка,Отмена по вине водителя
19,TAXI-000019,ORD-711410,ORD-711410,Фёдорова Светлана Сергеевна,Комфорт,Toyota Camry,Новосибирск,"ул. Советская, д. 60, кв. 138",+7-934-195-82-42,fedorovasvet855@mail.ru,Поиск водителя,41,2369,22.10.2024,26.10.2024,CRM Bitrix24,Повышенный тариф (спрос)
20,TAXI-000020,ORD-232976,ORD-232976,Попов,Экономичный класс,Lada Vesta,Ростов-на-Дону,"ул. Гагарина, д. 132, кв. 191",+7-922-3,popovpavelni826@yandex.ru,Пое,44,2269,09.04.2024,12.08.2024,1С:Предприятие,
21,TAXI-000021,ORD-499768,ORD-499768,Новиков Никита Александрович,Минивэн,Skoda Rapid,Самара,"ул. Пушкина, д. 45, кв. 73",+7-925-8,novikovnikit967@outlook.com,Отменена,9,2421,01.06.2025,2025,SAP ERP,Оплата картой
22,TAXI-000022,ORD-705676,ORD-705676,Богданова Анна Викторовна,Бизнес,Lada Vesta,Ворнж,N/A,+7-937-926-87-64,bogdanovaann335@gmail.com,В пути к кл.,21,2611,13.08.2023,09.01.2025,Excel-выгрузка,Оплата картой
23,TAXI-000023,ORD-941553,ORD-941553,Иванова Мария Александровна,Бизнес-класс,Skoda Rapid,Волгоград,"ул. Садовая, д. 131, кв. 117",+7-923-381-46-88,ivanovamariy683@outlook.com,Поездка завершена,34,1926,19.08.2026,19.10.2026,,Отмена по вине водителя
24,TAXI-000024,ORD-117197,ORD-117197,Семёнов Дмитрий Александрович,Минивэн,Toyota Camry,Мск,"ул. Мира, д. 67, кв. 160",+7-938-184-20-13,semenovdmitr818@yandex.ru,,17,3410,11.02.2026,27.08.2025,SAP ERP,Отмена по вине водителя
25,TAXI-000025,ORD-553126,ORD-553126,Волкова Елена Дмитриевна,Минивэн,Hyundai Solaris,Воронеж,"ул. Мира, д. 99, кв. 126",12345,volkovaelena210@yandex.ru,Поездка начата,45,999,21.10.2025,17.10.2025,SAP ERP,Оплата картой
26,TAXI-000026,ORD-391754,ORD-391754,Иванов Владимир Викторович,Мин,Lada Vesta,Пермь,"ул. Спортивная, д. 59, кв. 125",+7-931-418-15-27,ivanovvladim923@gmail.com,В пути к клиенту,51,2447,16.02.2026,19.09.2026,CRM Bitrix24,Повышенный тариф (спрос)
27,TAXI-000027,ORD-940472,ORD-940472,Петров Андрей Сергеевич,Бизнес,Hyundai Solaris,Ворнж,"ул. Советская, д. 138, кв. 83",+7-955-602-64-32,petrovandrei896@outlook.com,Поездка нач.,33,3384,14.11.2023,21.09.2024,SAP ERP,
28,TAXI-000028,ORD-356370,ORD-356370,Богданова Светлана Александровна,Минивэн,Kia Rio,Новосибирск,"ул. Садовая, д. 90, кв. 57",+7-911-837-20-12,bogdanovasve871@mail.ru,В пути к клиенту,29,2399,11.10.2026,21.10.2024,???,Оплата картой
29,TAXI-000029,N/A,ORD-895965,Виноградов Владимир Викторович,Комфорт,Lada Vesta,Челябинск,"ул. Победы, д. 135, кв. 97",+7-958-586-16-37,vinogradovvl336@outlook.com,Поездка завершена,10,361,14.12.2024,10.05.2024,SAP ERP,Заказ с детским креслом
30,TAXI-000030,ORD-759415,ORD-759415,Виноградова Светлана Ивановна,Комфорт,Kia Rio,СПб,"ул. Садовая, д. 19, кв. 173",+7-919-300-38-57,vinogradovas696@outlook.com,Поездка завершена,6,2102,08.08.2023,10.08.2024,SAP ERP,Повышенный тариф (спрос)
31,TAXI-000031,ORD-583376,ORD-583376,Соколов Артём Иванович,Комфорт,Lada Vesta,Екатеринбург,"ул. Молодёжная, д. 114, кв. 138",+7-930-813-15-75,sokolovartem834@outlook.com,Поездка завершена,17,3359,20.06.2026,10.11.2025,CRM Bitrix24,Повышенный тариф (спрос)
32,TAXI-000032,ORD-980081,ORD-980081,Попова Ирина Викторовна,Комфортный класс,Lada Vesta,Пермь,"ул. Центральная, д. 65, кв. 8",+7-958-902-40-70,popovairinav477@outlook.com,Поездка завершена,36,2096,2025,28.01.2024,Excel-выгрузка,Отмена по вине водителя
33,TAXI-000033,ORD-589942,ORD-589942,Фёдоров Андрей Петрович,Бизнес-класс,Kia Rio,Нижний Новгород,,+7-958-5,fedorovandre61@yandex.ru,Отменена,38,388,23.11.2023,28.10.2024,SAP ERP,Оплата картой
34,TAXI-000034,ORD-934990,ORD-934990,Алексеев Артём Сергеевич,Комфортный класс,Skoda Rapid,Пермь,"ул. Пушкина, д. 88, кв. 63",+7-943-919-52-93,alekseevarte375@outlook.com,В пути к клиенту,22,888,вчера,02.07.2025,1С:Предприятие,N/A
35,TAXI-000035,ОШИБКА_ДАННЫХ,ORD-372869,Воробьёв Егор Дмитриевич,Экономичный класс,Hyundai Solaris,Пермь,"ул. Советская, д. 79, кв. 150",+7-958-781-56-63,vorobevegord81@mail.ru,Отменена,ERROR,3285,03.06.2026,04.09.2024,SAP ERP,
36,TAXI-000036,ORD-325482,ORD-325482,Новикова Татьяна Ивановна,Минивэн,Hyundai Solaris,Н.Новгород,"ул. Пушкина, д. 121, кв. 115",+7-937-195-75-92,novikovataty524@outlook.com,Поездка завершена,43,150,2025,14.10.2026,Excel-выгрузка,Отмена по вине водителя
37,TAXI-000037,ORD-674158,ORD-674158,Фёдорова Ксения Александровна,Бизнес-класс,Kia Rio,Новосибирск,"ул. Молодёжная, д. 88, кв. 154",+7-947-483-12-77,ivanov.mail.ru,В пути к клиенту,45,1103,24.01.2024,23.10.2024,CRM Bitrix24,Отмена по вине водителя
38,TAXI-000038,ORD-543351,ORD-543351,Иванова,Бизнес-класс,Lada Vesta,Ворнж,"ул. Советская, д. 137, кв. 109",+7-921-259-18-42,ivanovapolin364@mail.ru,Поиск водителя,14,511,02.07.2026,10.08.2025,Excel-выгрузка,Заказ с детским креслом
39,TAXI-000039,ORD-323571,ORD-323571,Смирнова Полина Николаевна,Минивэн,Toyota Camry,Новосибирск,"ул. Гагарина, д. 67, кв. 117",+7-929-985-48-26,smirnovapoli193@mail.ru,###,39,1225,01.02.2025,06.11.2026,CRM Bitrix24,
40,TAXI-000040,ORD-604208,ORD-604208,Алексеева Полина Дмитриевна,Минивэн,Lada Vesta,Нижний Новгород,"ул. Центральная, д. 123, кв. 78",+7-916-308-21-36,alekseevapol79@gmail.com,Отменена,44,919,,07.06.2026,SAP ERP,Отмена по вине водителя
41,TAXI-000041,нет данных(ошибка),ORD-909968,Смирнов Егор Викторович,Комфортный класс,Toyota Camry,Краснодар,"ул. Садовая, д. 94, кв. 164",+7-920-810-25-72,smirnovegorv352@gmail.com,Отмен.,52,2689,17.10.2023,2026-13-45,1С:Предприятие,Заказ с детским креслом
42,TAXI-000042,ORD-680911,ORD-680911,Алексеева Ирина Дмитриевна,Минивэн,Lada Vesta,Новосибирск,"ул. Спортивная, д. 46, кв. 56",+7-944-310-22-85,alekseevairi319@yandex.ru,Отмен.,49,2492,23.09.2023,02.12.2024,CRM Bitrix24,
43,TAXI-000043,ORD-168189,ORD-168189,Егорова Полина Андреевна,Бизнес-класс,Kia Rio,Пермь,"ул. Спортивная, д. 45, кв. 80",+7-920-205-98-87,egorovapolin589@gmail.com,Поездка завершена,-1,1141,24.10.2023,03.03.2024,Собственная система учёта,Повышенный тариф (спрос)
44,TAXI-000044,ORD-262254,ORD-262254,Морозов Сергей Дмитриевич,Экономичный класс,Skoda Rapid,Пермь,"ул. Молодёжная, д. 23, кв. 51",+7-925-185-52-92,morozovserge372@gmail.com,В пути к клиенту,-1,371,08.06.2023,02.04.2024,SAP ERP,Повышенный тариф (спрос)
45,TAXI-000045,ORD-110761,ORD-110761,Смирнов Кирилл Дмитриевич,,Toyota Camry,Пермь,"ул. Молодёжная, д. 93, кв. 158",+7-945-410-94-50,smirnovkiril468@gmail.com,Поездка завер.,48,3049,24.04.2026,10.06.2025,12345XYZ,
46,TAXI-000046,ORD-878025,ORD-878025,Воробьёва Екатерина Дмитриевна,Комфорт,Lada Vesta,,"ул. Спортивная, д. 69, кв. 88",+7-919-156-63-49,vorobevaekat958@mail.ru,Отменена,ABC,3155,14.01.2023,24.12.2024,Excel-выгрузка,Отмена по вине водителя
47,TAXI-000047,ORD-823540,,Петрова Елена Сергеевна,Комфортный класс,Skoda Rapid,Волгоград,"ул. Мира, д. 104, кв. 138",+7-99-abc-12-34,petrovaelena704@yandex.ru,Поиск вод.,41,3470,21.06.2026,21.03.2025,Excel-выгрузка,
48,TAXI-000048,ORD-696095,ORD-696095,Иванова Анна Андреевна,Бизнес-класс,Lada Vesta,Казань,"ул. Мира, д. 1, кв. 3",+7-932-682-39-27,ivanovaannaa505@gmail.com,В пути к клиенту,49,693,23.01.2026,05.03.2024,1С:Предприятие,Оплата картой
49,TAXI-000049,ORD-776738,ORD-776738,Новикова Алина Викторовна,Минивэн,Kia Rio,Н.Новгород,"ул. Советская, д. 143, кв. 119",+7-917-248-88-54,novikovaalin303@mail.ru,Поездка начата,12,3087,00.00.0000,01.11.2026,CRM Bitrix24,
50,TAXI-000050,ORD-518836,ORD-518836,Петров Артём Николаевич,Экономичный класс,Kia Rio,Самара,"ул. Гагарина, д. 68, кв. 4",+7-936-901-55-48,petrovartemn270@outlook.com,,52,1784,23.01.2025,31.02.2026,1С:Предприятие,
51,TAXI-000051,ORD-864073,ORD-864073,Павлова Ирина Ивановна,Бизнес-класс,Kia Rio,Москва,"ул. Мира, д. 100, кв. 85",+7-950-961-55-65,pavlovairina226@yandex.ru,Отмен.,36,2165,13.12.2026,23.07.2025,Собственная система учёта,
52,TAXI-000052,ORD-969885,ORD-969885,Егоров Сергей Александрович,Минивэн,Kia Rio,Волгоград,"ул. Спортивная, д. 6, кв. 23",+7-916-918-34-81,egorovsergei10@outlook.com,Поездка начата,-1,2563,25.11.2025,25.02.2025,Собственная система учёта,
53,TAXI-000053,ORD-116173,,Лебедев Александр Викторович,Эконом,Skoda Rapid,Крд,"ул. Спортивная, д. 83, кв. 187",+7-925-673-31-82,lebedevaleks316@gmail.com,Поиск водителя,38,3063,15.05.2023,02.12.2026,SAP ERP,Заказ с детским креслом
54,TAXI-000054,ORD-422568,ORD-422568,Козлов Кирилл Викторович,Экономичный класс,Lada Vesta,Челяб.,"ул. Советская, д. 15, кв. 145",+7-931-846-38-26,kozlovkirill506@outlook.com,Поиск водителя,52,2429,25.09.2025,27.07.2026,Собственная система учёта,Отмена по вине водителя
55,TAXI-000055,ORD-975260,ORD-975260,Попова Светлана Сергеевна,Бизнес-класс,Toyota Camry,Воронеж,"ул. Гагарина, д. 41, кв. 135",+7-920-834-78-10,popovasvetla540@mail.ru,В пути к клиенту,10,1155,02.04.2025,17.09.2025,,Отмена по вине водителя
56,TAXI-000056,ORD-661174,ORD-661174,Павлова Дарья Петровна,Минивэн,Lada Vesta,Краснодар,"ул. Ленина, д. 103, кв. 72",+7-930-920-80-38,pavlovadarya997@outlook.com,Поездка нач.,47,1299,2026-13-45,03.03.2025,CRM Bitrix24,Повышенный тариф (спрос)
57,TAXI-000057,ORD-767081,ORD-767081,Волков Илья Викторович,Бизнес,####,Воронеж,"ул. Гагарина, д. 129, кв. 180",+7-949-600-45-78,volkovilyavi989@outlook.com,Поездка начата,6,2959,21.12.2023,13.09.2025,CRM Bitrix24,Отмена по вине водителя
58,TAXI-000058,ORD-565319,ORD-565319,N/A,Минивэн,Skoda Rapid,Новосиб.,"ул. Советская, д. 69, кв. 157",+7-936-464-50-19,kuznecovdmit798@gmail.com,,,607,2026,08.07.2026,1С:Предприятие,Оплата картой
59,TAXI-000059,ORD-693205,ORD-693205,Виноградова Ирина Сергеевна,Экономичный класс,Hyundai Solaris,Ростов-на-Дону,"ул. Советская, д. 10, кв. 22",+7-958-854-51-83,vinogradovai668@outlook.com,категория_5,12,1300,17.03.2024,26.09.2025,CRM Bitrix24,Повышенный тариф (спрос)
60,TAXI-000060,ORD-909808,???,####,Минивэн,Toyota Camry,Москва,"ул. Спортивная, д. 134, кв. 197",+7-99-abc-12-34,golubevaanna978@mail.ru,Поиск водителя,52,2745,00.00.0000,10.04.2024,Собственная система учёта,Оплата картой
61,TAXI-000061,ORD-175486,ORD-175486,Козлова Ирина Петровна,Комфорт,Skoda Rapid,Самара,"ул. Садовая, д. 103, кв. 103",+7-957-597-23-54,kozlovairina268@gmail.com,Поездка начата,27,-1,19.04.2025,02.07.2024,Собственная система учёта,Отмена по вине водителя
62,TAXI-000062,???,ORD-608093,Егорова,Минивэн,Kia Rio,Москва,"ул. Победы, д. 53, кв. 102",+7-954-973-48-89,egorovaalina110@mail.ru,Отменена,45,777,15.07.2025,22.11.2026,CRM Bitrix24,
63,TAXI-000063,ORD-482133,ORD-482133,Смирнова Анна Викторовна,Бизнес,Kia Rio,Краснодар,"ул. Советская, д. 6, кв. 173",+7-941-564-53-50,smirnovaanna92@yandex.ru,В п,25,897,07.05.2026,13.06.2026,Excel-выгрузка,
64,TAXI-000064,ORD-379964,ORD-379964,Иванов Артём Петрович,Экономичный класс,Lada Vesta,Новосибирск,"ул. Мира, д. 145, кв. 179",+7-946-202-87-74,ivanovartemp468@mail.ru,Поездка завер.,24,1666,,09.12.2026,SAP ERP,Оплата картой
65,TAXI-000065,ORD-932008,ORD-932008,Соколов Виктор Викторович,Комфорт,Hyundai Solaris,Ростов-на-Дону,"ул. Пушкина, д. 139, кв. 46",+7-943-877-96-41,sokolovvikto679@gmail.com,Отменена,31,1264,14.08.2026,25.07.2025,SAP ERP,
66,TAXI-000066,ORD-138483,ОШИБКА_ДАННЫХ,Волков Алексей Николаевич,Бизнес,ОШИБКА_ДАННЫХ,Воронеж,"ул. Пушкина, д. 57, кв. 197",+7-937-649-70-94,volkovalekse105@outlook.com,Поездка начата,56,1831,24.03.2024,09.10.2024,Собственная система учёта,Оплата картой
67,TAXI-000067,ORD-610527,ORD-610527,Козлов Роман Николаевич,Экономичный класс,Skoda Rapid,Екатеринбург,"ул. Победы, д. 119, кв. 120",+7-917-152-94-16,kozlovromann127@mail.ru,Поездка нач.,42,1183,28.08.2026,20.05.2024,SAP,Заказ с детским креслом
68,TAXI-000068,ORD-795428,ORD-795428,,Комфортный класс,Kia Rio,Новосибирск,"ул. Победы, д. 120, кв. 129",,novikovvladi351@yandex.ru,Поездка начата,42,3145,04.05.2026,11.09.2025,SAP ERP,Отмена по вине водителя
69,TAXI-000069,ORD-324391,ORD-324391,Попова Ирина Андреевна,###,####,Новосибирск,"ул. Победы, д. 90, кв. 142",+7-911-954-96-84,popovairinaa498@,Отменена,20,2148,04.09.2025,13.07.2026,1С:Предприятие,Заказ с детским креслом
70,TAXI-000070,ORD-925664,ORD-925664,Новикова Юлия Дмитриевна,,Lada Vesta,Волгоград,"ул. Советская, д. 55, кв. 190",+7-957-770-91-48,novikovayuli2@outlook.com,Поездка начата,2,2054,13.05.2023,21.08.2026,1С:Предприятие,Повышенный тариф (спрос)
71,TAXI-000071,ORD-864971,ORD-864971,Воробьёва Дарья Петровна,Комфортный класс,Skoda Rapid,Санкт-Петербург,"ул. Садовая, д. 90, кв. 183",+7-930-685-53-15,vorobevadary512@yandex.ru,Поездка начата,24,3074,04.01.2026,07.01.2025,Собственная система учёта,Отмена по вине водителя
72,TAXI-000072,ORD-205668,ORD-205668,N/A,Эконом,Hyundai Solaris,Челябинск,"ул. Ленина, д. 99, кв. 118",+7-946-909-92-44,alekseevilya501@mail.ru,Отмен.,28,3020,11.09.2024,04.11.2025,Excel-выгрузка,ОШИБКА_ДАННЫХ
73,TAXI-000073,ORD-215177,ORD-215177,Воробьёва Ирина Андреевна,Минивэн,Lada Vesta,Ростов-н/Д,"ул. Советская, д. 91, кв. 51",+7-937-598-40-57,vorobevairin721@gmail.com,Отменена,39,1819,02.08.2023,05.03.2025,Собственная система учёта,
74,TAXI-000074,ORD-324813,ORD-324813,Лебедев,Бизнес-класс,Hyundai Solaris,Смр,"ул. Советская, д. 2, кв. 20",+7-927-294-16-87,lebedevdmitr933@outlook.com,Поездка начата,11,2167,08.10.2025,28.07.2025,CRM,Повышенный тариф (спрос)
75,TAXI-000075,ORD-603090,ORD-603090,Воробьёва Ксения Ивановна,Минивэн,Hyundai Solaris,Пермь,"ул. Пушкина, д. 134, кв. 6",+7-922-820-95-11,vorobevaksen937@mail.ru,Поездка завершена,44,3102,25.06.2024,27.07.2026,SAP ERP,
76,TAXI-000076,ORD-953288,ORD-953288,Иванов Егор Сергеевич,Бизнес-класс,Kia Rio,Воронеж,"ул. Молодёжная, д. 61, кв. 187",+7-940-929-85-43,ivanovegorse145@mail.ru,Отменена,56,3277,19.07.2026,26.02.2024,CRM Bitrix24,Заказ с детским креслом
77,TAXI-000077,ORD-305650,ORD-305650,Смирнова Анна Николаевна,Комфортный класс,Skoda Rapid,Волгоград,"ул. Молодёжная, д. 22, кв. 28",+7-947-6,smirnovaanna864@yandex.ru,Поездка нач.,52,2684,25.07.2025,09.08.2025,SAP ERP,Отмена по вине водителя
78,TAXI-000078,ORD-490386,ORD-490386,Алексеева Анна Викторовна,Бизнес-класс,Skoda Rapid,Санкт-Петербург,"ул. Мира, д. 134, кв. 25",+7-959-804-78-95,alekseevaann88@,В пути к клиенту,,н/д,01.09.2024,05.06.2026,1С:Предприятие,Заказ с детским креслом
79,TAXI-000079,,ORD-679460,Богданова Дарья Дмитриевна,Комфортный класс,Lada Vesta,Пермь,####,+7-959-202-78-45,bogdanovadar962@outlook.com,Поиск водителя,17,1714,01.03.2024,22.05.2024,,Заказ с детским креслом
80,TAXI-000080,ORD-307960,ORD-307960,Петров Андрей Дмитриевич,Эконом,Kia Rio,Челябинск,"ул. Гагарина, д. 139, кв. 54",+7-934-111-35-10,petrovandrei900@,Поездка завершена,59,,02.08.2026,01.10.2026,Excel-выгрузка,Отмена по вине водителя
81,TAXI-000081,ORD-556644,ORD-556644,Козлов Кирилл Петрович,Минивэн,Kia Rio,Пермь,"ул. Спортивная, д. 96, кв. 1",+7-940-531-93-71,kozlovkirill652@mail.ru,Поездка завершена,12,534,02.03.2026,17.09.2025,Собственная система учёта,Отмена по вине водителя
82,TAXI-000082,ORD-688161,ORD-688161,Кузнецов Андрей Иванович,Комфортный класс,Hyundai Solaris,Екб,"ул. Гагарина, д. 100, кв. 77",+7-951-436-61-42,kuznecovandr479@outlook.com,Поездка начата,7,2561,02.07.2023,22.12.2025,CRM Bitrix24,
83,TAXI-000083,ORD-814846,ORD-814846,Новиков Виктор Александрович,,Hyundai Solaris,Екб,"ул. Пушкина, д. 34, кв. 87",+7-952-217-86-67,novikovvikto127@mail.ru,Отмен.,,3170,19.09.2025,13.04.2024,Собственная система учёта,Заказ с детским креслом
84,TAXI-000084,ORD-707730,ORD-707730,Семёнов Александр Николаевич,Комфортный класс,Hyundai Solaris,Новосибирск,"ул. Советская, д. 18, кв. 154",+7-925-752-60-27,нет_почты,В п,26,3409,06.03.2023,19.07.2024,1С:Предприятие,
85,TAXI-000085,ORD-842222,ORD-842222,Новикова Ирина Александровна,Комфортный класс,Toyota Camry,Екб,"ул. Советская, д. 95, кв. 140",+7-924-874-74-48,novikovairin699@yandex.ru,Отменена,41,488,12.07.2023,26.04.2025,SAP ERP,Оплата картой
86,TAXI-000086,ORD-603335,ORD-603335,Новиков Владимир Иванович,Комфорт,Skoda Rapid,СПб,"ул. Ленина, д. 42, кв. 189",+7-915-411-16-21,novikovvladi933@yandex.ru,Отмен.,16,925,11.10.2023,21.09.2025,Собственная система учёта,Отмена по вине водителя
87,TAXI-000087,ORD-693768,ORD-693768,Козлова Алина Викторовна,Минивэн,Hyundai Solaris,Челябинск,"ул. Центральная, д. 21, кв. 125",+7-954-127-34-14,kozlovaalina421@gmail.com,Отменена,29,383,05.02.2025,13.12.2025,1С:Предприятие,Повышенный тариф (спрос)
88,TAXI-000088,ORD-197751,ORD-197751,Богданова Наталья Андреевна,Бизнес-класс,Kia Rio,Екатеринбург,"ул. Центральная, д. 99, кв. 144",+7-926-218-81-68,bogdanovanat469@outlook.com,Поездка завершена,56,2882,01.01.2026,08.05.2025,SAP ERP,Повышенный тариф (спрос)
89,TAXI-000089,ORD-787923,ORD-787923,Воробьёва Алина Петровна,Комфортный класс,Hyundai Solaris,Воронеж,"ул. Центральная, д. 61, кв. 12",+7-924-331-32-43,vorobevaalin767@outlook.com,###,,много,28.05.2026,25.02.2025,1С:Предприятие,Повышенный тариф (спрос)
90,TAXI-000090,ORD-669214,ORD-669214,Петров,Минивэн,Kia Rio,СПб,"ул. Садовая, д. 24, кв. 89",+7-934-120-53-47,petrovkirill496@yandex.ru,Поиск водителя,30,2584,23.10.2025,14.08.2025,1С:Предприятие,Оплата
91,TAXI-000091,ORD-212724,ORD-212724,Голубев Никита Иванович,Биз,Lada Vesta,Новосиб.,"ул. Пушкина, д. 90, кв. 108",+7-931-572-29-75,golubevnikit156@outlook.com,категория_5,н/д,2948,17.05.2024,22.05.2025,1С:Предприятие,Заказ с детским креслом
92,TAXI-000092,ORD-708142,12345XYZ,Новиков Кирилл Иванович,Бизнес-класс,Lada Vesta,Москва,"ул. Молодёжная, д. 98, кв. 186",+7-947-846-86-33,novikovkiril70@outlook.com,В пути к кл.,34,691,00.00.0000,25.10.2024,Excel-выгрузка,Отмена по вине водителя
93,TAXI-000093,ORD-578376,ORD-578376,,Комфорт,Toyota Camry,Казань,####,+7-924-608-69-85,semenovaleks901@yandex.ru,Поездка завершена,5,2894,15.01.2023,04.06.2024,CRM Bitrix24,
94,TAXI-000094,ORD-726077,####,Петров Максим Иванович,Комфортный класс,Skoda Rapid,Екатеринбург,"ул. Гагарина, д. 60, кв. 50",+7-953-894-40-16,petrovmaksim221@yandex.ru,Отменена,38,1091,13.05.2025,27.07.2024,1С:Предприятие,Отмена по вине водителя
95,TAXI-000095,ORD-693492,ORD-693492,Козлова Наталья Александровна,Минивэн,Toyota Camry,Новосибирск,"ул. Гагарина, д. 49, кв. 88",+7-938-650-60-51,kozlovanatal614@yandex.ru,Поездка начата,6,709,16.04.2025,02.01.2026,Excel-выгрузка,Повышенный тариф (спрос)
96,TAXI-000096,ORD-366137,,Богданова Полина Викторовна,Бизнес,Toyota Camry,Челябинск,"ул. Победы, д. 63, кв. 28",+7-917-692-90-76,bogdanovapol263@mail.ru,В пути к клиенту,много,,17.03.2025,2024,,Отмена по вине водителя
97,TAXI-000097,ORD-897056,ORD-897056,Алексеева Анна Викторовна,Экономичный класс,Lada Vesta,Краснодар,"ул. Молодёжная, д. 141, кв. 136",+7-950-557-79-60,alekseevaann696@mail.ru,В пути к клиенту,3,1086,04.03.2024,16.02.2024,1С:Предприятие,Оплата картой
98,TAXI-000098,ORD-751618,ORD-751618,Волкова Алина Ивановна,Минивэн,Kia Rio,Казань,"ул. Спортивная, д. 34, кв. 139",+7-940-679-77-71,volkovaalina942@yandex.ru,Отменена,32,981,26.05.2023,19.05.2024,SAP ERP,Отмена по вине водителя
99,TAXI-000099,ORD-282117,ORD-282117,Голубева Ольга Ивановна,Бизнес-класс,Skoda,Санкт-Петербург,"ул. Молодёжная, д. 3, кв. 61",+7-922-878-33-79,golubevaolga483@mail.ru,,2,1477,31.02.2026,16.09.2024,SAP ERP,Повышенный тариф (спрос)
100,TAXI-000100,ORD-818038,ORD-818038,Попов Александр Сергеевич,Экономичный класс,,Пермь,"ул. Центральная, д. 93, кв. 77",+7-933-378-18-60,popovaleksan543@gmail.com,Поездка завершена,40,713,28.01.2023,14.07.2025,CRM Bitrix24,Отмена по вине водителя
101,TAXI-000101,ORD-435059,ORD-435059,Кузнецова Елена Викторовна,Комфортный класс,Lada Vesta,Вор,"ул. Спортивная, д. 115, кв. 65",+7-927-274-16-39,kuznecovaele57@outlook.com,Поездка завер.,35,3291,24.05.2025,07.04.2026,1С:Предприятие,
102,TAXI-000102,ORD-490555,ORD-490555,Попова Татьяна Андреевна,Комфортный класс,Lada Vesta,Крд,"ул. Ленина, д. 110, кв. 13",+7-915-985-43-52,popovatatyan609@outlook.com,В пути к клиенту,-1,701,2026,22.12.2025,Собственная система учёта,Повышенный тариф (спрос)
103,TAXI-000103,ORD-624463,ORD-624463,Семёнова,Эконом,Skoda Rapid,Москва,"ул. Мира, д. 145, кв. 111",12345,semenovaekat29@yandex.ru,Отменена,9,,,28.02.2024,Собственная система учёта,Заказ с детским креслом
104,TAXI-000104,ORD-676411,ORD-676411,Попова Ирина Андреевна,Комфортный класс,Kia Rio,Казань,"ул. Центральная, д. 1, кв. 69",+7-946-762-35-71,popovairinaa518@,В пути к кл.,38,572,21.09.2025,26.06.2025,1С:Предприятие,Оплата картой
105,TAXI-000105,ORD-550212,ORD-550212,Фёдорова Виктория Петровна,Экономичный класс,Skoda Rapid,Казань,"ул. Гагарина, д. 5, кв. 120",+7-931-950-68-48,нет_почты,Поездка начата,59,901,26.09.2025,19.04.2025,Excel-выгрузка,Заказ
106,TAXI-000106,ORD-504203,ORD-504203,Смирнов Никита Андреевич,Экономичный класс,Kia Rio,Нижний Новгород,"ул. Спортивная, д. 121, кв. 187",+7-938-341-92-65,smirnovnikit492@outlook.com,В пути к клиенту,57,3228,07.05.2025,07.05.2026,SAP ERP,Повышенный тариф (спрос)
107,TAXI-000107,ORD-752881,ORD-752881,Голубева Юлия Сергеевна,Минивэн,,Челябинск,"ул. Мира, д. 87, кв. 104",+7-958-828-49-38,golubevayuli855@mail.ru,В пути к клиенту,40,2490,09.04.2023,01.11.2026,SAP ERP,Заказ с детским креслом
108,TAXI-000108,ORD-407244,ORD-407244,Павлов Егор Александрович,Эконом,Hyundai Solaris,Казань,"ул. Пушкина, д. 3, кв. 154",+7-914-529-99-55,pavlovegoral234@outlook.com,Поездка завершена,27,672,13.03.2025,25.12.2025,CRM,Заказ с детским креслом
109,TAXI-000109,ORD-483744,ORD-483744,Петров Максим Андреевич,Минивэн,Toyota Camry,Екб,"ул. Ленина, д. 22, кв. 184",+7-927-950-90-17,petrovmaksim696@mail.ru,Поездка начата,10,2061,23.02.2024,06.08.2024,CRM Bitrix24,Отмена по вине водителя
110,TAXI-000110,ORD-425833,ORD-425833,???,Минивэн,Toyota Camry,Самара,"ул. Ленина, д. 3, кв. 163",+7-914-634-44-26,golubevanata223@yandex.ru,Поездка начата,40,2310,26.08.2025,06.03.2025,Собственная система учёта,
111,TAXI-000111,ORD-768332,ORD-768332,нет данных(ошибка),Минивэн,Lada Vesta,Самара,"ул. Центральная, д. 22, кв. 91",+7-925-983-86-12,volkovviktor171@yandex.ru,Поездка завершена,50,819,24.08.2025,11.07.2024,1С:Предприятие,Оплата картой
112,TAXI-000112,ORD-854663,ORD-854663,Воробьёв Никита Александрович,Экономичный класс,Hyundai Solaris,Ростов-на-Дону,,+7-99-abc-12-34,vorobevnikit150@gmail.com,Поездка завершена,33,2152,23.12.2024,09.06.2025,1С:Предприятие,Повышенный тариф (спрос)
113,TAXI-000113,ORD-284587,ORD-284587,Егорова Ольга Петровна,Комфорт,Hyundai Solaris,Пермь,"ул. Молодёжная, д. 114, кв. 94",+7-927-684-38-89,,В пути к клиенту,44,2503,01.10.2026,28.06.2025,CRM Bitrix24,
114,TAXI-000114,ORD-292125,ORD-292125,Алексеева Ксения Сергеевна,Минивэн,Toyota Camry,Пермь,"ул. Советская, д. 86, кв. 117",+7-922-354-75-22,alekseevakse253@yandex.ru,Поиск вод.,60,2121,11.05.2024,27.11.2024,CRM Bitrix24,Оплата картой
115,TAXI-000115,ORD-289570,####,Морозова Светлана Дмитриевна,Комфорт,Kia Rio,Нижний Новгород,"ул. Центральная, д. 65, кв. 6",+7-950-683-78-57,morozovasvet732@yandex.ru,Поездка завер.,11,375,2026-13-45,03.06.2024,Excel-выгрузка,Оплата картой
116,TAXI-000116,ORD-231610,ORD-231610,Волков,Экономичный класс,Lada Vesta,Пермь,"ул. Мира, д. 94, кв. 92",+7-930-647-73-16,volkovmaksim650@gmail.com,Поиск водителя,18,772,27.11.2024,10.11.2026,SAP ERP,Отмена по вине водителя
117,TAXI-000117,ORD-420390,нет данных(ошибка),Фёдоров Никита Сергеевич,Бизнес,Skoda Rapid,Санкт-Петербург,"ул. Гагарина, д. 83, кв. 60",+7-942-920-14-72,fedorovnikit601@mail.ru,Поиск водителя,55,1171,12.01.2025,08.12.2026,SAP ERP,
118,TAXI-000118,ORD-366263,ORD-366263,N/A,Экономичный класс,Skoda Rapid,Пермь,"ул. Центральная, д. 81, кв. 92",12345,fedorovaolga178@yandex.ru,Отменена,,2810,,27.01.2024,Excel-выгрузка,Оплата картой
119,TAXI-000119,ORD-881168,ORD-881168,,Минивэн,Kia Rio,Новосибирск,"ул. Гагарина, д. 3, кв. 200",+7-910-5,smirnovegorv43@gmail.com,Поездка нач.,10,374,18.10.2025,00.00.0000,SAP ERP,Отмена по вине водителя
120,TAXI-000120,ORD-724580,ORD-724580,Смирнов Владимир Николаевич,Комфорт,Kia Rio,Пермь,"ул. Молодёжная, д. 7, кв. 130",+7-912-863-85-14,smirnovvladi46@mail.ru,Поиск водителя,59,1315,04.12.2026,07.12.2024,Собственная система учёта,Заказ с детским креслом
121,TAXI-000121,ORD-609180,ORD-609180,Виноградова Юлия Дмитриевна,Комфорт,Hyundai Solaris,Н.Новгород,"ул. Молодёжная, д. 30, кв. 99",+7-99-abc-12-34,vinogradovay991@outlook.com,Отменена,ABC,,2025,14.06.2026,нет данных(ошибка),Оплата картой
122,TAXI-000122,ORD-467544,ORD-467544,Воробьёва Дарья Ивановна,Бизнес-класс,Lada Vesta,Смр,"ул. Садовая, д. 138, кв. 195",+7-920-489-71-32,vorobevadary13@mail.ru,Поездка завершена,10,3076,00.00.0000,21.12.2024,Собственная система учёта,Оплата картой
123,TAXI-000123,ORD-805932,ORD-805932,Морозова Полина Петровна,Комфортный класс,Kia Rio,Челяб.,"ул. Советская, д. 91, кв. 108",+7-928-118-69-76,morozovapoli745@yandex.ru,Пои,35,1059,20.07.2023,25.09.2025,Собственная система учёта,
124,TAXI-000124,ORD-759355,ORD-759355,N/A,Бизнес-класс,Skoda Rapid,Казань,"ул. Садовая, д. 53, кв. 106",+7-939-181-43-59,kuznecovairi270@outlook.com,Отменена,3,много,17.09.2026,15.07.2026,SAP ERP,Оплата картой
125,TAXI-000125,ORD-688446,,Кузнецов Илья Дмитриевич,не указано(ошибка),Skoda Rapid,Неизвестная категория,"ул. Молодёжная, д. 12, кв. 90",+7-952-722-56-61,kuznecovilya311@yandex.ru,В пути к клиенту,60,3224,02.09.2023,15.11.2026,CRM Bitrix24,
126,TAXI-000126,ORD-253668,ORD-253668,Попов Александр Викторович,Бизнес-класс,Lada Vesta,Новосибирск,"ул. Советская, д. 62, кв. 198",+7-940-820-71-71,popovaleksan19@yandex.ru,В пути к клиенту,7,1700,18.12.2026,19.02.2025,CRM Bitrix24,Отмена
127,TAXI-000127,ORD-212964,ORD-212964,???,Экономичный класс,Hyundai Solaris,Волгоград,"ул. Пушкина, д. 15, кв. 36",+7-933-937-47-53,petrov@@mail..ru,Поиск водителя,22,1361,24.09.2023,22.01.2026,Собственная система учёта,
128,TAXI-000128,ORD-677305,ORD-677305,Голубева Екатерина Ивановна,Минивэн,Kia Rio,Краснодар,"ул. Садовая, д. 123, кв. 35",+7-929-486-22-60,golubevaekat14@yandex.ru,В пути к клиенту,52,3400,17.04.2025,02.11.2024,???,Оплата картой
129,TAXI-000129,,ORD-708449,Волков Сергей Сергеевич,Бизнес-класс,Toyota Camry,Ека,"ул. Ленина, д. 126, кв. 178",+7-955-384-23-66,volkovsergei322@outlook.com,Поездка нач.,27,3240,17.03.2026,23.08.2026,-,???
130,TAXI-000130,ORD-204622,ORD-204622,Егорова,Комфорт,Skoda Rapid,Влгд,"ул. Центральная, д. 84, кв. 162",+7-935-157-10-31,egorovavikto256@yandex.ru,Поиск водителя,9,-1,12.01.2025,,Excel-выгрузка,Оплата картой
131,TAXI-000131,ORD-293412,ORD-293412,Алексеев Павел Александрович,Бизнес-класс,Hyundai Solaris,Краснодар,"ул. Гагарина, д. 130, кв. 4",+7-931-1,alekseevpave45@outlook.com,Отменена,52,620,19.04.2024,17.08.2024,Собственная система учёта,Повышенный тариф (спрос)
132,TAXI-000132,ORD-908791,ORD-908791,Фёдоров Павел Александрович,Минивэн,Kia Rio,Ростов-на-Дону,"ул. Мира, д. 84, кв. 36",+7-940-500-88-51,fedorovpavel311@gmail.com,Поездка начата,10,210,26.03.2024,18.12.2025,CRM Bitrix24,Повышенный тариф (спрос)
133,TAXI-000133,ORD-662761,ORD-662761,Лебедева Светлана Дмитриевна,Комфортный класс,Lada Vesta,Екатеринбург,"ул. Центральная, д. 20, кв. 77",+7-933-142-38-19,lebedevasvet936@mail.ru,Отменена,3,2998,22.07.2024,19.11.2025,1С:Предприятие,Повышенный тариф (спрос)
134,TAXI-000134,ORD-926263,ORD-926263,Козлов Виктор Иванович,Экономичный класс,Lada Vesta,Санкт-Петербург,"ул. Ленина, д. 68, кв. 117",+7-915-994-74-82,kozlovviktor851@mail.ru,Поиск водителя,53,2526,11.12.2024,22.11.2025,Собственная система учёта,####
135,TAXI-000135,ORD-418529,ORD-418529,Богданова Светлана Андреевна,Бизнес-класс,Hyundai Solaris,Мск,"ул. Советская, д. 68, кв. 21",+7-927-195-35-18,bogdanovasve114@mail.ru,Отменена,41,574,11.01.2025,23.12.2024,CRM Bitrix24,Заказ с детским креслом
136,TAXI-000136,ORD-430157,ORD-430157,Воробьёва Татьяна Александровна,Бизнес-класс,Skoda Rapid,Челябинск,"ул. Ленина, д. 129, кв. 93",+7-936-101-83-45,vorobevataty827@mail.ru,не указано(ошибка),30,559,27.11.2025,17.08.2026,CRM Bitrix24,Оплата картой
137,TAXI-000137,ORD-122838,ORD-122838,Алексеев Андрей Иванович,Бизнес-класс,Skoda Rapid,Челяб.,"ул. Гагарина, д. 40, кв. 118",+7-930-777-70-86,alekseevandr810@gmail.com,,30,3122,08.01.2025,09.08.2024,SAP ERP,
138,TAXI-000138,ORD-757863,ORD-757863,Виноградова Алина Петровна,Эконом,Toyota Camry,Екатеринбург,ул.,+7-924-502-88-46,vinogradovaa191@mail.ru,Поездка завершена,20,440,01.07.2023,14.03.2024,Excel-выгрузка,Повышенный тариф (спрос)
139,TAXI-000139,ORD-345097,ORD-345097,Богданова Ксения Александровна,Бизнес-класс,Lada Vesta,Ростов-н/Д,ул.,+7-912-183-13-78,bogdanovakse660@outlook.com,Поездка начата,19,1817,11.03.2023,02.07.2024,Excel-выгрузка,Повышенный тариф (спрос)
140,TAXI-000140,ORD-122353,ORD-122353,Морозов Илья Иванович,Минивэн,Toyota Camry,Н.Новгород,"ул. Садовая, д. 97, кв. 199",+7-950-751-84-76,,Поездка начата,,434,вчера,26.07.2024,1С:Предприятие,Оплата картой
141,TAXI-000141,ORD-156158,ORD-156158,Семёнова Татьяна Александровна,Экономичный класс,нет данных(ошибка),Челябинск,"ул. Советская, д. 124, кв. 81",+7-946-417-86-35,semenovataty836@yandex.ru,Поиск водителя,29,2311,03.02.2023,19.02.2025,Excel-выгрузка,Оплата картой
142,TAXI-000142,ORD-138287,ORD-138287,Соколов Александр Дмитриевич,Бизнес,Skoda Rapid,Н.Новгород,"ул. Мира, д. 92, кв. 86",+7-947-533-67-45,sokolovaleks238@yandex.ru,В пути к клиенту,43,2861,19.11.2025,23.07.2026,SAP ERP,12345XYZ
143,TAXI-000143,ORD-269616,ORD-269616,Голубев Дмитрий Александрович,Комфорт,Kia Rio,Новосиб.,"ул. Советская, д. 1, кв. 194",12345,golubevdmitr394@yandex.ru,Поездка завер.,23,1028,04.12.2026,16.10.2026,Excel-выгрузка,Заказ с детским креслом
144,TAXI-000144,ORD-208806,ORD-208806,Воробьёва Мария Николаевна,Минивэн,Kia Rio,Ниж,"ул. Садовая, д. 127, кв. 184",+7-956-255-35-81,vorobevamari867@gmail.com,Отмен.,25,1499,05.10.2024,26.11.2025,Excel-выгрузка,
145,TAXI-000145,ORD-575251,ORD-575251,Смирнова Наталья Андреевна,Бизнес,12345XYZ,Екатеринбург,N/A,+7-934-5,smirnovanata375@mail.ru,Поездка начата,36,2775,28.08.2023,15.06.2024,Собственная система учёта,Заказ с детским креслом
146,TAXI-000146,ORD-224195,ORD-224195,12345XYZ,Бизнес-класс,Hyundai Solaris,Ростов-н/Д,"ул. Спортивная, д. 143, кв. 157",+7-922-997-57-43,ivanov.mail.ru,Поездка завершена,14,2577,04.01.2026,21.11.2025,SAP ERP,Повышенный тариф (спрос)
147,TAXI-000147,ORD-609605,ORD-609605,Козлов Егор Андреевич,Бизнес-класс,Kia Rio,Челябинск,???,+7-935-865-84-29,kozlovegoran330@gmail.com,В пути к клиенту,39,2806,01.06.2023,13.03.2026,1С:Предприятие,Оплата картой
148,TAXI-000148,ORD-150237,ORD-150237,Кузнецова Виктория Александровна,Экономичный класс,Skoda Rapid,Ростов-н/Д,"ул. Мира, д. 107, кв. 19",+7-947-570-34-81,kuznecovavik807@gmail.com,Поездка начата,50,3209,03.03.2023,02.01.2024,ОШИБКА_ДАННЫХ,
149,TAXI-000149,ORD-246728,,Виноградова Мария Николаевна,Минивэн,Toyota Camry,Казань,"ул. Ленина, д. 144, кв. 104",+7-940-230-35-96,vinogradovam76@yandex.ru,Поиск вод.,17,2875,04.09.2025,15.11.2025,CRM Bitrix24,Отмена по вине водителя
150,TAXI-000150,ORD-997663,ORD-997663,Волкова Ирина Ивановна,###,Toyota Camry,Волгоград,"ул. Гагарина, д. 19, кв. 198",+7-943-660-27-27,volkovairina421@mail.ru,В пути к клиенту,49,484,04.05.2026,31.02.2026,CRM Bitrix24,Оплата картой
151,TAXI-000151,,ORD-263096,Кузнецов Андрей Иванович,Комфорт,Lada Vesta,Крд,"ул. Советская, д. 82, кв. 161",+7-949-705-18-62,kuznecovandr445@outlook.com,Поездка начата,1,1148,00.00.0000,03.11.2026,Собственная система учёта,Заказ с детским креслом
152,TAXI-000152,ORD-790580,ORD-790580,Попов Алексей Сергеевич,Минивэн,Lada Vesta,СПб,"ул. Гагарина, д. 98, кв. 155",+7-925-572-84-43,popovaleksei866@gmail.com,В пути к клиенту,60,913,20.03.2025,09.05.2025,SAP,
153,TAXI-000153,ORD-391945,ORD-391945,Павлова Мария Ивановна,Экономичный класс,Hyundai Solaris,Санкт-Петербург,"ул. Пушкина, д. 57, кв. 57",+7-912-536-42-13,pavlovamariy329@mail.ru,Отменена,32,2111,2023,20.06.2026,1С:Предприятие,Отмена по вине водителя
154,TAXI-000154,ORD-832535,ORD-832535,Голубева Виктория Петровна,Экономичный класс,Kia Rio,Новосибирск,"ул. Спортивная, д. 26, кв. 177",+7-919-116-44-59,golubevavikt480@yandex.ru,В пути к кл.,8,1839,13.12.2024,,CRM Bitrix24,Заказ с детским креслом
155,TAXI-000155,ORD-299503,ORD-299503,Смирнов Андрей Александрович,Ком,Toyota Camry,Новосиб.,"ул. Победы, д. 146, кв. 126",+7-939-888-39-68,smirnovandre617@yandex.ru,Поездка начата,32,2521,03.06.2025,27.11.2026,CRM Bitrix24,Повышенный тариф (спрос)
156,TAXI-000156,ORD-854777,ORD-854777,Смирнов Павел Дмитриевич,Экономичный класс,Lada Vesta,Ворнж,"ул. Советская, д. 101, кв. 117",+7-910-323-77-64,нет_почты,Поездка нач.,26,2824,04.07.2026,,Собственная система учёта,Повышенный тариф (спрос)
157,TAXI-000157,ORD-865757,ORD-865757,Лебедева Мария Александровна,Эконом,Toyota Camry,Москва,"ул. Победы, д. 102, кв. 64",+7-912-860-75-99,lebedevamari592@yandex.ru,В пути к клиенту,41,1185,15.09.2024,26.03.2024,1С:Предприятие,Оплата
158,TAXI-000158,нет данных(ошибка),ORD-594616,Виноградова Юлия Андреевна,Экономичный класс,Kia Rio,Ворнж,"ул. Центральная, д. 59, кв. 184",+7-937-461-47-79,vinogradovay153@gmail.com,В пути к кл.,1,2083,03.01.2024,28.08.2026,1С:Предприятие,
159,TAXI-000159,ORD-409253,ORD-409253,,Минивэн,Kia Rio,Челяб.,"ул. Спортивная, д. 111, кв. 196",+7-923-744-60-51,novikovilyad161@mail.ru,Отменена,47,3142,11.06.2025,23.11.2024,1С:Предприятие,Оплата картой
160,TAXI-000160,ORD-481086,ORD-481086,Виноградова Елена Дмитриевна,Бизнес-класс,Toyota Camry,Самара,"ул. Пушкина, д. 33, кв. 33",+7-937-998-32-36,,В пути к клиенту,27,193,05.03.2026,02.06.2024,CRM Bitrix24,
161,TAXI-000161,ORD-342130,ORD-342130,Лебедев Владимир Николаевич,Комфорт,Skoda Rapid,Екатеринбург,"ул. Центральная, д. 85, кв. 53",+7-946-217-65-83,lebedevvladi870@yandex.ru,Отменена,2,2632,23.07.2023,04.04.2025,Excel-выгрузка,Отмена по вине водителя
162,TAXI-000162,ORD-741955,ORD-741955,Голубев Кирилл Николаевич,Экономичный класс,Kia Rio,Екатеринбург,"ул. Ленина, д. 66, кв. 96",+7-927-358-18-12,,Поездка завершена,26,1230,01.01.2026,10.09.2026,SAP ERP,Повышенный тариф (спрос)
163,TAXI-000163,ORD-679148,ORD-679148,Кузнецов Алексей Петрович,Минивэн,12345XYZ,Волгоград,"ул. Спортивная, д. 106, кв. 178",+7-920-628-10-85,kuznecovalek303@yandex.ru,Поиск водителя,8,1619,27.06.2023,20.11.2024,Excel-выгрузка,
164,TAXI-000164,,ORD-700986,Кузнецова Светлана Андреевна,Экономичный класс,Skoda Rapid,,"ул. Победы, д. 96, кв. 41",+7-954-350-99-30,kuznecovasve677@yandex.ru,Отмен.,60,,27.09.2025,15.04.2026,Excel-выгрузка,Повышенный тариф (спрос)
165,TAXI-000165,ORD-346427,ORD-346427,Петров Андрей Николаевич,Минивэн,Lada Vesta,Волгоград,"ул. Победы, д. 51, кв. 153",+7-933-147-23-21,petrovandrei937@mail.ru,Поездка начата,50,801,17.06.2025,27.07.2026,CRM Bitrix24,Отмена по вине водителя
166,TAXI-000166,ORD-566953,ORD-566953,Богданова Юлия Сергеевна,Минивэн,Hyundai Solaris,Екб,"ул. Мира, д. 114, кв. 71",+7-944-701-12-40,bogdanovayul261@mail.ru,Поездка начата,52,2335,вчера,04.08.2026,Собственная система учёта,Отмена по вине водителя
167,TAXI-000167,ORD-170681,ORD-170681,Морозова,Комфортный класс,Toyota Camry,Екатеринбург,"ул. Победы, д. 85, кв. 178",+7-959-402-94-56,morozovapoli47@yandex.ru,Поездка нач.,,3399,14.10.2025,15.06.2025,Excel-выгрузка,
168,TAXI-000168,ORD-736765,ORD-736765,Кузнецова Ольга Андреевна,Минивэн,Toyota Camry,Смр,"ул. Садовая, д. 58, кв. 5",+7-955-412-52-69,kuznecovaolg995@outlook.com,В пути к клиенту,29,1174,04.11.2025,01.07.2024,Собственная система учёта,
169,TAXI-000169,ORD-990102,ORD-990102,Воробьёв Кирилл Петрович,Экономичный класс,Hyundai Solaris,Новосиб.,"ул. Гагарина, д. 47, кв. 30",+7-959-310-35-58,vorobevkiril63@outlook.com,Поиск вод.,59,2255,,24.11.2025,1С:Предприятие,Заказ с детским креслом
170,TAXI-000170,ORD-804243,ORD-804243,Виноградова Екатерина Андреевна,Экономичный класс,Lada Vesta,Нижний Новгород,"ул. Молодёжная, д. 28, кв. 190",+7-917-865-41-83,vinogradovae592@outlook.com,Отменена,9,2060,11.11.2023,02.07.2026,CRM Bitrix24,Заказ с детским креслом
171,TAXI-000171,ORD-646172,ORD-646172,Богданова Ксения Викторовна,не указано(ошибка),Toyota Camry,Новосиб.,,+7-942-767-23-79,bogdanovakse795@gmail.com,В п,37,2064,08.12.2026,19.12.2024,1С:Предприятие,Оплата картой
172,TAXI-000172,N/A,ORD-593107,####,Бизнес-класс,Skoda Rapid,Челябинск,"ул. Пушкина, д. 80, кв. 71",+7-99-abc-12-34,,В пути к клиенту,48,1895,21.07.2024,21.05.2025,CRM Bitrix24,Повышенный тариф (спрос)
173,TAXI-000173,ORD-905927,ORD-905927,Воробьёв Алексей Дмитриевич,Минивэн,Hyundai Solaris,Самара,ул.,+7-947-767-75-36,vorobevaleks978@gmail.com,Отменена,48,371,23.10.2026,12.07.2026,Собственная система учёта,Повышенный тариф (спрос)
174,TAXI-000174,ORD-572320,ORD-572320,Голубева Мария Викторовна,Неизвестная категория,Toyota Camry,СПб,"ул. Молодёжная, д. 123, кв. 135",+7-929-943-37-49,golubevamari501@mail.ru,В пути к клиенту,4,1963,27.11.2023,13.08.2025,1С:Предприятие,Заказ с детским креслом
175,TAXI-000175,ORD-431667,,Иванова Дарья Петровна,Комфортный класс,Lada Vesta,Казань,"ул. Гагарина, д. 39, кв. 49",+7-922-832-74-51,petrov@@mail..ru,В пути к клиенту,58,924,00.00.0000,05.06.2026,,Повышенный тариф (спрос)
176,TAXI-000176,ORD-815252,ORD-815252,Соколова,Экономичный класс,Kia Rio,Ворнж,"ул. Молодёжная, д. 81, кв. 51",+7-920-569-40-50,sokolovaksen829@gmail.com,Поиск водителя,19,2702,09.03.2026,02.12.2026,CRM Bitrix24,Заказ с детским креслом
177,TAXI-000177,ORD-234174,ORD-234174,Голубев Илья Дмитриевич,Бизнес,Lada Vesta,Смр,"ул. Спортивная, д. 85, кв. 9",+7-947-348-55-50,,Поездка завер.,3,759,14.01.2023,09.08.2024,1С:Предприятие,Заказ с детским креслом
178,TAXI-000178,ORD-538406,ORD-538406,Алексеева,Минивэн,Lada Vesta,Санкт-Петербург,"ул. Гагарина, д. 28, кв. 142",+7-946-355-94-86,alekseevanat980@mail.ru,В пути к клиенту,31,2922,11.07.2023,24.08.2024,Excel-выгрузка,Оплата картой
179,TAXI-000179,ORD-261293,ORD-261293,Богданов Максим Андреевич,Экономичный класс,Skoda,,-,+7-945-811-55-41,bogdanovmaks960@mail.ru,Поездка нач.,24,1664,19.06.2025,,Excel-выгрузка,Заказ с детским креслом
180,TAXI-000180,ORD-839972,####,Голубев Александр Петрович,Минивэн,Toyota Camry,Казань,"ул. Пушкина, д. 56, кв. 60",+7-951-240-72-62,golubevaleks591@yandex.ru,Отменена,4,1226,01.01.2026,23.03.2026,CRM Bitrix24,Отмена по вине водителя
181,TAXI-000181,-,ORD-693038,Попов Павел Иванович,Эконом,Kia Rio,Ворнж,"ул. Гагарина, д. 39, кв. 16",+7-946-554-57-53,popovpaveliv411@mail.ru,Поиск водителя,30,3317,21.07.2023,24.01.2025,1С:Предприятие,Повышенный тариф (спрос)
182,TAXI-000182,,ORD-811160,Петров Александр Андреевич,Комфортный класс,Skoda Rapid,Нижний Новгород,"ул. Спортивная, д. 9, кв. 118",+7-99-abc-12-34,petrovaleksa392@mail.ru,В пути к клиенту,47,452,08.11.2024,19.04.2026,1С:Предприятие,
183,TAXI-000183,ORD-265204,ORD-265204,Фёдорова Светлана Сергеевна,Экономичный класс,Hyundai Solaris,Новосибирск,"ул. Советская, д. 7, кв. 123",+7-915-263-32-63,fedorovasvet887@mail.ru,Поиск водителя,58,2440,17.03.2024,15.11.2024,Excel-выгрузка,Повышенный тариф (спрос)
184,TAXI-000184,ORD-290663,ORD-290663,Волков Александр Николаевич,Бизнес-класс,Lada Vesta,Пермь,"ул. Садовая, д. 138, кв. 114",+7-920-660-28-17,volkovaleksa199@outlook.com,В пути к клиенту,11,2988,06.02.2023,18.10.2025,1С:Предприятие,-
185,TAXI-000185,ORD-371252,ORD-371252,Алексеев Артём Викторович,Комфортный класс,Skoda Rapid,Челябинск,"ул. Молодёжная, д. 4, кв. 146",+7-936-938-98-12,alekseevarte908@outlook.com,Поездка начата,29,787,06.06.2025,07.08.2025,Excel-выгрузка,
186,TAXI-000186,ORD-588401,ORD-588401,Голубева Татьяна Николаевна,Экономичный класс,Lada Vesta,Москва,"ул. Спортивная, д. 70, кв. 107",+7-930-590-69-68,golubevataty445@mail.ru,Поиск вод.,10,2668,18.03.2026,13.03.2025,Собственная система учёта,Оплата картой
187,TAXI-000187,ORD-934210,ORD-934210,Попова Юлия Ивановна,Экономичный класс,Lada Vesta,Нижний Новгород,"ул. Мира, д. 113, кв. 7",+7-910-449-35-73,popovayuliya661@mail.ru,Отменена,28,286,24.07.2025,18.07.2026,Собственная система учёта,Оплата картой
188,TAXI-000188,ORD-933511,ORD-933511,,Бизнес-класс,Lada Vesta,Казань,"ул. Победы, д. 17, кв. 37",+7-939-696-77-34,egorovromani902@mail.ru,В пути к кл.,49,3270,18.03.2025,08.06.2026,SAP ERP,Повышенный тариф (спрос)
189,TAXI-000189,,ORD-187247,Иванова Виктория Дмитриевна,Эконом,Toyota Camry,Неизвестная категория,"ул. Пушкина, д. 143, кв. 6",+7-943-550-10-99,ivanovavikto483@mail.ru,Поиск водителя,45,2257,28.08.2026,,12345XYZ,Отмена по вине водителя
190,TAXI-000190,ORD-590040,ORD-590040,Петрова Ксения Петровна,Бизнес,Hyundai Solaris,Нижний Новгород,нет данных(ошибка),+7-945-692-57-66,petrovakseni464@outlook.com,В пути к кл.,42,1352,22.02.2026,00.00.0000,1С:Предприятие,Оплата картой
191,TAXI-000191,ORD-968931,ORD-968931,Петрова Елена Петровна,Экономичный класс,Hyundai Solaris,Челябинск,"ул. Садовая, д. 93, кв. 8",+7-956-280-11-57,petrovaelena153@mail.ru,Поездка начата,43,-1,22.03.2026,23.04.2026,Собственная система учёта,Заказ с детским креслом
192,TAXI-000192,ORD-134364,ORD-134364,Соколов Павел Петрович,Бизнес,Toyota Camry,Самара,"ул. Спортивная, д. 122, кв. 69",+7-951-571-96-98,sokolovpavel656@gmail.com,В пути к клиенту,56,2604,20.06.2026,24.08.2026,SAP ERP,???
193,TAXI-000193,ORD-971803,ORD-971803,Попова Ирина Ивановна,Бизнес-класс,Kia Rio,Москва,"ул. Пушкина, д. 22, кв. 104",+7-928-215-54-37,popovairinai299@outlook.com,Поиск водителя,51,3373,07.02.2025,25.08.2024,Собственная система учёта,Заказ с детским креслом
194,TAXI-000194,ORD-565713,ORD-565713,Егорова Виктория Петровна,Минивэн,Toyota Camry,Санкт-Петербург,ул.,+7-930-4,egorovavikto309@outlook.com,Отмен.,43,340,10.09.2025,13.12.2026,Собственная система учёта,
195,TAXI-000195,ORD-182670,ORD-182670,Фёдоров Никита Александрович,Неизвестная категория,Kia Rio,Самара,"ул. Победы, д. 129, кв. 103",+7-920-390-15-96,fedorovnikit455@gmail.com,Пое,17,1504,20.10.2023,14.09.2026,CRM Bitrix24,Заказ с детским креслом
196,TAXI-000196,ORD-370990,ORD-370990,Волков Сергей Сергеевич,Минивэн,N/A,Санкт-Петербург,####,+7-954-158-99-76,,Поиск водителя,35,1175,14.11.2026,18.10.2026,SAP ERP,
197,TAXI-000197,ORD-333174,ORD-333174,Козлова Ольга Викторовна,Минивэн,Hyundai Solaris,Краснодар,"ул. Советская, д. 14, кв. 169",+7-939-840-98-35,kozlovaolgav710@gmail.com,Отмен.,1,3260,05.03.2023,09.07.2026,CRM Bitrix24,Повышенный тариф (спрос)
198,TAXI-000198,ORD-746132,ORD-746132,N/A,Бизнес-класс,Skoda Rapid,Нижний Новгород,"ул. Садовая, д. 42, кв. 148",+7-943-990-71-80,popovatatyan736@mail.ru,Отменена,10,413,22.08.2025,24.10.2025,Собственная система учёта,Повышенный тариф (спрос)
199,TAXI-000199,ORD-568562,ORD-568562,Морозов Александр Сергеевич,Комфортный класс,Lada Vesta,Санкт-Петербург,"ул. Центральная, д. 141, кв. 65",+7-953-585-33-20,ivanov.mail.ru,Поиск водителя,30,900,18.06.2026,12.05.2024,CRM Bitrix24,
200,TAXI-000200,ORD-972603,ORD-972603,Семёнова Светлана Ивановна,Минивэн,Toyota Camry,Краснодар,"ул. Садовая, д. 119, кв. 121",+7-931-400-45-52,,Поездка завершена,ABC,1357,09.04.2023,20.02.2024,CRM Bitrix24,
