ID,Код записи,Номер счёта,Номер счёта (повтор),ФИО клиента,Тип счёта,Валюта счёта,Город,Адрес,Телефон,Email,Статус транзакции,Количество операций за месяц,"Остаток на счёте, руб.",Дата создания записи,Дата последнего обновления,Система-источник,Примечания
1,BANK-000001,40816944000879127,40816944000879127,Волкова Ирина Дмитриевна,Кредитный счёт,RUB,Казань,"ул. Молодёжная, д. 7, кв. 55",+7-929-631-31-40,volkovairina508@outlook.com,В о,70,4102357,19.07.2024,05.04.2026,CRM Bitrix24,
2,BANK-000002,40811571303638904,40811571303638904,Павлов Сергей Николаевич,категория_5,EUR,Краснодар,"ул. Пушкина, д. 106, кв. 108",+7-927-629-65-71,pavlovsergei101@,,29,4119593,02.03.2023,04.04.2025,Excel-выгрузка,Открыт по зарплатному проекту
3,BANK-000003,40819458690119421,40819458690119421,Новиков Дмитрий Викторович,Депозитный счёт,RUB,Крд,"ул. Мира, д. 29, кв. 192",+7-959-375-42-20,novikovdmitr450@gmail.com,В обработке,69,945730,07.12.2025,03.07.2026,1С:Предприятие,Есть просроченная задолженность
4,BANK-000004,40817706759000588,40817706759000588,Егоров Андрей Александрович,Кредитный счёт,CNY,Санкт-Петербург,"ул. Мира, д. 133, кв. 156",+7-920-509-12-52,egorovandrei348@gmail.com,Отклонена,,2941332,24.03.2025,08.09.2025,Excel-выгрузка,
5,BANK-000005,40815495770157928,40815495770157928,Козлова Виктория Петровна,Расч. счёт,RUB,###,"ул. Ленина, д. 51, кв. 75",+7-953-379-90-97,kozlovavikto288@gmail.com,Откл.,108,4753006,14.11.2025,01.01.2025,CRM Bitrix24,
6,BANK-000006,-,40812519779446869,Попов Артём Сергеевич,Расчётный счёт,USD,Екатеринбург,"ул. Садовая, д. 97, кв. 151",+7-940-373-97-26,popovartemse668@mail.ru,Заблок.,95,1741973,08.09.2026,22.06.2026,1С:Предприятие,
7,BANK-000007,40811375599105385,40811375599105385,Лебедева Екатерина Николаевна,Дебетовый счёт,RUB,Ростов-на-Дону,"ул. Победы, д. 9, кв. 140",+7-917-171-34-62,lebedevaekat877@gmail.com,Выполнена,30,2307660,09.09.2025,16.12.2024,Excel-выгрузка,VIP-клиент
8,BANK-000008,40814038345646117,40814038345646117,Воробьёва Алина Викторовна,Депозитный счёт,RUB,Нижний Новгород,"ул. Гагарина, д. 91, кв. 66",+7-928-727-59-64,vorobevaalin301@,В обработке,106,709202,23.12.2026,05.07.2025,Excel-выгрузка,Открыт по зарплатному проекту
9,BANK-000009,40819805406899610,40819805406899610,Кузнецов Александр Иванович,Дебетовый счёт,CNY,Екатеринбург,,+7-947-778-46-99,kuznecovalek600@gmail.com,В обр.,29,2626007,23.07.2023,08.09.2024,CRM Bitrix24,Есть просроченная задолженность
10,BANK-000010,40819558177773142,40819558177773142,Петрова Дарья Александровна,Деб. счёт,CNY,Москва,"ул. Центральная, д. 143, кв. 27",+7-918-799-89-46,petrovadarya460@,Заблокирована,9,2008296,28.05.2023,18.05.2026,SAP ERP,VIP-клиент
11,BANK-000011,40816076020788270,40816076020788270,Козлов Роман Викторович,Депозитный счёт,USD,Самара,"ул. Садовая, д. 52, кв. 164",+7-923-594-31-96,kozlovromanv731@outlook.com,Отклонена,110,3400602,18.10.2026,07.11.2024,1С:Предприятие,Счёт заблокирован по решению суда
12,BANK-000012,40817654303261652,40817654303261652,Голубев Илья Дмитриевич,Дебетовый счёт,EUR,Краснодар,"ул. Садовая, д. 34, кв. 187",+7-956-166-77-69,golubevilyad692@mail.ru,Отклонена,9,17021,19.12.2026,14.02.2024,1С:Предприятие,VIP-клиент
13,BANK-000013,40815532914191151,40815532914191151,нет данных(ошибка),Кредитный счёт,RUB,Самара,N/A,+7-929-276-48-72,smirnovroman983@yandex.ru,Отклонена,90,ABC,24.08.2024,10.08.2026,Собственная система учёта,Есть просроченная задолженность
14,BANK-000014,40811083573583324,40811083573583324,Богданов Кирилл Дмитриевич,Кредитный счёт,EUR,Екатеринбург,"ул. Гагарина, д. 86, кв. 25",+7-920-188-93-81,bogdanovkiri564@mail.ru,В обработке,96,1392484,19.08.2026,20.01.2026,Excel-выгрузка,Есть просроченная задолженность
15,BANK-000015,40813607129023806,40813607129023806,Лебедева Ирина Андреевна,Депоз. счёт,CNY,СПб,"ул. Молодёжная, д. 79, кв. 104",+7-958-945-95-77,petrov@@mail..ru,Выполнена,98,9763,22.04.2023,01.08.2026,Собственная система учёта,VIP-клиент
16,BANK-000016,40811822258681129,40811822258681129,Виноградова Татьяна Александровна,Расчётный счёт,CNY,Смр,"ул. Спортивная, д. 58, кв. 43",+7-912-610-14-83,vinogradovat280@yandex.ru,Откл.,76,1296464,24.08.2026,15.09.2025,Excel-выгрузка,Счёт заблокирован по решению суда
17,BANK-000017,40818209599494154,40818209599494154,Голубев Егор Николаевич,Депозитный счёт,EUR,Ростов-на-Дону,"ул. Победы, д. 114, кв. 35",+7-937-582-60-56,golubevegorn92@gmail.com,В обработке,64,863715,09.10.2026,19.08.2025,SAP ERP,VIP-клиент
18,BANK-000018,40811712133345994,40811712133345994,Попов Алексей Сергеевич,Дебетовый счёт,USD,Ростов-на-Дону,"ул. Гагарина, д. 102, кв. 157",+7-924-159-37-26,popovaleksei680@outlook.com,Отклонена,44,1441418,08.08.2025,20.01.2024,1С:Предприятие,Есть просроченная задолженность
19,BANK-000019,40815539007413042,40815539007413042,Егорова Елена Андреевна,Депозитный счёт,RUB,Ростов-на-Дону,"ул. Садовая, д. 88, кв. 38",+7-951-252-44-69,egorovaelena763@,Заблокирована,47,1024850,23.06.2024,16.04.2026,Собственная система учёта,
20,BANK-000020,40811438015558535,40811438015558535,Алексеев Виктор Андреевич,Расчётный счёт,CNY,Казань,"ул. Советская, д. 50, кв. 35",+7-941-544-39-37,alekseevvikt133@gmail.com,В обр.,68,,25.03.2026,,CRM Bitrix24,Счёт заблокирован по решению суда
21,BANK-000021,40814273524059880,40814273524059880,Лебедев Никита Дмитриевич,Дебетовый счёт,USD,Самара,"ул. Советская, д. 121, кв. 197",+7-956-815-16-10,lebedevnikit146@gmail.com,В обработке,32,285458,,07.05.2024,CRM Bitrix24,Счёт заблокирован по решению суда
22,BANK-000022,40814704472164421,40814704472164421,Егорова Ирина Дмитриевна,Кредитный счёт,EUR,Воронеж,ул.,,egorovairina104@outlook.com,Отклонена,96,953548,19.07.2026,18.07.2026,1С:Предприятие,Есть просроченная задолженность
23,BANK-000023,нет данных(ошибка),40817499555937519,Морозова Ирина Николаевна,Кред. счёт,RUB,Новосиб.,"ул. Центральная, д. 139, кв. 57",+7-939-735-95-30,morozovairin297@outlook.com,Выполнена,41,1730222,27.11.2024,21.04.2025,Собственная система учёта,Есть просроченная задолженность
24,BANK-000024,???,-,Виноградова Анна Андреевна,Деб. счёт,USD,Казань,"ул. Центральная, д. 120, кв. 174",+7-953-630-37-96,vinogradovaa83@yandex.ru,Отклонена,2,1996677,20.02.2024,25.06.2026,Собственная система учёта,Есть просроченная задолженность
25,BANK-000025,40817077223898822,40817077223898822,Смирнова Виктория Александровна,Кредитный счёт,EUR,Москва,"ул. Молодёжная, д. 112, кв. 112",+7-957-764-77-61,smirnovavikt413@mail.ru,Заблокирована,28,2496989,16.07.2026,2024,Собственная система учёта,
26,BANK-000026,40815339757629366,40815339757629366,Алексеев Никита Дмитриевич,Дебетовый счёт,USD,Краснодар,"ул. Победы, д. 48, кв. 80",+7-919-977-70-58,alekseevniki157@yandex.ru,Выполнена,41,2956729,22.04.2026,07.05.2025,Собственная система учёта,Есть просроченная задолженность
27,BANK-000027,40815525193509317,40815525193509317,Фёдорова Алина Николаевна,Дебетовый счёт,USD,Краснодар,"ул. Спортивная, д. 90, кв. 83",+7-957-392-63-56,fedorovaalin798@outlook.com,Откл.,ABC,,17.01.2026,02.04.2025,1С:Предприятие,Счёт заблокирован по решению суда
28,BANK-000028,40811275268919880,40811275268919880,Семёнова,Расчётный счёт,CNY,Екатеринбург,"ул. Гагарина, д. 90, кв. 189",+7-934-772-69-36,semenovaksen175@yandex.ru,В обработке,,4236181,19.05.2026,03.10.2024,Excel-выгрузка,N/A
29,BANK-000029,40811584647451200,40811584647451200,Богданова Наталья Ивановна,Расчётный счёт,RUB,Пермь,"ул. Центральная, д. 54, кв. 191",+7-919-523-49-48,bogdanovanat793@outlook.com,В обработке,,3934496,12.10.2025,03.05.2026,Excel-выгрузка,Есть просроченная задолженность
30,BANK-000030,40812025616541169,40812025616541169,Иванова Екатерина Андреевна,Расчётный счёт,RUB,Ростов-на-Дону,"ул. Пушкина, д. 94, кв. 164",+7-945-210-11-46,ivanovaekate770@gmail.com,Заблокирована,104,2071355,14.07.2025,09.05.2026,Excel-выгрузка,Счёт заблокирован по решению суда
31,BANK-000031,40815114443508193,40815114443508193,Богданова Виктория Александровна,Депоз. счёт,USD,Краснодар,"ул. Спортивная, д. 8, кв. 169",+7-931-498-65-54,bogdanovavik567@mail.ru,,56,4549312,15.12.2025,19.02.2025,Собственная,
32,BANK-000032,40815159686378279,40815159686378279,Козлова Наталья Николаевна,Депозитный счёт,RUB,,"ул. Молодёжная, д. 131, кв. 82",+7-949-319-74-15,kozlovanatal162@outlook.com,Откл.,7,1256588,17.01.2024,19.11.2026,Excel-выгрузка,Открыт по зарплатному проекту
33,BANK-000033,40813910440693915,40813910440693915,Морозов Сергей Андреевич,Депозитный счёт,EUR,Краснодар,"ул. Молодёжная, д. 85, кв. 46",+7-917-291-23-97,morozovserge399@gmail.com,Выполнена,105,1972451,01.02.2026,02.09.2026,,Открыт по зарплатному проекту
34,BANK-000034,40816462630525978,40816462630525978,Егоров,Дебетовый счёт,EUR,Казань,"ул. Ленина, д. 55, кв. 123",+7-935-365-66-45,egorovandrei441@outlook.com,Выполнена,84,687182,06.02.2026,26.02.2024,SAP ERP,VIP-клиент
35,BANK-000035,40818128273810644,40818128273810644,Богданова Ирина Ивановна,Дебетовый счёт,RUB,Москва,"ул. Пушкина, д. 32, кв. 81",+7-943-716-38-37,bogdanovairi382@yandex.ru,В обработке,108,4561792,23.12.2026,01.07.2026,1С:Предприятие,Счёт заблокирован по решению суда
36,BANK-000036,40816521247567541,40816521247567541,Иванов Александр Сергеевич,Депозитный счёт,CNY,Екатеринбург,"ул. Садовая, д. 3, кв. 28",+7-911-170-33-47,ivanovaleksa877@gmail.com,Заблокирована,12,4546434,18.06.2023,24.07.2024,1С:Предприятие,
37,BANK-000037,40813038298700486,,Алексеев Артём Александрович,Депоз. счёт,EUR,СПб,"ул. Спортивная, д. 25, кв. 172",+7-957-930-85-38,alekseevarte546@outlook.com,Заблокирована,,4208282,16.11.2026,01.08.2024,Собственная система учёта,VIP-клиент
38,BANK-000038,40816474545748761,40816474545748761,Фёдорова Анна Андреевна,Кредитный счёт,EUR,Мск,"ул. Центральная, д. 26, кв. 154",+7-937-185-29-85,fedorovaanna213@yandex.ru,В обработке,9,1633373,12.10.2025,02.03.2024,ОШИБКА_ДАННЫХ,Открыт по зарплатному проекту
39,BANK-000039,40819406166674087,40819406166674087,Голубева Ольга Петровна,,EUR,Ростов-на-Дону,"ул. Гагарина, д. 115, кв. 66",+7-944-107-59-61,golubevaolga70@mail.ru,В обработке,115,3477194,02.12.2024,вчера,Excel-выгрузка,
40,BANK-000040,40818550867894580,40818550867894580,Смирнов Павел Сергеевич,Дебетовый счёт,RUB,Краснодар,"ул. Молодёжная, д. 13, кв. 165",+7-914-655-20-25,smirnovpavel885@yandex.ru,В обработке,111,1859351,06.01.2024,19.06.2025,Собственная система учёта,Есть просроченная задолженность
41,BANK-000041,40813387637926971,40813387637926971,Попов Виктор Андреевич,Дебетовый счёт,EUR,Воронеж,"ул. Победы, д. 111, кв. 143",+7-952-804-74-99,popovviktora867@mail.ru,Выполнена,112,4887843,04.11.2026,28.07.2026,Собственная система учёта,VIP-клиент
42,BANK-000042,40816072214155271,40816072214155271,Соколов,Деб. счёт,USD,Самара,"ул. Ленина, д. 56, кв. 109",+7-910-631-25-61,sokolovaleks795@,Выполн.,120,4670755,09.05.2023,27.07.2026,1С:Предприятие,
43,BANK-000043,40812325862714626,40812325862714626,нет данных(ошибка),Дебетовый счёт,USD,Нижний Новгород,"ул. Молодёжная, д. 145, кв. 84",+7-926-387-82-55,kuznecovatat840@mail.ru,Заблокирована,1,4954501,02.09.2025,2025,Excel-выгрузка,Открыт по зарплатному проекту
44,BANK-000044,40818006554011451,40818006554011451,Козлов Кирилл Викторович,Дебетовый счёт,CNY,Нижний Новгород,ул.,+7-929-246-95-89,kozlovkirill298@mail.ru,Откл.,58,3716678,11.03.2026,00.00.0000,Собственная система учёта,####
45,BANK-000045,40818144481126936,40818144481126936,Смирнова Екатерина Викторовна,Кредитный счёт,RUB,Санкт-Петербург,"ул. Молодёжная, д. 74, кв. 127",+7-918-637-90-61,smirnovaekat481@mail.ru,Откл.,86,3148453,01.10.2025,вчера,CRM Bitrix24,12345XYZ
46,BANK-000046,40818846074766672,40818846074766672,Кузнецова Ольга Ивановна,Расчётный счёт,USD,Самара,"ул. Садовая, д. 103, кв. 112",+7-910-886-34-49,kuznecovaolg277@yandex.ru,Заблокирована,112,4600242,2026,13.02.2024,SAP ERP,Есть просроченная задолженность
47,BANK-000047,40816195552427268,40816195552427268,Алексеев Дмитрий Петрович,Кредитный счёт,USD,Санкт-Петербург,"ул. Гагарина, д. 83, кв. 38",+7-927-283-35-53,alekseevdmit350@yandex.ru,Заблокирована,106,283924,11.09.2023,27.09.2026,12345XYZ,Открыт по зарплатному проекту
48,BANK-000048,40817870230560368,40817870230560368,Соколова Татьяна Дмитриевна,Депозитный счёт,RUB,Новосиб.,"ул. Гагарина, д. 3, кв. 161",+7-933-849-39-52,sokolovataty786@,Выполнена,24,998471,14.06.2025,20.06.2024,Собственная система учёта,N/A
49,BANK-000049,40815261249284385,40815261249284385,Кузнецов Роман Александрович,Дебетовый счёт,USD,Казань,"ул. Пушкина, д. 67, кв. 191",+7-924-8,kuznecovroma288@mail.ru,Выполнена,103,4515155,08.09.2026,26.12.2025,CRM Bitrix24,ОШИБКА_ДАННЫХ
50,BANK-000050,40816346692562822,40816346692562822,Кузнецов Максим Дмитриевич,Расч. счёт,USD,,"ул. Мира, д. 56, кв. 126",+7-949-679-97-76,kuznecovmaks515@mail.ru,Выполнена,83,129961,19.11.2023,28.03.2025,SAP ERP,Счёт заблокирован по решению суда
51,BANK-000051,40818185366143498,40818185366143498,,Кред. счёт,EUR,Новосиб.,"ул. Садовая, д. 122, кв. 116",+7-928-894-54-26,vinogradovil219@outlook.com,Отклонена,64,4384544,24.04.2024,05.11.2025,SAP ERP,Открыт по зарплатному проекту
52,BANK-000052,40813255655317439,40813255655317439,Волкова Мария Дмитриевна,###,CNY,Крд,,+7-911-439-15-41,volkovamariy345@gmail.com,Отклонена,29,4647447,16.09.2024,09.01.2024,Excel-выгрузка,Есть просроченная задолженность
53,BANK-000053,40818655662446937,40818655662446937,Петров Артём Сергеевич,Расч. счёт,,Новосиб.,"ул. Садовая, д. 115, кв. 21",+7-956-781-26-17,petrovartems321@outlook.com,В обр.,9,1804793,12.09.2026,04.04.2026,SAP ERP,Счёт заблокирован по решению суда
54,BANK-000054,40813256559206285,40813256559206285,Петров Павел Петрович,Депоз. счёт,RUB,Нижний Новгород,"ул. Пушкина, д. 57, кв. 1",+7-950-938-25-11,petrovpavelp84@outlook.com,Отк,118,2400449,19.03.2025,10.07.2026,SAP ERP,Есть просроченная задолженность
55,BANK-000055,40815768753249490,40815768753249490,Смирнова Мария Петровна,Дебетовый счёт,RUB,Воронеж,"ул. Победы, д. 59, кв. 59",+7-925-383-84-67,smirnovamari638@yandex.ru,Заблок.,107,3920862,01.02.2023,07.12.2024,SAP ERP,Счёт заблокирован по решению суда
56,BANK-000056,40816305549447578,40816305549447578,Алексеева Татьяна Викторовна,Расчётный счёт,RUB,Пермь,"ул. Садовая, д. 135, кв. 130",+7-915-957-70-75,alekseevatat55@outlook.com,В обработке,14,3073217,20.08.2024,2025,Excel-выгрузка,Счёт заблокирован по решению суда
57,BANK-000057,40813244184703843,40813244184703843,ОШИБКА_ДАННЫХ,Кред. счёт,USD,СПб,-,+7-924-991-87-51,vorobevandre571@gmail.com,Выполнена,118,3682363,15.05.2023,04.11.2024,SAP ERP,
58,BANK-000058,40816448008491391,40816448008491391,Голубев Роман Николаевич,Дебетовый счёт,CNY,Москва,"ул. Советская, д. 104, кв. 99",+7-936-980-55-61,golubevroman4@mail.ru,Заблокирована,48,1168111,28.09.2024,28.02.2024,CRM Bitrix24,
59,BANK-000059,40813126554526163,40813126554526163,Лебедева Алина Ивановна,Кредитный счёт,CNY,Краснодар,,+7-937-367-37-86,lebedevaalin203@yandex.ru,Выполнена,116,2511250,19.11.2025,06.10.2025,1С:Предприятие,Есть просроченная задолженность
60,BANK-000060,,40817987768434647,Богданов Андрей Викторович,Кредитный счёт,RUB,,"ул. Советская, д. 65, кв. 168",+7-926-310-53-76,bogdanovandr593@,Выполнена,14,4369246,12.07.2025,09.03.2024,CRM Bitrix24,VIP-клиент
61,BANK-000061,40819225871856492,40819225871856492,Голубева Ольга Александровна,Депозитный счёт,USD,Самара,"ул. Молодёжная, д. 65, кв. 161",+7-943-197-20-98,golubevaolga745@outlook.com,Отклонена,74,2932764,2026-13-45,23.11.2026,SAP ERP,
62,BANK-000062,40815539488592387,40815539488592387,Козлов Никита Петрович,Кред. счёт,N/A,Екатеринбург,"ул. Молодёжная, д. 50, кв. 177",+7-935-444-83-73,kozlovnikita501@yandex.ru,Заблокирована,59,3587553,16.08.2026,07.10.2025,SAP ERP,
63,BANK-000063,40812264546370321,40812264546370321,Морозов Виктор Дмитриевич,Расч. счёт,EUR,Казань,"ул. Мира, д. 150, кв. 89",+7-924-893-81-13,morozovvikto184@gmail.com,Заблокирована,100,4122068,07.04.2024,01.10.2026,Excel-выгрузка,Есть просроченная задолженность
64,BANK-000064,40817391405178178,40817391405178178,Кузнецова Елена Дмитриевна,Деб. счёт,USD,Казань,"ул. Мира, д. 86, кв. 79",+7-943-100-49-46,kuznecovaele768@yandex.ru,В обработке,52,2106499,06.10.2026,19.05.2024,Собственная система учёта,VIP-клиент
65,BANK-000065,40811043323467849,40811043323467849,Егорова Юлия Дмитриевна,Расчётный счёт,EUR,Челяб.,####,+7-950-919-94-87,egorovayuliy351@mail.ru,Заблок.,28,4448609,,13.10.2026,Excel-выгрузка,Счёт заблокирован по решению суда
66,BANK-000066,40818951647066038,40818951647066038,Воробьёв Александр Иванович,Дебетовый счёт,RUB,Самара,"ул. Гагарина, д. 50, кв. 118",+7-921-542-49-38,нет_почты,Отклонена,,-1,09.03.2026,16.10.2025,1С:Предприятие,Открыт по зарплатному проекту
67,BANK-000067,40818811179815387,40818811179815387,Голубева Анна Петровна,,RUB,СПб,"ул. Победы, д. 79, кв. 174",+7-949-198-69-96,golubevaanna211@outlook.com,В обработке,93,3470440,,14.06.2026,Собственная система учёта,
68,BANK-000068,N/A,40811614450204132,Волкова Юлия Петровна,Кред. счёт,???,Краснодар,"ул. Молодёжная, д. 123, кв. 152",+7-928-949-37-99,volkovayuliy876@,Заблок.,35,,06.01.2026,вчера,Excel-выгрузка,Есть просроченная задолженность
69,BANK-000069,40819670850303196,40819670850303196,Алексеева Алина Ивановна,Депоз. счёт,нет данных(ошибка),Крд,"ул. Центральная, д. 100, кв. 99",+7-949-365-84-91,alekseevaali996@gmail.com,Заблок.,95,,27.06.2025,08.12.2026,SAP ERP,Есть просроченная задолженность
70,BANK-000070,40815449187220995,40815449187220995,Петрова Дарья Сергеевна,Депозитный счёт,RUB,Самара,"ул. Победы, д. 62, кв. 114",+7-941-273-86-92,petrovadarya573@mail.ru,Откл.,86,4397461,08.06.2026,09.10.2026,SAP ERP,VIP-клиент
71,BANK-000071,40818757728944252,40818757728944252,Новикова Ирина Александровна,Расчётный счёт,RUB,Новосибирск,"ул. Советская, д. 137, кв. 56",+7-922-846-78-57,novikovairin595@outlook.com,В обработке,23,1013894,20.07.2024,24.05.2025,Собственная система учёта,VIP-клиент
72,BANK-000072,40811514454632376,40811514454632376,Лебедев Илья Александрович,,RUB,Новосибирск,"ул. Ленина, д. 99, кв. 56",+7-921-930-42-13,lebedevilyaa106@gmail.com,Выполнена,102,1184071,17.06.2026,15.09.2024,Собственная система учёта,Есть просроченная задолженность
73,BANK-000073,40814552822611646,40814552822611646,Егорова Алина Петровна,Депозитный счёт,CNY,Нижний Новгород,"ул. Молодёжная, д. 111, кв. 191",+7-99-abc-12-34,egorovaalina202@outlook.com,Заблокирована,33,934988,05.10.2025,31.02.2026,Собственная система учёта,Открыт по зарплатному проекту
74,BANK-000074,40811936602727122,40811936602727122,N/A,Расч. счёт,RUB,Челяб.,"ул. Садовая, д. 29, кв. 175",+7-948-435-24-60,sokolovaelen531@gmail.com,Откл.,75,3871207,21.10.2026,17.04.2025,CRM Bitrix24,Счёт заблокирован по решению суда
75,BANK-000075,40818511991121518,40818511991121518,Лебедев Андрей Викторович,Расчётный счёт,EUR,Н.Новгород,,+7-923-975-53-12,lebedevandre685@gmail.com,В обработке,52,265955,01.08.2024,28.07.2026,Собственная система учёта,Есть просроченная задолженность
76,BANK-000076,40818612117083593,40818612117083593,Голубева Елена Дмитриевна,Деб. счёт,USD,Казань,"ул. Гагарина, д. 62, кв. 185",+7-935-197-37-82,golubevaelen131@mail.ru,В обработке,62,3873194,20.06.2025,17.10.2026,SAP ERP,VIP-клиент
77,BANK-000077,40814646281342568,40814646281342568,Голубева Мария Ивановна,Расчётный счёт,RUB,Новосибирск,"ул. Садовая, д. 3, кв. 126",+7-947-167-15-90,golubevamari866@outlook.com,Отклонена,15,251343,02.05.2026,15.01.2025,Собственная система учёта,Счёт заблокирован по решению суда
78,BANK-000078,40818762300367129,40818762300367129,Виноградова Наталья Андреевна,Дебетовый счёт,USD,Нижний Новгород,"ул. Садовая, д. 90, кв. 119",+7-923-543-52-94,vinogradovan707@gmail.com,Выполнена,111,2441537,05.10.2025,17.03.2025,1С:Предприятие,
79,BANK-000079,40814324347168214,40814324347168214,Богданов Илья Андреевич,Расч. счёт,EUR,Екатеринбург,"ул. Мира, д. 110, кв. 127",+7-957-631-51-89,bogdanovilya971@gmail.com,Откл.,34,349352,19.12.2025,07.01.2024,CRM,VIP-клиент
80,BANK-000080,40817540751856609,40817540751856609,Волков Егор Сергеевич,Расчётный счёт,RUB,СПб,"ул. Победы, д. 41, кв. 53",+7-951-138-26-87,volkovegorse391@outlook.com,В обработке,28,178935,12.04.2024,09.06.2025,1С:Предприятие,Счёт заблокирован по решению суда
81,BANK-000081,40818739657131605,нет данных(ошибка),Кузнецова Екатерина Викторовна,Депозитный счёт,RUB,Самара,"ул. Гагарина, д. 119, кв. 54",+7-99-abc-12-34,kuznecovaeka221@gmail.com,Выполнена,71,,10.01.2023,03.04.2024,Собственная система учёта,Счёт заблокирован по решению суда
82,BANK-000082,40811685905346504,40811685905346504,Егорова Ксения Сергеевна,Дебетовый счёт,EUR,Краснодар,"ул. Мира, д. 9, кв. 146",,egorovakseni726@gmail.com,не указано(ошибка),27,4330243,25.08.2025,15.10.2025,CRM Bitrix24,
83,BANK-000083,40815763764526554,40815763764526554,Волкова Ирина Андреевна,Дебетовый счёт,EUR,Санкт-Петербург,"ул. Садовая, д. 41, кв. 125",+7-919-980-96-34,volkovairina448@yandex.ru,Отклонена,109,1103136,17.02.2025,28.03.2025,N/A,Открыт по зарплатному проекту
84,BANK-000084,40819214754257725,40819214754257725,Виноградова Виктория Дмитриевна,Депозитный счёт,EUR,Казань,"ул. Ленина, д. 63, кв. 14",+7-942-226-83-64,vinogradovav866@gmail.com,Отклонена,33,4209470,04.07.2026,01.06.2026,SAP ERP,
85,BANK-000085,40815954478450150,40815954478450150,Волкова Ольга Александровна,Кредитный счёт,EUR,Нижний Новгород,"ул. Молодёжная, д. 75, кв. 11",+7-925-440-13-66,volkovaolgaa610@outlook.com,Отклонена,44,2955279,28.06.2024,17.09.2025,1С:Предприятие,VIP-клиент
86,BANK-000086,40813360994227257,40813360994227257,Семёнова Татьяна Викторовна,Депоз. счёт,CNY,Самара,"ул. Центральная, д. 128, кв. 127",,semenovataty291@gmail.com,Выполнена,16,1818860,28.03.2026,19.12.2025,CRM Bitrix24,Есть просроченная задолженность
87,BANK-000087,40819266077458332,40819266077458332,Голубева Елена Александровна,Депоз. счёт,EUR,Новосибирск,"ул. Спортивная, д. 73, кв. 141",,golubevaelen918@outlook.com,Отклонена,118,885189,05.07.2026,00.00.0000,SAP ERP,Есть просроченная задолженность
88,BANK-000088,40813063682732684,40813063682732684,Воробьёв Алексей Андреевич,Депозитный счёт,RUB,Волгоград,"ул. Центральная, д. 111, кв. 115",+7-926-739-12-58,vorobevaleks127@gmail.com,В обр.,-1,1283821,31.02.2026,12.07.2025,CRM Bitrix24,VIP-клиент
89,BANK-000089,40815981912585038,40815981912585038,Лебедева Ольга Николаевна,Дебетовый счёт,CNY,Воронеж,"ул. Ленина, д. 15, кв. 87",+7-928-473-53-81,lebedevaolga810@yandex.ru,Отклонена,,2983378,14.06.2025,14.02.2024,Собственная система учёта,Счёт заблокирован по решению суда
90,BANK-000090,40817559289247163,40817559289247163,Голубева Алина Ивановна,Расчётный счёт,RUB,Краснодар,"ул. Спортивная, д. 92, кв. 195",+7-99-abc-12-34,golubevaalin515@mail.ru,Заблокирована,97,426268,31.02.2026,12.02.2025,SAP ERP,Есть просроченная задолженность
91,BANK-000091,40816650283548487,40816650283548487,Воробьёва Ольга Петровна,Кредитный счёт,USD,Ростов-на-Дону,"ул. Садовая, д. 99, кв. 12",+7-959-730-97-41,vorobevaolga685@mail.ru,Заблок.,4,4391538,22.11.2025,02.02.2024,SAP ERP,Открыт по зарплатному проекту
92,BANK-000092,40814464113895353,40814464113895353,Кузнецова Ольга Викторовна,Кредитный счёт,USD,Мск,"ул. Гагарина, д. 104, кв. 73",+7-913-133-88-34,kuznecovaolg725@yandex.ru,В обработке,120,4787075,16.04.2026,06.01.2026,1С:Предприятие,Счёт заблокирован по решению суда
93,BANK-000093,40818875407861849,40818875407861849,Смирнова Дарья Андреевна,Депозитный счёт,EUR,Челяб.,"ул. Садовая, д. 26, кв. 193",+7-958-522-67-65,smirnovadary255@outlook.com,Отклонена,112,1133423,08.09.2023,23.09.2025,1С:Предприятие,Счёт заблокирован по решению суда
94,BANK-000094,40814278322536077,40814278322536077,Павлова Светлана Николаевна,Расч. счёт,EUR,Волгоград,"ул. Молодёжная, д. 79, кв. 71",+7-911-363-69-92,pavlovasvetl785@yandex.ru,В обработке,97,4151561,08.07.2026,26.10.2025,SAP ERP,
95,BANK-000095,40818805992986930,40818805992986930,Новикова Наталья Сергеевна,Депозитный счёт,CNY,Краснодар,"ул. Центральная, д. 23, кв. 79",+7-926-493-88-37,novikovanata256@gmail.com,Выполнена,ERROR,2743380,13.07.2025,,CRM Bitrix24,
96,BANK-000096,40811177292593862,40811177292593862,Егорова Дарья Александровна,Расч. счёт,EUR,Смр,"ул. Спортивная, д. 100, кв. 100",телефон отсутствует,egorovadarya678@mail.ru,В обработке,107,1166898,22.04.2024,21.11.2026,CRM Bitrix24,Открыт по зарплатному проекту
97,BANK-000097,40813415878926069,40813415878926069,Козлов Александр Петрович,Кредитный счёт,USD,Челяб.,,+7-934-791-18-36,kozlovaleksa504@outlook.com,Неизвестная категория,90,4369010,17.08.2025,09.01.2024,SAP ERP,Открыт по зарплатному проекту
98,BANK-000098,40817775672209212,40817775672209212,Волкова Алина Петровна,Расч. счёт,EUR,Смр,"ул. Центральная, д. 129, кв. 99",+7-945-793-10-16,volkovaalina346@gmail.com,Выполнена,108,1105322,24.11.2026,14.11.2025,SAP ERP,Открыт по зарплатному проекту
99,BANK-000099,40814776409985638,40814776409985638,Козлова Алина Сергеевна,Расчётный счёт,RUB,Новосибирск,"ул. Молодёжная, д. 28, кв. 66",+7-937-463-34-42,kozlovaalina182@gmail.com,Выполнена,7,2448125,22.02.2024,15.07.2026,SAP ERP,Есть просроченная задолженность
100,BANK-000100,40812755419099692,40812755419099692,Петрова Анна Андреевна,Депозитный счёт,RUB,Воронеж,"ул. Спортивная, д. 24, кв. 147",+7-943-455-95-94,petrovaannaa824@mail.ru,Отклонена,52,3137894,08.04.2023,11.09.2025,1С:Предприятие,
101,BANK-000101,40819807099540003,40819807099540003,Павлова Татьяна Ивановна,Кредитный счёт,USD,Челяб.,"ул. Спортивная, д. 13, кв. 200",+7-927-231-36-36,pavlovatatya2@mail.ru,Заблокирована,5,4239659,,02.01.2025,SAP ERP,Счёт заблокирован по решению суда
102,BANK-000102,40817147246121907,####,Морозов Егор Иванович,Депоз. счёт,RUB,Новосибирск,"ул. Гагарина, д. 122, кв. 5",+7-955-284-54-88,нет_почты,Выполнена,102,2432124,2024,10.01.2024,1С:Предприятие,N/A
103,BANK-000103,40817445541364283,40817445541364283,Павлов Александр Дмитриевич,Дебетовый счёт,USD,Влгд,"ул. Мира, д. 103, кв. 141",+7-947-566-46-53,pavlovaleksa843@yandex.ru,Заблокирована,14,2369917,27.04.2026,10.01.2024,CRM Bitrix24,VIP-клиент
104,BANK-000104,40813223116257390,40813223116257390,Смирнов Сергей Сергеевич,Расчётный счёт,CNY,Ростов-н/Д,,+7-921-326-35-61,smirnovserge927@mail.ru,Заблок.,много,-1,25.07.2023,15.05.2024,SAP ERP,Открыт по зарплатному проекту
105,BANK-000105,40813634268249581,40813634268249581,Петров Максим Андреевич,Расчётный счёт,CNY,Пермь,"ул. Ленина, д. 37, кв. 117",+7-956-421-24-10,,Отклонена,115,3662662,14.01.2026,11.01.2026,Excel-выгрузка,VIP-клиент
106,BANK-000106,40812248858813586,40812248858813586,Виноградова Ольга Дмитриевна,Расчётный счёт,CNY,Пермь,"ул. Спортивная, д. 52, кв. 47",+7-925-473-34-83,vinogradovao779@yandex.ru,В обработке,2,3108611,10.09.2025,23.10.2026,SAP ERP,VIP-клиент
107,BANK-000107,40816821478574108,40816821478574108,Семёнов Александр Николаевич,Кред. счёт,N/A,СПб,"ул. Садовая, д. 59, кв. 9",+7-919-377-32-60,semenovaleks423@gmail.com,Откл.,80,2775938,01.10.2023,02.12.2024,-,VIP-клиент
108,BANK-000108,40816678225050204,40816678225050204,Виноградова Юлия Александровна,Депоз. счёт,RUB,,"ул. Спортивная, д. 57, кв. 49",+7-928-500-56-41,vinogradovay427@yandex.ru,В обр.,97,1997462,16.06.2023,23.06.2026,SAP ERP,Счёт заблокирован по решению суда
109,BANK-000109,40811931451749196,40811931451749196,Богданов Егор Николаевич,Дебетовый счёт,CNY,Смр,"ул. Пушкина, д. 60, кв. 116",+7-938-133-91-92,bogdanovegor99@yandex.ru,Заблокирована,1,2261187,04.01.2026,23.06.2024,Собственная система учёта,Счёт заблокирован по решению суда
110,BANK-000110,40814941942429744,40814941942429744,Воробьёва Алина Петровна,Дебетовый счёт,CNY,Воронеж,"ул. Садовая, д. 96, кв. 98",+7-943-211-68-58,vorobevaalin384@outlook.com,Выполнена,45,791832,08.12.2026,2026-13-45,,
111,BANK-000111,40812009235846449,40812009235846449,Алексеева Ксения Дмитриевна,Расч. счёт,USD,Екатеринбург,"ул. Мира, д. 125, кв. 151",+7-923-484-46-92,alekseevakse29@outlook.com,Отклонена,92,2516393,12.07.2023,26.12.2026,SAP ERP,Открыт
112,BANK-000112,-,40813627781399673,Воробьёва Ирина Андреевна,Депоз. счёт,CNY,Мск,"ул. Центральная, д. 98, кв. 95",+7-910-690-43-60,vorobevairin891@yandex.ru,Выполнена,60,4512942,05.07.2025,06.12.2026,Excel-выгрузка,N/A
113,BANK-000113,40813816720193807,40813816720193807,Попов Виктор Иванович,Деб. счёт,####,Краснодар,"ул. Молодёжная, д. 132, кв. 6",+7-957-220-13-87,popovviktori447@yandex.ru,Выполн.,75,570452,01.10.2025,21.02.2026,Excel-выгрузка,VIP-клиент
114,BANK-000114,40819788086919692,40819788086919692,Соколова Дарья Александровна,Депозитный счёт,CNY,Челяб.,"ул. Центральная, д. 127, кв. 13",+7-915-384-95-85,sokolovadary138@outlook.com,Заблок.,64,1085839,19.02.2023,21.07.2025,Собственная система учёта,Есть просроченная задолженность
115,BANK-000115,40818633470752772,40818633470752772,Семёнов Илья Андреевич,Депоз. счёт,EUR,Ростов-н/Д,"ул. Спортивная, д. 29, кв. 152",+7-920-252-14-55,semenovilyaa995@mail.ru,В обработке,47,3366081,27.12.2024,22.12.2026,Excel-выгрузка,Открыт по зарплатному проекту
116,BANK-000116,40814073520736863,40814073520736863,???,Дебетовый счёт,CNY,Челябинск,"ул. Пушкина, д. 135, кв. 107",+7-950-584-34-56,golubevaleks565@mail.ru,В обр.,93,947960,16.12.2026,15.09.2025,SAP ERP,Есть просроченная задолженность
117,BANK-000117,40817576620388264,???,Фёдорова Екатерина Викторовна,Депозитный счёт,USD,Краснодар,"ул. Советская, д. 96, кв. 99",+7-948-692-85-70,fedorovaekat182@mail.ru,Отклонена,18,302799,07.10.2023,13.12.2024,SAP ERP,Есть просроченная задолженность
118,BANK-000118,40813616163745275,40813616163745275,Кузнецов Илья Дмитриевич,Расч. счёт,USD,Екатеринбург,"ул. Победы, д. 62, кв. 174",+7-912-317-90-19,,Заблок.,71,1818227,21.06.2023,05.09.2025,Собственная система учёта,Есть просроченная задолженность
119,BANK-000119,40815081824866935,40815081824866935,Волков Егор Сергеевич,Расчётный счёт,USD,Москва,"ул. Гагарина, д. 71, кв. 199",+7-945-602-42-71,volkovegorse117@mail.ru,В обработке,71,1322410,28.10.2026,07.10.2026,SAP ERP,Открыт по зарплатному проекту
120,BANK-000120,40818950509397953,40818950509397953,Попов Максим Сергеевич,Кредитный счёт,RUB,Челябинск,"ул. Центральная, д. 131, кв. 111",+7-931-108-41-82,popovmaksims703@gmail.com,Заблокирована,47,465407,16.06.2025,16.11.2026,Excel-выгрузка,
121,BANK-000121,40819066287358602,40819066287358602,Попов Дмитрий Николаевич,Кредитный счёт,EUR,Ворнж,"ул. Победы, д. 53, кв. 90",+7-925-614-99-19,popovdmitrii707@mail.ru,Откл.,63,2950427,00.00.0000,02.03.2025,Собственная система учёта,Открыт по зарплатному проекту
122,BANK-000122,40811607804741734,40811607804741734,Егорова Мария Викторовна,Расчётный счёт,EUR,Ростов-на-Дону,"ул. Гагарина, д. 66, кв. 51",+7-922-690-22-62,,Заблокирована,0,4369241,01.06.2025,25.10.2025,SAP ERP,Счёт заблокирован по решению суда
123,BANK-000123,40815797117132357,40815797117132357,Петров Дмитрий Дмитриевич,Деб. счёт,EUR,Волгоград,"ул. Центральная, д. 122, кв. 67",+7-949-297-54-45,petrovdmitri118@yandex.ru,Выполн.,13,4400424,18.09.2023,14.10.2026,Собственная система учёта,
124,BANK-000124,40812999915019409,40812999915019409,Воробьёв Максим Андреевич,Депоз. счёт,CNY,Новосибирск,"ул. Советская, д. 136, кв. 79",+7-942-749-19-22,vorobevmaksi333@mail.ru,Заблок.,4,1582529,12.08.2025,21.01.2025,1С:Предприятие,Есть просроченная задолженность
125,BANK-000125,40813837629556662,40813837629556662,Волков Андрей Викторович,Депозитный счёт,CNY,Волгоград,"ул. Ленина, д. 46, кв. 32",+7-924-449-42-59,volkovandrei148@yandex.ru,В обработке,72,2386481,27.08.2023,08.08.2024,SAP ERP,Счёт заблокирован по решению суда
126,BANK-000126,40817770054706272,40817770054706272,Фёдоров Александр Викторович,Депоз. счёт,CNY,Ворнж,"ул. Ленина, д. 13, кв. 107",+7-913-915-41-83,fedorovaleks53@mail.ru,Заблокирована,73,2998678,07.07.2023,03.03.2025,SAP ERP,VIP-клиент
127,BANK-000127,40814121325446445,40814121325446445,-,Дебетовый счёт,,Новосибирск,"ул. Молодёжная, д. 18, кв. 99",+7-942-142-87-53,sokolovmaksi260@outlook.com,Выполнена,67,2816693,07.02.2025,07.11.2024,Excel-выгрузка,Есть просроченная задолженность
128,BANK-000128,12345XYZ,40811218199881837,Фёдоров Алексей Дмитриевич,Депозитный счёт,CNY,Пермь,ул.,+7-938-762-88-22,fedorovaleks745@gmail.com,Заблокирована,70,-1,11.12.2023,26.12.2024,SAP ERP,
129,BANK-000129,40813994357918385,40813994357918385,Кузнецов Никита Дмитриевич,Депоз. счёт,USD,Казань,"ул. Спортивная, д. 70, кв. 129",+7-917-397-24-46,kuznecovniki770@mail.ru,не указано(ошибка),27,4305280,23.12.2025,19.10.2025,CRM Bitrix24,
130,BANK-000130,40816004156578520,40816004156578520,Волкова Светлана Сергеевна,Деб. счёт,RUB,Вол,"ул. Ленина, д. 28, кв. 116",+7-929-143-29-16,volkovasvetl719@gmail.com,Отклонена,55,4221117,12.07.2026,18.05.2026,,
131,BANK-000131,40819148183786116,40819148183786116,Фёдоров Виктор Дмитриевич,Кредитный счёт,CNY,Челябинск,"ул. Победы, д. 27, кв. 107",+7-929-379-98-91,fedorovvikto931@mail.ru,Отклонена,24,1254377,21.09.2023,2024,CRM Bitrix24,VIP-клиент
132,BANK-000132,40816534140017646,40816534140017646,Кузнецова Мария Викторовна,Расчётный счёт,USD,Екб,"ул. Пушкина, д. 47, кв. 140",+7-926-832-11-26,kuznecovamar903@yandex.ru,Неизвестная категория,50,1460921,27.08.2026,08.11.2024,CRM Bitrix24,VIP-клиент
133,BANK-000133,40813456699780050,40813456699780050,Новиков Владимир Сергеевич,Кредитный счёт,CNY,Челябинск,"ул. Ленина, д. 115, кв. 122",+7-934-130-49-27,novikovvladi668@yandex.ru,Заблокирована,81,3578632,10.08.2026,23.09.2024,Excel-выгрузка,Есть просроченная задолженность
134,BANK-000134,40813361644710702,40813361644710702,Волков Илья Сергеевич,Депозитный счёт,RUB,Москва,"ул. Советская, д. 56, кв. 179",+7-912-910-57-19,volkovilyase705@mail.ru,Заблокирована,117,1213335,26.08.2025,09.06.2024,CRM Bitrix24,Есть просроченная задолженность
135,BANK-000135,40816091023830068,40816091023830068,Богданова Светлана Андреевна,Кредитный счёт,CNY,Ростов-н/Д,"ул. Советская, д. 149, кв. 142",+7-930-816-33-38,,В обработке,101,4289005,21.07.2024,21.11.2024,,Есть просроченная задолженность
136,BANK-000136,40819409637627645,40819409637627645,,Кред. счёт,USD,не указано(ошибка),"ул. Центральная, д. 60, кв. 21",+7-943-728-87-57,petrovakseni73@,Выполн.,92,3576747,03.11.2024,11.04.2026,CRM Bitrix24,Открыт по зарплатному проекту
137,BANK-000137,40819227899381409,40819227899381409,Иванова Ирина Петровна,Дебетовый счёт,-,Челябинск,"ул. Победы, д. 2, кв. 186",+7-945-664-48-82,ivanovairina675@gmail.com,Заблокирована,25,2906678,17.07.2026,14.12.2025,CRM Bitrix24,VIP-клиент
138,BANK-000138,40811205876525441,40811205876525441,Воробьёва Алина Викторовна,Дебетовый счёт,EUR,Краснодар,ул.,+7-957-275-30-57,vorobevaalin345@gmail.com,Выполн.,25,,2023,12.02.2026,SAP ERP,VIP-клиент
139,BANK-000139,40818273878594586,40818273878594586,Алексеев Роман Дмитриевич,Деб. счёт,RUB,Казань,-,+7-931-209-96-39,alekseevroma235@outlook.com,Заблокирована,96,2981996,24.06.2023,03.05.2024,Excel-выгрузка,Счёт заблокирован по решению суда
140,BANK-000140,40813474512604900,40813474512604900,Павлов Максим Петрович,Расчётный счёт,RUB,Пермь,"ул. Советская, д. 45, кв. 56",+7-950-945-79-24,pavlovmaksim529@yandex.ru,Выполн.,н/д,529558,28.06.2024,,SAP ERP,Счёт заблокирован по решению суда
141,BANK-000141,40812241760967093,40812241760967093,нет данных(ошибка),Кред. счёт,нет данных(ошибка),Екатеринбург,"ул. Мира, д. 23, кв. 79",+7-948-961-36-40,volkovatatya920@mail.ru,Выполн.,68,4226756,00.00.0000,24.07.2024,SAP ERP,
142,BANK-000142,40815565071862800,40815565071862800,Иванова Елена Андреевна,Деб. счёт,RUB,Екатеринбург,"ул. Молодёжная, д. 77, кв. 141",+7-933-832-21-96,ivanovaelena940@mail.ru,Выполнена,16,568095,03.05.2024,01.05.2026,Собственная система учёта,VIP-клиент
143,BANK-000143,40811800786942992,40811800786942992,Павлов Андрей Дмитриевич,Расчётный счёт,CNY,Краснодар,"ул. Центральная, д. 50, кв. 48",+7-958-165-46-82,pavlovandrei883@outlook.com,Вып,26,1076754,2026-13-45,22.05.2026,Excel-выгрузка,Открыт по зарплатному проекту
144,BANK-000144,40816395359094815,40816395359094815,Петров Дмитрий Иванович,Депозитный счёт,RUB,Москва,"ул. Ленина, д. 76, кв. 102",+7-910-167-11-90,petrovdmitri114@gmail.com,В обработке,15,1966398,11.06.2025,19.08.2026,SAP ERP,Счёт заблокирован по решению суда
145,BANK-000145,40813249192595884,40813249192595884,Алексеева Екатерина Ивановна,Расчётный счёт,USD,Воронеж,"ул. Мира, д. 126, кв. 97",+7-959-178-76-86,alekseevaeka733@outlook.com,Заблокирована,62,3552737,15.12.2026,07.02.2025,Собственная система учёта,Есть просроченная задолженность
146,BANK-000146,40813263776143469,40813263776143469,Богданова Екатерина Дмитриевна,Кредитный счёт,CNY,Воронеж,"ул. Гагарина, д. 11, кв. 72",+7-942-587-38-14,ivanov.mail.ru,Неизвестная категория,75,2121585,24.06.2025,17.07.2026,1С:Предприятие,Есть просроченная задолженность
147,BANK-000147,40815935876689114,40815935876689114,Иванов Кирилл Петрович,Расчётный счёт,EUR,Пермь,"ул. Ленина, д. 64, кв. 161",+7-950-914-23-54,ivanovkirill825@outlook.com,Откл.,65,2780417,04.10.2024,11.11.2026,CRM Bitrix24,Есть просроченная задолженность
148,BANK-000148,40813468404861397,40813468404861397,Новиков Владимир Николаевич,Кредитный счёт,N/A,Казань,"ул. Гагарина, д. 115, кв. 21",+7-953-677-50-42,novikovvladi966@mail.ru,Заблокирована,29,4333237,15.07.2025,2026-13-45,Excel-выгрузка,VIP-клиент
149,BANK-000149,40817248179816151,40817248179816151,Новиков Кирилл Сергеевич,Дебетовый счёт,EUR,Новосибирск,"ул. Победы, д. 87, кв. 194",+7-924-789-50-44,novikovkiril960@gmail.com,Выполнена,57,4329768,,28.09.2026,Собственная система учёта,
150,BANK-000150,40813898573471610,40813898573471610,Попова Алина Дмитриевна,Дебетовый счёт,RUB,Челябинск,"ул. Гагарина, д. 3, кв. 71",+7-911-887-89-49,popovaalinad779@outlook.com,Выполнена,15,1457837,04.07.2025,12.08.2026,Excel-выгрузка,
151,BANK-000151,40811273558710098,40811273558710098,Кузнецова Наталья Александровна,Депозитный счёт,CNY,Ростов-на-Дону,"ул. Центральная, д. 21, кв. 134",+7-936-363-44-29,kuznecovanat130@outlook.com,Отклонена,38,4173878,09.12.2023,14.09.2026,Excel-выгрузка,VIP-клиент
152,BANK-000152,-,40819830957291710,Иванов Виктор Андреевич,Кредитный счёт,USD,Новосибирск,"ул. Центральная, д. 13, кв. 178",+7-928-775-47-38,ivanovviktor475@mail.ru,В обработке,17,2583336,,20.10.2026,Excel-выгрузка,ОШИБКА_ДАННЫХ
153,BANK-000153,40812004059410210,12345XYZ,Виноградов Сергей Дмитриевич,Расчётный счёт,CNY,Казань,"ул. Спортивная, д. 129, кв. 152",+7-946-246-43-61,vinogradovse291@yandex.ru,Заблокирована,2,2369864,22.02.2023,03.01.2024,Собственная система учёта,Есть просроченная задолженность
154,BANK-000154,40815309090919453,40815309090919453,,Расч. счёт,EUR,Санкт-Петербург,"ул. Садовая, д. 32, кв. 43",+7-939-476-86-20,novikovdmitr59@outlook.com,не указано(ошибка),31,2275218,,27.12.2024,CRM Bitrix24,Открыт по зарплатному проекту
155,BANK-000155,40817708259165994,,Морозова Татьяна Александровна,Депозитный счёт,USD,Ростов-н/Д,,+7-951-787-29-36,morozovataty75@mail.ru,Отклонена,33,916209,19.02.2023,05.11.2024,1С:Предприятие,Есть просроченная задолженность
156,BANK-000156,40819598574263614,40819598574263614,Егоров Роман Андреевич,Дебетовый счёт,RUB,Новосибирск,"ул. Гагарина, д. 46, кв. 20",+7-953-416-43-30,egorovromana803@outlook.com,Заблокирована,83,2049706,31.02.2026,05.11.2025,SAP ERP,Есть просроченная задолженность
157,BANK-000157,40813173768500444,40813173768500444,Волкова Ольга Николаевна,Депозитный счёт,USD,Ростов-на-Дону,"ул. Мира, д. 137, кв. 71",+7-931-422-36-66,volkovaolgan549@gmail.com,В обработке,51,4445691,21.12.2024,02.06.2026,Собственная система учёта,VIP-клиент
158,BANK-000158,40816470314768878,40816470314768878,Лебедева Анна Сергеевна,Кред. счёт,EUR,Краснодар,"ул. Победы, д. 59, кв. 90",+7-942-157-98-36,lebedevaanna897@gmail.com,В обработке,65,4344221,01.06.2023,02.06.2025,Excel-выгрузка,
159,BANK-000159,40818936331963154,40818936331963154,Новикова Ирина Николаевна,Кредитный счёт,EUR,Влгд,"ул. Пушкина, д. 122, кв. 127",+7-941-594-42-46,novikovairin580@gmail.com,Заблокирована,33,4926633,10.01.2024,26.05.2025,1С:Предприятие,VIP-клиент
160,BANK-000160,40811152191139837,40811152191139837,Виноградов Кирилл Сергеевич,Расчётный счёт,EUR,Краснодар,"ул. Молодёжная, д. 33, кв. 190",+7-952-568-56-56,vinogradovki509@yandex.ru,Заблок.,75,1911511,28.11.2025,26.11.2025,Excel-выгрузка,VIP-клиент
161,BANK-000161,40812772029674029,40812772029674029,Новиков Александр Александрович,Расчётный счёт,,Новосибирск,"ул. Пушкина, д. 91, кв. 188",+7-922-717-65-15,novikovaleks774@mail.ru,Заблокирована,7,4810905,27.03.2024,09.12.2026,Excel-выгрузка,VIP-клиент
162,BANK-000162,40817984232394938,40817984232394938,N/A,Депоз. счёт,USD,Санкт-Петербург,ул.,+7-918-480-17-93,kuznecovairi768@yandex.ru,,31,4265737,05.05.2025,19.09.2025,SAP ERP,Счёт заблокирован по решению суда
163,BANK-000163,40818517235576295,40818517235576295,Голубев Егор Николаевич,Расчётный счёт,EUR,Новосибирск,####,+7-949-462-68-74,golubevegorn178@mail.ru,Заблокирована,92,1619384,23.08.2023,2026-13-45,CRM Bitrix24,Есть просроченная задолженность
164,BANK-000164,40812875738264672,40812875738264672,,Дебетовый счёт,USD,Екб,"ул. Спортивная, д. 54, кв. 101",+7-952-232-70-59,popovaannani473@mail.ru,Заблокирована,117,2270156,09.11.2023,24.05.2024,Excel-выгрузка,Открыт по зарплатному проекту
165,BANK-000165,40817449596824771,40817449596824771,Богданов Максим Иванович,Кредитный счёт,RUB,Санкт-Петербург,"ул. Ленина, д. 90, кв. 2",+7-918-824-26-78,bogdanovmaks39@yandex.ru,Заблокирована,99,2449084,12.10.2025,23.09.2024,CRM Bitrix24,Есть просроченная задолженность
166,BANK-000166,40818391208875571,40818391208875571,Новиков Виктор Сергеевич,Кредитный счёт,,Новосибирск,"ул. Пушкина, д. 56, кв. 193",+7-924-939-91-68,petrov@@mail..ru,В обр.,91,,14.10.2024,06.10.2026,1С:Предприятие,Открыт по зарплатному проекту
167,BANK-000167,40811722068586249,40811722068586249,Иванов Артём Петрович,Расч. счёт,USD,Санкт-Петербург,"ул. Пушкина, д. 50, кв. 161",+7-950-357-99-76,ivanovartemp980@outlook.com,Заблокирована,101,2879526,03.08.2024,16.06.2025,CRM Bitrix24,VIP-клиент
168,BANK-000168,40811463725866544,нет данных(ошибка),Богданов Александр Андреевич,Дебетовый счёт,CNY,Екб,ОШИБКА_ДАННЫХ,+7-913-587-89-36,bogdanovalek479@yandex.ru,Заблокирована,108,1910382,20.03.2023,09.04.2025,,Открыт по зарплатному проекту
169,BANK-000169,40816980815808499,40816980815808499,Соколов Виктор Петрович,Депозитный счёт,RUB,Крд,"ул. Гагарина, д. 106, кв. 140",,sokolovvikto484@mail.ru,В обработке,22,230847,28.02.2026,17.02.2024,Собственная система учёта,Открыт по зарплатному проекту
170,BANK-000170,40814166881979215,40814166881979215,Волков Павел Иванович,Дебетовый счёт,USD,Екатеринбург,"ул. Советская, д. 20, кв. 84",+7-949-898-89-76,volkovpaveli969@outlook.com,Отклонена,14,3860806,26.08.2025,31.02.2026,CRM Bitrix24,
171,BANK-000171,40815980465588748,40815980465588748,-,Кредитный счёт,???,СПб,"ул. Советская, д. 7, кв. 13",+7-938-625-90-79,volkovatatya506@outlook.com,Откл.,66,4065071,22.06.2025,01.06.2026,Собственная система учёта,Открыт по зарплатному проекту
172,BANK-000172,40816339060814720,40816339060814720,Фёдоров Андрей Петрович,Кредитный счёт,USD,Ростов-на-Дону,"ул. Молодёжная, д. 75, кв. 174",+7-935-231-67-32,нет_почты,Отклонена,13,4531330,25.05.2023,02.03.2026,SAP ERP,Счёт заблокирован по решению суда
173,BANK-000173,40816697970461101,40816697970461101,Новикова Дарья Ивановна,Кредитный счёт,RUB,Челяб.,"ул. Молодёжная, д. 67, кв. 170",+7-922-402-87-35,novikovadary110@gmail.com,,100,3168035,02.05.2026,22.09.2025,Собственная система учёта,Есть просроченная задолженность
174,BANK-000174,40819987492397846,40819987492397846,Алексеева Полина Викторовна,Расчётный счёт,EUR,Казань,"ул. Мира, д. 23, кв. 14",+7-935-761-65-68,alekseevapol440@,Отклонена,11,4227889,08.10.2026,15.10.2026,Собственная система учёта,
175,BANK-000175,40816578701957754,40816578701957754,Петров Илья Дмитриевич,Кред. счёт,EUR,Казань,"ул. Советская, д. 29, кв. 111",+7-957-372-55-96,petrovilyadm949@yandex.ru,,31,ABC,15.05.2023,,Excel-выгрузка,
176,BANK-000176,40817842745787447,40817842745787447,Виноградов Виктор Петрович,Депоз. счёт,CNY,Смр,"ул. Спортивная, д. 46, кв. 111",+7-954-703-27-16,vinogradovvi685@yandex.ru,В обработке,60,1747706,04.08.2025,13.06.2024,Excel-выгрузка,Счёт заблокирован по решению суда
177,BANK-000177,40812275558073923,40812275558073923,Иванов,Депоз. счёт,CNY,Воронеж,N/A,+7-947-217-57-39,ivanovsergei723@yandex.ru,Отклонена,23,2855643,01.07.2026,18.10.2024,1С:Предприятие,Открыт по зарплатному проекту
178,BANK-000178,40819641117173381,40819641117173381,Павлова Мария Александровна,Кредитный счёт,RUB,Екатеринбург,"ул. Пушкина, д. 19, кв. 63",+7-950-515-53-93,pavlovamariy129@yandex.ru,Отклонена,,4497179,22.10.2025,28.08.2026,Excel-выгрузка,VIP-клиент
179,BANK-000179,40819769190923462,40819769190923462,Петрова Светлана Александровна,Расчётный счёт,EUR,Ростов-н/Д,"ул. Мира, д. 72, кв. 62",+7-925-992-66-14,petrovasvetl803@mail.ru,Отклонена,93,4959790,28.12.2023,10.08.2026,SAP ERP,Счёт заблокирован по решению суда
180,BANK-000180,40812449283812505,40812449283812505,Егорова Дарья Андреевна,Расчётный счёт,CNY,Неизвестная категория,"ул. Мира, д. 92, кв. 123",+7-955-601-48-10,egorovadarya262@gmail.com,Отклонена,106,4207668,04.07.2026,10.03.2026,,Есть просроченная задолженность
181,BANK-000181,40812178142197580,40812178142197580,Виноградов Илья Викторович,Кредитный счёт,RUB,Н.Новгород,"ул. Мира, д. 129, кв. 129",+7-940-277-63-36,vinogradovil703@gmail.com,В обр.,10,н/д,23.04.2024,28.10.2024,Собственная система учёта,
182,BANK-000182,40813156757406080,40813156757406080,Иванов Виктор Александрович,Расчётный счёт,RUB,Екатеринбург,"ул. Гагарина, д. 2, кв. 75",+7-955-379-75-43,ivanovviktor430@gmail.com,Заблокирована,118,ABC,27.06.2023,04.05.2026,Excel-выгрузка,Есть просроченная задолженность
183,BANK-000183,40811121936646025,40811121936646025,Богданов Артём Андреевич,Дебетовый счёт,RUB,Ростов-н/Д,"ул. Пушкина, д. 95, кв. 113",+7-951-510-72-95,bogdanovarte770@outlook.com,Заблокирована,119,3124276,14.12.2026,31.02.2026,-,Есть просроченная задолженность
184,BANK-000184,40817936254778570,,Попов Алексей Александрович,Депозитный счёт,USD,###,нет данных(ошибка),+7-930-289-19-72,popovaleksei64@gmail.com,Отклонена,73,4507084,05.09.2026,17.09.2026,####,Счёт заблокирован по решению суда
185,BANK-000185,40817341381858051,40817341381858051,Попов Андрей Сергеевич,Дебетовый счёт,CNY,Санкт-Петербург,"ул. Садовая, д. 93, кв. 178",+7-912-524-87-31,popovandreis803@outlook.com,В обработке,82,4413972,09.11.2026,13.01.2024,Excel-выгрузка,Счёт заблокирован по решению суда
186,BANK-000186,40818298460646205,40818298460646205,Лебедева Светлана Александровна,Кредитный счёт,USD,Самара,"ул. Мира, д. 66, кв. 64",+7-913-298-21-79,lebedevasvet581@yandex.ru,В обработке,30,166247,04.02.2023,22.05.2026,1С:Предприятие,Есть просроченная задолженность
187,BANK-000187,40815425335194605,40815425335194605,Волкова Ирина Петровна,Депозитный счёт,EUR,Волгоград,"ул. Пушкина, д. 92, кв. 40",+7-946-502-23-53,volkovairina284@mail.ru,В обр.,52,3837444,15.06.2025,00.00.0000,SAP ERP,VIP-клиент
188,BANK-000188,40818971190691344,40818971190691344,Богданова Алина Андреевна,Расчётный счёт,RUB,Воронеж,"ул. Советская, д. 85, кв. 90",+7-935-534-89-65,bogdanovaali673@yandex.ru,В обработке,103,4551735,24.12.2025,2026,SAP ERP,VIP-клиент
189,BANK-000189,40816751566226204,40816751566226204,Петрова Светлана Дмитриевна,Дебетовый счёт,CNY,Влгд,"ул. Пушкина, д. 109, кв. 155",+7-929-749-70-63,petrovasvetl607@yandex.ru,В обр.,50,4502000,14.03.2025,27.06.2026,1С:Предприятие,Есть просроченная задолженность
190,BANK-000190,40814364924659455,40814364924659455,Фёдоров Никита Александрович,Деб. счёт,RUB,Влгд,"ул. Центральная, д. 20, кв. 156",,fedorovnikit877@gmail.com,В обработке,107,75735,22.09.2024,04.03.2025,CRM Bitrix24,VIP-клиент
191,BANK-000191,40817428714141392,40817428714141392,нет данных(ошибка),Депозитный счёт,CNY,Волгоград,"ул. Пушкина, д. 70, кв. 107",+7-954-287-29-14,petrovaekate401@mail.ru,Отклонена,54,3422839,26.11.2024,07.10.2024,SAP ERP,VIP-клиент
192,BANK-000192,40813738135813066,40813738135813066,Попов Роман Иванович,не указано(ошибка),EUR,Ека,"ул. Садовая, д. 24, кв. 71",+7-910-340-16-92,popovromaniv322@outlook.com,Отклонена,120,4993740,22.02.2025,02.03.2025,CRM Bitrix24,Открыт по зарплатному проекту
193,BANK-000193,40816233543147346,40816233543147346,Петров Алексей Петрович,Депозитный счёт,,Москва,"ул. Спортивная, д. 55, кв. 189",,,В обработке,33,2263496,00.00.0000,31.02.2026,Собственная система учёта,VIP-клиент
194,BANK-000194,40819518930438714,40819518930438714,Соколов Кирилл Андреевич,Депозитный счёт,USD,Волгоград,"ул. Центральная, д. 122, кв. 162",+7-951-325-72-65,sokolovkiril352@gmail.com,Откл.,56,3337298,05.08.2023,16.06.2025,CRM Bitrix24,Открыт по зарплатному проекту
195,BANK-000195,40816451689995484,40816451689995484,Морозова Ольга Петровна,Дебетовый счёт,USD,Ростов-на-Дону,"ул. Молодёжная, д. 110, кв. 28",+7-931-799-41-84,morozovaolga818@,В обработке,77,2233516,23.08.2024,03.03.2024,SAP ERP,
196,BANK-000196,40814651144061572,40814651144061572,Козлова Полина Андреевна,Дебетовый счёт,CNY,Волгоград,???,+7-951-438-74-33,kozlovapolin832@gmail.com,Заблокирована,60,много,27.12.2024,27.02.2026,CRM Bitrix24,
197,BANK-000197,40811763922425593,40811763922425593,Кузнецов Владимир Дмитриевич,Кредитный счёт,CNY,Новосибирск,"ул. Спортивная, д. 63, кв. 146",+7-954-906-56-50,kuznecovvlad684@outlook.com,Выполн.,36,1516322,03.12.2023,06.11.2025,CRM Bitrix24,VIP-клиент
198,BANK-000198,40817887865673484,40817887865673484,Волкова Ксения Дмитриевна,###,RUB,Пермь,"ул. Пушкина, д. 65, кв. 49",+7-935-357-37-60,volkovakseni298@gmail.com,Отклонена,26,1345264,03.10.2026,06.03.2025,1С:Предприятие,VIP-клиент
199,BANK-000199,40813904043194134,40813904043194134,Егорова Татьяна Андреевна,Депоз. счёт,USD,Челяб.,"ул. Садовая, д. 13, кв. 161",+7-99-abc-12-34,egorovatatya109@outlook.com,Выполн.,77,1831227,25.09.2024,02.04.2025,1С:Предприятие,VIP-клиент
200,BANK-000200,40811762734658945,40811762734658945,Павлова Дарья Андреевна,Кредитный счёт,EUR,Краснодар,"ул. Молодёжная, д. 122, кв. 115",+7-931-390-61-57,pavlovadarya124@outlook.com,Заблокирована,н/д,ERROR,,10.04.2024,SAP ERP,Есть просроченная задолженность
