ID,Код записи,Номер брони,Номер брони (повтор),ФИО гостя,Тип номера,Категория гостя,Город,Адрес,Телефон,Email,Статус брони,Количество ночей,"Стоимость проживания, руб.",Дата создания записи,Дата последнего обновления,Система-источник,Примечания
1,HTL-000001,BK-843181,BK-843181,Семёнова Анна Сергеевна,Номер комфорт,Корпоративный гость,Ворнж,"ул. Победы, д. 121, кв. 176",+7-950-116-30-99,semenovaanna31@gmail.com,Отменена,8,39704,14.11.2026,20.12.2024,Собственная система учёта,Дополнительная кровать
2,HTL-000002,BK-902989,BK-902989,Морозов Кирилл Николаевич,Номер комфорт,Молодожёны,,"ул. Спортивная, д. 143, кв. 60",+7-930-840-60-96,morozovkiril135@gmail.com,Ожидает оплаты,20,7075,15.11.2026,26.03.2025,CRM Bitrix24,Завтрак включён
3,HTL-000003,BK-361020,BK-361020,Козлов Егор Андреевич,Люкс,Постоянный клиент,Ростов-на-Дону,"ул. Гагарина, д. 15, кв. 27",+7-936-534-34-41,kozlovegoran799@gmail.com,Подтверждена,4,19157,12.02.2024,07.12.2025,SAP ERP,Дополнительная кровать
4,HTL-000004,BK-285653,BK-285653,Лебедева Светлана Ивановна,Комфорт,Молодожёны,Влгд,"ул. Советская, д. 50, кв. 94",+7-939-132-46-45,lebedevasvet373@gmail.com,Заселён,4,44756,09.04.2025,03.03.2025,1С:Предприятие,Ранний заезд
5,HTL-000005,BK-589882,BK-589882,Воробьёв Владимир Николаевич,Люк,Турист,Челябинск,"ул. Пушкина, д. 43, кв. 196",+7-915-746-80-78,vorobevvladi184@gmail.com,Заселён,13,17573,03.06.2023,04.10.2024,,Завтрак включён
6,HTL-000006,BK-386377,BK-386377,Фёдорова Дарья Сергеевна,Люкс,Молодожёны,Ниж,"ул. Гагарина, д. 129, кв. 114",+7-921-359-66-36,fedorovadary220@gmail.com,Отменена,20,36623,31.02.2026,26.10.2026,1С:Предприятие,Дополнительная кровать
7,HTL-000007,12345XYZ,BK-351517,Семёнова Елена Викторовна,Стандартный номер,Турист,Новосиб.,"ул. Мира, д. 136, кв. 57",+7-927-591-82-32,semenovaelen50@yandex.ru,Засел.,15,38549,11.05.2024,03.04.2026,1С:Предприятие,
8,HTL-000008,BK-196248,BK-196248,Морозов Артём Андреевич,,Молодожёны,Влгд,"ул. Пушкина, д. 53, кв. 191",+7-913-937-91-19,morozovartem648@gmail.com,Выселен,1,29903,24.12.2026,04.07.2026,1С:Предприятие,Завтрак включён
9,HTL-000009,BK-948300,BK-948300,Павлова Дарья Андреевна,Апарт.,Турист,Казань,"ул. Мира, д. 38, кв. 17",+7-943-602-86-99,pavlovadarya396@mail.ru,Засел.,1,29835,15.05.2023,19.06.2024,1С:Предприятие,Ранний заезд
10,HTL-000010,BK-212702,BK-212702,Иванова Ирина Сергеевна,Номер комфорт,Постоянный клиент,Ростов-на-Дону,,+7-958-153-33-71,ivanovairina572@yandex.ru,Отменена,18,29238,05.11.2024,02.03.2024,Собственная система учёта,Завтрак включён
11,HTL-000011,BK-183831,BK-183831,Фёдоров Роман Николаевич,Комфорт,Турист,Москва,"ул. Центральная, д. 102, кв. 196",+7-934-732-87-91,fedorovroman518@outlook.com,Заселён,6,4124,03.11.2023,вчера,SAP ERP,Позний выезд
12,HTL-000012,BK-369891,BK-369891,Голубев Павел Андреевич,Апартаменты,Корпоративный гость,Екб,"ул. Садовая, д. 109, кв. 18",+7-955-462-84-57,golubevpavel532@yandex.ru,Засел.,20,41296,11.08.2025,23.08.2026,Excel-выгрузка,Позний выезд
13,HTL-000013,BK-890124,BK-890124,Фёдорова Ксения Сергеевна,Комфорт,Постоянный клиент,Новосибирск,"ул. Победы, д. 128, кв. 123",+7-946-580-94-86,fedorovaksen400@yandex.ru,,14,3039,24.05.2026,02.02.2026,SAP,
14,HTL-000014,BK-329028,BK-329028,Богданова Ксения Дмитриевна,Люкс,Постоянный клиент,Самара,"ул. Пушкина, д. 59, кв. 146",+7-913-342-53-65,bogdanovakse896@mail.ru,Ожид. опл.,17,25302,21.10.2026,23.07.2025,1С:Предприятие,
15,HTL-000015,BK-539504,BK-539504,Семёнов Андрей Иванович,Стандарт,Молодожёны,Новосибирск,"ул. Мира, д. 44, кв. 23",+7-913-190-74-47,semenovandre399@yandex.ru,Ожидает оплаты,5,26883,10.11.2025,01.09.2024,CRM Bitrix24,Дополнительная кровать
16,HTL-000016,BK-462002,BK-462002,Виноградова Елена Викторовна,Номер комфорт,Турист,Ростов-на-Дону,"ул. Победы, д. 62, кв. 87",+7-920-920-45-92,vinogradovae482@yandex.ru,Выселен,19,23682,2026-13-45,2025,SAP ERP,Завтрак включён
17,HTL-000017,BK-334366,BK-334366,Новиков Егор Викторович,Номер комфорт,N/A,Санкт-Петербург,"ул. Гагарина, д. 44, кв. 85",+7-957-664-47-63,novikovegorv813@outlook.com,Отмен.,21,5367,16.11.2023,28.03.2025,CRM Bitrix24,Завтрак включён
18,HTL-000018,BK-717599,BK-717599,Соколова Алина Николаевна,Апартаменты,Турист,Влгд,"ул. Советская, д. 102, кв. 128",+7-926-794-84-82,sokolovaalin146@mail.ru,Подтверждена,8,35882,02.05.2025,02.01.2025,Собственная система учёта,Дополнительная кровать
19,HTL-000019,BK-896506,BK-896506,Смирнов Никита Сергеевич,Люкс,нет данных(ошибка),Ростов-н/Д,"ул. Спортивная, д. 82, кв. 121",+7-930-326-98-79,smirnovnikit71@gmail.com,Ожидает оплаты,20,33593,08.12.2026,20.03.2025,SAP ERP,Завтрак включён
20,HTL-000020,BK-173739,BK-173739,Павлов Роман Сергеевич,не указано(ошибка),Турист,не указано(ошибка),"ул. Садовая, д. 91, кв. 37",+7-911-507-41-36,pavlovromans907@gmail.com,Выселен,3,6518,16.09.2026,05.08.2024,Собственная система учёта,Позний выезд
21,HTL-000021,BK-782315,BK-782315,Фёдоров Алексей Андреевич,Номер комфорт,Постоянный клиент,Н.Новгород,"ул. Мира, д. 17, кв. 124",+7-915-923-59-16,fedorovaleks208@yandex.ru,Ожидает оплаты,2,35069,10.05.2025,21.09.2024,SAP ERP,Позний выезд
22,HTL-000022,BK-540023,BK-540023,Павлова Полина Александровна,Номер комфорт,Постоянный клиент,Воронеж,"ул. Спортивная, д. 51, кв. 23",+7-924-582-80-79,pavlovapolin749@mail.ru,Ожидает оплаты,3,4058,16.07.2024,14.12.2026,Excel-выгрузка,Завтрак включён
23,HTL-000023,BK-921163,BK-921163,Павлов Сергей Викторович,Апартаменты,Молодожёны,Н.Новгород,"ул. Победы, д. 90, кв. 77",+7-931-732-17-36,pavlovsergei922@gmail.com,Отменена,,42198,00.00.0000,25.06.2024,1С:Предприятие,Ранний заезд
24,HTL-000024,BK-152976,BK-152976,Лебедев Никита Викторович,Люкс,Корпоративный гость,Екатеринбург,"ул. Ленина, д. 138, кв. 159",+7-956-869-27-34,lebedevnikit194@yandex.ru,Подтверждена,7,,2026-13-45,11.06.2026,1С:Предприятие,Завтрак включён
25,HTL-000025,BK-123947,???,Иванов Андрей Иванович,Комфорт,Молодожёны,Москва,"ул. Молодёжная, д. 113, кв. 73",+7-955-208-50-90,ivanovandrei765@mail.ru,Засел.,10,35229,06.07.2026,10.07.2024,Собственная система учёта,Позний выезд
26,HTL-000026,BK-870452,BK-870452,Попова Дарья Петровна,Апартаменты,Корпоративный гость,Москва,"ул. Гагарина, д. 150, кв. 73",+7-913-547-82-51,popovadaryap941@outlook.com,Ожидает оплаты,12,,08.03.2023,17.06.2026,Собственная система учёта,Позний выезд
27,HTL-000027,BK-576001,BK-576001,Соколов Дмитрий Викторович,Номер комфорт,Турист,Крд,"ул. Садовая, д. 22, кв. 152",+7-952-947-85-48,sokolovdmitr975@gmail.com,Подтверждена,13,23876,23.12.2023,09.10.2026,SAP ERP,N/A
28,HTL-000028,BK-788716,BK-788716,Павлова Наталья Николаевна,Люкс,Корпоративный гость,Екатеринбург,"ул. Спортивная, д. 2, кв. 8",+7-99-abc-12-34,pavlovanatal894@gmail.com,Ожидает оплаты,17,26620,12.09.2026,,1С:Предприятие,Ранний заезд
29,HTL-000029,BK-626496,BK-626496,Голубева Виктория Викторовна,Стандартный номер,Постоянный клиент,Ворнж,"ул. Пушкина, д. 97, кв. 116",+7-912-866-88-96,golubevavikt434@yandex.ru,Выселен,5,44053,24.01.2025,23.09.2024,???,Ранний заезд
30,HTL-000030,BK-936194,BK-936194,Смирнова Дарья Петровна,Апарт.,Постоянный клиент,Воронеж,"ул. Центральная, д. 62, кв. 70",+7-99-abc-12-34,smirnovadary109@yandex.ru,Выселен,4,16520,24.01.2025,20.10.2025,CRM Bitrix24,Ранний заезд
31,HTL-000031,BK-504059,BK-504059,Голубева Ирина Викторовна,Номер комфорт,Молодожёны,###,"ул. Пушкина, д. 46, кв. 184",+7-942-828-95-35,golubevairin779@yandex.ru,Отменена,13,34105,12.02.2025,14.01.2026,Excel-выгрузка,
32,HTL-000032,,BK-632771,Семёнов,Люкс,Турист,Ростов-на-Дону,"ул. Молодёжная, д. 21, кв. 108",+7-936-673-84-48,semenovaleks580@mail.ru,Ожи,14,-1,14.05.2026,11.01.2026,Собственная система учёта,Дополнительная кровать
33,HTL-000033,BK-428816,BK-428816,Кузнецов Артём Дмитриевич,Номер комфорт,Корпоративный гость,Казань,"ул. Победы, д. 107, кв. 49",+7-921-234-43-57,kuznecovarte524@mail.ru,Ожидает оплаты,,27881,19.02.2026,00.00.0000,Excel-выгрузка,
34,HTL-000034,BK-572959,BK-572959,Морозова Алина Ивановна,Апартаменты,Турист,Крд,"ул. Центральная, д. 147, кв. 193",+7-942-742-87-62,morozovaalin88@yandex.ru,Отменена,14,,06.06.2023,02.11.2025,SAP ERP,Позний выезд
35,HTL-000035,BK-507561,BK-507561,Соколова Полина Сергеевна,Люкс,???,Рос,"ул. Пушкина, д. 35, кв. 61",+7-910-223-27-71,sokolovapoli416@gmail.com,Отменена,1,9248,07.07.2026,03.10.2024,Собственная система учёта,
36,HTL-000036,BK-545904,BK-545904,Иванов Павел Викторович,,Корпоративный гость,Самара,,+7-919-277-34-11,ivanovpavelv194@outlook.com,Заселён,14,32831,24.11.2024,15.08.2025,SAP ERP,Завтрак включён
37,HTL-000037,BK-750475,BK-750475,Фёдорова Анна Николаевна,Стандарт,Постоянный клиент,Самара,"ул. Пушкина, д. 3, кв. 182",+7-912-322-30-70,fedorovaanna19@yandex.ru,Ожидает оплаты,5,22220,15.12.2024,13.12.2025,CRM Bitrix24,Дополнительная кровать
38,HTL-000038,BK-233509,BK-233509,Волкова Мария Ивановна,Стандартный номер,Постоянный клиент,Краснодар,"ул. Садовая, д. 39, кв. 4",+7-925-954-79-10,,Отменена,11,35133,22.03.2026,11.09.2024,CRM Bitrix24,Ранний заезд
39,HTL-000039,BK-844668,BK-844668,Соколов Павел Дмитриевич,Апартаменты,Молодожёны,Самара,"ул. Спортивная, д. 8, кв. 54",+7-950-500-64-59,sokolovpavel235@outlook.com,Выселен,21,42414,06.08.2025,21.02.2026,CRM Bitrix24,Позний выезд
40,HTL-000040,BK-534263,BK-534263,Воробьёва Ирина Николаевна,Люкс,Постоянный клиент,Екб,"ул. Советская, д. 126, кв. 157",+7-913-834-32-95,vorobevairin32@gmail.com,Ожидает оплаты,16,25673,21.06.2024,22.04.2026,1С:Предприятие,Позний выезд
41,HTL-000041,BK-262844,BK-262844,Волкова Ксения Сергеевна,Апартаменты,Турист,Ростов-н/Д,"ул. Центральная, д. 26, кв. 150",+7-950-450-16-41,volkovakseni379@mail.ru,Выселен,17,31804,26.08.2023,23.03.2024,Excel-выгрузка,Дополнительная кровать
42,HTL-000042,,BK-259134,Фёдоров Егор Николаевич,Стандартный номер,Турист,Волгоград,"ул. Спортивная, д. 130, кв. 61",+7-942-614-31-10,fedorovegorn336@mail.ru,Подтверждена,9,40476,16.08.2026,19.05.2025,1С:Предприятие,нет данных(ошибка)
43,HTL-000043,BK-519387,BK-519387,нет данных(ошибка),Апартаменты,Турист,Влгд,"ул. Садовая, д. 43, кв. 35",+7-955-924-59-23,alekseevasve673@gmail.com,Заселён,19,3553,10.10.2024,19.05.2026,SAP,Позний выезд
44,HTL-000044,BK-803492,BK-803492,Новикова Полина Викторовна,Апартаменты,Молодожёны,Смр,"ул. Молодёжная, д. 102, кв. 20",+7-956-343-79-78,novikovapoli352@outlook.com,Засел.,н/д,4225,12.12.2023,24.06.2026,Excel-выгрузка,Завтрак включён
45,HTL-000045,BK-640612,BK-640612,Воробьёв Сергей Викторович,Комфорт,Молодожёны,Самара,"ул. Ленина, д. 30, кв. 149",+7-959-391-21-29,vorobevserge32@outlook.com,Выселен,13,8951,08.11.2025,23.01.2025,Собственная система учёта,Завтрак включён
46,HTL-000046,BK-660891,BK-660891,Семёнов Владимир Сергеевич,Стандартный номер,Корпоративный гость,Мск,"ул. Советская, д. 55, кв. 141",+7-945-202-18-30,semenovvladi777@,Отменена,20,29978,14.08.2026,06.08.2024,нет данных(ошибка),Позний выезд
47,HTL-000047,BK-778290,BK-778290,Новиков Андрей Андреевич,Апартаменты,Турист,Ростов-на-Дону,"ул. Центральная, д. 1, кв. 118",+7-950-203-84-90,novikovandre356@mail.ru,Выселен,11,34137,19.04.2025,16.08.2025,1С:Предприятие,Дополнительная кровать
48,HTL-000048,BK-373300,BK-373300,Лебедев Илья Андреевич,Стандартный номер,Молодожёны,Нижний Новгород,"ул. Спортивная, д. 2, кв. 152",+7-957-449-44-64,petrov@@mail..ru,Ожидает оплаты,2,25185,04.09.2026,11.03.2024,CRM Bitrix24,Ранний заезд
49,HTL-000049,BK-243233,BK-243233,Соколова Виктория Ивановна,Апарт.,Корпоративный гость,Новосибирск,нет данных(ошибка),+7-942-149-97-14,sokolovavikt529@gmail.com,Подтверждена,10,2925,13.05.2023,20.06.2024,Excel-выгрузка,Ранний заезд
50,HTL-000050,BK-142871,BK-142871,Воробьёв Владимир Александрович,Стандартный номер,Молодожёны,Екб,"ул. Садовая, д. 130, кв. 82",+7-926-501-66-39,vorobevvladi746@gmail.com,Выселен,10,17991,00.00.0000,02.11.2026,Собственная система учёта,
51,HTL-000051,BK-389715,BK-389715,Воробьёв Дмитрий Викторович,Апарт.,Молодожёны,Санкт-Петербург,"ул. Садовая, д. 57, кв. 37",+7-916-305-11-54,vorobevdmitr129@gmail.com,Отмен.,21,18588,2026-13-45,03.02.2024,Собственная система учёта,Ранний заезд
52,HTL-000052,BK-305855,BK-305855,Морозова Екатерина Александровна,Люкс,Корпоративный гость,Воронеж,"ул. Спортивная, д. 73, кв. 17",+7-921-421-82-67,morozovaekat747@mail.ru,Ожидает оплаты,5,18181,14.11.2026,28.07.2025,Excel-выгрузка,Ранний заезд
53,HTL-000053,BK-763493,BK-763493,Виноградов Максим Викторович,Стандартный номер,Корпоративный гость,Смр,"ул. Пушкина, д. 5, кв. 166",+7-923-677-88-70,vinogradovma547@yandex.ru,Выселен,10,21018,17.01.2024,,Excel-выгрузка,Позний выезд
54,HTL-000054,BK-268904,BK-268904,Лебедева Екатерина Петровна,Стандартный номер,Корпоративный гость,Ростов-н/Д,"ул. Молодёжная, д. 63, кв. 131",+7-920-998-10-70,lebedevaekat357@mail.ru,Заселён,18,7232,08.02.2025,03.02.2024,Excel-выгрузка,
55,HTL-000055,BK-535118,BK-535118,Семёнов Илья Иванович,Апарт.,Молодожёны,Санкт-Петербург,"ул. Спортивная, д. 35, кв. 181",+7-952-672-80-87,semenovilyai782@yandex.ru,Подтверждена,8,5871,15.09.2024,09.08.2025,1С:Предприятие,Дополнительная кровать
56,HTL-000056,BK-627938,BK-627938,Соколова Алина Андреевна,Стандартный номер,Корпоративный гость,Ростов-на-Дону,"ул. Ленина, д. 97, кв. 113",+7-941-642-71-24,sokolovaalin273@yandex.ru,Отменена,16,13466,11.06.2026,07.02.2025,Excel-выгрузка,Дополнительная кровать
57,HTL-000057,BK-704176,BK-704176,Новикова Татьяна Викторовна,Стандартный номер,Турист,Новосибирск,"ул. Советская, д. 116, кв. 92",+7-958-281-55-66,novikovataty996@gmail.com,Засел.,17,36854,05.06.2024,21.07.2026,Собственная система учёта,
58,HTL-000058,BK-150888,,Виноградова Полина Викторовна,Стандартный номер,Постоянный клиент,Санкт-Петербург,"ул. Победы, д. 111, кв. 122",+7-925-906-39-79,vinogradovap77@gmail.com,Заселён,15,30037,14.12.2025,21.01.2025,SAP ERP,Ранний заезд
59,HTL-000059,BK-793128,BK-793128,Богданов Егор Александрович,Номер комфорт,Корпоративный гость,,"ул. Спортивная, д. 58, кв. 67",+7-937-431-99-17,bogdanovegor778@yandex.ru,Выселен,11,35367,08.01.2026,,SAP ERP,Завтрак включён
60,HTL-000060,BK-312599,BK-312599,Лебедева Полина Сергеевна,Номер комфорт,Турист,Казань,"ул. Победы, д. 36, кв. 72",+7-959-428-67-16,lebedevapoli79@gmail.com,Засел.,11,32835,07.07.2024,01.09.2026,CRM Bitrix24,Позний выезд
61,HTL-000061,BK-382427,BK-382427,Попова Ксения Петровна,Стандартный номер,Молодожёны,Санкт-Петербург,"ул. Садовая, д. 100, кв. 198",+7-920-832-98-75,popovakseniy594@outlook.com,Выселен,9,33549,26.12.2026,21.04.2024,Excel-выгрузка,Ранний заезд
62,HTL-000062,BK-319275,BK-319275,Новикова Ирина Петровна,Апарт.,####,Ростов-на-Дону,"ул. Садовая, д. 25, кв. 147",телефон отсутствует,novikovairin742@yandex.ru,Отмен.,9,7916,08.12.2024,25.09.2024,1С:Предприятие,Завтрак включён
63,HTL-000063,BK-294437,BK-294437,Воробьёв Павел Николаевич,Стандарт,Турист,Нижний Новгород,"ул. Победы, д. 95, кв. 72",+7-914-963-79-88,vorobevpavel326@yandex.ru,Отменена,17,17665,25.05.2023,08.01.2024,SAP ERP,Завтрак включён
64,HTL-000064,BK-335570,BK-335570,Соколов Владимир Сергеевич,Апарт.,Молодожёны,Екатеринбург,"ул. Победы, д. 78, кв. 157",+7-910-415-67-84,sokolovvladi369@outlook.com,Выселен,4,29959,05.11.2026,05.04.2024,SAP ERP,Ранний заезд
65,HTL-000065,BK-649987,BK-649987,Богданов Егор Иванович,Люкс,Молодожёны,Нижний Новгород,"ул. Советская, д. 77, кв. 113",+7-934-151-97-97,bogdanovegor216@yandex.ru,Подтверждена,ERROR,13141,15.09.2025,20.09.2024,SAP ERP,Завтрак включён
66,HTL-000066,BK-589507,N/A,,Номер комфорт,Постоянный клиент,Ростов-н/Д,"ул. Советская, д. 63, кв. 5",+7-945-400-59-15,lebedevadary481@mail.ru,Ожидает оплаты,13,11977,07.04.2023,10.07.2026,Собственная система учёта,Ранний заезд
67,HTL-000067,BK-640610,BK-640610,Голубева Наталья Николаевна,Стандартный номер,Постоянный клиент,Ростов-на-Дону,"ул. Советская, д. 66, кв. 167",+7-955-327-97-14,petrov@@mail..ru,Подтверждена,2,8417,08.07.2026,06.07.2025,CRM Bitrix24,
68,HTL-000068,BK-387437,BK-387437,Морозов Алексей Дмитриевич,Люкс,Постоянный клиент,Краснодар,"ул. Победы, д. 117, кв. 158",+7-934-255-30-83,petrov@@mail..ru,Подтв.,21,2120,,13.01.2024,Excel-выгрузка,Ранний заезд
69,HTL-000069,BK-875708,BK-875708,Соколова Елена Ивановна,Стандартный номер,ОШИБКА_ДАННЫХ,Ростов-на-Дону,"ул. Спортивная, д. 5, кв. 164",+7-916-552-43-88,sokolovaelen205@gmail.com,Отменена,21,42911,13.12.2023,09.05.2024,,12345XYZ
70,HTL-000070,BK-536640,BK-536640,Богданов Илья Николаевич,Люкс,Молодожёны,Екатеринбург,"ул. Гагарина, д. 20, кв. 111",+7-932-157-32-97,bogdanovilya157@gmail.com,Ожид. опл.,17,39502,09.06.2024,28.05.2026,1С:Предприятие,Завтрак включён
71,HTL-000071,BK-179969,BK-179969,Иванова Дарья Петровна,Номер комфорт,Турист,Москва,"ул. Гагарина, д. 63, кв. 170",+7-952-126-54-91,ivanovadarya861@mail.ru,Высел.,14,31131,2023,2025,CRM Bitrix24,Ранний заезд
72,HTL-000072,BK-623885,BK-623885,Семёнова Наталья Викторовна,Люкс,Турист,Пермь,"ул. Мира, д. 44, кв. 145",+7-945-811-31-47,semenovanata161@yandex.ru,Подтверждена,6,35269,26.06.2023,02.03.2026,Собственная система учёта,
73,HTL-000073,BK-813100,BK-813100,Семёнов Дмитрий Иванович,Стандарт,Постоянный клиент,Волгоград,"ул. Молодёжная, д. 111, кв. 43",+7-931-146-51-17,semenovdmitr755@outlook.com,Ожид. опл.,5,20255,20.04.2023,02.04.2025,CRM Bitrix24,Позний выезд
74,HTL-000074,BK-483123,####,Соколов Виктор Петрович,Люкс,Молодожёны,Волгоград,"ул. Советская, д. 144, кв. 59",+7-942-388-47-16,sokolovvikto494@yandex.ru,Выселен,12,18835,2026-13-45,05.05.2026,Собственная система учёта,
75,HTL-000075,BK-873196,BK-873196,Козлова Мария Александровна,Апартаменты,Турист,СПб,"ул. Пушкина, д. 143, кв. 106",+7-951-351-26-85,kozlovamariy528@mail.ru,Заселён,1,-1,22.05.2023,22.08.2026,1С:Предприятие,12345XYZ
76,HTL-000076,BK-712946,BK-712946,Кузнецов Алексей Сергеевич,Комфорт,Молодожёны,Челяб.,"ул. Гагарина, д. 27, кв. 16",+7-949-153-71-42,kuznecovalek264@gmail.com,Выселен,,17171,03.12.2023,16.02.2025,SAP ERP,Ранний заезд
77,HTL-000077,BK-130998,####,Алексеев Андрей Иванович,Люкс,Молодожёны,Новосибирск,ул.,+7-928-899-45-86,alekseevandr415@outlook.com,Высел.,1,30998,13.04.2024,02.12.2025,SAP ERP,Завтрак включён
78,HTL-000078,BK-376107,BK-376107,Богданов Александр Дмитриевич,Стандартный номер,,Ростов-на-Дону,"ул. Садовая, д. 54, кв. 129",+7-950-257-55-26,bogdanovalek5@gmail.com,Заселён,7,40067,04.06.2024,05.01.2025,Excel-выгрузка,
79,HTL-000079,BK-911760,BK-911760,Семёнова Татьяна Викторовна,Номер комфорт,Молодожёны,Ростов-н/Д,"ул. Садовая, д. 75, кв. 144",+7-913-322-95-22,,Выселен,16,ERROR,11.08.2023,27.05.2024,Собственная система учёта,Ранний заезд
80,HTL-000080,BK-360564,BK-360564,Егоров Илья Николаевич,Номер комфорт,Корпоративный гость,Смр,"ул. Спортивная, д. 57, кв. 3",+7-923-739-55-40,egorovilyani139@gmail.com,Выселен,2,36204,06.04.2025,27.09.2026,Excel-выгрузка,Позний выезд
81,HTL-000081,BK-404380,BK-404380,Смирнова Елена Дмитриевна,Люкс,Молодожёны,Пермь,"ул. Пушкина, д. 117, кв. 85",+7-927-844-72-35,,Выселен,2,20052,14.10.2023,03.09.2025,Собственная система учёта,Дополнительная кровать
82,HTL-000082,BK-482304,BK-482304,Волкова Светлана Петровна,Апартаменты,Корпоративный гость,Казань,"ул. Молодёжная, д. 25, кв. 200",+7-912-779-35-97,volkovasvetl22@gmail.com,Заселён,16,15473,28.09.2026,04.10.2026,1С:Предприятие,
83,HTL-000083,BK-882047,BK-882047,Кузнецов Виктор Петрович,Люкс,Молодожёны,Казань,"ул. Пушкина, д. 55, кв. 9",+7-940-976-30-23,kuznecovvikt678@outlook.com,Выселен,ERROR,29809,11.07.2023,06.08.2026,нет данных(ошибка),Завтрак включён
84,HTL-000084,BK-359257,BK-359257,Кузнецов Дмитрий Александрович,Люкс,Турист,Челябинск,ул.,+7-917-248-59-51,kuznecovdmit711@outlook.com,Ожидает оплаты,18,6369,27.10.2024,28.03.2024,Excel-выгрузка,
85,HTL-000085,BK-754094,BK-754094,Виноградова Юлия Викторовна,Номер комфорт,Турист,Каз,"ул. Спортивная, д. 17, кв. 160",+7-935-126-91-77,vinogradovay103@gmail.com,Заселён,18,23937,15.04.2025,02.04.2026,SAP ERP,Позний выезд
86,HTL-000086,BK-577870,BK-577870,Кузнецова Мария Викторовна,Люк,Молодожёны,Челябинск,"ул. Ленина, д. 127, кв. 32",+7-937-869-89-42,kuznecovamar561@gmail.com,Подтверждена,9,22016,02.01.2023,09.12.2026,1С:Предприятие,
87,HTL-000087,BK-487544,BK-487544,Козлов Максим Дмитриевич,Стандартный номер,Молодожёны,Н.Новгород,"ул. Ленина, д. 114, кв. 197",+7-948-597-30-84,kozlovmaksim537@outlook.com,Ожидает оплаты,6,38819,26.12.2025,15.03.2025,CRM Bitrix24,Дополнительная кровать
88,HTL-000088,BK-371185,BK-371185,Голубева Ксения Сергеевна,категория_5,Постоянный клиент,Смр,"ул. Спортивная, д. 123, кв. 177",+7-922-931-62-62,golubevaksen283@gmail.com,Выселен,12,35340,23.09.2026,08.12.2026,Excel-выгрузка,Ранний заезд
89,HTL-000089,BK-162744,BK-162744,Лебедева Ирина Сергеевна,Люкс,Постоянный клиент,Смр,"ул. Молодёжная, д. 127, кв. 118",+7-917-671-51-34,,Подтв.,16,20971,2026-13-45,06.01.2025,SAP ERP,Завтрак включён
90,HTL-000090,BK-931801,BK-931801,Кузнецов Андрей Андреевич,Стандартный номер,Молодожёны,Ворнж,"ул. Молодёжная, д. 127, кв. 120",+7-932-251-71-10,,Ожидает оплаты,15,39726,15.02.2026,24.04.2025,SAP ERP,Ранний заезд
91,HTL-000091,BK-530372,BK-530372,Морозова Виктория Сергеевна,Апарт.,Корпоративный гость,Казань,"ул. Спортивная, д. 7, кв. 177",+7-928-315-75-80,morozovavikt499@mail.ru,Высел.,15,28059,28.03.2024,05.01.2025,SAP ERP,Дополнительная кровать
92,HTL-000092,BK-358552,####,Козлова Светлана Дмитриевна,Люкс,Турист,Ростов-на-Дону,"ул. Пушкина, д. 124, кв. 33",+7-931-528-16-46,kozlovasvetl827@outlook.com,Высел.,17,12326,07.11.2023,01.10.2025,Excel-выгрузка,Ранний заезд
93,HTL-000093,BK-435830,BK-435830,Алексеева Ксения Александровна,Комфорт,Молодожёны,СПб,"ул. Советская, д. 66, кв. 8",+7-954-738-70-38,alekseevakse886@mail.ru,Ожидает оплаты,5,5632,15.07.2026,11.07.2025,SAP ERP,Ранний заезд
94,HTL-000094,BK-440076,BK-440076,Соколов Павел Николаевич,Номер комфорт,Постоянный клиент,Пермь,"ул. Молодёжная, д. 145, кв. 72",+7-924-442-38-99,sokolovpavel968@yandex.ru,Отменена,14,6802,22.09.2026,18.06.2024,1С:Предприятие,Позний выезд
95,HTL-000095,BK-644519,BK-644519,Семёнов Алексей Андреевич,Комфорт,Постоянный клиент,Екб,"ул. Молодёжная, д. 114, кв. 143",+7-958-769-81-59,semenovaleks366@gmail.com,Заселён,,10741,11.02.2026,15.01.2024,1С:Предприятие,Дополнительная кровать
96,HTL-000096,BK-797926,BK-797926,-,Номер комфорт,Турист,Мск,"ул. Садовая, д. 103, кв. 137",,ivanovilyavi130@mail.ru,Ожидает оплаты,11,40448,06.11.2026,13.09.2025,Собственная система учёта,Позний выезд
97,HTL-000097,BK-518557,BK-518557,Иванов Артём Александрович,Апартаменты,Корпоративный гость,Новосибирск,"ул. Победы, д. 17, кв. 94",+7-915-594-85-67,ivanovartema78@gmail.com,Отменена,7,33104,11.10.2025,27.02.2024,CRM Bitrix24,Завтрак включён
98,HTL-000098,BK-941603,BK-941603,Новиков Виктор Викторович,Стандартный номер,Постоянный клиент,Казань,"ул. Центральная, д. 109, кв. 177",+7-920-214-35-44,novikovvikto782@outlook.com,###,,20168,11.02.2026,26.12.2024,Excel-выгрузка,Дополнительная кровать
99,HTL-000099,BK-360320,BK-360320,Попов Максим Николаевич,Апартаменты,Постоянный клиент,Пермь,####,+7-916-376-77-98,popovmaksimn172@mail.ru,Отменена,15,6738,25.01.2025,2026,,Позний выезд
100,HTL-000100,BK-569171,-,Богданова Наталья Дмитриевна,Комфорт,Молодожёны,Краснодар,"ул. Мира, д. 125, кв. 194",+7-948-355-11-11,bogdanovanat332@mail.ru,Отменена,18,40847,28.06.2023,02.09.2026,Собственная система учёта,Ранний заезд
101,HTL-000101,BK-380777,BK-380777,Морозов Сергей Александрович,Люк,Постоянный клиент,Краснодар,-,+7-934-827-38-53,morozovserge830@outlook.com,Отмен.,19,4492,25.02.2024,04.02.2024,Excel-выгрузка,Завтрак включён
102,HTL-000102,BK-696006,BK-696006,Попов Александр Дмитриевич,не указано(ошибка),Турист,Ростов-н/Д,"ул. Центральная, д. 109, кв. 199",+7-926-247-74-24,popovaleksan723@yandex.ru,Заселён,19,,,15.01.2024,SAP ERP,
103,HTL-000103,BK-633985,BK-633985,Новикова Виктория Викторовна,Стандартный номер,ОШИБКА_ДАННЫХ,Ростов-н/Д,"ул. Ленина, д. 149, кв. 39",+7-910-350-38-20,novikovavikt763@gmail.com,Выселен,12,29345,2025,13.07.2024,SAP ERP,Завтрак включён
104,HTL-000104,BK-991940,BK-991940,Кузнецова Юлия Андреевна,Стандарт,Турист,Казань,"ул. Спортивная, д. 89, кв. 15",+7-929-340-74-82,нет_почты,Подтв.,13,19738,17.01.2025,24.03.2025,Собственная система учёта,Дополнительная кровать
105,HTL-000105,BK-299261,BK-299261,Попова Анна Андреевна,Стандартный номер,Молодожёны,Волгоград,12345XYZ,+7-934-360-22-33,popovaannaan102@outlook.com,Ожидает оплаты,,25859,09.08.2025,13.09.2025,1С:Предприятие,
106,HTL-000106,BK-882101,BK-882101,Виноградов Алексей Андреевич,Номер комфорт,Турист,Москва,"ул. Садовая, д. 57, кв. 95",+7-927-748-45-28,vinogradoval528@outlook.com,Отменена,12,39001,06.10.2023,20.07.2024,Excel-выгрузка,Дополнительная кровать
107,HTL-000107,BK-499392,BK-499392,Алексеева Анна Ивановна,Номер комфорт,Молодожёны,Ростов-на-Дону,"ул. Гагарина, д. 36, кв. 62",+7-936-651-40-20,alekseevaann482@yandex.ru,Засел.,8,18666,07.09.2023,20.12.2026,SAP ERP,Дополнительная кровать
108,HTL-000108,BK-765615,BK-765615,,Комфорт,Корпоративный гость,Крд,"ул. Ленина, д. 23, кв. 117",+7-941-182-96-13,bogdanovapol134@outlook.com,Отмен.,10,25780,24.03.2023,25.11.2025,Собственная система учёта,Дополнительная кровать
109,HTL-000109,BK-380448,BK-380448,Алексеев Виктор Андреевич,Люкс,Постоянный клиент,Воронеж,N/A,+7-914-131-37-33,alekseevvikt754@yandex.ru,Подтверждена,17,30258,28.08.2026,02.11.2026,Excel-выгрузка,Завтрак включён
110,HTL-000110,BK-770806,BK-770806,Новиков Роман Петрович,Апартаменты,Корпоративный гость,Смр,"ул. Ленина, д. 25, кв. 21",+7-952-993-17-47,novikovroman565@mail.ru,Ожид. опл.,17,18405,15.12.2024,13.03.2026,1С:Предприятие,Ранний заезд
111,HTL-000111,BK-773616,BK-773616,Голубева Татьяна Викторовна,Номер комфорт,Корпоративный гость,Пермь,"ул. Пушкина, д. 37, кв. 35",+7-930-316-85-38,golubevataty138@yandex.ru,Заселён,5,25598,15.08.2026,,SAP ERP,Дополнительная кровать
112,HTL-000112,BK-567561,BK-567561,Соколова Елена Дмитриевна,Люкс,Корпоративный гость,Санкт-Петербург,"ул. Мира, д. 73, кв. 135",12345,sokolovaelen195@outlook.com,Отмен.,8,40170,2026,18.08.2026,Собственная система учёта,Дополнительная кровать
113,HTL-000113,BK-284912,BK-284912,Морозова Елена Петровна,Люкс,Корпоративный гость,Новосибирск,"ул. Садовая, д. 80, кв. 115",+7-958-586-17-59,morozovaelen699@yandex.ru,Отменена,6,36486,05.04.2025,02.11.2026,CRM Bitrix24,Дополнительная кровать
114,HTL-000114,BK-425568,BK-425568,12345XYZ,Люкс,Молодожёны,Пермь,"ул. Центральная, д. 116, кв. 135",+7-952-912-18-76,pavlovegorpe221@outlook.com,Выселен,3,16734,23.10.2025,11.11.2025,Собственная система учёта,Позний выезд
115,HTL-000115,BK-838473,BK-838473,Богданова Ольга Викторовна,Апартаменты,Корпоративный гость,Екатеринбург,"ул. Победы, д. 14, кв. 23",+7-949-387-68-37,bogdanovaolg500@outlook.com,Отмен.,14,11020,07.11.2026,13.10.2026,SAP ERP,Дополнительная кровать
116,HTL-000116,BK-902989,BK-902989,Голубева Екатерина Петровна,Стандартный номер,Молодожёны,Краснодар,"ул. Гагарина, д. 35, кв. 6",+7-912-663-92-25,golubevaekat808@mail.ru,Подтверждена,4,18745,27.09.2024,14.11.2025,,Ранний заезд
117,HTL-000117,BK-514305,BK-514305,Волков Дмитрий Петрович,Люкс,Турист,Санкт-Петербург,"ул. Пушкина, д. 150, кв. 197",+7-958-879-15-82,,Подтверждена,-1,2918,23.01.2023,12.11.2025,Собственная система учёта,Завтрак включён
118,HTL-000118,BK-292301,BK-292301,Соколов Павел Петрович,Люк,Молодожёны,Ростов-н/Д,"ул. Победы, д. 33, кв. 159",+7-929-935-76-35,sokolovpavel973@mail.ru,Заселён,4,31926,15.10.2023,11.12.2024,1С:Предприятие,Позний выезд
119,HTL-000119,,BK-784232,Новиков Владимир Андреевич,Номер комфорт,Турист,Екб,12345XYZ,+7-953-558-97-71,novikovvladi455@outlook.com,Ожи,9,10524,18.06.2026,02.06.2025,CRM Bitrix24,Ранний заезд
120,HTL-000120,BK-109515,BK-109515,Воробьёв Павел Петрович,Стандарт,Турист,Москва,"ул. Центральная, д. 123, кв. 20",+7-950-802-90-33,vorobevpavel979@mail.ru,Выселен,3,-1,27.08.2023,13.07.2025,Excel-выгрузка,
121,HTL-000121,BK-900006,BK-900006,Новиков Павел Петрович,Номер комфорт,Постоянный клиент,Челябинск,"ул. Мира, д. 44, кв. 75",+7-959-335-57-59,novikovpavel513@outlook.com,,2,16288,25.06.2024,28.07.2024,Собственная система учёта,Дополнительная кровать
122,HTL-000122,BK-849866,BK-849866,Волков Алексей Петрович,Апартаменты,Молодожёны,Екб,"ул. Победы, д. 3, кв. 122",+7-945-877-21-17,volkovalekse181@outlook.com,,8,44759,27.08.2025,24.05.2025,Excel-выгрузка,Ранний заезд
123,HTL-000123,BK-292323,BK-292323,Новикова Ольга Андреевна,Апартаменты,Корпоративный гость,СПб,"ул. Спортивная, д. 102, кв. 46",+7-938-441-60-99,novikovaolga262@gmail.com,Ожидает оплаты,19,4506,21.02.2025,13.06.2026,Excel-выгрузка,Позний выезд
124,HTL-000124,BK-117311,BK-117311,Лебедев Артём Иванович,Номер комфорт,Постоянный клиент,категория_5,"ул. Ленина, д. 92, кв. 174",+7-914-498-43-17,lebedevartem523@outlook.com,Высел.,-1,5635,04.09.2025,24.04.2024,SAP ERP,Позний выезд
125,HTL-000125,BK-821238,BK-821238,Козлова Ксения Ивановна,Люк,Корпоративный гость,Челяб.,"ул. Гагарина, д. 82, кв. 149",+7-957-657-60-66,,Подтверждена,11,25628,,25.12.2026,1С:Предприятие,Завтрак включён
126,HTL-000126,,BK-193503,Воробьёва Ксения Ивановна,Стандартный номер,Турист,Нижний Новгород,"ул. Садовая, д. 47, кв. 123",+7-910-150-94-26,,Подтверждена,7,10433,19.09.2026,27.08.2024,SAP ERP,Завтрак включён
127,HTL-000127,BK-120668,BK-120668,Павлов,Стандарт,Турист,Челябинск,"ул. Центральная, д. 22, кв. 178",+7-918-859-87-18,pavlovsergei177@gmail.com,Заселён,,40694,25.07.2025,14.08.2024,SAP ERP,Дополнительная кровать
128,HTL-000128,BK-685079,BK-685079,N/A,Люкс,Корпоративный гость,Пермь,"ул. Садовая, д. 83, кв. 143",+7-941-784-13-65,,Ожидает оплаты,5,37844,08.10.2024,05.06.2024,Собственная система учёта,Завтрак включён
129,HTL-000129,BK-652762,BK-652762,Алексеева Ольга Андреевна,Люкс,Молодожёны,Нижний Новгород,"ул. Центральная, д. 41, кв. 106",+7-943-780-49-73,alekseevaolg423@gmail.com,Заселён,12,23034,22.08.2023,08.09.2024,1С:Предприятие,Ранний заезд
130,HTL-000130,BK-228873,BK-228873,Петрова Ирина Александровна,Апартаменты,Турист,Ростов-на-Дону,"ул. Пушкина, д. 90, кв. 193",+7-911-865-96-53,petrov@@mail..ru,Подтверждена,11,36719,01.02.2023,18.11.2026,Excel-выгрузка,Завтрак включён
131,HTL-000131,BK-723421,BK-723421,Новиков Андрей Петрович,Апартаменты,Постоянный,не указано(ошибка),"ул. Советская, д. 115, кв. 137",+7-959-847-80-64,novikovandre199@outlook.com,Выселен,21,21377,08.06.2026,2024,Excel-выгрузка,Завтрак включён
132,HTL-000132,BK-389933,BK-389933,Козлова Светлана Андреевна,Апарт.,Корпоративный гость,Волгоград,"ул. Молодёжная, д. 44, кв. 129",+7-917-730-19-54,kozlovasvetl186@mail.ru,Ожидает оплаты,16,21016,21.09.2024,10.04.2025,SAP ERP,Ранний заезд
133,HTL-000133,BK-438828,BK-438828,Фёдорова Ольга Николаевна,Стандарт,Турист,Воронеж,"ул. Ленина, д. 65, кв. 122",+7-918-869-63-13,fedorovaolga886@outlook.com,Отменена,,н/д,12.05.2023,15.08.2026,CRM,Завтрак включён
134,HTL-000134,BK-495993,BK-495993,Волков,Стандартный номер,Молодожёны,Самара,"ул. Пушкина, д. 125, кв. 185",+7-924-498-65-56,volkovkirill629@yandex.ru,Выселен,21,36650,2026-13-45,24.09.2025,Собственная система учёта,
135,HTL-000135,BK-786376,BK-786376,Кузнецова Татьяна Андреевна,Стандартный номер,Турист,Нижний Новгород,"ул. Пушкина, д. 100, кв. 17",+7-937-348-82-50,kuznecovatat348@yandex.ru,Высел.,9,33291,09.08.2026,21.08.2024,CRM Bitrix24,Ранний
136,HTL-000136,BK-248481,BK-248481,Виноградов Андрей Петрович,Апарт.,Турист,Ростов-на-Дону,"ул. Мира, д. 21, кв. 141",+7-958-676-76-70,vinogradovan383@gmail.com,Выселен,19,37249,24.03.2024,02.10.2024,12345XYZ,Ранний заезд
137,HTL-000137,BK-439410,BK-439410,Морозова Ирина Викторовна,Стандартный номер,Молодожёны,Екатеринбург,"ул. Молодёжная, д. 83, кв. 141",12345,morozovairin586@mail.ru,Ожидает оплаты,9,21851,00.00.0000,24.11.2024,Excel-выгрузка,Ранний заезд
138,HTL-000138,BK-241275,BK-241275,нет данных(ошибка),Апартаменты,Турист,Екатеринбург,"ул. Советская, д. 96, кв. 50",+7-955-477-88-70,kozlovsergei956@gmail.com,Отменена,,3319,17.03.2026,23.12.2024,1С:Предприятие,
139,HTL-000139,BK-522931,BK-522931,Голубева,Люкс,Молодожёны,Краснодар,"ул. Садовая, д. 38, кв. 200",+7-954-905-70-34,golubevayuli873@outlook.com,Выселен,8,5106,08.08.2026,27.11.2026,Собственная система учёта,Позний выезд
140,HTL-000140,BK-558589,BK-558589,Иванова Светлана Петровна,Апартаменты,Турист,Новосибирск,"ул. Ленина, д. 15, кв. 176",+7-951-399-45-56,ivanovasvetl455@mail.ru,Ожидает оплаты,20,28196,24.10.2024,22.01.2026,1С:Предприятие,
141,HTL-000141,BK-562886,BK-562886,Соколова Ксения Сергеевна,Апартаменты,Турист,Волгоград,"ул. Центральная, д. 133, кв. 41",+7-932-396-59-40,sokolovaksen341@mail.ru,Отменена,10,7138,16.07.2025,15.02.2024,Excel-выгрузка,Дополнительная кровать
142,HTL-000142,BK-313172,BK-313172,Семёнова Полина Сергеевна,Люкс,Турист,Краснодар,"ул. Мира, д. 142, кв. 118",+7-952-135-74-95,semenovapoli8@gmail.com,Высел.,11,22671,18.12.2024,07.06.2024,Excel-выгрузка,Дополнительная кровать
143,HTL-000143,BK-748636,BK-748636,Павлова Анна Андреевна,Люкс,Постоянный клиент,Самара,"ул. Центральная, д. 7, кв. 90",+7-915-916-34-15,pavlovaannaa621@outlook.com,Выселен,15,13906,18.03.2023,13.06.2024,Собственная система учёта,Позний выезд
144,HTL-000144,BK-679643,BK-679643,Соколов Александр Петрович,Люкс,Корпоративный гость,Челябинск,"ул. Спортивная, д. 143, кв. 198",+7-919-214-46-83,sokolovaleks318@yandex.ru,Подтверждена,8,33007,08.08.2023,23.07.2024,CRM Bitrix24,
145,HTL-000145,BK-137056,BK-137056,Алексеева Юлия Андреевна,Стандартный номер,Молодожёны,Крд,"ул. Пушкина, д. 129, кв. 53",+7-937-897-76-25,alekseevayul454@outlook.com,Ожидает оплаты,7,37109,11.07.2026,02.07.2026,Excel-выгрузка,Завтрак включён
146,HTL-000146,BK-604101,BK-604101,Алексеев Владимир Викторович,Апартаменты,Корпоративный гость,Пермь,"ул. Победы, д. 75, кв. 26",+7-910-426-91-95,alekseevvlad493@outlook.com,Ожидает оплаты,12,ERROR,06.01.2025,27.12.2025,Собственная система учёта,
147,HTL-000147,BK-873207,BK-873207,Иванова Ольга Викторовна,Люкс,Молодожёны,Влгд,"ул. Советская, д. 88, кв. 125",+7-942-398-56-70,ivanovaolgav48@yandex.ru,Отменена,1,12021,01.02.2025,12.02.2025,1С:Предприятие,Завтрак включён
148,HTL-000148,BK-870852,BK-870852,Морозова Виктория Андреевна,Стандарт,,Ростов-н/Д,"ул. Ленина, д. 134, кв. 172",+7-917-538-97-24,morozovavikt352@,Зас,21,27061,08.02.2026,01.05.2026,SAP ERP,Завтрак включён
149,HTL-000149,BK-795798,BK-795798,Петрова Елена Александровна,Люкс,Турист,Краснодар,"ул. Пушкина, д. 9, кв. 165",+7-945-701-27-26,petrovaelena24@outlook.com,Высел.,19,42826,13.11.2023,26.10.2025,SAP ERP,
150,HTL-000150,BK-353751,BK-353751,Алексеев Павел Александрович,Номер комфорт,Молодожёны,Екатеринбург,ул.,,alekseevpave372@gmail.com,Заселён,много,8375,17.01.2026,08.04.2026,SAP ERP,Ранний заезд
151,HTL-000151,BK-920351,BK-920351,Соколова Наталья Николаевна,Люкс,Молодожёны,Ростов-на-Дону,"ул. Советская, д. 10, кв. 198",+7-912-847-14-43,sokolovanata217@gmail.com,Отмен.,18,3191,28.12.2025,28.09.2026,Собственная система учёта,Завтрак включён
152,HTL-000152,BK-619899,BK-619899,,Люкс,Постоянный клиент,Ворнж,"ул. Спортивная, д. 97, кв. 29",+7-957-548-16-82,volkovapolin216@outlook.com,Подтверждена,16,2911,14.07.2023,04.09.2026,CRM Bitrix24,Ранний заезд
153,HTL-000153,BK-340986,BK-340986,???,Стандартный номер,Корпоративный гость,Крд,"ул. Мира, д. 94, кв. 14",+7-916-490-42-51,morozovayuli950@gmail.com,Высел.,13,12057,08.08.2025,28.03.2024,SAP ERP,Позний выезд
154,HTL-000154,BK-542188,BK-542188,Егоров Илья Петрович,Апарт.,Корпоративный гость,Смр,"ул. Гагарина, д. 150, кв. 91",+7-941-910-91-84,egorovilyape501@gmail.com,Заселён,12,4433,19.11.2023,20.09.2026,Excel-выгрузка,Ранний заезд
155,HTL-000155,BK-588895,BK-588895,Козлова Дарья Дмитриевна,Люкс,Молодожёны,Санкт-Петербург,"ул. Молодёжная, д. 10, кв. 72",+7-921-491-20-43,kozlovadarya459@gmail.com,Подтверждена,14,23821,09.05.2023,06.06.2024,Excel-выгрузка,Дополнительная кровать
156,HTL-000156,BK-397721,BK-397721,Виноградова Дарья Сергеевна,Апартаменты,Турист,Пермь,"ул. Победы, д. 66, кв. 23",+7-952-789-83-24,petrov@@mail..ru,Выселен,,,17.10.2025,05.07.2025,1С:Предприятие,
157,HTL-000157,BK-298548,BK-298548,Лебедева Виктория Петровна,Номер комфорт,Молодожёны,,"ул. Гагарина, д. 80, кв. 45",+7-940-786-63-10,lebedevavikt289@outlook.com,Подтверждена,10,30610,01.05.2025,23.07.2024,1С:Предприятие,нет данных(ошибка)
158,HTL-000158,BK-469417,BK-469417,Волков Максим Викторович,Люкс,Молодожёны,Санкт-Петербург,"ул. Садовая, д. 51, кв. 37",+7-937-837-29-21,volkovmaksim547@yandex.ru,Заселён,4,25598,27.02.2025,22.10.2024,SAP ERP,Дополнительная кровать
159,HTL-000159,BK-238961,BK-238961,Алексеева Дарья Сергеевна,Апарт.,Турист,Москва,"ул. Победы, д. 103, кв. 139",+7-942-753-17-75,alekseevadar663@gmail.com,Отменена,6,,16.03.2026,2024,CRM Bitrix24,Позний выезд
160,HTL-000160,BK-421758,BK-421758,Соколов Павел Андреевич,Апартаменты,Постоянный клиент,Пермь,,+7-940-2,petrov@@mail..ru,Выселен,,,14.12.2026,14.05.2025,Собственная система учёта,Дополнительная кровать
161,HTL-000161,-,BK-631218,Кузнецова,Апартаменты,Молодожёны,Воронеж,"ул. Центральная, д. 76, кв. 150",+7-953-254-83-47,kuznecovapol622@gmail.com,Отменена,7,6779,16.07.2024,,CRM Bitrix24,
162,HTL-000162,BK-528730,BK-528730,Фёдорова Ксения Александровна,Люкс,Корпоративный гость,Ростов-на-Дону,"ул. Молодёжная, д. 113, кв. 166",+7-942-314-33-14,fedorovaksen78@yandex.ru,категория_5,4,15526,15.08.2023,11.01.2026,CRM Bitrix24,Дополнительная кровать
163,HTL-000163,BK-143233,BK-143233,Богданова Юлия Андреевна,Номер комфорт,Корпоративный гость,СПб,"ул. Победы, д. 25, кв. 132",+7-911-207-60-61,bogdanovayul554@gmail.com,Подтверждена,6,18353,18.03.2026,28.02.2024,Собственная система учёта,Позний выезд
164,HTL-000164,####,BK-625056,Фёдорова Ксения Викторовна,Комфорт,Постоянный клиент,Сан,"ул. Победы, д. 71, кв. 199",+7-952-346-82-71,fedorovaksen369@mail.ru,Высел.,8,19045,19.06.2023,22.01.2024,Excel-выгрузка,Завтрак включён
165,HTL-000165,BK-112910,BK-112910,Соколова,Апартаменты,Турист,Москва,"ул. Пушкина, д. 102, кв. 10",+7-919-520-93-32,sokolovapoli319@yandex.ru,Выселен,18,43883,11.03.2024,26.11.2024,Собственная система учёта,Позний выезд
166,HTL-000166,BK-546967,BK-546967,Козлова Ольга Викторовна,Стандарт,Молодожёны,Волгоград,"ул. Мира, д. 16, кв. 136",+7-928-133-19-51,kozlovaolgav865@outlook.com,Отменена,19,34533,05.07.2023,17.10.2026,1С:Предприятие,Ранний заезд
167,HTL-000167,BK-691744,BK-691744,Алексеева Татьяна Сергеевна,Апартаменты,Молодожёны,Ростов-на-Дону,"ул. Победы, д. 13, кв. 137",+7-923-528-80-21,alekseevatat571@outlook.com,Ожид. опл.,4,21065,08.08.2023,02.04.2025,,Завтрак включён
168,HTL-000168,BK-186777,BK-186777,Лебедева Виктория Александровна,Номер комфорт,Постоянный клиент,Казань,"ул. Гагарина, д. 7, кв. 14",+7-931-965-95-60,lebedevavikt408@yandex.ru,Подтв.,16,2476,10.11.2024,17.05.2025,SAP ERP,Завтрак включён
169,HTL-000169,BK-753998,BK-753998,???,Стандартный номер,Корпоративный гость,Волгоград,"ул. Центральная, д. 59, кв. 137",+7-917-438-32-29,vinogradovay178@yandex.ru,Ожидает оплаты,19,31721,09.06.2024,10.02.2024,Собственная система учёта,Позний выезд
170,HTL-000170,BK-677416,BK-677416,Морозова Полина Петровна,Люкс,Турист,Екатеринбург,ул.,+7-935-906-49-56,morozovapoli466@,Отменена,2,ERROR,27.11.2026,24.03.2026,???,Завтрак включён
171,HTL-000171,BK-327210,BK-327210,Виноградов Никита Андреевич,Апарт.,Турист,Новосибирск,"ул. Победы, д. 5, кв. 72",+7-931-657-41-79,vinogradovni370@outlook.com,Подтверждена,1,34754,20.01.2026,24.01.2026,CRM Bitrix24,Ранний заезд
172,HTL-000172,BK-565358,BK-565358,Смирнова Ольга Андреевна,Люкс,Постоянный клиент,Н.Новгород,"ул. Советская, д. 54, кв. 61",+7-917-925-57-96,smirnovaolga595@outlook.com,Выселен,9,3204,03.01.2023,01.07.2025,1С:Предприятие,
173,HTL-000173,BK-810072,BK-810072,Лебедев Владимир Викторович,Номер комфорт,Постоянный клиент,Ростов-на-Дону,"ул. Гагарина, д. 45, кв. 99",+7-913-803-82-36,lebedevvladi398@mail.ru,Заселён,5,27318,08.04.2026,вчера,SAP ERP,Ранний заезд
174,HTL-000174,BK-676438,BK-676438,Кузнецова Мария Александровна,Стандартный номер,Молодожёны,Санкт-Петербург,"ул. Центральная, д. 31, кв. 155",+7-947-402-50-69,kuznecovamar48@gmail.com,Заселён,4,41565,18.01.2025,23.10.2024,1С:Предприятие,Ранний заезд
175,HTL-000175,BK-982382,BK-982382,Волкова Полина Ивановна,,Корпоративный гость,Воронеж,"ул. Победы, д. 41, кв. 107",+7-924-473-86-57,volkovapolin484@mail.ru,Выселен,8,25691,04.05.2024,01.11.2024,CRM Bitrix24,Позний выезд
176,HTL-000176,BK-945452,BK-945452,Егорова Юлия Петровна,Стандарт,Постоянный клиент,Ростов-на-Дону,"ул. Молодёжная, д. 84, кв. 191",+7-937-122-31-47,egorovayuliy991@yandex.ru,Ожидает оплаты,12,31212,10.08.2026,10.11.2024,Собственная система учёта,Ранний заезд
177,HTL-000177,BK-485045,BK-485045,Волков Илья Андреевич,Номер комфорт,Корпоративный гость,Пермь,"ул. Центральная, д. 127, кв. 178",+7-953-886-54-30,volkovilyaan125@outlook.com,не указано(ошибка),17,32447,27.07.2023,28.09.2026,CRM Bitrix24,Ранний заезд
178,HTL-000178,,BK-600538,Кузнецова Ирина Дмитриевна,Стандартный номер,Турист,Волгоград,"ул. Пушкина, д. 30, кв. 41",+7-99-abc-12-34,kuznecovairi909@gmail.com,Заселён,14,30809,22.02.2024,03.08.2024,Excel-выгрузка,Дополнительная кровать
179,HTL-000179,BK-196896,BK-196896,Иванова Алина Ивановна,###,Турист,Нижний Новгород,"ул. Победы, д. 14, кв. 139",+7-932-587-10-34,ivanovaalina8@,Подтв.,21,,03.07.2026,13.01.2025,1С:Предприятие,Позний выезд
180,HTL-000180,BK-781837,BK-781837,нет данных(ошибка),Апартаменты,Корпоративный гость,Краснодар,"ул. Советская, д. 24, кв. 171",+7-943-746-93-21,kuznecovaolg167@outlook.com,Подтверждена,8,22833,13.10.2026,,1С:Предприятие,Ранний заезд
181,HTL-000181,BK-166743,BK-166743,Волкова Дарья Николаевна,Комфорт,Молодожёны,Пермь,"ул. Ленина, д. 113, кв. 142",+7-919-972-47-19,volkovadarya432@mail.ru,Заселён,7,19775,22.05.2024,,1С:Предприятие,Дополнительная
182,HTL-000182,BK-596004,нет данных(ошибка),Егоров Андрей Иванович,Номер комфорт,Турист,Самара,"ул. Садовая, д. 38, кв. 33",+7-924-963-17-92,egorovandrei917@outlook.com,Заселён,5,6802,17.07.2023,02.07.2025,CRM Bitrix24,
183,HTL-000183,BK-945879,BK-945879,Алексеева Екатерина Дмитриевна,Люкс,Корпоративный гость,Екатеринбург,,+7-930-250-18-73,alekseevaeka435@gmail.com,Заселён,н/д,14342,вчера,26.10.2025,SAP ERP,Ранний заезд
184,HTL-000184,BK-551043,BK-551043,ОШИБКА_ДАННЫХ,Стандартный номер,ОШИБКА_ДАННЫХ,Челяб.,ул.,12345,morozovaleks648@yandex.ru,Подтв.,1,34529,,19.07.2026,SAP ERP,Завтрак включён
185,HTL-000185,BK-884011,BK-884011,Богданов Дмитрий Андреевич,Стандарт,Турист,Санкт-Петербург,"ул. Победы, д. 72, кв. 164",+7-928-600-49-73,bogdanovdmit244@yandex.ru,Засел.,8,26321,14.04.2026,02.08.2026,1С:Предприятие,Завтрак включён
186,HTL-000186,BK-626346,BK-626346,Алексеева Анна Андреевна,Стандартный номер,Молодожёны,Самара,"ул. Победы, д. 13, кв. 66",телефон отсутствует,alekseevaann19@outlook.com,Подтверждена,4,35969,13.10.2025,23.10.2026,Excel-выгрузка,Дополнительная кровать
187,HTL-000187,BK-775559,BK-775559,Алексеев Никита Сергеевич,Стандарт,Турист,Пермь,"ул. Победы, д. 9, кв. 154",,alekseevniki544@mail.ru,Заселён,15,12047,17.07.2026,07.07.2024,Собственная система учёта,
188,HTL-000188,BK-765956,BK-765956,Смирнова Наталья Ивановна,Стандарт,Постоянный клиент,Казань,"ул. Победы, д. 69, кв. 10",+7-954-838-91-58,smirnovanata758@yandex.ru,Выселен,17,44341,18.09.2023,21.12.2026,1С:Предприятие,Завтрак включён
189,HTL-000189,BK-626702,BK-626702,####,Стандартный номер,Молодожёны,Казань,"ул. Победы, д. 36, кв. 142",+7-919-897-30-36,kuznecovaolg979@yandex.ru,Подтверждена,6,23582,16.08.2026,01.06.2024,CRM Bitrix24,
190,HTL-000190,BK-992665,BK-992665,Павлов Виктор Дмитриевич,Апартаменты,Корпоративный гость,Пермь,"ул. Центральная, д. 30, кв. 67",+7-915-294-45-32,pavlovviktor669@outlook.com,Выселен,7,11435,21.06.2024,23.04.2025,Excel-выгрузка,Дополнительная кровать
191,HTL-000191,BK-288636,BK-288636,Морозова Ольга Сергеевна,Стандартный номер,Турист,Влгд,"ул. Ленина, д. 113, кв. 153",+7-925-592-43-24,morozovaolga666@gmail.com,Отменена,15,ABC,11.03.2025,11.11.2024,Собственная система учёта,Позний выезд
192,HTL-000192,BK-795299,BK-795299,Волкова Виктория Андреевна,###,Турист,Новосибирск,"ул. Садовая, д. 126, кв. 127",+7-948-919-87-38,volkovavikto303@outlook.com,Ожид. опл.,16,15818,12.10.2026,08.03.2025,Собственная система учёта,Ранний заезд
193,HTL-000193,BK-542787,BK-542787,Смирнова Виктория Сергеевна,Номер комфорт,Постоянный,Екатеринбург,"ул. Победы, д. 27, кв. 27",+7-99-abc-12-34,smirnovavikt52@yandex.ru,Подтверждена,1,33157,12.04.2025,06.01.2026,,Завтрак включён
194,HTL-000194,BK-704789,BK-704789,Морозов Кирилл Дмитриевич,Номер комфорт,Корпоративный гость,Влгд,"ул. Гагарина, д. 47, кв. 59",+7-920-134-81-71,morozovkiril537@yandex.ru,Заселён,16,,2026-13-45,16.04.2024,1С:Предприятие,
195,HTL-000195,BK-470418,BK-470418,Виноградова Татьяна Андреевна,Апартаменты,Корпоративный гость,СПб,"ул. Советская, д. 29, кв. 109",+7-957-667-33-27,vinogradovat666@outlook.com,Подтверждена,17,2427,03.08.2024,20.02.2025,CRM Bitrix24,Ранний заезд
196,HTL-000196,BK-570956,BK-570956,Новикова Наталья Андреевна,Стандартный номер,Корпоративный гость,Челябинск,"ул. Пушкина, д. 113, кв. 190",+7-924-656-25-22,novikovanata813@yandex.ru,Ожид. опл.,15,6010,09.10.2025,10.03.2025,SAP ERP,Дополнительная кровать
197,HTL-000197,BK-423576,BK-423576,Голубев Егор Александрович,Стандарт,Турист,Екатеринбург,"ул. Победы, д. 83, кв. 167",+7-942-631-26-36,golubevegora566@gmail.com,Подтверждена,4,35500,18.11.2023,21.10.2024,CRM Bitrix24,
198,HTL-000198,BK-437653,BK-437653,Попов Владимир Николаевич,Апартаменты,Молодожёны,Казань,"ул. Садовая, д. 43, кв. 88",+7-942-597-55-38,popovvladimi72@outlook.com,Заселён,14,21319,28.06.2023,24.04.2024,1С:Предприятие,Завтрак включён
199,HTL-000199,BK-909296,BK-909296,Павлов Артём Петрович,Стандартный номер,Молодожёны,Екб,"ул. Советская, д. 24, кв. 26",+7-946-907-18-65,pavlovartemp107@mail.ru,Отмен.,11,24082,20.01.2024,07.08.2024,1С:Предприятие,Позний выезд
200,HTL-000200,BK-368051,BK-368051,Голубева Мария Петровна,Стандартный номер,Молодожёны,,"ул. Советская, д. 125, кв. 147",+7-950-767-37-13,golubevamari100@outlook.com,Отмен.,19,10986,10.01.2023,05.09.2025,1С:Предприятие,Завтрак включён
