ID,Код записи,Название фильма,Название фильма (повтор),Режиссёр,Жанр,Формат показа,Город,Адрес,Телефон,Email,Статус сеанса,Количество мест в зале,"Цена билета, руб.",Дата создания записи,Дата последнего обновления,Система-источник,Примечания
1,CIN-000001,Форрест Гамп,N/A,Виноградов Максим Иванович,Фантаст.,3D,Краснодар,"ул. Центральная, д. 123, кв. 66",+7-941-907-78-59,vinogradovma54@mail.ru,Неизвестная категория,49,1057,28.12.2026,13.10.2024,Собственная система учёта,нет данных(ошибка)
2,CIN-000002,Титаник,Титаник,Морозов Роман Дмитриевич,Докум. фильм,IMAX,Челяб.,"ул. Советская, д. 20, кв. 171",+7-942-151-28-12,,Сеанс нач.,79,166,19.02.2026,20.03.2024,SAP,Детский сеанс
3,CIN-000003,Дюна,Дюна,Петрова Татьяна Сергеевна,Фантастика,IMAX,Челябинск,"ул. Садовая, д. 26, кв. 75",+7-949-505-38-55,petrovatatya31@gmail.com,Прод. откр.,147,907,22.02.2024,04.01.2024,SAP ERP,
4,CIN-000004,Список Шиндлера,Список Шиндлера,Козлов Илья Дмитриевич,Драма,4DX,Москва,"ул. Ленина, д. 17, кв. 171",+7-954-572-45-82,kozlovilyadm95@yandex.ru,Сеанс завершён,224,999,08.08.2023,04.03.2024,Excel-выгрузка,Детский сеанс
5,CIN-000005,Тёмный рыцарь,Тёмный рыцарь,,###,2D,Санкт-Петербург,"ул. Ленина, д. 26, кв. 170",+7-928-679-31-62,fedorovegorp79@yandex.ru,Отмен.,120,476,01.01.2025,07.02.2025,Собственная система учёта,Ретроспектива
6,CIN-000006,Титаник,Титаник,Воробьёв Роман Иванович,Фантастика,2D,Влгд,"ул. Победы, д. 22, кв. 70",+7-925-449-79-15,vorobevroman849@gmail.com,Сеанс завершён,82,281,10.01.2023,03.01.2025,SAP ERP,Детский сеанс
7,CIN-000007,Крёстный отец,Крёстный отец,Воробьёв Дмитрий Викторович,не указано(ошибка),4DX,,"ул. Гагарина, д. 124, кв. 104",+7-948-899-34-99,vorobevdmitr816@gmail.com,Сеанс завер.,288,1045,28.01.2026,17.05.2025,SAP ERP,Ретроспектива
8,CIN-000008,Матрица,Матрица,Иванов Алексей Николаевич,Драма,3D,Нижний Новгород,"ул. Молодёжная, д. 67, кв. 194",+7-913-496-85-43,ivanovalekse776@outlook.com,категория_5,291,,24.02.2025,16.03.2026,Excel-выгрузка,Премьерный показ
9,CIN-000009,,Дюна,Богданов,Фантастика,2D,Новосибирск,"ул. Садовая, д. 6, кв. 20",+7-946-611-95-52,bogdanovkiri933@gmail.com,Сеанс завершён,61,498,24.08.2026,28.07.2026,SAP ERP,Премьерный показ
10,CIN-000010,Список Шиндлера,Список Шиндлера,Смирнов Андрей Николаевич,Боевик,3D,Казань,"ул. Пушкина, д. 38, кв. 192",+7-935-605-90-12,smirnovandre717@mail.ru,Сеанс начался,62,282,08.02.2025,2025,Excel-выгрузка,Детский сеанс
11,CIN-000011,Аватар,Аватар,нет данных(ошибка),Комедия,IMAX,Влгд,"ул. Пушкина, д. 17, кв. 106",+7-956-676-95-74,fedorovaalin302@mail.ru,Бил. заканч.,42,1061,18.11.2026,21.08.2024,-,Премьерный показ
12,CIN-000012,Аватар,Аватар,Новикова Алина Андреевна,Фантастика,IMAX,Казань,"ул. Центральная, д. 40, кв. 172",+7-924-710-93-69,novikovaalin421@outlook.com,Продажа открыта,64,790,28.02.2025,11.02.2025,1С:Предприятие,Премьерный показ
13,CIN-000013,Дюна,,Смирнов Александр Петрович,Боевик,2D,Пермь,"ул. Садовая, д. 2, кв. 2",+7-938-584-80-42,smirnovaleks520@yandex.ru,Сеанс начался,228,892,04.07.2026,14.11.2026,Excel-выгрузка,Ретроспектива
14,CIN-000014,Дюна,Дюна,Голубев Артём Сергеевич,Документальный фильм,2D,Казань,"ул. Гагарина, д. 46, кв. 142",+7-958-338-48-85,petrov@@mail..ru,Билеты заканчиваются,45,459,06.06.2023,24.03.2025,SAP ERP,
15,CIN-000015,Тёмный рыцарь,Тёмный рыцарь,Павлова Мария Петровна,Боевик,2D,Крд,"ул. Спортивная, д. 27, кв. 44",+7-953-888-15-54,pavlovamariy828@gmail.com,Сеанс нач.,278,950,00.00.0000,11.03.2026,Excel-выгрузка,Детский сеанс
16,CIN-000016,Интерстеллар,Интерстеллар,Кузнецова Светлана Александровна,Мультфильм,нет данных(ошибка),категория_5,"ул. Победы, д. 126, кв. 169",+7-912-911-18-61,kuznecovasve735@yandex.ru,Прод. откр.,243,643,08.01.2026,,SAP ERP,
17,CIN-000017,Начало,Начало,Семёнов Артём Иванович,Комедия,4DX,Пермь,"ул. Молодёжная, д. 39, кв. 147",+7-935-996-54-79,semenovartem946@outlook.com,Билеты заканчиваются,237,261,31.02.2026,16.09.2025,CRM Bitrix24,Детский сеанс
18,CIN-000018,,Дюна,Соколов Максим Викторович,Боевик,IMAX,Мск,"ул. Садовая, д. 6, кв. 100",+7-949-374-12-88,sokolovmaksi573@outlook.com,Сеанс завер.,144,1169,07.09.2023,04.05.2026,1С:Предприятие,Премьерный показ
19,CIN-000019,Побег из Шоушенка,Побег из Шоушенка,Волков Артём Николаевич,Мультфильм,IMAX,Екатеринбург,ул.,+7-958-105-45-65,volkovartemn231@mail.ru,Сеанс начался,252,152,13.01.2026,28.10.2025,12345XYZ,Ретроспектива
20,CIN-000020,Титаник,Титаник,Морозова Елена Николаевна,Фантастика,2D,Воронеж,"ул. Победы, д. 142, кв. 63",+7-913-369-70-11,morozovaelen501@yandex.ru,Отменён,52,,09.07.2026,07.02.2025,1С:Предприятие,Премьерный показ
21,CIN-000021,Титаник,Титаник,Петрова Виктория Дмитриевна,Мультфильм,IMAX,Челябинск,"ул. Победы, д. 77, кв. 124",+7-923-655-75-10,petrovavikto185@gmail.com,Сеанс завершён,197,199,17.03.2026,11.09.2024,1С:Предприятие,Ретроспектива
22,CIN-000022,Матрица,,Соколов Сергей Александрович,Боевик,???,Краснодар,"ул. Победы, д. 19, кв. 82",+7-933-157-24-34,sokolovserge161@gmail.com,Сеанс нач.,279,315,18.08.2023,22.08.2026,SAP ERP,Премьерный показ
23,CIN-000023,Джокер,Джокер,Фёдоров Сергей Дмитриевич,Мультфильм,IMAX,СПб,"ул. Садовая, д. 7, кв. 92",+7-957-194-47-23,fedorovserge23@yandex.ru,Продажа открыта,,678,24.05.2023,11.02.2025,Excel-выгрузка,
24,CIN-000024,Форрест Гамп,Форрест Гамп,Лебедева Мария Сергеевна,Фантастика,4DX,Пермь,,+7-934-675-83-84,lebedevamari459@gmail.com,Билеты заканчиваются,278,565,05.10.2023,06.06.2026,CRM Bitrix24,
25,CIN-000025,Интерстеллар,Интерстеллар,Алексеев Александр Иванович,Драма,4DX,Самара,"ул. Ленина, д. 113, кв. 21",+7-919-408-25-36,alekseevalek211@outlook.com,категория_5,192,327,11.11.2024,19.02.2026,CRM Bitrix24,Ретроспектива
26,CIN-000026,Аватар,Аватар,Лебедева Полина Ивановна,Боевик,3D,Ростов-на-Дону,"ул. Победы, д. 50, кв. 22",+7-952-413-50-98,lebedevapoli382@gmail.com,Сеанс завершён,100,903,19.09.2023,00.00.0000,Excel-выгрузка,Детский сеанс
27,CIN-000027,ОШИБКА_ДАННЫХ,Дюна,Богданова Ольга Петровна,Мультф.,4DX,Ростов-на-Дону,"ул. Советская, д. 62, кв. 173",+7-958-147-26-35,bogdanovaolg288@mail.ru,Билеты заканчиваются,147,642,17.12.2024,25.11.2026,CRM Bitrix24,Премьерный показ
28,CIN-000028,Побег,Побег из Шоушенка,N/A,Комедия,3D,Челяб.,"ул. Ленина, д. 67, кв. 2",+7-911-896-49-41,popovaelenav952@outlook.com,Сеанс завершён,259,770,26.01.2026,05.11.2025,Excel-выгрузка,Премьерный показ
29,CIN-000029,Джокер,Джокер,Голубев Алексей Иванович,Фантастика,3D,Ростов-н/Д,"ул. Садовая, д. 8, кв. 92",+7-923-597-34-77,golubevaleks864@mail.ru,Отменён,115,562,19.01.2024,03.01.2025,Собственная система учёта,
30,CIN-000030,Гравитация,Гравитация,Голубев Илья Александрович,Документальный фильм,4DX,категория_5,"ул. Мира, д. 135, кв. 178",+7-935-241-23-10,golubevilyaa860@outlook.com,Билеты заканчиваются,246,1092,21.09.2024,14.02.2026,Собственная система учёта,
31,CIN-000031,Аватар,Аватар,Егоров Артём Дмитриевич,Драма,4DX,Казань,"ул. Ленина, д. 80, кв. 187",+7-920-478-31-79,egorovartemd387@gmail.com,Сеанс начался,297,197,25.09.2026,15.11.2024,Собственная система учёта,Детский сеанс
32,CIN-000032,Матрица,Матрица,Фёдорова Ольга Петровна,Мультф.,4DX,Москва,"ул. Советская, д. 32, кв. 11",телефон отсутствует,fedorovaolga573@gmail.com,Продажа открыта,217,679,15.09.2025,2026,SAP ERP,
33,CIN-000033,Зелёная миля,Зелёная миля,Волков Артём Иванович,Докум. фильм,4DX,Пермь,"ул. Гагарина, д. 100, кв. 16",+7-921-202-37-18,volkovartemi433@mail.ru,Сеанс завер.,много,759,21.06.2023,16.10.2026,SAP ERP,Детский сеанс
34,CIN-000034,Побег из Шоушенка,Побег из Шоушенка,Богданов Илья Александрович,Документальный фильм,3D,Челябинск,"ул. Садовая, д. 45, кв. 165",+7-959-442-40-66,bogdanovilya130@mail.ru,Сеанс завершён,294,197,11.02.2025,18.08.2025,1С:Предприятие,Детский сеанс
35,CIN-000035,Побег из Шоушенка,Побег из Шоушенка,Смирнова Мария Николаевна,Драма,2D,,"ул. Победы, д. 100, кв. 36",+7-927-592-86-87,smirnovamari989@gmail.com,Сеанс нач.,166,552,18.08.2023,08.08.2024,1С:Предприятие,ОШИБКА_ДАННЫХ
36,CIN-000036,Побег из Шоушенка,Побег из Шоушенка,Павлова Татьяна Ивановна,Драма,2D,Краснодар,"ул. Пушкина, д. 4, кв. 113",+7-99-abc-12-34,ivanov.mail.ru,Продажа открыта,210,1055,14.05.2026,04.03.2025,Собственная система учёта,
37,CIN-000037,12345XYZ,Джокер,Волков Павел Иванович,Боевик,3D,Новосибирск,ул.,+7-926-4,volkovpaveli466@outlook.com,Билеты заканчиваются,131,-1,05.03.2026,16.07.2026,Собственная система учёта,Показ с субтитрами
38,CIN-000038,Интерстеллар,Интерстеллар,Кузнецов Александр Викторович,Боевик,2D,Екатеринбург,"ул. Садовая, д. 42, кв. 113",+7-955-338-81-62,kuznecovalek243@yandex.ru,Отменён,109,565,05.03.2026,09.11.2025,Excel-выгрузка,
39,CIN-000039,Джокер,Джокер,Павлов Никита Иванович,Комедия,2D,Екатеринбург,"ул. Победы, д. 103, кв. 96",+7-941-375-92-80,pavlovnikita573@mail.ru,Сеанс начался,142,1154,2026-13-45,14.03.2026,CRM Bitrix24,Ретроспектива
40,CIN-000040,Зелёная миля,N/A,Егорова Елена Александровна,Комедия,2D,Волгоград,"ул. Молодёжная, д. 106, кв. 74",12345,egorovaelena78@outlook.com,Сеанс нач.,58,321,20.01.2023,13.07.2024,####,
41,CIN-000041,Гладиатор,Гладиатор,Морозов Алексей Андреевич,Комедия,2D,СПб,"ул. Центральная, д. 133, кв. 69",+7-935-233-93-72,morozovaleks883@gmail.com,Билеты заканчиваются,42,794,05.12.2024,22.11.2025,,
42,CIN-000042,Гравитация,Гравитация,,Фантастика,3D,###,"ул. Мира, д. 106, кв. 102",+7-933-940-61-82,lebedevataty47@mail.ru,Сеанс завершён,70,977,27.02.2023,07.02.2025,нет данных(ошибка),Премьерный показ
43,CIN-000043,Побег из Шоушенка,Побег из Шоушенка,Иванов Александр Иванович,Боевик,3D,Влгд,12345XYZ,+7-925-417-83-92,ivanovaleksa782@gmail.com,Сеанс завершён,213,437,22.11.2026,28.01.2025,SAP ERP,Детский сеанс
44,CIN-000044,Список Шиндлера,Список Шиндлера,Новиков Илья Дмитриевич,Комед.,####,Москва,"ул. Гагарина, д. 131, кв. 96",+7-99-abc-12-34,novikovilyad352@outlook.com,Сеанс начался,292,798,09.01.2024,22.02.2026,SAP ERP,Показ
45,CIN-000045,Матрица,Матрица,Соколова Юлия Андреевна,Комедия,2D,Рос,"ул. Пушкина, д. 60, кв. 6",+7-952-352-90-27,sokolovayuli469@outlook.com,Сеанс нач.,190,738,25.04.2024,19.03.2026,SAP ERP,Показ с субтитрами
46,CIN-000046,Побег из Шоушенка,Побег из Шоушенка,Голубев Артём Николаевич,Документальный фильм,2D,,"ул. Центральная, д. 117, кв. 34",,golubevartem936@gmail.com,Отменён,286,457,25.11.2024,00.00.0000,1С:Предприятие,-
47,CIN-000047,Тёмный рыцарь,Тёмный рыцарь,Смирнова Виктория Александровна,Комед.,4DX,Краснодар,,+7-949-620-31-84,smirnovavikt68@,Сеанс завершён,172,418,17.03.2023,12.07.2024,Собственная система учёта,
48,CIN-000048,Форрест Гамп,,Петров Виктор Сергеевич,Боевик,2D,Москва,"ул. Победы, д. 94, кв. 121",+7-946-686-82-21,petrovviktor786@gmail.com,Отменён,173,618,12.11.2025,04.06.2025,CRM Bitrix24,Детский сеанс
49,CIN-000049,Список Шиндлера,Список Шиндлера,Новиков Андрей Александрович,Документальный фильм,4DX,Пермь,"ул. Ленина, д. 132, кв. 198",+7-911-524-93-37,novikovandre963@,Бил. заканч.,208,748,15.06.2024,26.12.2026,SAP ERP,Показ с субтитрами
50,CIN-000050,Форрест Гамп,Форрест Гамп,Лебедев Илья Дмитриевич,Драма,3D,###,"ул. Мира, д. 19, кв. 47",+7-935-415-91-29,lebedevilyad996@mail.ru,Отмен.,80,804,25.05.2025,17.09.2025,Собственная система учёта,Детский сеанс
51,CIN-000051,,Дюна,Петров Илья Петрович,Комедия,IMAX,Москва,"ул. Центральная, д. 7, кв. 160",+7-933-760-12-91,petrovilyape956@outlook.com,Билеты заканчиваются,237,595,13.08.2024,31.02.2026,CRM Bitrix24,Детский сеанс
52,CIN-000052,Аватар,Аватар,Иванов Максим Петрович,категория_5,2D,Н.Новгород,"ул. Центральная, д. 11, кв. 124",+7-942-736-92-40,ivanovmaksim619@outlook.com,Отмен.,,,23.03.2025,20.04.2026,Собственная система учёта,
53,CIN-000053,Аватар,Аватар,Егорова Мария Дмитриевна,Мультфильм,IMAX,Новосибирск,"ул. Пушкина, д. 69, кв. 28",,,Сеанс нач.,271,464,,20.12.2024,1С:Предприятие,Премьерный показ
54,CIN-000054,Аватар,Аватар,Кузнецова,Мультфильм,IMAX,Влгд,"ул. Центральная, д. 73, кв. 115",+7-944-951-73-22,kuznecovairi659@gmail.com,,154,545,21.02.2024,25.10.2025,CRM Bitrix24,Премьерный показ
55,CIN-000055,Дюна,Дюна,Морозова Дарья Петровна,Боевик,4DX,Санкт-Петербург,"ул. Спортивная, д. 109, кв. 192",+7-916-979-69-58,morozovadary646@gmail.com,Продажа открыта,112,380,26.01.2023,16.03.2024,,Ретроспектива
56,CIN-000056,Список Шиндлера,Список Шиндлера,Воробьёва Виктория Викторовна,Мультф.,,Москва,"ул. Ленина, д. 90, кв. 31",+7-950-228-51-39,vorobevavikt896@mail.ru,,,345,07.06.2023,20.07.2025,CRM,Детский сеанс
57,CIN-000057,Джокер,Джокер,Воробьёва Дарья Сергеевна,Документальный фильм,4DX,Н.Новгород,"ул. Молодёжная, д. 48, кв. 46",+7-935-627-96-88,vorobevadary325@outlook.com,Бил. заканч.,85,307,22.03.2025,18.04.2025,Excel-выгрузка,Детский сеанс
58,CIN-000058,Гладиатор,Гладиатор,Волкова Татьяна Петровна,Мультфильм,3D,Пермь,"ул. Мира, д. 80, кв. 167",+7-929-357-93-87,volkovatatya829@gmail.com,Прод. откр.,232,703,19.11.2025,06.07.2026,SAP ERP,Детский сеанс
59,CIN-000059,Гравитация,нет данных(ошибка),Попов Никита Петрович,Фантастика,####,Новосибирск,"ул. Центральная, д. 59, кв. 171",+7-950-523-77-52,popovnikitap663@mail.ru,Сеанс завер.,70,,05.09.2023,21.02.2025,1С:Предприятие,Премьерный показ
60,CIN-000060,Зелёная миля,Зелёная миля,Павлов Кирилл Петрович,Драма,2D,Челябинск,"ул. Победы, д. 149, кв. 27",+7-927-384-57-63,pavlovkirill975@outlook.com,Продажа открыта,248,974,13.11.2026,24.02.2024,SAP ERP,Премьерный показ
61,CIN-000061,Джокер,Джокер,Иванов Андрей Дмитриевич,Комедия,3D,Ростов-на-Дону,"ул. Победы, д. 88, кв. 117",+7-934-811-48-69,ivanovandrei430@gmail.com,Сеанс завершён,225,1087,05.12.2024,16.11.2026,Excel-выгрузка,Показ с субтитрами
62,CIN-000062,Начало,Начало,Иванова Ирина Ивановна,Мультфильм,IMAX,Казань,,+7-925-155-88-48,ivanovairina780@outlook.com,Билеты заканчиваются,100,786,01.11.2026,27.02.2025,Excel-выгрузка,Показ с субтитрами
63,CIN-000063,???,Зелёная миля,Семёнова Алина Андреевна,Комедия,-,,"ул. Пушкина, д. 43, кв. 140",+7-948-100-72-77,semenovaalin651@mail.ru,Сеанс завершён,116,564,2026-13-45,04.07.2026,SAP ERP,Премьерный показ
64,CIN-000064,Тёмный,Тёмный рыцарь,Петров Егор Иванович,Фантаст.,2D,Ростов-на-Дону,"ул. Спортивная, д. 14, кв. 57",12345,petrovegoriv591@gmail.com,Продажа открыта,,392,22.08.2023,28.11.2026,####,Ретроспектива
65,CIN-000065,Форрест Гамп,Форрест Гамп,,Фантастика,4DX,Москва,"ул. Спортивная, д. 100, кв. 173",+7-913-662-69-44,petrov@@mail..ru,Продажа открыта,116,456,17.01.2024,18.08.2026,Собственная система учёта,Показ с субтитрами
66,CIN-000066,Джокер,####,Воробьёв Егор Сергеевич,Боевик,3D,Челябинск,"ул. Победы, д. 104, кв. 136",+7-957-501-78-97,vorobevegors182@outlook.com,Сеанс завершён,169,1178,08.12.2024,19.01.2024,Excel-выгрузка,Премьерный показ
67,CIN-000067,Крёстный отец,ОШИБКА_ДАННЫХ,N/A,Комедия,2D,Смр,,+7-938-978-29-94,volkovilyavi68@mail.ru,Сеанс начался,235,1063,01.05.2023,18.03.2026,CRM Bitrix24,Показ с субтитрами
68,CIN-000068,Дюна,Дюна,Фёдорова Наталья Дмитриевна,Докум. фильм,3D,Челяб.,"ул. Мира, д. 108, кв. 84",+7-913-681-45-95,fedorovanata680@yandex.ru,Бил. заканч.,94,915,08.11.2026,03.09.2025,CRM Bitrix24,Премьерный показ
69,CIN-000069,Крёстный отец,Крёстный отец,Смирнова Екатерина Викторовна,Комед.,2D,Пермь,"ул. Советская, д. 98, кв. 149",+7-911-126-45-66,smirnovaekat312@mail.ru,Сеанс завершён,196,,25.01.2025,26.11.2025,Собственная система учёта,Премьерный показ
70,CIN-000070,Титаник,Титаник,Козлов Виктор Николаевич,Драма,4DX,Краснодар,"ул. Спортивная, д. 24, кв. 181",+7-950-174-89-97,kozlovviktor445@yandex.ru,Отменён,67,193,02.11.2026,27.07.2026,Собственная система учёта,Премьерный показ
71,CIN-000071,Крёстный отец,Крёстный отец,Морозова Наталья Дмитриевна,Фантастика,4DX,Пермь,ОШИБКА_ДАННЫХ,+7-940-877-69-97,morozovanata856@yandex.ru,Отмен.,182,484,28.07.2023,18.01.2025,1С:Предприятие,Показ с субтитрами
72,CIN-000072,Джокер,Джокер,Богданова Ирина Сергеевна,Боевик,2D,Ниж,-,+7-955-800-85-99,bogdanovairi719@gmail.com,Сеанс завер.,130,733,08.01.2023,03.04.2024,SAP ERP,Премьерный показ
73,CIN-000073,Джокер,Джокер,Павлова Полина Дмитриевна,Фантастика,IMAX,Казань,"ул. Садовая, д. 112, кв. 46",+7-959-255-97-49,pavlovapolin649@gmail.com,Сеанс завершён,254,ERROR,09.10.2023,28.06.2026,Собственная система учёта,Детский сеанс
74,CIN-000074,Матрица,Матрица,Фёдорова Ольга Александровна,Комедия,2D,Волгоград,"ул. Молодёжная, д. 60, кв. 55",+7-926-737-27-28,fedorovaolga942@outlook.com,Сеанс завершён,282,262,10.10.2025,14.03.2026,Собственная система учёта,Детский сеанс
75,CIN-000075,####,12345XYZ,Алексеева Ксения Викторовна,Боевик,3D,Пермь,"ул. Пушкина, д. 66, кв. 138",+7-921-193-40-76,alekseevakse121@mail.ru,Продажа открыта,200,844,20.07.2026,22.02.2025,SAP ERP,Премьерный показ
76,CIN-000076,Зелёная миля,Зелёная миля,Алексеева Виктория Викторовна,Драма,3D,Екатеринбург,"ул. Центральная, д. 93, кв. 4",+7-942-876-37-88,alekseevavik249@outlook.com,не указано(ошибка),276,804,05.06.2024,08.12.2026,CRM Bitrix24,Показ
77,CIN-000077,Зелёная миля,Зелёная миля,Кузнецов Максим Андреевич,Мультфильм,IMAX,Смр,"ул. Центральная, д. 148, кв. 111",+7-930-547-31-80,kuznecovmaks503@mail.ru,Билеты заканчиваются,154,915,14.01.2023,28.05.2026,SAP ERP,-
78,CIN-000078,Джокер,Джокер,Морозова Алина Сергеевна,Мультф.,IMAX,Мск,"ул. Центральная, д. 139, кв. 41",12345,ivanov.mail.ru,Сеанс завер.,132,537,25.01.2026,21.03.2025,SAP ERP,
79,CIN-000079,Тёмный рыцарь,Тёмный рыцарь,Иванова Светлана Александровна,Боевик,IMAX,Краснодар,"ул. Гагарина, д. 35, кв. 108",+7-919-873-35-95,ivanovasvetl996@mail.ru,Сеанс завершён,275,914,03.02.2023,28.04.2025,CRM Bitrix24,
80,CIN-000080,Джокер,Джокер,Лебедев Виктор Николаевич,Комедия,IMAX,,ул.,+7-934-971-99-79,lebedevvikto217@outlook.com,Сеанс завершён,85,634,19.10.2026,01.08.2026,Собственная система учёта,Премьерный показ
81,CIN-000081,Гладиатор,Гладиатор,Волкова Полина Андреевна,Мультфильм,???,Крд,"ул. Спортивная, д. 141, кв. 190",+7-914-917-32-29,volkovapolin675@yandex.ru,Отменён,239,826,24.12.2026,25.04.2025,Excel-выгрузка,Ретроспектива
82,CIN-000082,Список Шиндлера,Список Шиндлера,нет данных(ошибка),Документальный фильм,IMAX,Ростов-н/Д,"ул. Гагарина, д. 44, кв. 40",+7-910-654-94-36,kuznecovairi791@gmail.com,Сеанс завершён,171,700,19.10.2024,13.12.2026,1С:Предприятие,Детский сеанс
83,CIN-000083,Гравитация,Гравитация,Богданов Дмитрий Иванович,Комедия,4DX,Казань,"ул. Спортивная, д. 52, кв. 155",+7-948-369-53-19,bogdanovdmit974@mail.ru,Сеанс завершён,,461,13.02.2024,17.10.2024,Excel-выгрузка,Премьерный показ
84,CIN-000084,Список Шиндлера,Список Шиндлера,Виноградова Татьяна Викторовна,Документальный фильм,4DX,Смр,"ул. Мира, д. 15, кв. 63",+7-936-766-34-91,vinogradovat369@mail.ru,Сеанс завершён,210,1000,21.06.2024,19.11.2024,Excel-выгрузка,
85,CIN-000085,Список Шиндлера,Список Шиндлера,Волков Сергей Сергеевич,Мультфильм,2D,Ворнж,"ул. Садовая, д. 132, кв. 195",+7-958-631-59-13,volkovsergei94@mail.ru,Продажа открыта,275,353,,23.04.2024,Excel-выгрузка,Премьерный показ
86,CIN-000086,Зелёная миля,Зелёная миля,,Мультфильм,IMAX,Краснодар,"ул. Садовая, д. 74, кв. 67",+7-959-378-36-72,vinogradovas799@yandex.ru,Продажа открыта,141,505,23.12.2026,28.08.2025,Excel-выгрузка,Детский сеанс
87,CIN-000087,Гладиатор,Гладиатор,Смирнова Мария Дмитриевна,Документальный фильм,2D,Самара,"ул. Пушкина, д. 60, кв. 132",+7-929-815-40-15,smirnovamari584@outlook.com,Сеанс завершён,208,919,04.03.2025,2026-13-45,1С:Предприятие,Премьерный показ
88,CIN-000088,Дюна,Дюна,Голубева Ксения Николаевна,Фантастика,3D,Казань,"ул. Мира, д. 59, кв. 27",+7-917-263-59-55,golubevaksen317@outlook.com,Сеанс завер.,43,594,22.03.2023,05.02.2024,1С:Предприятие,Ретроспектива
89,CIN-000089,,Гравитация,Иванов Виктор Николаевич,Драма,3D,Влгд,"ул. Центральная, д. 81, кв. 135",+7-944-664-21-20,ivanovviktor626@gmail.com,Билеты заканчиваются,52,998,28.01.2024,13.02.2025,ОШИБКА_ДАННЫХ,Детский сеанс
90,CIN-000090,Гладиатор,Гладиатор,Егоров Владимир Дмитриевич,Мультфильм,2D,Мск,"ул. Спортивная, д. 89, кв. 58",+7-916-143-12-18,egorovvladim617@outlook.com,Билеты заканчиваются,205,ERROR,28.07.2024,05.03.2026,CRM Bitrix24,
91,CIN-000091,Побег из Шоушенка,Побег из Шоушенка,Семёнов Сергей Александрович,Драма,2D,Казань,"ул. Садовая, д. 24, кв. 153",12345,semenovserge631@outlook.com,Сеанс завершён,82,633,15.01.2026,16.03.2025,CRM Bitrix24,
92,CIN-000092,Побег из Шоушенка,Побег из Шоушенка,Петрова Ирина Александровна,Фантаст.,3D,Пермь,"ул. Победы, д. 59, кв. 62",+7-923-471-13-24,petrovairina728@outlook.com,Бил. заканч.,255,420,00.00.0000,09.10.2025,Excel-выгрузка,Премьерный показ
93,CIN-000093,Тёмный рыцарь,Тёмный рыцарь,Алексеев Владимир Дмитриевич,Документальный фильм,,Санкт-Петербург,"ул. Советская, д. 57, кв. 169",+7-918-130-85-60,alekseevvlad208@outlook.com,Продажа открыта,116,750,10.08.2023,27.11.2024,CRM Bitrix24,Показ с субтитрами
94,CIN-000094,Форрест Гамп,Форрест Гамп,Павлова Светлана Викторовна,Драма,3D,Казань,"ул. Ленина, д. 57, кв. 99",+7-924-776-76-56,pavlovasvetl285@outlook.com,Билеты заканчиваются,153,357,01.09.2025,01.01.2026,Собственная система учёта,Показ с субтитрами
95,CIN-000095,Начало,Начало,Егоров Павел Петрович,Боевик,2D,Санкт-Петербург,"ул. Пушкина, д. 111, кв. 133",+7-925-763-25-44,egorovpavelp372@outlook.com,Про,49,611,12.11.2025,23.09.2025,SAP ERP,Ретроспектива
96,CIN-000096,Гладиатор,Гладиатор,Соколова Дарья Александровна,Комедия,2D,Самара,"ул. Спортивная, д. 6, кв. 36",,sokolovadary357@outlook.com,Продажа открыта,,981,04.10.2023,02.06.2025,Excel-выгрузка,Показ с субтитрами
97,CIN-000097,Начало,,,Фантастика,4DX,Челябинск,"ул. Победы, д. 6, кв. 72",+7-935-196-60-92,,Билеты заканчиваются,185,551,14.06.2026,28.12.2026,Собственная система учёта,Ретроспектива
98,CIN-000098,Дюна,Дюна,Попова Елена Александровна,Боевик,4DX,СПб,"ул. Ленина, д. 59, кв. 99",+7-953-4,,Сеанс начался,85,н/д,24.03.2025,16.12.2026,1С:Предприятие,
99,CIN-000099,Крёстный отец,Крёстный отец,Волков Андрей Андреевич,Комед.,IMAX,Новосибирск,ул.,+7-910-673-16-16,volkovandrei644@yandex.ru,Отмен.,49,1023,16.05.2025,14.06.2024,SAP ERP,Детский сеанс
100,CIN-000100,Дюна,Дюна,Воробьёв Максим Николаевич,Драма,4DX,Воронеж,"ул. Мира, д. 10, кв. 157",,vorobevmaksi332@gmail.com,Продажа открыта,99,690,10.11.2026,05.01.2025,CRM Bitrix24,Ретроспектива
101,CIN-000101,Интерстеллар,Интерстеллар,Голубев Дмитрий Александрович,Фантастика,2D,Влгд,"ул. Гагарина, д. 93, кв. 44",+7-931-430-35-94,golubevdmitr193@mail.ru,Сеанс начался,87,1071,06.03.2026,19.01.2026,SAP ERP,Показ с субтитрами
102,CIN-000102,Крёстный отец,Крёстный отец,Новиков Алексей Александрович,не указано(ошибка),4DX,Екатеринбург,"ул. Центральная, д. 10, кв. 90",+7-959-662-44-80,novikovaleks567@yandex.ru,Прод. откр.,268,534,25.04.2024,13.12.2026,Собственная система учёта,
103,CIN-000103,Интерстеллар,Интерстеллар,Богданова Виктория Сергеевна,Мультфильм,4DX,Воронеж,"ул. Победы, д. 112, кв. 28",+7-918-931-17-58,petrov@@mail..ru,Сеанс начался,249,1132,2026-13-45,13.06.2026,CRM Bitrix24,Показ с субтитрами
104,CIN-000104,Крёстный,Крёстный отец,Алексеев Андрей Александрович,Документальный фильм,2D,Воронеж,"ул. Пушкина, д. 64, кв. 147",+7-947-678-29-55,alekseevandr904@outlook.com,Продажа открыта,127,1034,05.01.2023,21.06.2026,SAP ERP,Премьерный показ
105,CIN-000105,Список Шиндлера,Список Шиндлера,Попов Павел Викторович,,IMAX,Волгоград,"ул. Ленина, д. 64, кв. 48",+7-953-989-79-62,popovpavelvi853@gmail.com,Отмен.,100,400,06.06.2023,26.04.2026,Собственная система учёта,Премьерный показ
106,CIN-000106,Гладиатор,Гладиатор,Иванова Мария Ивановна,Фантастика,3D,Москва,"ул. Садовая, д. 58, кв. 14",+7-924-675-77-47,petrov@@mail..ru,Сеанс завершён,283,1100,05.10.2026,28.12.2026,1С:Предприятие,
107,CIN-000107,Гладиатор,Гладиатор,,Комедия,4DX,Санкт-Петербург,"ул. Спортивная, д. 118, кв. 9",+7-948-462-72-47,ivanovakseni357@gmail.com,Сеанс нач.,52,1043,08.05.2023,26.08.2026,Excel-выгрузка,Ретроспектива
108,CIN-000108,ОШИБКА_ДАННЫХ,Зелёная миля,Козлова Наталья Дмитриевна,Документальный фильм,IMAX,Пермь,"ул. Победы, д. 106, кв. 127",+7-937-722-50-86,kozlovanatal640@outlook.com,Билеты заканчиваются,233,518,06.04.2026,07.08.2026,CRM Bitrix24,Показ с субтитрами
109,CIN-000109,Зелёная миля,Зелёная миля,Лебедев Александр Дмитриевич,Мультф.,2D,Новосибирск,,+7-930-799-23-43,lebedevaleks702@mail.ru,Билеты заканчиваются,197,541,13.08.2023,28.11.2026,CRM Bitrix24,Детский сеанс
110,CIN-000110,Форрест Гамп,Форрест Гамп,,Докум. фильм,4DX,Москва,"ул. Победы, д. 23, кв. 150",+7-916-582-10-30,egorovatatya191@gmail.com,Билеты заканчиваются,259,н/д,24.05.2026,15.04.2026,CRM Bitrix24,
111,CIN-000111,Интерстеллар,Интерстеллар,Виноградов Дмитрий Николаевич,Драма,IMAX,Санкт-Петербург,"ул. Советская, д. 89, кв. 173",+7-940-832-25-65,ivanov.mail.ru,Продажа открыта,-1,372,13.08.2025,15.01.2024,CRM Bitrix24,Показ с субтитрами
112,CIN-000112,Тёмный рыцарь,Тёмный рыцарь,Козлова Алина Викторовна,Боевик,2D,Нижний Новгород,"ул. Победы, д. 90, кв. 107",+7-929-562-34-18,kozlovaalina798@mail.ru,Сеанс завершён,207,510,08.07.2026,24.11.2025,1С:Предприятие,Премьерный показ
113,CIN-000113,Гравитация,Гравитация,Фёдорова Юлия Николаевна,Драма,3D,Мск,"ул. Мира, д. 77, кв. 141",+7-952-474-70-74,fedorovayuli415@mail.ru,Сеанс начался,261,170,26.11.2023,17.02.2025,Собственная система учёта,Премьерный показ
114,CIN-000114,Дюна,Дюна,Морозова Анна Николаевна,Фантастика,3D,Крд,"ул. Садовая, д. 44, кв. 111",+7-914-578-36-43,morozovaanna35@outlook.com,Отменён,274,595,03.04.2026,07.10.2025,1С:Предприятие,
115,CIN-000115,Начало,Начало,Попов Владимир Сергеевич,Мультф.,3D,Крд,"ул. Ленина, д. 79, кв. 87",+7-910-765-39-10,popovvladimi284@yandex.ru,Отменён,97,315,16.05.2026,19.05.2025,CRM Bitrix24,Ретроспектива
116,CIN-000116,Зелёная миля,Зелёная миля,Богданова Светлана Дмитриевна,Драма,3D,Пермь,"ул. Центральная, д. 34, кв. 179",+7-920-750-72-99,bogdanovasve572@mail.ru,Продажа открыта,много,857,19.11.2024,23.06.2024,Собственная система учёта,
117,CIN-000117,Зелёная миля,Зелёная миля,Смирнов Максим Андреевич,Фантастика,4DX,Санкт-Петербург,"ул. Молодёжная, д. 14, кв. 167",+7-925-350-74-49,smirnovmaksi936@mail.ru,Сеанс завершён,272,976,2023,20.05.2025,1С:Предприятие,Ретроспектива
118,CIN-000118,Матрица,Матрица,Новиков Роман Дмитриевич,Комедия,IMAX,Пермь,"ул. Ленина, д. 64, кв. 151",+7-915-527-71-78,novikovroman178@mail.ru,Отменён,164,1059,21.10.2024,21.06.2026,Собственная система учёта,Детский сеанс
119,CIN-000119,Дюна,Дюна,Богданова Виктория Сергеевна,Драма,4DX,Воронеж,"ул. Садовая, д. 25, кв. 71",+7-937-685-54-41,bogdanovavik251@,Сеанс завершён,116,647,15.01.2024,10.11.2024,,Ретроспектива
120,CIN-000120,Начало,Начало,Волкова Ольга Ивановна,Документальный фильм,3D,Екб,"ул. Ленина, д. 100, кв. 128",+7-945-130-18-96,volkovaolgai395@gmail.com,Сеанс завершён,59,323,03.12.2025,01.09.2024,SAP ERP,Показ с субтитрами
121,CIN-000121,Тёмный рыцарь,Тёмный рыцарь,Соколов Владимир Александрович,Мультфильм,3D,Самара,-,+7-945-557-49-74,sokolovvladi413@gmail.com,Билеты заканчиваются,,1068,03.12.2026,26.04.2025,CRM Bitrix24,Ретроспектива
122,CIN-000122,Тёмный рыцарь,Тёмный рыцарь,Павлова Елена Андреевна,Мультфильм,IMAX,Воронеж,ул.,+7-945-682-84-16,pavlovaelena369@outlook.com,Сеанс завер.,189,302,18.10.2026,08.11.2025,Excel-выгрузка,Ретроспектива
123,CIN-000123,Крёстный отец,Крёстный отец,N/A,Докум. фильм,IMAX,Ростов-н/Д,"ул. Мира, д. 130, кв. 70",+7-932-326-53-71,kozlovadarya494@outlook.com,Сеанс завершён,225,432,17.06.2025,03.07.2024,Собственная система учёта,
124,CIN-000124,Крёстный отец,Крёстный отец,Морозова Татьяна Николаевна,Мультфильм,3D,Неизвестная категория,"ул. Спортивная, д. 97, кв. 10",+7-928-233-44-44,morozovataty5@gmail.com,Билеты заканчиваются,219,948,02.11.2026,16.02.2024,Собственная система учёта,Детский сеанс
125,CIN-000125,Форрест Гамп,Форрест Гамп,Богданов Никита Дмитриевич,Фантаст.,2D,Пермь,"ул. Ленина, д. 60, кв. 113",+7-956-520-36-30,bogdanovniki3@,Билеты заканчиваются,300,213,16.04.2025,21.02.2025,CRM Bitrix24,Ретроспектива
126,CIN-000126,Форрест Гамп,Форрест Гамп,12345XYZ,Боевик,IMAX,Санкт-Петербург,"ул. Ленина, д. 135, кв. 106",+7-959-973-23-88,ivanovayuliy940@outlook.com,Продажа открыта,,1178,26.10.2024,03.11.2024,CRM Bitrix24,Детский сеанс
127,CIN-000127,Форрест Гамп,Форрест Гамп,Голубев Максим Викторович,Мультфильм,нет данных(ошибка),Волгоград,"ул. Победы, д. 11, кв. 17",+7-935-482-67-56,golubevmaksi328@gmail.com,Сеанс завер.,194,,05.11.2024,01.02.2026,Excel-выгрузка,Премьерный показ
128,CIN-000128,Дюна,Дюна,Волков Александр Викторович,Фантастика,3D,Крд,"ул. Пушкина, д. 30, кв. 14",+7-946-514-10-13,volkovaleksa951@outlook.com,Сеанс завер.,99,985,11.11.2023,15.02.2024,Excel-выгрузка,
129,CIN-000129,Интерстеллар,Интерстеллар,Морозова Анна Николаевна,Документальный фильм,IMAX,Ростов-на-Дону,"ул. Спортивная, д. 119, кв. 180",+7-947-193-75-20,morozovaanna219@gmail.com,Билеты заканчиваются,238,1074,11.08.2025,13.05.2025,1С:Предприятие,Ретроспектива
130,CIN-000130,,Гравитация,Соколов Виктор Иванович,Комедия,IMAX,Екатеринбург,"ул. Советская, д. 135, кв. 140",+7-920-932-90-49,sokolovvikto603@outlook.com,Сеанс завершён,233,252,15.09.2023,18.09.2025,1С:Предприятие,Показ с субтитрами
131,CIN-000131,Начало,Начало,Лебедев Александр Иванович,Драма,IMAX,Краснодар,"ул. Центральная, д. 67, кв. 86",телефон отсутствует,lebedevaleks888@yandex.ru,Сеанс завер.,68,487,24.11.2024,01.04.2026,Собственная система учёта,Показ с субтитрами
132,CIN-000132,Список Шиндлера,Список Шиндлера,Соколов Дмитрий Дмитриевич,Драма,IMAX,Пермь,ОШИБКА_ДАННЫХ,+7-99-abc-12-34,sokolovdmitr487@mail.ru,Билеты заканчиваются,215,971,16.09.2026,02.04.2024,Excel-выгрузка,Детский сеанс
133,CIN-000133,Аватар,Аватар,Виноградов Егор Андреевич,Фантастика,2D,Ворнж,"ул. Победы, д. 28, кв. 14",+7-928-201-40-61,vinogradoveg467@outlook.com,Сеанс завер.,234,1146,22.10.2025,07.11.2026,CRM Bitrix24,Детский сеанс
134,CIN-000134,Список Шиндлера,Список Шиндлера,Голубева Светлана Андреевна,Фантастика,2D,Казань,"ул. Молодёжная, д. 121, кв. 81",+7-931-898-67-84,golubevasvet829@mail.ru,Бил. заканч.,55,776,22.05.2025,18.03.2024,Собственная система учёта,Показ с субтитрами
135,CIN-000135,Крёстный отец,Крёстный,Виноградов Кирилл Сергеевич,Фантастика,4DX,Ростов-н/Д,"ул. Спортивная, д. 72, кв. 31",+7-925-791-59-59,vinogradovki277@outlook.com,Отменён,258,1186,28.10.2026,25.09.2024,Excel-выгрузка,
136,CIN-000136,Аватар,Аватар,Смирнов Владимир Николаевич,Комедия,3D,Новосибирск,"ул. Спортивная, д. 10, кв. 191",,,Сеанс начался,189,683,06.05.2026,15.01.2025,CRM Bitrix24,Показ с субтитрами
137,CIN-000137,Список Шиндлера,Список Шиндлера,Попов Роман Петрович,Мультфильм,4DX,Санкт-Петербург,"ул. Ленина, д. 86, кв. 65",+7-939-947-93-30,popovromanpe284@outlook.com,Продажа открыта,273,800,08.10.2023,09.02.2026,Excel-выгрузка,Премьерный показ
138,CIN-000138,Зелёная миля,Зелёная миля,Богданов Максим Александрович,Драма,IMAX,Ростов-н/Д,"ул. Садовая, д. 30, кв. 174",+7-911-673-93-92,bogdanovmaks548@gmail.com,,285,1090,16.12.2023,04.01.2025,CRM Bitrix24,
139,CIN-000139,Побег из Шоушенка,Побег из Шоушенка,Фёдорова Мария Сергеевна,Боевик,4DX,Челябинск,"ул. Спортивная, д. 123, кв. 178",+7-959-411-96-60,fedorovamari95@yandex.ru,Сеанс завер.,286,287,14.03.2026,15.12.2025,Собственная система учёта,Ретроспектива
140,CIN-000140,Начало,Начало,Козлов Сергей Иванович,Драма,2D,Екатеринбург,"ул. Ленина, д. 51, кв. 37",+7-957-918-62-26,kozlovsergei702@gmail.com,Отменён,255,770,09.10.2023,00.00.0000,SAP ERP,
141,CIN-000141,Тёмный рыцарь,Тёмный рыцарь,Волков Виктор Андреевич,Фантастика,IMAX,,"ул. Советская, д. 66, кв. 145",+7-951-444-46-23,volkovviktor112@yandex.ru,Сеанс завершён,234,498,21.09.2023,23.02.2024,CRM Bitrix24,
142,CIN-000142,Форрест Гамп,Форрест Гамп,Виноградов Андрей Сергеевич,Мультфильм,2D,Москва,"ул. Спортивная, д. 42, кв. 5",+7-932-352-59-51,vinogradovan296@mail.ru,Сеанс начался,ABC,1023,02.10.2026,20.02.2024,CRM Bitrix24,Детский сеанс
143,CIN-000143,Зелёная миля,Зелёная миля,Волков Владимир Сергеевич,Боевик,2D,Н.Новгород,"ул. Мира, д. 81, кв. 164",+7-939-434-75-98,volkovvladim712@gmail.com,Бил,,1016,21.02.2026,15.08.2024,Собственная система учёта,Детский сеанс
144,CIN-000144,Дюна,Дюна,Волков Сергей Иванович,Мультф.,IMAX,Волгоград,"ул. Ленина, д. 24, кв. 142",+7-927-362-51-67,volkovsergei987@outlook.com,Сеанс завершён,82,998,27.10.2024,02.06.2026,Excel-выгрузка,Показ с субтитрами
145,CIN-000145,Начало,Начало,Богданов Дмитрий Николаевич,Комедия,4DX,Екатеринбург,"ул. Гагарина, д. 105, кв. 95",+7-918-317-42-91,bogdanovdmit379@outlook.com,не указано(ошибка),184,1029,27.03.2023,08.01.2026,Собственная система учёта,Показ с субтитрами
146,CIN-000146,Джокер,Джокер,Соколова Татьяна Ивановна,Боевик,IMAX,Воронеж,"ул. Ленина, д. 20, кв. 155",+7-958-625-89-32,sokolovataty915@mail.ru,Сеанс начался,147,833,27.06.2024,27.05.2026,CRM Bitrix24,Показ с субтитрами
147,CIN-000147,Побег из Шоушенка,Побег из Шоушенка,Павлова Полина Сергеевна,,4DX,Самара,12345XYZ,+7-942-186-41-74,pavlovapolin993@gmail.com,Сеанс завершён,210,299,25.12.2024,15.01.2025,SAP ERP,
148,CIN-000148,Начало,Начало,####,Боевик,3D,Ворнж,"ул. Пушкина, д. 14, кв. 195",+7-932-787-50-44,volkovakseni730@outlook.com,Сеанс начался,79,418,20.07.2023,21.11.2024,Excel-выгрузка,Премьерный показ
149,CIN-000149,Начало,Начало,Алексеева Виктория Петровна,Драма,4DX,Волгоград,12345XYZ,+7-924-221-50-78,alekseevavik388@gmail.com,Сеа,156,662,18.03.2025,11.12.2024,####,Премьерный показ
150,CIN-000150,Интерстеллар,Интерстеллар,Лебедева Анна Дмитриевна,Мультфильм,IMAX,Мск,"ул. Центральная, д. 144, кв. 128",+7-925-115-53-97,lebedevaanna596@yandex.ru,Продажа открыта,59,641,24.11.2025,06.04.2026,Собственная система учёта,Детский сеанс
151,CIN-000151,Крёстный отец,Крёстный отец,Волков Александр Викторович,Документальный фильм,IMAX,Пермь,"ул. Победы, д. 98, кв. 38",+7-942-408-87-73,volkovaleksa394@gmail.com,Сеанс начался,266,599,08.10.2024,25.10.2026,SAP ERP,Детский сеанс
152,CIN-000152,Начало,Начало,Алексеев Павел Дмитриевич,Мультфильм,IMAX,Самара,"ул. Центральная, д. 141, кв. 113",+7-943-291-77-11,ivanov.mail.ru,Билеты заканчиваются,300,646,07.09.2026,28.11.2024,1С:Предприятие,
153,CIN-000153,Форрест Гамп,Форрест Гамп,Алексеева Полина Николаевна,Фантастика,2D,Челяб.,,+7-920-785-50-96,нет_почты,Сеанс завершён,41,578,04.08.2024,,Excel-выгрузка,Показ с субтитрами
154,CIN-000154,Гравитация,Гравитация,Петров Алексей Александрович,Документальный фильм,3D,Москва,"ул. Центральная, д. 88, кв. 170",+7-918-146-42-61,petrovalekse908@mail.ru,Сеанс завершён,187,576,13.11.2023,09.09.2025,Excel-выгрузка,Ретроспектива
155,CIN-000155,Зелёная миля,Зелёная миля,Попова Елена Николаевна,Документальный фильм,IMAX,Самара,"ул. Пушкина, д. 4, кв. 175",+7-940-341-91-22,popovaelenan83@outlook.com,Отменён,40,397,2023,16.07.2024,CRM Bitrix24,
156,CIN-000156,Побег из Шоушенка,Побег из Шоушенка,Егорова Ольга Николаевна,Драма,4DX,Санкт-Петербург,"ул. Молодёжная, д. 107, кв. 170",+7-936-381-71-18,egorovaolgan501@mail.ru,Отменён,152,859,11.08.2024,вчера,1С:Предприятие,
157,CIN-000157,Зелёная миля,Зелёная миля,Лебедев Павел Александрович,Докум. фильм,2D,Санкт-Петербург,"ул. Молодёжная, д. 21, кв. 163",+7-943-326-32-21,lebedevpavel163@gmail.com,Отменён,,271,03.05.2026,13.07.2026,SAP ERP,Детский сеанс
158,CIN-000158,Интерстеллар,Интерстеллар,Морозова,Мультф.,3D,Санкт-Петербург,"ул. Молодёжная, д. 126, кв. 36",+7-923-233-48-58,ivanov.mail.ru,Сеанс завершён,99,228,26.01.2026,14.01.2025,Excel-выгрузка,Детский сеанс
159,CIN-000159,Тёмный рыцарь,Тёмный рыцарь,нет данных(ошибка),Комедия,IMAX,Санкт-Петербург,"ул. Садовая, д. 31, кв. 11",+7-913-570-30-87,bogdanovayul516@mail.ru,Сеанс начался,281,245,04.11.2023,2025,SAP ERP,-
160,CIN-000160,Список Шиндлера,Список Шиндлера,Павлов Егор Викторович,Мультфильм,IMAX,Челябинск,"ул. Победы, д. 116, кв. 152",+7-911-330-38-61,pavlovegorvi892@outlook.com,Сеанс нач.,183,1151,31.02.2026,,Собственная система учёта,
161,CIN-000161,Гладиатор,Гладиатор,нет данных(ошибка),Мультфильм,4DX,Нов,"ул. Гагарина, д. 56, кв. 198",+7-912-650-10-46,petrov@@mail..ru,Бил. заканч.,139,691,09.01.2024,06.09.2026,1С:Предприятие,Ретроспектива
162,CIN-000162,Гладиатор,Гладиатор,Попов Александр Иванович,Фантастика,IMAX,Новосибирск,"ул. Пушкина, д. 115, кв. 89",+7-922-931-88-65,popovaleksan809@gmail.com,Прод. откр.,257,581,03.06.2024,28.08.2024,CRM Bitrix24,Детский сеанс
163,CIN-000163,Интерстеллар,Интерстеллар,Алексеев Виктор Сергеевич,Комед.,ОШИБКА_ДАННЫХ,Самара,???,+7-953-354-13-79,alekseevvikt802@,Сеанс нач.,46,1029,06.02.2023,01.09.2025,SAP ERP,Показ с субтитрами
164,CIN-000164,Джокер,Джокер,Егорова Елена Викторовна,Документальный фильм,4DX,Челябинск,,+7-918-555-23-99,egorovaelena529@outlook.com,Продажа открыта,40,344,14.07.2026,05.06.2024,1С:Предприятие,Показ с субтитрами
165,CIN-000165,Матрица,Матрица,Лебедева Татьяна Петровна,Комедия,2D,Москва,"ул. Центральная, д. 2, кв. 102",+7-944-520-77-92,lebedevataty281@outlook.com,Сеанс завершён,197,356,,27.10.2025,SAP ERP,Ретроспектива
166,CIN-000166,Гравитация,Гравитация,Семёнова Мария Николаевна,Драма,IMAX,Волгоград,,+7-934-651-84-82,semenovamari735@outlook.com,Сеанс завершён,153,915,21.07.2023,08.01.2025,CRM Bitrix24,Детский сеанс
167,CIN-000167,Побег из Шоушенка,Побег из Шоушенка,Иванов Егор Дмитриевич,Боевик,2D,Казань,"ул. Победы, д. 16, кв. 174",+7-938-9,ivanovegordm660@gmail.com,Продажа открыта,234,605,02.04.2024,16.05.2026,Excel-выгрузка,Детский сеанс
168,CIN-000168,Титаник,Титаник,Смирнова Светлана Дмитриевна,Боевик,IMAX,Ворнж,"ул. Советская, д. 59, кв. 200",+7-942-892-47-21,smirnovasvet129@outlook.com,,48,1039,24.09.2024,11.02.2026,Excel-выгрузка,Ретроспектива
169,CIN-000169,Интерстеллар,Интерстеллар,Лебедева Виктория Александровна,Мультфильм,2D,Новосибирск,,+7-926-304-45-82,lebedevavikt418@yandex.ru,Билеты заканчиваются,204,1041,17.12.2023,20.08.2025,CRM Bitrix24,Показ с субтитрами
170,CIN-000170,Тёмный рыцарь,Тёмный рыцарь,Новиков Владимир Дмитриевич,Докум. фильм,4DX,Челябинск,"ул. Молодёжная, д. 37, кв. 25",+7-944-602-47-40,novikovvladi633@mail.ru,Сеанс завершён,186,1173,20.03.2025,05.04.2026,Excel-выгрузка,
171,CIN-000171,Зелёная миля,Зелёная миля,Голубева Юлия Александровна,Мультфильм,3D,Казань,"ул. Победы, д. 27, кв. 108",+7-953-272-81-85,,Сеанс начался,218,692,05.07.2024,2026-13-45,CRM Bitrix24,Премьерный показ
172,CIN-000172,Гладиатор,Гладиатор,Виноградова Ирина Дмитриевна,Драма,4DX,Ростов-на-Дону,"ул. Молодёжная, д. 58, кв. 69",+7-910-362-23-89,vinogradovai999@outlook.com,Сеанс нач.,173,,23.06.2026,10.03.2024,Excel-выгрузка,
173,CIN-000173,Аватар,нет данных(ошибка),Кузнецова Ирина Ивановна,Мультфильм,3D,СПб,"ул. Центральная, д. 95, кв. 19",12345,kuznecovairi645@yandex.ru,Отменён,192,821,15.11.2025,21.12.2024,SAP ERP,Премьерный показ
174,CIN-000174,Побег из Шоушенка,Побег из Шоушенка,Семёнов Виктор Николаевич,Докум. фильм,IMAX,Пермь,"ул. Садовая, д. 12, кв. 125",+7-936-529-49-78,semenovvikto531@outlook.com,Сеанс начался,98,612,06.02.2024,02.07.2025,Excel-выгрузка,
175,CIN-000175,Дюна,Дюна,Фёдоров Алексей Николаевич,Мультфильм,3D,Воронеж,"ул. Гагарина, д. 66, кв. 93",+7-918-393-79-78,fedorovaleks397@mail.ru,Продажа открыта,136,,04.05.2024,23.07.2025,SAP ERP,Показ с субтитрами
176,CIN-000176,Аватар,Аватар,Кузнецов Андрей Дмитриевич,Докум. фильм,2D,Москва,"ул. Мира, д. 75, кв. 173",+7-959-573-38-82,kuznecovandr645@mail.ru,Билеты заканчиваются,299,631,09.09.2025,23.09.2025,1С:Предприятие,Премьерный показ
177,CIN-000177,Матрица,Матрица,Попов Дмитрий Петрович,Фантастика,2D,Новосибирск,"ул. Молодёжная, д. 129, кв. 87",+7-922-947-87-10,popovdmitrii698@mail.ru,Сеанс завершён,184,705,09.10.2026,01.09.2024,CRM Bitrix24,Премьерный показ
178,CIN-000178,Дюна,ОШИБКА_ДАННЫХ,Богданова Алина Сергеевна,Драма,2D,Ростов-на-Дону,"ул. Пушкина, д. 25, кв. 155",+7-949-882-59-51,bogdanovaali34@gmail.com,Бил. заканч.,165,1101,11.05.2026,21.07.2024,12345XYZ,
179,CIN-000179,Тёмный рыцарь,Тёмный рыцарь,Иванова Юлия Сергеевна,Драма,4DX,Новосибирск,"ул. Молодёжная, д. 46, кв. 106",+7-912-113-80-11,ivanovayuliy594@gmail.com,Отменён,53,396,,01.01.2024,SAP ERP,Детский сеанс
180,CIN-000180,Тёмный рыцарь,Тёмный рыцарь,Егорова Юлия Петровна,Документальный фильм,3D,Самара,"ул. Гагарина, д. 14, кв. 194",+7-922-110-68-19,egorovayuliy880@mail.ru,Отменён,72,,07.03.2024,15.10.2026,Excel-выгрузка,Ретроспектива
181,CIN-000181,,,Смирнов Андрей Викторович,Документальный фильм,2D,категория_5,N/A,+7-910-9,smirnovandre752@outlook.com,Бил. заканч.,125,781,18.11.2024,11.04.2025,Собственная система учёта,Детский сеанс
182,CIN-000182,Список Шиндлера,Список Шиндлера,Егорова Ксения Андреевна,Мультф.,4DX,Ворнж,"ул. Пушкина, д. 83, кв. 90",+7-948-190-16-88,egorovakseni790@yandex.ru,Билеты заканчиваются,162,886,17.09.2025,28.08.2025,CRM Bitrix24,
183,CIN-000183,Побег из Шоушенка,Побег из Шоушенка,Лебедев Артём Дмитриевич,Фантастика,2D,Ворнж,"ул. Спортивная, д. 7, кв. 90",+7-930-668-72-56,нет_почты,Билеты заканчиваются,249,326,19.12.2025,25.11.2026,1С:Предприятие,
184,CIN-000184,Список Шиндлера,Список Шиндлера,Воробьёв Илья Викторович,Документальный фильм,3D,Воронеж,"ул. Ленина, д. 48, кв. 119",+7-948-899-75-88,vorobevilyav282@mail.ru,Сеанс начался,174,315,20.09.2023,21.08.2024,CRM Bitrix24,
185,CIN-000185,Список Шиндлера,Список Шиндлера,Морозов Кирилл Петрович,Боевик,IMAX,Москва,"ул. Ленина, д. 148, кв. 45",+7-936-288-80-76,morozovkiril355@outlook.com,Отмен.,51,1160,27.01.2024,21.09.2024,1С:Предприятие,Показ с субтитрами
186,CIN-000186,Тёмный рыцарь,Тёмный рыцарь,Воробьёва Ольга Петровна,Боевик,3D,Самара,"ул. Победы, д. 115, кв. 83",+7-953-250-94-88,vorobevaolga339@yandex.ru,Сеанс начался,ERROR,1013,23.12.2023,14.05.2026,Собственная система учёта,Премьерный показ
187,CIN-000187,Интерстеллар,Интерстеллар,Богданов Роман Дмитриевич,Драма,3D,Ростов-н/Д,"ул. Гагарина, д. 70, кв. 181",+7-921-400-89-92,bogdanovroma804@gmail.com,Сеанс завершён,59,159,04.06.2024,02.12.2026,Excel-выгрузка,Ретроспектива
188,CIN-000188,нет данных(ошибка),Крёстный отец,Новиков Роман Иванович,Комедия,IMAX,Смр,"ул. Центральная, д. 125, кв. 41",+7-928-645-71-72,novikovroman470@gmail.com,Сеанс завершён,164,261,15.06.2024,18.11.2024,Собственная система учёта,Премьерный показ
189,CIN-000189,Форрест Гамп,Форрест Гамп,Петров Виктор Александрович,Документальный фильм,4DX,Екатеринбург,"ул. Пушкина, д. 118, кв. 79",+7-950-888-96-20,petrovviktor840@mail.ru,Сеанс нач.,108,-1,07.03.2024,25.06.2024,Собственная система учёта,Ретроспектива
190,CIN-000190,Крёстный отец,Крёстный отец,Лебедев Сергей Иванович,Мультфильм,3D,Краснодар,"ул. Центральная, д. 97, кв. 89",+7-938-468-55-54,lebedevserge340@yandex.ru,Отмен.,251,813,12.09.2026,14.12.2024,Excel-выгрузка,Показ с субтитрами
191,CIN-000191,Гравитация,Гравитация,Егоров Максим Николаевич,Мультфильм,4DX,Санкт-Петербург,,+7-913-279-53-55,egorovmaksim415@gmail.com,,214,660,15.05.2024,12.09.2026,CRM Bitrix24,
192,CIN-000192,Список Шиндлера,Список Шиндлера,Морозова Юлия Николаевна,Фантастика,2D,Н.Новгород,"ул. Мира, д. 80, кв. 96",+7-912-436-95-59,morozovayuli784@yandex.ru,Бил. заканч.,286,232,11.10.2026,28.02.2026,нет данных(ошибка),
193,CIN-000193,Начало,Начало,Кузнецова Дарья Андреевна,Мультфильм,???,,"ул. Спортивная, д. 90, кв. 84",+7-946-386-30-32,kuznecovadar682@mail.ru,Бил. заканч.,166,460,20.02.2025,15.10.2026,Excel-выгрузка,Премьерный показ
194,CIN-000194,Начало,-,Кузнецова Полина Ивановна,Фантастика,4DX,Н.Новгород,"ул. Советская, д. 98, кв. 14",+7-926-658-89-10,,,264,353,22.04.2025,25.10.2025,SAP ERP,Ретроспектива
195,CIN-000195,Список Шиндлера,Список Шиндлера,Морозова Мария Петровна,Фантаст.,3D,Пер,"ул. Садовая, д. 107, кв. 21",+7-935-747-21-99,morozovamari825@outlook.com,Сеанс завершён,236,778,22.09.2025,10.09.2024,CRM Bitrix24,Премьерный показ
196,CIN-000196,Дюна,Дюна,,Документальный фильм,2D,,"ул. Центральная, д. 145, кв. 189",+7-912-755-13-51,volkovadarya680@yandex.ru,Продажа открыта,,1009,11.06.2023,10.08.2026,1С:Предприятие,Детский сеанс
197,CIN-000197,Крёстный отец,Крёстный отец,Богданова Виктория Николаевна,Боевик,IMAX,Крд,"ул. Центральная, д. 109, кв. 147",+7-930-483-82-22,bogdanovavik426@yandex.ru,Отменён,86,615,17.08.2023,28.08.2024,CRM Bitrix24,Премьерный показ
198,CIN-000198,Дюна,Дюна,Козлова Ксения Викторовна,Мультфильм,,СПб,"ул. Гагарина, д. 61, кв. 196",+7-957-367-51-84,,Неизвестная категория,229,264,12.05.2024,03.08.2025,нет данных(ошибка),Ретроспектива
199,CIN-000199,,Матрица,Новикова Татьяна Андреевна,Боевик,2D,категория_5,"ул. Пушкина, д. 33, кв. 132",+7-936-305-27-73,нет_почты,Билеты заканчиваются,91,1101,02.11.2025,24.09.2024,1С:Предприятие,Премьерный показ
200,CIN-000200,Аватар,Аватар,Голубев Павел Иванович,Драма,IMAX,Нижний Новгород,"ул. Советская, д. 54, кв. 72",+7-953-525-10-33,golubevpavel994@outlook.com,Билеты заканчиваются,165,900,03.05.2026,21.07.2026,CRM Bitrix24,
