ID,Код записи,Название блюда,Название блюда (повтор),Курьер,Категория блюда,Тип кухни,Город,Адрес,Телефон,Email,Статус заказа,Количество порций в заказе,"Стоимость заказа, руб.",Дата создания записи,Дата последнего обновления,Система-источник,Примечания
1,FOOD-000001,Круассан миндальный,Круассан миндальный,Петрова Наталья Александровна,Супы,Американская,Воронеж,"ул. Садовая, д. 30, кв. 43",+7-956-982-89-67,petrovanatal811@mail.ru,Отменён,3,5621,17.09.2024,24.05.2025,1С:Предприятие,Аллергия на орехи
2,FOOD-000002,Борщ украинский,Борщ украинский,Новикова Алина Сергеевна,Напитки,Азиатская,Ворнж,"ул. Советская, д. 77, кв. 182",+7-931-940-15-29,novikovaalin437@outlook.com,В пути,3,4125,23.09.2024,20.11.2025,Excel-выгрузка,Приборы не требуются
3,FOOD-000003,Хачапури по-аджарски,Хачапури по-аджарски,Смирнов Дмитрий Александрович,Напитки,Итальянская,Самара,"ул. Гагарина, д. 145, кв. 164",+7-956-238-99-69,smirnovdmitr839@yandex.ru,В пути,4,357,16.08.2026,17.10.2025,CRM Bitrix24,Приборы не требуются
4,FOOD-000004,Морс клюквенный,Морс клюквенный,Иванов Дмитрий Петрович,Основные блюда,Американская,Пермь,"ул. Гагарина, д. 65, кв. 14",+7-942-724-38-91,ivanovdmitri86@gmail.com,Готовится,4,995,19.08.2025,18.01.2024,CRM Bitrix24,Заказ с корпоративной скидкой
5,FOOD-000005,Круассан миндальный,Круассан миндальный,Егоров Дмитрий Сергеевич,Осн. блюда,Итальянская,Челябинск,"ул. Гагарина, д. 84, кв. 188",+7-917-795-27-58,egorovdmitri60@outlook.com,Отменён,-1,5004,03.02.2026,09.09.2024,1С:Предприятие,Заказ с корпоративной скидкой
6,FOOD-000006,Плов узбекский,Плов узбекский,Соколов Никита Петрович,Десерты,Кавказская,Екатеринбург,нет данных(ошибка),+7-99-abc-12-34,sokolovnikit836@yandex.ru,Отменён,10,5509,13.01.2025,13.12.2025,Excel-выгрузка,Приборы не требуются
7,FOOD-000007,Пицца Маргарита,Пицца Маргарита,Алексеева Ирина Александровна,Супы,Итальянская,Воронеж,"ул. Ленина, д. 87, кв. 13",+7-953-723-16-80,alekseevairi45@yandex.ru,Доставлен,10,1730,23.01.2025,25.10.2026,Собственная система учёта,Бесконтактная доставка
8,FOOD-000008,Паста Карбонара,Паста Карбонара,Павлова Ирина Николаевна,Напитки,Итальянская,Казань,"ул. Спортивная, д. 74, кв. 199",+7-914-964-26-43,pavlovairina428@yandex.ru,Принят,7,594,23.01.2025,,N/A,
9,FOOD-000009,Пицца Маргарита,Пицца Маргарита,Воробьёв Дмитрий Дмитриевич,Супы,Итальянская,Пермь,"ул. Пушкина, д. 138, кв. 54",+7-936-605-76-43,vorobevdmitr243@mail.ru,Гот,,3885,19.05.2026,04.02.2026,Excel-выгрузка,Приборы не требуются
10,FOOD-000010,Морс клюквенный,Морс клюквенный,Петров Александр Николаевич,Закуски,Кавказская,Новосибирск,,+7-938-462-92-95,petrovaleksa915@yandex.ru,Готовится,10,2839,18.12.2023,13.09.2024,1С:Предприятие,Заказ с корпоративной скидкой
11,FOOD-000011,Плов узбекский,Плов узбекский,Голубев Артём Николаевич,Супы,####,Челябинск,"ул. Победы, д. 102, кв. 121",+7-933-973-36-51,golubevartem910@mail.ru,В пути,4,2319,07.05.2026,16.03.2026,1С:Предприятие,
12,FOOD-000012,Бургер классический,Бургер классический,Богданов Илья Александрович,Основные блюда,Русская,Челябинск,,+7-917-103-41-91,bogdanovilya822@yandex.ru,Прин.,9,1447,04.05.2024,20.01.2025,Собственная система учёта,Бесконтактная доставка
13,FOOD-000013,Плов узбекский,Плов узбекский,Виноградов Илья Викторович,Осн. блюда,Кавказская,Ростов-на-Дону,"ул. Мира, д. 145, кв. 5",+7-941-505-43-49,vinogradovil918@gmail.com,Отменён,1,2499,10.10.2024,2026,Excel-выгрузка,Бесконтактная доставка
14,FOOD-000014,12345XYZ,Стейк из говядины,Попова Анна Сергеевна,Десерты,Кавказская,Волгоград,"ул. Молодёжная, д. 27, кв. 5",+7-931-375-92-14,popovaannase742@yandex.ru,Дост.,,1675,12.07.2025,19.06.2026,CRM Bitrix24,N/A
15,FOOD-000015,Борщ,Борщ украинский,нет данных(ошибка),не указано(ошибка),Американская,Казань,"ул. Советская, д. 50, кв. 172",+7-947-560-45-55,egorovairina898@yandex.ru,Отмен.,2,4560,08.03.2023,18.05.2026,Excel-выгрузка,Приборы не требуются
16,FOOD-000016,Бургер классический,Бургер классический,Морозова Наталья Николаевна,Закуски,Русская,Воронеж,"ул. Центральная, д. 60, кв. 97",+7-959-759-92-14,morozovanata525@mail.ru,В пути,8,2980,15.12.2024,15.05.2026,Excel-выгрузка,нет данных(ошибка)
17,FOOD-000017,Бургер классический,Бургер классический,Новикова Мария Сергеевна,Супы,Итальянская,Мск,"ул. Гагарина, д. 74, кв. 152",+7-920-757-72-78,novikovamari161@gmail.com,Готов.,5,,03.06.2023,25.02.2024,Excel-выгрузка,Приборы не требуются
18,FOOD-000018,Стейк из говядины,Стейк из говядины,Виноградова Полина Ивановна,Основные блюда,Итальянская,Москва,"ул. Молодёжная, д. 110, кв. 82",+7-942-736-67-74,vinogradovap723@yandex.ru,В пути,3,3227,18.06.2026,07.10.2024,Собственная система учёта,Аллергия на орехи
19,FOOD-000019,Ролл Калифорния,Ролл Калифорния,Петрова Алина Николаевна,Напитки,,Мск,"ул. Советская, д. 148, кв. 141",+7-935-298-77-35,petrovaalina387@gmail.com,Дост.,10,н/д,10.05.2023,13.09.2026,N/A,Заказ с корпоративной скидкой
20,FOOD-000020,,Плов узбекский,Волкова Виктория Андреевна,Закуски,Американская,Пермь,"ул. Советская, д. 20, кв. 89",+7-952-306-12-71,volkovavikto478@mail.ru,Отменён,2,5262,23.05.2023,16.12.2026,Собственная система учёта,Приборы не требуются
21,FOOD-000021,Пицца Маргарита,Пицца Маргарита,Виноградов Александр Андреевич,Закуски,Азиатская,Самара,"ул. Победы, д. 19, кв. 46",+7-948-640-29-87,vinogradoval356@gmail.com,В пути,2,4361,2024,17.09.2025,1С:Предприятие,Аллергия на орехи
22,FOOD-000022,Шаурма с курицей,Шаурма с курицей,Морозов Владимир Сергеевич,Напитки,Итальянская,Челябинск,"ул. Пушкина, д. 57, кв. 135",+7-918-1,morozovvladi846@gmail.com,Принят,1,3831,15.08.2026,01.06.2025,1С:Предприятие,Аллергия на орехи
23,FOOD-000023,Салат Цезарь,Салат Цезарь,Голубева,Осн. блюда,Русская,Ростов-на-Дону,ул.,+7-934-169-44-33,golubevairin484@gmail.com,В пути,2,3118,24.07.2023,20.03.2024,SAP ERP,Приборы не требуются
24,FOOD-000024,Стейк из говядины,Стейк из говядины,Новикова Дарья Сергеевна,Напитки,Русская,Ростов-на-Дону,"ул. Пушкина, д. 140, кв. 88",+7-914-554-77-30,novikovadary698@outlook.com,В пути,8,4083,25.01.2024,09.02.2025,Excel-выгрузка,
25,FOOD-000025,Бургер классический,Бургер классический,Смирнов Андрей Иванович,Напитки,Итальянская,Пермь,"ул. Ленина, д. 16, кв. 187",+7-947-258-51-62,smirnovandre927@yandex.ru,В пути,10,5563,15.03.2026,21.04.2026,Собственная система учёта,Приборы не требуются
26,FOOD-000026,12345XYZ,Морс клюквенный,Новиков Алексей Александрович,Закуски,Русская,не указано(ошибка),ул.,+7-932-2,novikovaleks675@gmail.com,Принят,ABC,-1,27.07.2024,25.11.2025,Excel-выгрузка,Аллергия на орехи
27,FOOD-000027,Суп-лапша с курицей,Суп-лапша с курицей,Егорова Алина Петровна,Напитки,Кавказская,Влгд,"ул. Центральная, д. 95, кв. 195",+7-926-449-96-43,egorovaalina240@mail.ru,В пути,10,5392,15.10.2024,12.10.2025,SAP ERP,Заказ с корпоративной скидкой
28,FOOD-000028,Стейк из говядины,Стейк из говядины,Соколова Дарья Сергеевна,Основные блюда,,Нижний Новгород,"ул. Центральная, д. 9, кв. 85",+7-926-366-73-60,sokolovadary517@gmail.com,Готовится,10,5619,18.02.2023,15.11.2026,Excel-выгрузка,
29,FOOD-000029,Суп-лапша с курицей,Суп-лапша с курицей,Новикова Елена Андреевна,Супы,Американская,Новосибирск,"ул. Гагарина, д. 133, кв. 116",+7-914-971-55-98,novikovaelen278@yandex.ru,,,401,20.10.2024,15.11.2026,CRM Bitrix24,
30,FOOD-000030,Паста Карбонара,Паста Карбонара,Соколов Егор Николаевич,Основные блюда,Русская,Казань,"ул. Пушкина, д. 138, кв. 196",+7-910-408-99-64,sokolovegorn720@outlook.com,Отмен.,9,5412,23.09.2023,07.07.2025,SAP ERP,Заказ с корпоративной скидкой
31,FOOD-000031,Морс клюквенный,Морс клюквенный,Семёнов Илья Дмитриевич,Основные блюда,Азиатская,Челябинск,"ул. Садовая, д. 117, кв. 50",+7-940-900-78-20,semenovilyad911@gmail.com,Доставлен,2,3506,24.02.2024,13.04.2025,Excel-выгрузка,Бесконтактная доставка
32,FOOD-000032,Салат Цезарь,Салат Цезарь,Голубева Ксения Андреевна,Основные блюда,Азиатская,Москва,"ул. Советская, д. 20, кв. 146",+7-954-963-25-60,golubevaksen426@outlook.com,Принят,7,1589,22.12.2025,20.07.2026,Собственная система учёта,
33,FOOD-000033,Борщ украинский,Борщ украинский,Павлова Ксения Петровна,Десерты,Русская,Пермь,"ул. Мира, д. 129, кв. 36",+7-921-419-69-82,pavlovakseni129@yandex.ru,В пути,8,3516,02.08.2026,04.08.2026,Excel-выгрузка,Приборы не требуются
34,FOOD-000034,Бургер классический,Бургер,Воробьёва Юлия Викторовна,Десерты,Американская,Волгоград,"ул. Победы, д. 117, кв. 138",+7-933-808-32-34,vorobevayuli155@gmail.com,Отменён,9,651,07.10.2023,08.02.2025,Excel-выгрузка,Заказ
35,FOOD-000035,Ролл Калифорния,Ролл Калифорния,Морозов Максим Петрович,Основные блюда,Итальянская,Новосибирск,"ул. Победы, д. 133, кв. 48",+7-921-167-81-24,morozovmaksi87@gmail.com,Доставлен,2,5145,27.08.2023,15.07.2024,Excel-выгрузка,Приборы не требуются
36,FOOD-000036,Шаурма с курицей,Шаурма с курицей,Кузнецова Полина Андреевна,Основные блюда,нет данных(ошибка),Нижний Новгород,"ул. Победы, д. 63, кв. 142",+7-922-297-61-47,kuznecovapol358@yandex.ru,В пути,1,2026,08.04.2025,24.12.2026,CRM Bitrix24,Бесконтактная доставка
37,FOOD-000037,Пицца Маргарита,Пицца Маргарита,Морозов Алексей Иванович,Десерты,Азиатская,Самара,"ул. Спортивная, д. 18, кв. 75",+7-947-702-95-87,morozovaleks870@,Отменён,8,4060,04.04.2023,01.08.2026,SAP ERP,Приборы не требуются
38,FOOD-000038,Тирамису,-,Алексеева Анна Андреевна,Зак,Итальянская,Санкт-Петербург,"ул. Пушкина, д. 56, кв. 85",+7-929-479-59-34,alekseevaann896@outlook.com,Доставлен,10,4380,17.07.2024,14.04.2025,SAP ERP,Аллергия на орехи
39,FOOD-000039,12345XYZ,Борщ украинский,Виноградов Никита Дмитриевич,Осн. блюда,Кавказская,Екб,"ул. Гагарина, д. 106, кв. 115",+7-958-297-82-27,vinogradovni387@mail.ru,Принят,5,,20.03.2025,2026-13-45,1С:Предприятие,Бесконтактная доставка
40,FOOD-000040,Плов узбекский,Плов узбекский,Семёнова Наталья Николаевна,Закуски,Азиатская,Москва,"ул. Молодёжная, д. 124, кв. 139",+7-920-1,semenovanata515@yandex.ru,Доставлен,3,1172,01.03.2023,05.09.2024,Собственная система учёта,
41,FOOD-000041,Тирамису,Тирамису,Фёдоров Виктор Александрович,Основные блюда,Азиатская,Москва,"ул. Победы, д. 90, кв. 77",+7-941-536-20-65,fedorovvikto741@mail.ru,Доставлен,9,482,10.01.2024,2026,SAP ERP,Аллергия на орехи
42,FOOD-000042,Лимонад домашний,Лимонад домашний,Смирнов Александр Андреевич,Основные блюда,Азиатская,Екатеринбург,"ул. Советская, д. 107, кв. 1",+7-932-605-43-35,smirnovaleks105@yandex.ru,Прин.,2,,11.10.2025,24.11.2026,Собственная система учёта,Заказ с корпоративной скидкой
43,FOOD-000043,Плов узбекский,Плов узбекский,Голубев Павел Дмитриевич,Супы,Кавказская,Казань,"ул. Ленина, д. 18, кв. 61",+7-934-399-18-72,golubevpavel325@outlook.com,Отменён,3,348,10.10.2025,07.11.2026,Excel-выгрузка,Бесконтактная доставка
44,FOOD-000044,Хачапури по-аджарски,Хачапури по-аджарски,Смирнова Елена Ивановна,Супы,Итальянская,Санкт-Петербург,"ул. Мира, д. 88, кв. 170",+7-923-859-63-12,smirnovaelen299@outlook.com,Готовится,ABC,2652,28.11.2025,09.11.2024,Собственная система учёта,Приборы не требуются
45,FOOD-000045,Салат Цезарь,Салат Цезарь,Воробьёв Александр Иванович,Основные блюда,Итальянская,Новосибирск,ул.,+7-950-910-13-55,vorobevaleks184@yandex.ru,###,7,1615,18.11.2025,28.12.2026,Собственная система учёта,
46,FOOD-000046,Пицца Маргарита,Пицца Маргарита,Фёдорова Наталья Петровна,Основные блюда,Азиатская,Ростов-на-Дону,"ул. Пушкина, д. 142, кв. 180",+7-931-430-55-22,fedorovanata584@outlook.com,Готов.,3,2516,25.06.2023,25.08.2026,SAP ERP,Бесконтактная доставка
47,FOOD-000047,Бургер классический,Бургер классический,Лебедева Екатерина Викторовна,Закуски,Американская,Санкт-Петербург,"ул. Ленина, д. 61, кв. 132",+7-951-894-84-19,lebedevaekat834@outlook.com,Доставлен,8,3809,28.10.2023,05.06.2026,12345XYZ,
48,FOOD-000048,,Хачапури по-аджарски,N/A,Супы,Итальянская,Нижний Новгород,"ул. Советская, д. 67, кв. 37",+7-947-114-14-75,vinogradovad335@yandex.ru,Отменён,6,4165,23.10.2024,07.01.2026,Excel-выгрузка,Бесконтактная доставка
49,FOOD-000049,,Салат Цезарь,Смирнов Сергей Сергеевич,Осн. блюда,Азиатская,Краснодар,"ул. Садовая, д. 105, кв. 146",+7-951-804-49-76,smirnovserge211@gmail.com,Принят,,2264,03.09.2026,2024,Собственная система учёта,Аллергия на орехи
50,FOOD-000050,Борщ украинский,Борщ украинский,Новикова Алина Александровна,Напитки,Итальянская,Пермь,"ул. Мира, д. 142, кв. 26",+7-925-827-59-19,novikovaalin900@outlook.com,Принят,1,н/д,27.09.2025,24.05.2025,1С:Предприятие,Заказ с корпоративной скидкой
51,FOOD-000051,Шаурма с курицей,Шаурма с курицей,Виноградов Андрей Дмитриевич,Осн. блюда,,Нижний Новгород,"ул. Победы, д. 43, кв. 82",+7-930-354-99-83,vinogradovan150@outlook.com,В пути,6,3733,09.05.2023,22.03.2024,Собственная система учёта,
52,FOOD-000052,Морс клюквенный,Морс клюквенный,Петров Владимир Андреевич,Закуски,Итальянская,Новосиб.,"ул. Гагарина, д. 66, кв. 28",+7-941-925-65-24,petrovvladim99@mail.ru,В пути,9,2118,25.05.2024,20.01.2026,Excel-выгрузка,Аллергия на орехи
53,FOOD-000053,Хачапури по-аджарски,Хачапури по-аджарски,Павлова Алина Дмитриевна,Закуски,Итальянская,Ростов-на-Дону,,+7-943-190-99-91,pavlovaalina2@mail.ru,Принят,2,1549,23.04.2024,14.02.2024,Excel-выгрузка,
54,FOOD-000054,Лимонад домашний,Лимонад домашний,Егоров Алексей Петрович,Закуски,Русская,Екатеринбург,"ул. Садовая, д. 50, кв. 100",+7-942-414-22-47,egorovalekse315@yandex.ru,В пути,7,,01.09.2024,09.08.2026,Собственная система учёта,Бесконтактная доставка
55,FOOD-000055,Паста,Паста Карбонара,Воробьёва Юлия Александровна,не указано(ошибка),Американская,Новосибирск,"ул. Ленина, д. 70, кв. 42",+7-943-756-18-65,vorobevayuli407@yandex.ru,Готовится,н/д,3850,03.03.2026,17.12.2024,Excel-выгрузка,Заказ с корпоративной скидкой
56,FOOD-000056,Морс клюквенный,Морс клюквенный,Кузнецов Владимир Александрович,Напитки,Американская,Санкт-Петербург,"ул. Победы, д. 118, кв. 147",+7-942-865-20-57,kuznecovvlad345@gmail.com,Принят,9,2755,26.12.2025,20.03.2025,Excel-выгрузка,Аллергия
57,FOOD-000057,Салат Цезарь,Салат Цезарь,Попова Анна Дмитриевна,Десерты,Русская,Волгоград,"ул. Садовая, д. 79, кв. 37",+7-926-895-77-71,popovaannadm581@yandex.ru,Отмен.,1,5632,05.01.2024,21.02.2026,Excel-выгрузка,Заказ с корпоративной скидкой
58,FOOD-000058,Стейк из говядины,Стейк из говядины,Козлов Дмитрий Николаевич,Закуски,12345XYZ,Нижний Новгород,"ул. Победы, д. 126, кв. 133",+7-958-213-41-23,kozlovdmitri372@gmail.com,Доставлен,3,3254,07.01.2024,09.03.2024,1С:Предприятие,Заказ с корпоративной скидкой
59,FOOD-000059,Пицца Маргарита,Пицца Маргарита,Лебедев Дмитрий Дмитриевич,Напитки,Кавказская,Нижний Новгород,"ул. Пушкина, д. 48, кв. 22",+7-928-354-69-92,lebedevdmitr515@outlook.com,Принят,6,2951,,01.08.2025,CRM Bitrix24,Приборы не требуются
60,FOOD-000060,Пицца Маргарита,ОШИБКА_ДАННЫХ,Семёнова Екатерина Ивановна,Супы,Кавказская,Казань,"ул. Спортивная, д. 133, кв. 116",+7-954-288-54-61,semenovaekat664@outlook.com,В п,2,ERROR,01.06.2024,14.12.2025,SAP ERP,
61,FOOD-000061,Плов узбекский,Плов узбекский,Семёнов Максим Иванович,Закуски,Русская,Казань,"ул. Молодёжная, д. 130, кв. 7",+7-912-553-24-23,semenovmaksi512@gmail.com,не указано(ошибка),1,н/д,06.11.2025,04.01.2024,1С:Предприятие,Заказ с корпоративной скидкой
62,FOOD-000062,Хачапури по-аджарски,Хачапури по-аджарски,Голубева Полина Александровна,Напитки,Русская,Волгоград,"ул. Победы, д. 146, кв. 186",+7-924-341-93-27,golubevapoli783@yandex.ru,Отмен.,2,2694,,14.02.2025,Excel-выгрузка,
63,FOOD-000063,Хачапури по-аджарски,Хачапури по-аджарски,Морозова Наталья Ивановна,,Кавказская,Москва,"ул. Центральная, д. 30, кв. 29",+7-948-639-84-52,morozovanata811@mail.ru,Прин.,2,3231,15.09.2026,19.04.2024,1С:Предприятие,Заказ с корпоративной скидкой
64,FOOD-000064,Морс клюквенный,Морс клюквенный,Алексеев Павел Иванович,Основные блюда,Русская,Ростов-на-Дону,"ул. Пушкина, д. 34, кв. 54",+7-935-990-32-48,alekseevpave817@gmail.com,Отмен.,9,2539,19.12.2026,03.08.2024,SAP ERP,Приборы не требуются
65,FOOD-000065,Шаурма с курицей,Шаурма с курицей,Иванова Ирина Александровна,Напитки,Кавказская,Воронеж,"ул. Мира, д. 18, кв. 128",+7-943-364-90-49,ivanovairina51@gmail.com,Принят,3,,20.09.2025,09.03.2025,SAP ERP,Заказ с корпоративной скидкой
66,FOOD-000066,Морс клюквенный,Морс клюквенный,Егорова Мария Ивановна,Десерты,Итальянская,Нижний Новгород,"ул. Пушкина, д. 138, кв. 194",+7-935-904-68-24,egorovamariy552@mail.ru,Отменён,2,3535,06.09.2023,23.08.2026,Excel-выгрузка,####
67,FOOD-000067,Ролл Калифорния,Ролл Калифорния,Морозова Татьяна Ивановна,Десерты,Американская,Пермь,"ул. Пушкина, д. 96, кв. 180",+7-918-573-40-98,morozovataty658@yandex.ru,Принят,9,,14.06.2023,28.06.2025,SAP ERP,Бесконтактная доставка
68,FOOD-000068,Лимонад домашний,,Новиков Алексей Викторович,Напитки,Кавказская,Казань,"ул. Центральная, д. 8, кв. 186",+7-939-715-17-70,novikovaleks658@outlook.com,Прин.,5,5368,07.06.2025,03.01.2024,Excel-выгрузка,Заказ с корпоративной скидкой
69,FOOD-000069,Бургер,Бургер классический,Кузнецова Наталья Сергеевна,Десерты,Русская,Новосибирск,"ул. Спортивная, д. 45, кв. 28",+7-950-287-83-90,kuznecovanat392@gmail.com,Доставлен,3,2316,12.06.2023,21.11.2025,,Аллергия на орехи
70,FOOD-000070,Лимонад домашний,Лимонад домашний,Голубева Татьяна Николаевна,Супы,Азиатская,Ростов-на-Дону,"ул. Победы, д. 40, кв. 167",+7-99-abc-12-34,golubevataty449@yandex.ru,В пути,3,4339,01.03.2024,02.03.2024,SAP ERP,Бесконтактная доставка
71,FOOD-000071,Пицца Маргарита,Пицца Маргарита,Воробьёв Владимир Иванович,Основные блюда,Кавказская,Влгд,"ул. Молодёжная, д. 88, кв. 41",+7-955-163-97-23,vorobevvladi526@gmail.com,Доставлен,7,585,08.08.2026,12.03.2025,1С:Предприятие,Бесконтактная доставка
72,FOOD-000072,Плов узбекский,Плов узбекский,Кузнецов Максим Викторович,Десерты,Американская,Екатеринбург,"ул. Гагарина, д. 16, кв. 96",+7-956-101-64-54,kuznecovmaks407@mail.ru,Отменён,7,5347,24.11.2023,вчера,SAP ERP,Аллергия на орехи
73,FOOD-000073,Шаурма с курицей,Шаурма с курицей,Егоров Сергей Николаевич,Супы,Азиатская,Санкт-Петербург,ОШИБКА_ДАННЫХ,+7-953-274-14-78,egorovsergei504@outlook.com,Доставлен,1,2636,05.07.2023,04.03.2024,SAP ERP,Бесконтактная доставка
74,FOOD-000074,Борщ украинский,Борщ украинский,Волкова Татьяна Дмитриевна,Супы,Кавказская,Челябинск,ул.,+7-936-128-53-76,volkovatatya363@outlook.com,Готовится,2,2416,06.05.2024,16.01.2024,1С:Предприятие,Аллергия на орехи
75,FOOD-000075,Салат Цезарь,Салат Цезарь,Петров Павел Петрович,Десерты,Русская,Влгд,"ул. Гагарина, д. 144, кв. 120",+7-926-732-86-52,petrovpavelp752@yandex.ru,Дост.,8,2600,24.09.2024,03.01.2025,Excel-выгрузка,Приборы не требуются
76,FOOD-000076,Хачапури по-аджарски,нет данных(ошибка),Виноградова Татьяна Петровна,,Американская,Самара,ул.,+7-916-165-36-14,vinogradovat177@gmail.com,Отменён,3,1902,06.06.2024,2024,Excel-выгрузка,Аллергия на орехи
77,FOOD-000077,Пицца Маргарита,Пицца Маргарита,Виноградов Виктор Александрович,Десерты,Русская,Воронеж,"ул. Гагарина, д. 68, кв. 72",+7-945-797-88-61,vinogradovvi420@gmail.com,Принят,5,,04.07.2024,24.12.2025,SAP ERP,Аллергия
78,FOOD-000078,Шаурма с курицей,Шаурма с курицей,Воробьёв Илья Андреевич,Закуски,Американская,Казань,"ул. Центральная, д. 15, кв. 34",+7-917-404-95-58,vorobevilyaa760@mail.ru,Доставлен,10,485,22.08.2025,02.02.2025,CRM Bitrix24,
79,FOOD-000079,Лимонад домашний,Лимонад домашний,Алексеев Виктор Николаевич,Напитки,Итальянская,Казань,"ул. Ленина, д. 68, кв. 51",+7-941-576-14-31,alekseevvikt470@outlook.com,Принят,6,286,14.06.2024,15.04.2024,CRM Bitrix24,Аллергия на орехи
80,FOOD-000080,Стейк из говядины,Стейк из говядины,Волкова Виктория Ивановна,Основные блюда,Азиатская,Крд,"ул. Победы, д. 23, кв. 22",+7-947-707-14-61,volkovavikto771@gmail.com,Дост.,4,1641,13.11.2024,03.10.2025,1С:Предприятие,Бесконтактная доставка
81,FOOD-000081,Лимонад домашний,####,Кузнецов Алексей Сергеевич,Напитки,нет данных(ошибка),Пер,"ул. Гагарина, д. 117, кв. 46",+7-947-179-61-86,kuznecovalek967@gmail.com,Готов.,3,1271,08.06.2024,03.05.2026,Собственная,Приборы не требуются
82,FOOD-000082,Паста Карбонара,Паста Карбонара,Егорова Татьяна Дмитриевна,Десерты,Кавказская,Новосибирск,"ул. Центральная, д. 42, кв. 41",+7-952-364-56-76,egorovatatya447@yandex.ru,Дост.,1,4293,22.04.2024,17.01.2025,CRM Bitrix24,Заказ с корпоративной скидкой
83,FOOD-000083,Морс клюквенный,Морс клюквенный,Кузнецова Светлана Викторовна,,Русская,Ростов-на-Дону,"ул. Молодёжная, д. 134, кв. 104",,kuznecovasve493@mail.ru,Отменён,6,3616,02.04.2025,06.01.2024,CRM Bitrix24,Приборы не требуются
84,FOOD-000084,Паста Карбонара,Паста Карбонара,Павлов Сергей Александрович,Напитки,Кавказская,Мск,"ул. Спортивная, д. 40, кв. 144",+7-912-340-38-67,pavlovsergei272@mail.ru,Гот,2,1968,15.05.2026,27.08.2024,Собственная система учёта,Заказ с корпоративной скидкой
85,FOOD-000085,Плов узбекский,Плов узбекский,Павлов Максим Николаевич,Супы,Азиатская,Н.Новгород,"ул. Гагарина, д. 128, кв. 107",телефон отсутствует,pavlovmaksim747@yandex.ru,не указано(ошибка),7,4903,25.03.2024,22.01.2025,Excel-выгрузка,Заказ с корпоративной скидкой
86,FOOD-000086,Круассан миндальный,Круассан миндальный,Фёдорова Ольга Викторовна,Супы,Американская,СПб,"ул. Молодёжная, д. 20, кв. 171",+7-942-126-85-74,fedorovaolga615@mail.ru,Отмен.,9,711,20.01.2025,2024,CRM Bitrix24,Приборы
87,FOOD-000087,Суп-лапша с курицей,Суп-лапша с курицей,Морозова Виктория Викторовна,Закуски,Русская,Челяб.,"ул. Победы, д. 67, кв. 35",+7-934-600-39-27,morozovavikt184@outlook.com,Готовится,3,1034,08.06.2025,02.06.2024,1С:Предприятие,Приборы не требуются
88,FOOD-000088,Плов узбекский,Плов узбекский,Соколова Мария Петровна,Нап,Азиатская,Санкт-Петербург,"ул. Мира, д. 102, кв. 87",+7-954-899-18-64,sokolovamari560@mail.ru,Дост.,3,2626,08.02.2025,14.10.2024,,Бесконтактная доставка
89,FOOD-000089,Борщ украинский,Борщ украинский,Семёнова Полина Викторовна,Закуски,Американская,Ростов-на-Дону,ОШИБКА_ДАННЫХ,+7-914-7,semenovapoli218@mail.ru,Готовится,1,3914,24.04.2024,19.02.2026,1С:Предприятие,
90,FOOD-000090,Ролл Калифорния,Ролл Калифорния,Алексеева Ирина Александровна,Десерты,Русская,Ростов-н/Д,"ул. Спортивная, д. 131, кв. 88",+7-914-487-68-63,alekseevairi364@gmail.com,Отменён,10,4955,13.10.2023,15.10.2025,Excel-выгрузка,Бесконтактная доставка
91,FOOD-000091,Борщ украинский,нет данных(ошибка),Егоров Сергей Николаевич,Напитки,Американская,Пермь,"ул. Спортивная, д. 89, кв. 176",+7-916-967-47-40,egorovsergei683@outlook.com,Принят,5,1814,10.03.2025,28.02.2026,Excel-выгрузка,Заказ с корпоративной скидкой
92,FOOD-000092,Стейк из говядины,Стейк из говядины,Семёнов Илья Петрович,Напитки,Азиатская,Волгоград,,+7-921-796-48-26,semenovilyap830@mail.ru,Отменён,8,1771,24.11.2023,01.10.2026,CRM Bitrix24,Аллергия на орехи
93,FOOD-000093,Морс клюквенный,Морс клюквенный,Волков Илья Дмитриевич,Основные блюда,Русская,,"ул. Победы, д. 139, кв. 61",+7-956-672-51-11,volkovilyadm241@yandex.ru,Готовится,8,1028,,11.12.2024,1С:Предприятие,Заказ с корпоративной скидкой
94,FOOD-000094,Паста Карбонара,Паста Карбонара,Лебедева Ксения Николаевна,Закуски,Итальянская,Пермь,"ул. Центральная, д. 20, кв. 155",+7-953-747-18-58,lebedevaksen953@yandex.ru,Готовится,6,2339,,28.06.2026,SAP ERP,Заказ с корпоративной скидкой
95,FOOD-000095,Салат Цезарь,Салат Цезарь,Виноградова Дарья Сергеевна,Напитки,Азиатская,Санкт-Петербург,"ул. Центральная, д. 106, кв. 140",+7-946-244-98-96,vinogradovad34@yandex.ru,###,9,1289,2025,02.12.2026,CRM Bitrix24,
96,FOOD-000096,Хачапури по-аджарски,Хачапури по-аджарски,Кузнецов Илья Иванович,Супы,Итальянская,Самара,"ул. Спортивная, д. 132, кв. 22",+7-937-861-32-57,kuznecovilya612@gmail.com,Отмен.,4,1074,08.06.2025,11.07.2026,1С:Предприятие,Заказ с корпоративной скидкой
97,FOOD-000097,Салат Цезарь,Салат Цезарь,Кузнецова Светлана Андреевна,Десерты,Кавказская,Пермь,"ул. Пушкина, д. 99, кв. 21",+7-937-202-64-11,,Готовится,4,3908,25.08.2023,27.12.2026,CRM Bitrix24,Приборы не требуются
98,FOOD-000098,Морс клюквенный,Морс клюквенный,Новиков Илья Петрович,Основные блюда,Кавказская,Казань,"ул. Победы, д. 62, кв. 20",+7-921-210-68-77,novikovilyap877@gmail.com,Принят,7,5293,20.03.2026,05.08.2025,1С:Предприятие,Аллергия на орехи
99,FOOD-000099,Бургер классический,Бургер классический,Фёдорова Анна Андреевна,Основные блюда,Американская,Самара,"ул. Мира, д. 97, кв. 114",+7-945-747-67-50,fedorovaanna707@outlook.com,В пути,8,2317,20.02.2023,12.11.2024,SAP ERP,Заказ с корпоративной скидкой
100,FOOD-000100,Хачапури по-аджарски,Хачапури по-аджарски,Волков Алексей Александрович,Напитки,Кавказская,Санкт-Петербург,"ул. Молодёжная, д. 29, кв. 76",+7-955-339-79-44,volkovalekse233@mail.ru,,ERROR,ERROR,11.08.2026,15.06.2025,Excel-выгрузка,
101,FOOD-000101,Шаурма с курицей,Шаурма с курицей,####,Закуски,Азиатская,Воронеж,"ул. Ленина, д. 91, кв. 101",+7-922-518-96-17,smirnovandre522@yandex.ru,В пути,6,1514,04.04.2024,20.03.2024,Собственная система учёта,Приборы не требуются
102,FOOD-000102,Морс клюквенный,Морс клюквенный,Морозова Алина Андреевна,Напитки,Американская,Пермь,"ул. Победы, д. 149, кв. 28",+7-948-574-69-62,morozovaalin525@yandex.ru,В пути,9,3409,11.03.2024,23.11.2026,SAP ERP,Заказ с корпоративной скидкой
103,FOOD-000103,Морс клюквенный,Морс клюквенный,Павлова Мария Ивановна,Закуски,Американская,Челяб.,"ул. Мира, д. 20, кв. 119",+7-917-927-65-57,pavlovamariy989@yandex.ru,В пути,10,2926,20.04.2025,31.02.2026,1С:Предприятие,Приборы не требуются
104,FOOD-000104,Шаурма с курицей,Шаурма с курицей,Волкова Екатерина Сергеевна,Супы,Азиатская,Краснодар,"ул. Молодёжная, д. 61, кв. 16",+7-948-687-69-29,volkovaekate334@gmail.com,В пути,,3859,27.12.2024,08.05.2026,1С:Предприятие,Аллергия на орехи
105,FOOD-000105,Хачапури по-аджарски,Хачапури по-аджарски,Новикова Ольга Сергеевна,Основные блюда,Азиатская,Нижний Новгород,"ул. Пушкина, д. 9, кв. 149",+7-935-573-59-28,novikovaolga932@gmail.com,Готовится,-1,3155,02.05.2026,25.01.2025,SAP ERP,Заказ с корпоративной скидкой
106,FOOD-000106,Борщ украинский,Борщ украинский,Семёнова Татьяна Александровна,Закуски,Азиатская,Н.Новгород,"ул. Центральная, д. 111, кв. 98",+7-924-151-67-94,semenovataty585@outlook.com,Отменён,8,2825,21.11.2023,01.10.2024,Excel-выгрузка,Аллергия на орехи
107,FOOD-000107,Круассан миндальный,Круассан миндальный,12345XYZ,Осн. блюда,Кавказская,Влгд,нет данных(ошибка),+7-916-471-15-44,kuznecovaali730@mail.ru,Принят,8,608,05.10.2024,19.01.2024,CRM Bitrix24,Аллергия на орехи
108,FOOD-000108,Бургер классический,Бургер классический,Фёдорова Мария Александровна,Основные блюда,Русская,,"ул. Победы, д. 12, кв. 17",+7-957-195-48-66,fedorovamari925@gmail.com,Доставлен,3,5253,12.12.2023,05.06.2025,CRM Bitrix24,Приборы не требуются
109,FOOD-000109,,Тирамису,Иванов Никита Николаевич,Супы,Кавказская,Нов,"ул. Центральная, д. 75, кв. 81",+7-934-657-46-46,ivanovnikita845@yandex.ru,Доставлен,ERROR,1802,25.04.2024,18.09.2026,SAP ERP,Приборы не требуются
110,FOOD-000110,Паста Карбонара,Паста Карбонара,Петров,Напитки,Американская,Екатеринбург,"ул. Ленина, д. 144, кв. 36",+7-928-191-36-15,petrovvladim433@mail.ru,Прин.,7,5621,31.02.2026,26.05.2026,Собственная система учёта,Бесконтактная доставка
111,FOOD-000111,Салат Цезарь,Салат Цезарь,Воробьёв Роман Андреевич,Напитки,Итальянская,Челябинск,"ул. Центральная, д. 50, кв. 53",+7-928-835-97-93,vorobevroman958@yandex.ru,Прин.,8,1109,21.02.2024,03.03.2026,Excel-выгрузка,Бесконтактная доставка
112,FOOD-000112,Хачапури по-аджарски,Хачапури по-аджарски,Воробьёв Сергей Сергеевич,Закуски,Итальянская,Краснодар,,+7-952-633-24-96,,###,9,697,18.04.2024,13.04.2026,Собственная система учёта,Приборы не требуются
113,FOOD-000113,Хачапури по-аджарски,Хачапури по-аджарски,Попов Павел Викторович,Десерты,Американская,Новосибирск,"ул. Советская, д. 92, кв. 109",+7-929-376-94-18,popovpavelvi621@mail.ru,Готов.,6,2591,06.12.2026,08.07.2026,Собственная система учёта,
114,FOOD-000114,Борщ украинский,Борщ украинский,Иванов Андрей Сергеевич,Закуски,Американская,Неизвестная категория,"ул. Пушкина, д. 37, кв. 15",+7-924-172-70-91,ivanovandrei638@gmail.com,Прин.,5,2827,2026-13-45,01.11.2026,CRM Bitrix24,
115,FOOD-000115,Шаурма с курицей,Шаурма с курицей,Попов Илья Иванович,Супы,Русская,Казань,"ул. Победы, д. 61, кв. 148",+7-950-900-21-13,popovilyaiva871@outlook.com,Дост.,4,2003,06.09.2024,11.07.2025,CRM Bitrix24,Аллергия на орехи
116,FOOD-000116,Тирамису,Тирамису,Соколова Полина Николаевна,Супы,Кавказская,Ростов-н/Д,"ул. Садовая, д. 148, кв. 181",+7-920-341-81-56,sokolovapoli742@gmail.com,В пути,3,422,22.01.2023,23.11.2024,,Аллергия на орехи
117,FOOD-000117,Ролл Калифорния,Ролл Калифорния,Морозова Юлия Петровна,Супы,Русская,Москва,"ул. Центральная, д. 70, кв. 15",+7-933-2,morozovayuli15@outlook.com,Готовится,3,1593,21.12.2023,11.08.2025,####,
118,FOOD-000118,Пицца Маргарита,Пицца Маргарита,,Супы,Итальянская,Москва,"ул. Советская, д. 46, кв. 2",+7-954-380-23-16,novikovvikto656@yandex.ru,Доставлен,3,4363,05.01.2023,06.08.2026,Собственная система учёта,Аллергия на орехи
119,FOOD-000119,Лимонад домашний,Лимонад домашний,Алексеева Ирина Дмитриевна,Закуски,Кавказская,Екатеринбург,ОШИБКА_ДАННЫХ,+7-913-605-87-64,alekseevairi213@yandex.ru,Принят,3,ABC,15.02.2025,14.07.2025,Собственная система учёта,
120,FOOD-000120,Плов узбекский,Плов узбекский,Соколов Владимир Петрович,Напитки,Кавказская,Влгд,"ул. Мира, д. 54, кв. 55",+7-929-473-83-54,sokolovvladi655@yandex.ru,Отмен.,6,3459,06.07.2025,06.10.2024,Собственная система учёта,12345XYZ
121,FOOD-000121,Лимонад домашний,Лимонад домашний,Воробьёва Екатерина Николаевна,Напитки,Итальянская,Самара,"ул. Пушкина, д. 128, кв. 94",+7-923-879-66-64,vorobevaekat774@yandex.ru,Доставлен,9,1636,10.07.2025,18.06.2026,Excel-выгрузка,Аллергия на орехи
122,FOOD-000122,Морс клюквенный,Морс клюквенный,Алексеев Никита Викторович,Десерты,Кавказская,Пермь,"ул. Ленина, д. 83, кв. 31",+7-945-516-56-16,alekseevniki476@,Отменён,10,3587,03.06.2025,19.06.2024,1С:Предприятие,Аллергия на орехи
123,FOOD-000123,Плов узбекский,Плов узбекский,Волков Егор Иванович,Супы,Кавказская,Москва,"ул. Пушкина, д. 43, кв. 109",+7-926-486-88-73,volkovegoriv48@gmail.com,Отменён,1,2652,27.07.2026,21.12.2024,Excel-выгрузка,Заказ с корпоративной скидкой
124,FOOD-000124,Тирамису,Тирамису,Соколова Полина Викторовна,Основные блюда,Азиатская,СПб,"ул. Молодёжная, д. 37, кв. 196",+7-939-438-10-90,sokolovapoli29@yandex.ru,Отменён,3,1678,04.03.2025,18.04.2024,1С:Предприятие,Заказ с корпоративной скидкой
125,FOOD-000125,Плов узбекский,Плов узбекский,Морозова Ксения Николаевна,Десерты,Русская,Челябинск,"ул. Молодёжная, д. 63, кв. 83",+7-956-198-47-75,,Отменён,8,5361,22.06.2023,22.03.2024,Собственная система учёта,Аллергия на орехи
126,FOOD-000126,Ролл Калифорния,Ролл Калифорния,Богданов Виктор Андреевич,Супы,Азиатская,Екб,"ул. Советская, д. 85, кв. 129",+7-952-400-83-87,bogdanovvikt444@mail.ru,Отменён,6,2025,21.11.2025,11.12.2026,CRM Bitrix24,Заказ с корпоративной скидкой
127,FOOD-000127,Тирамису,Тирамису,Волкова Дарья Дмитриевна,Закуски,Итальянская,Казань,"ул. Ленина, д. 17, кв. 141",+7-915-608-95-48,volkovadarya256@outlook.com,Принят,2,851,14.10.2025,14.04.2024,1С:Предприятие,
128,FOOD-000128,Тирамису,Тирамису,Петрова Ольга Викторовна,Основные блюда,Азиатская,Воронеж,ОШИБКА_ДАННЫХ,+7-916-733-93-67,petrovaolgav64@gmail.com,Прин.,6,5254,25.06.2026,вчера,SAP ERP,Аллергия на орехи
129,FOOD-000129,Плов узбекский,Плов узбекский,Смирнова Анна Александровна,Напитки,Русская,Москва,"ул. Садовая, д. 76, кв. 23",+7-942-291-79-90,smirnovaanna329@outlook.com,В пути,10,495,15.09.2026,11.06.2024,1С:Предприятие,Аллергия на орехи
130,FOOD-000130,Ролл Калифорния,Ролл Калифорния,Кузнецов Владимир Александрович,Супы,Русская,Челябинск,"ул. Победы, д. 115, кв. 195",+7-939-102-66-84,,Прин.,7,959,09.10.2026,25.04.2024,SAP ERP,Бесконтактная доставка
131,FOOD-000131,Суп-лапша с курицей,Суп-лапша с курицей,Богданова Наталья Андреевна,Десерты,Американская,Новосибирск,"ул. Победы, д. 94, кв. 138",+7-920-596-69-17,bogdanovanat598@outlook.com,Отмен.,3,1317,27.10.2026,27.02.2026,SAP ERP,Приборы не требуются
132,FOOD-000132,Плов узбекский,Плов узбекский,Новикова Алина Александровна,Десерты,Итальянская,Краснодар,"ул. Гагарина, д. 128, кв. 109",+7-917-119-11-31,novikovaalin363@yandex.ru,Принят,3,422,19.06.2025,19.07.2026,1С:Предприятие,???
133,FOOD-000133,Круассан миндальный,Круассан миндальный,Новиков Роман Николаевич,Закуски,Американская,Новосибирск,"ул. Молодёжная, д. 52, кв. 53",+7-940-467-82-75,novikovroman607@,,4,4628,17.12.2026,,Собственная система учёта,
134,FOOD-000134,Бургер классический,,Смирнова Дарья Дмитриевна,Закуски,Русская,Самара,"ул. Центральная, д. 84, кв. 172",+7-920-313-35-22,smirnovadary241@gmail.com,,5,867,22.01.2026,05.02.2025,Excel-выгрузка,
135,FOOD-000135,Морс клюквенный,Морс клюквенный,Козлова Светлана Андреевна,Супы,Кавказская,Смр,"ул. Спортивная, д. 11, кв. 132",+7-956-170-34-96,kozlovasvetl177@yandex.ru,Принят,9,1360,10.01.2024,10.09.2025,CRM Bitrix24,Аллергия на орехи
136,FOOD-000136,Бургер классический,Бургер классический,Богданова Юлия Дмитриевна,Дес,Азиатская,Каз,"ул. Победы, д. 122, кв. 29",+7-958-135-47-28,bogdanovayul638@gmail.com,Отменён,1,321,10.09.2024,09.03.2024,1С:Предприятие,Приборы не требуются
137,FOOD-000137,Пицца Маргарита,Пицца Маргарита,Козлова Юлия Дмитриевна,Закуски,Кавказская,Челябинск,ул.,+7-912-329-17-53,kozlovayuliy588@outlook.com,Гот,6,5993,08.08.2023,12.04.2024,Собственная система учёта,Бесконтактная доставка
138,FOOD-000138,Салат Цезарь,Салат Цезарь,Соколов Максим Александрович,Основные блюда,Азиатская,Волгоград,"ул. Спортивная, д. 125, кв. 158",+7-936-666-57-46,sokolovmaksi180@outlook.com,Принят,2,3356,21.01.2026,06.07.2024,1С:Предприятие,
139,FOOD-000139,-,Суп-лапша с курицей,Попова Полина Николаевна,Основные блюда,Кавказская,Самара,"ул. Молодёжная, д. 111, кв. 73",+7-956-751-91-53,popovapolina399@yandex.ru,Готовится,10,1247,08.12.2023,02.06.2026,-,Бесконтактная доставка
140,FOOD-000140,Салат Цезарь,Салат Цезарь,Фёдоров Владимир Иванович,Супы,12345XYZ,Новосибирск,"ул. Ленина, д. 34, кв. 145",+7-915-962-77-46,fedorovvladi365@gmail.com,В пути,10,2477,12.03.2026,27.08.2025,CRM Bitrix24,Бесконтактная доставка
141,FOOD-000141,Ролл Калифорния,Ролл Калифорния,Морозов Виктор Сергеевич,категория_5,Кавказская,Новосибирск,"ул. Молодёжная, д. 60, кв. 146",+7-926-700-10-43,morozovvikto334@outlook.com,Принят,5,2666,14.05.2025,16.06.2026,SAP ERP,
142,FOOD-000142,,Бургер классический,Волкова,Напитки,Русская,Пермь,"ул. Садовая, д. 131, кв. 137",+7-952-916-60-48,volkovakseni326@outlook.com,Принят,9,5200,09.01.2024,16.02.2024,Собственная система учёта,Аллергия на орехи
143,FOOD-000143,Суп-лапша с курицей,Суп-лапша с курицей,Кузнецов Никита Андреевич,Десерты,Американская,Казань,"ул. Центральная, д. 88, кв. 67",+7-943-324-88-37,kuznecovniki497@outlook.com,Доставлен,3,3815,09.06.2023,09.03.2024,1С:Предприятие,Заказ с корпоративной скидкой
144,FOOD-000144,Паста Карбонара,Паста Карбонара,Иванова,Супы,Русская,Н.Новгород,"ул. Мира, д. 48, кв. 74",+7-940-240-33-39,ivanovavikto936@outlook.com,Готовится,1,3841,20.02.2025,07.06.2025,нет данных(ошибка),Бесконтактная доставка
145,FOOD-000145,Шаурма с курицей,Шаурма с курицей,ОШИБКА_ДАННЫХ,Закуски,Американская,Казань,"ул. Садовая, д. 143, кв. 126",+7-939-314-38-57,kozlovartems100@yandex.ru,Принят,9,2997,31.02.2026,22.06.2025,Собственная система учёта,N/A
146,FOOD-000146,Стейк из говядины,Стейк из говядины,Смирнова Анна Николаевна,Напитки,Итальянская,Пермь,"ул. Ленина, д. 143, кв. 134",+7-932-883-74-82,smirnovaanna541@mail.ru,Принят,2,5128,18.03.2025,27.08.2024,Собственная система учёта,Заказ с корпоративной скидкой
147,FOOD-000147,Ролл Калифорния,Ролл Калифорния,Иванов Павел Иванович,Напитки,Русская,Екатеринбург,"ул. Спортивная, д. 82, кв. 87",+7-922-930-49-35,ivanovpaveli291@,Отмен.,8,1009,21.03.2026,02.05.2024,Собственная система учёта,Заказ с корпоративной скидкой
148,FOOD-000148,Суп-лапша с курицей,Суп-лапша с курицей,Лебедев Андрей Александрович,Основные блюда,Американская,Воронеж,"ул. Мира, д. 118, кв. 58",+7-917-485-34-38,lebedevandre301@yandex.ru,Готовится,1,5587,10.03.2026,17.08.2025,CRM Bitrix24,
149,FOOD-000149,Борщ украинский,Борщ украинский,Кузнецов Илья Сергеевич,Осн. блюда,Русская,Новосибирск,"ул. Центральная, д. 139, кв. 151",+7-937-714-19-16,kuznecovilya311@yandex.ru,Принят,10,4321,25.08.2024,10.05.2024,Собственная система учёта,Аллергия на орехи
150,FOOD-000150,Суп-лапша с курицей,Суп-лапша с курицей,Егорова Татьяна Дмитриевна,Напитки,Русская,Краснодар,,+7-959-679-69-73,egorovatatya110@gmail.com,Доставлен,7,3135,18.02.2023,12.01.2024,SAP ERP,Аллергия на орехи
151,FOOD-000151,Пицца Маргарита,Пицца Маргарита,Семёнова Татьяна Ивановна,Осн. блюда,Итальянская,Воронеж,N/A,+7-934-240-53-70,semenovataty95@gmail.com,Прин.,1,358,28.07.2024,12.09.2025,Excel-выгрузка,Аллергия на орехи
152,FOOD-000152,Салат Цезарь,Салат Цезарь,Голубева Алина Андреевна,Супы,Азиатская,Самара,"ул. Центральная, д. 24, кв. 191",+7-954-659-44-56,golubevaalin887@mail.ru,Неизвестная категория,4,-1,06.02.2024,18.02.2026,CRM Bitrix24,Заказ с корпоративной скидкой
153,FOOD-000153,Стейк из говядины,Стейк из говядины,Голубев Егор Сергеевич,Напитки,-,Санкт-Петербург,"ул. Гагарина, д. 134, кв. 9",+7-957-991-36-21,golubevegors158@mail.ru,Доставлен,-1,ABC,12.01.2026,26.07.2024,Excel-выгрузка,Аллергия на орехи
154,FOOD-000154,Тирамису,Тирамису,Алексеева Анна Сергеевна,Закуски,Американская,Влгд,"ул. Победы, д. 73, кв. 101",+7-931-936-96-45,alekseevaann386@outlook.com,Готовится,2,3743,12.05.2023,27.10.2025,1С:Предприятие,Заказ с корпоративной скидкой
155,FOOD-000155,Стейк из говядины,Стейк из говядины,Морозов Алексей Сергеевич,Закуски,Кавказская,Волгоград,"ул. Пушкина, д. 112, кв. 109",+7-938-987-59-26,morozovaleks420@yandex.ru,Дост.,7,805,21.05.2026,01.10.2025,SAP ERP,Аллергия на орехи
156,FOOD-000156,Круассан миндальный,Круассан миндальный,Попов Максим Николаевич,Закуски,Итальянская,Новосибирск,"ул. Спортивная, д. 110, кв. 67",+7-919-475-46-87,popovmaksimn546@outlook.com,Принят,7,2426,03.08.2024,13.11.2026,1С:Предприятие,Заказ с корпоративной скидкой
157,FOOD-000157,Ролл Калифорния,Ролл Калифорния,Виноградова Виктория Петровна,Закуски,Итальянская,Санкт-Петербург,"ул. Молодёжная, д. 12, кв. 32",+7-932-489-53-40,vinogradovav190@gmail.com,Прин.,2,5436,,01.05.2024,1С:Предприятие,Аллергия на орехи
158,FOOD-000158,Пицца Маргарита,Пицца Маргарита,Лебедева Наталья Петровна,Супы,Итальянская,Пермь,"ул. Садовая, д. 107, кв. 141",телефон отсутствует,lebedevanata540@gmail.com,В пути,6,4317,09.07.2024,21.05.2025,???,Приборы не требуются
159,FOOD-000159,Паста Карбонара,Паста Карбонара,,Напитки,Русская,Новосибирск,"ул. Пушкина, д. 42, кв. 162",+7-947-763-17-48,vorobevataty394@yandex.ru,Отменён,3,4111,17.07.2025,16.10.2025,Собственная система учёта,Аллергия на орехи
160,FOOD-000160,Пицца Маргарита,Пицца Маргарита,,Десерты,Русская,Самара,,+7-958-623-23-52,semenovaalin557@mail.ru,Доставлен,8,4479,04.06.2025,08.10.2024,CRM Bitrix24,Аллергия на орехи
161,FOOD-000161,Стейк из говядины,Стейк из говядины,Воробьёв Павел Сергеевич,Десерты,Азиатская,Влгд,"ул. Советская, д. 113, кв. 28",+7-911-998-11-28,ivanov.mail.ru,Отменён,7,1760,26.02.2025,12.08.2026,Excel-выгрузка,Бесконтактная доставка
162,FOOD-000162,Паста Карбонара,Паста Карбонара,Петров Максим Андреевич,Десерты,Итальянская,Екатеринбург,"ул. Ленина, д. 17, кв. 74",+7-929-926-62-45,petrovmaksim637@mail.ru,Дост.,3,4823,22.02.2025,14.04.2024,Excel-выгрузка,
163,FOOD-000163,Тирамису,Тирамису,???,Зак,Американская,Казань,"ул. Пушкина, д. 11, кв. 19",+7-915-567-19-34,vorobevasvet769@mail.ru,Готовится,8,429,17.02.2026,27.07.2025,Excel-выгрузка,
164,FOOD-000164,Пицца Маргарита,Пицца Маргарита,Козлова Татьяна Петровна,Закуски,Итальянская,Ростов-н/Д,"ул. Спортивная, д. 37, кв. 115",+7-932-724-31-72,kozlovatatya424@gmail.com,Прин.,2,553,21.07.2023,00.00.0000,Excel-выгрузка,Приборы не требуются
165,FOOD-000165,Ролл Калифорния,Ролл Калифорния,Семёнов Никита Александрович,Основные блюда,Американская,Екатеринбург,"ул. Гагарина, д. 95, кв. 162",+7-953-805-60-58,semenovnikit558@mail.ru,Принят,7,968,11.09.2023,02.08.2024,1С:Предприятие,Приборы не требуются
166,FOOD-000166,Пицца Маргарита,Пицца Маргарита,Иванова Ольга Сергеевна,Закуски,Русская,Пермь,"ул. Мира, д. 44, кв. 180",+7-935-673-37-88,ivanovaolgas327@mail.ru,Принят,1,1198,03.09.2023,19.07.2026,CRM Bitrix24,Аллергия на орехи
167,FOOD-000167,Борщ украинский,Борщ украинский,Егорова Елена Петровна,Десерты,Американская,Краснодар,"ул. Центральная, д. 17, кв. 11",+7-917-388-88-49,egorovaelena84@mail.ru,Доставлен,4,1670,05.12.2024,19.02.2025,Excel-выгрузка,Аллергия на орехи
168,FOOD-000168,Круассан миндальный,Круассан миндальный,Воробьёв Владимир Викторович,Супы,Кавказская,СПб,"ул. Молодёжная, д. 115, кв. 38",+7-916-164-72-12,vorobevvladi833@yandex.ru,В пути,,2669,11.06.2026,23.03.2024,SAP ERP,Заказ с корпоративной скидкой
169,FOOD-000169,Хачапури по-аджарски,Хачапури по-аджарски,Виноградова Полина Сергеевна,Напитки,Азиатская,Ворнж,"ул. Садовая, д. 13, кв. 85",+7-954-577-54-89,vinogradovap3@gmail.com,Готовится,5,1360,2025,07.07.2024,CRM,-
170,FOOD-000170,Суп-лапша с курицей,Суп-лапша с курицей,Семёнов Павел Викторович,Напитки,Американская,Челябинск,"ул. Центральная, д. 32, кв. 176",+7-922-257-10-29,petrov@@mail..ru,Принят,4,5243,08.01.2024,14.09.2024,Excel-выгрузка,Приборы не требуются
171,FOOD-000171,Лимонад домашний,Лимонад домашний,Семёнова Полина Николаевна,Напитки,Американская,Волгоград,"ул. Гагарина, д. 131, кв. 191",+7-941-667-11-73,semenovapoli630@yandex.ru,Принят,1,2651,02.04.2026,13.10.2026,Excel-выгрузка,Приборы не требуются
172,FOOD-000172,Лимонад домашний,12345XYZ,Павлов Егор Сергеевич,Супы,Кавказская,Москва,"ул. Гагарина, д. 112, кв. 167",+7-929-964-88-86,pavlovegorse929@mail.ru,Прин.,5,4236,10.07.2023,28.06.2026,SAP ERP,???
173,FOOD-000173,Шаурма с курицей,Шаурма с курицей,Морозова Наталья Ивановна,Напитки,Кавказская,Челябинск,"ул. Мира, д. 63, кв. 177",+7-950-5,morozovanata261@yandex.ru,Готовится,8,4312,27.11.2024,28.09.2024,Excel-выгрузка,Заказ с корпоративной скидкой
174,FOOD-000174,Суп-лапша с курицей,Суп-лапша с курицей,Соколова Виктория Петровна,Десерты,Кавказская,Новосиб.,"ул. Пушкина, д. 137, кв. 162",+7-928-231-73-49,sokolovavikt439@gmail.com,,6,,02.11.2025,01.12.2024,1С:Предприятие,Заказ с корпоративной скидкой
175,FOOD-000175,Шаурма с курицей,-,Козлов Андрей Иванович,Десерты,Азиатская,Самара,"ул. Спортивная, д. 76, кв. 92",+7-922-667-80-32,kozlovandrei140@yandex.ru,Готовится,5,2927,12.04.2024,17.07.2025,CRM,Заказ с корпоративной скидкой
176,FOOD-000176,Круассан миндальный,Круассан миндальный,Павлова Екатерина Викторовна,Десерты,Азиатская,Нижний Новгород,"ул. Спортивная, д. 39, кв. 171",+7-910-9,pavlovaekate116@,Готовится,4,5406,13.11.2026,03.10.2024,SAP ERP,Приборы не требуются
177,FOOD-000177,Морс клюквенный,Морс клюквенный,Морозова Ольга Дмитриевна,Основные блюда,Итальянская,Нов,"ул. Садовая, д. 28, кв. 163",+7-934-957-29-37,morozovaolga363@mail.ru,Готовится,10,2439,03.09.2024,18.06.2024,Excel-выгрузка,???
178,FOOD-000178,Паста Карбонара,Паста Карбонара,Смирнов Виктор Иванович,Закуски,Американская,Челяб.,"ул. Победы, д. 6, кв. 95",+7-938-939-87-27,smirnovvikto893@mail.ru,,2,515,01.01.2023,2026,SAP ERP,Аллергия на орехи
179,FOOD-000179,Салат Цезарь,Салат Цезарь,Семёнов Максим Петрович,Закуски,Русская,Самара,"ул. Ленина, д. 97, кв. 86",,semenovmaksi659@outlook.com,Доставлен,4,4735,17.11.2023,28.07.2024,CRM Bitrix24,Заказ с корпоративной скидкой
180,FOOD-000180,Лимонад домашний,Лимонад домашний,Павлов Илья Андреевич,Основные блюда,Итальянская,Нижний Новгород,"ул. Советская, д. 21, кв. 192",+7-913-569-53-39,pavlovilyaan81@outlook.com,В пути,2,2380,вчера,19.03.2025,CRM Bitrix24,Бесконтактная доставка
181,FOOD-000181,Круассан миндальный,Круассан миндальный,Новиков Виктор Иванович,Осн. блюда,Азиатская,Екб,"ул. Садовая, д. 52, кв. 187",+7-942-993-18-62,novikovvikto308@outlook.com,Готовится,9,5074,28.05.2025,18.06.2024,SAP ERP,Приборы не требуются
182,FOOD-000182,Ролл Калифорния,Ролл Калифорния,Воробьёв Виктор Николаевич,Десерты,Азиатская,Влгд,"ул. Садовая, д. 124, кв. 42",+7-951-412-52-87,vorobevvikto935@outlook.com,Отмен.,9,5030,26.03.2024,12.06.2025,SAP ERP,Бесконтактная доставка
183,FOOD-000183,Борщ украинский,Борщ украинский,Попова Наталья Дмитриевна,Основные блюда,Итальянская,СПб,"ул. Пушкина, д. 103, кв. 31",12345,popovanataly820@gmail.com,В пути,6,1910,12.12.2023,20.12.2025,Собственная,Приборы не требуются
184,FOOD-000184,Стейк из говядины,Стейк из говядины,Павлова Ксения Сергеевна,Закуски,Русская,Казань,"ул. Победы, д. 62, кв. 188",+7-910-133-95-90,pavlovakseni671@yandex.ru,В пути,6,1800,2025,13.06.2026,CRM Bitrix24,Приборы не требуются
185,FOOD-000185,Лимонад домашний,Лимонад домашний,Лебедева Дарья Дмитриевна,Закуски,Азиатская,Волгоград,"ул. Пушкина, д. 93, кв. 136",+7-956-960-72-14,,Принят,2,712,04.06.2026,22.04.2025,CRM Bitrix24,Аллергия на орехи
186,FOOD-000186,Тирамису,ОШИБКА_ДАННЫХ,Морозов Максим Сергеевич,Основные блюда,Азиатская,Санкт-Петербург,"ул. Победы, д. 110, кв. 149",+7-929-418-38-80,morozovmaksi908@outlook.com,Отмен.,8,772,08.02.2026,20.11.2025,CRM Bitrix24,Аллергия на орехи
187,FOOD-000187,Хачапури по-аджарски,Хачапури по-аджарски,Воробьёва Юлия Дмитриевна,Осн. блюда,Азиатская,Смр,"ул. Пушкина, д. 138, кв. 198",+7-959-278-52-65,vorobevayuli739@yandex.ru,Доставлен,-1,5204,07.05.2026,28.04.2026,1С:Предприятие,Приборы не требуются
188,FOOD-000188,Бургер классический,Бургер классический,Фёдорова Елена Сергеевна,Супы,Кавказская,Воронеж,"ул. Садовая, д. 122, кв. 143",+7-928-256-95-98,fedorovaelen493@outlook.com,В пути,2,2776,22.07.2024,02.03.2025,Собственная система учёта,Приборы не требуются
189,FOOD-000189,Лимонад,Лимонад домашний,Петрова Ирина Ивановна,Десерты,Американская,Казань,"ул. Мира, д. 33, кв. 188",+7-944-421-60-76,petrovairina579@gmail.com,В пути,5,844,27.05.2026,07.04.2026,1С:Предприятие,Бесконтактная доставка
190,FOOD-000190,Бургер классический,Бургер классический,Богданов Виктор Викторович,Напитки,Итальянская,Волгоград,"ул. Молодёжная, д. 33, кв. 26",+7-943-142-60-98,bogdanovvikt733@mail.ru,Готовится,7,,22.04.2024,04.12.2025,Собственная система учёта,Аллергия на орехи
191,FOOD-000191,Лимонад домашний,Лимонад домашний,Смирнов Никита Иванович,не указано(ошибка),Кавказская,Санкт-Петербург,"ул. Советская, д. 16, кв. 113",+7-957-931-40-89,smirnovnikit81@outlook.com,В пути,,2568,10.05.2025,01.01.2024,Excel-выгрузка,Аллергия на орехи
192,FOOD-000192,Круассан миндальный,Круассан миндальный,ОШИБКА_ДАННЫХ,Десерты,Азиатская,Санкт-Петербург,"ул. Пушкина, д. 108, кв. 192",,semenovpavel100@yandex.ru,Доставлен,4,1843,08.06.2024,14.12.2024,CRM Bitrix24,Бесконтактная доставка
193,FOOD-000193,Паста Карбонара,Паста Карбонара,Семёнов Алексей Иванович,Десерты,Итальянская,Челябинск,"ул. Ленина, д. 48, кв. 87",+7-911-567-58-64,semenovaleks46@outlook.com,Доставлен,10,много,17.01.2025,05.12.2025,нет данных(ошибка),Бесконтактная доставка
194,FOOD-000194,Пицца Маргарита,Пицца Маргарита,Павлов Никита Викторович,Напитки,Русская,Волгоград,"ул. Молодёжная, д. 66, кв. 128",+7-927-986-23-93,pavlovnikita66@gmail.com,Готов.,5,314,19.04.2025,10.09.2025,Собственная система учёта,Заказ с корпоративной скидкой
195,FOOD-000195,,???,Егорова Виктория Александровна,Основные блюда,Итальянская,СПб,"ул. Садовая, д. 40, кв. 2",+7-942-599-23-59,egorovavikto544@yandex.ru,Отменён,2,5053,22.12.2024,21.11.2026,CRM Bitrix24,Приборы не требуются
196,FOOD-000196,Бургер классический,Бургер классический,Воробьёва Юлия Андреевна,Супы,Итальянская,Казань,"ул. Садовая, д. 123, кв. 155",+7-918-198-62-52,vorobevayuli100@mail.ru,Отменён,2,4012,14.08.2025,04.01.2026,Собственная система учёта,Бесконтактная доставка
197,FOOD-000197,Тирамису,Тирамису,Волков Илья Сергеевич,Закуски,Кавказская,Волгоград,"ул. Пушкина, д. 23, кв. 86",+7-918-802-76-88,volkovilyase173@yandex.ru,Отмен.,,3507,26.06.2026,16.02.2026,Excel-выгрузка,Заказ с корпоративной скидкой
198,FOOD-000198,Бургер классический,Бургер классический,ОШИБКА_ДАННЫХ,Напитки,Американская,Екатеринбург,"ул. Мира, д. 62, кв. 84",+7-918-830-72-96,fedorovegorp820@outlook.com,Готов.,6,ERROR,14.08.2024,03.06.2026,1С:Предприятие,
199,FOOD-000199,Хачапури по-аджарски,Хачапури,Павлов Артём Викторович,Основные блюда,Кавказская,Екатеринбург,"ул. Спортивная, д. 29, кв. 117",+7-920-580-22-52,pavlovartemv548@gmail.com,Готовится,7,1610,07.12.2023,08.02.2025,,Бесконтактная доставка
200,FOOD-000200,Салат Цезарь,Салат Цезарь,Иванов Артём Петрович,Напитки,Американская,Ростов-на-Дону,"ул. Садовая, д. 113, кв. 84",+7-938-408-92-47,ivanovartemp717@outlook.com,В пути,5,2272,17.02.2024,20.04.2025,Собственная система учёта,Заказ с корпоративной скидкой
