ID,Код записи,ФИО клиента,ФИО клиента (повтор),Тренер,Тип абонемента,Направление тренировок,Город,Адрес,Телефон,Email,Статус абонемента,Количество посещений за месяц,"Стоимость абонемента, руб.",Дата создания записи,Дата последнего обновления,Система-источник,Примечания
1,GYM-000001,Воробьёва Виктория Андреевна,Воробьёва Виктория Андреевна,Лебедев Алексей Петрович,Годовой абонемент,Тренажёрный зал,Воронеж,"ул. Молодёжная, д. 41, кв. 66",+7-918-497-25-17,нет_почты,Заморожен,8,37944,,04.06.2025,Собственная система учёта,
2,GYM-000002,Кузнецов Никита Иванович,Кузнецов Никита Иванович,Лебедева Ольга Сергеевна,Годовой абонемент,Тренажёрный зал,Ростов-на-Дону,"ул. Советская, д. 94, кв. 121",+7-921-370-69-61,lebedevaolga614@,Истёк,15,51666,22.07.2024,11.09.2026,1С:Предприятие,Медицинские противопоказания
3,GYM-000003,Морозов Кирилл Андреевич,Морозов Кирилл Андреевич,Алексеева Ксения Александровна,Разовое посещение,Йога,Казань,"ул. Спортивная, д. 131, кв. 110",+7-937-803-99-82,alekseevakse803@yandex.ru,Истёк,20,53758,01.12.2025,28.02.2025,SAP ERP,
4,GYM-000004,Семёнов Кирилл Андреевич,Семёнов Кирилл Андреевич,Голубев Никита Викторович,Годовой абонемент,Групповые программы,Неизвестная категория,"ул. Победы, д. 61, кв. 98",+7-928-733-82-60,golubevnikit733@mail.ru,Актив.,15,34233,05.08.2026,05.03.2024,Excel-выгрузка,Заморозка по болезни
5,GYM-000005,Смирнова Светлана Викторовна,Смирнова Светлана Викторовна,Петрова Мария Александровна,Месячный абонемент,Единоборства,Москва,"ул. Гагарина, д. 118, кв. 199",+7-933-859-17-70,petrovamariy825@outlook.com,Аннулирован,24,46908,19.12.2026,23.09.2024,1С:Предприятие,Заморозка по болезни
6,GYM-000006,Козлов Алексей Иванович,N/A,Иванова Дарья Дмитриевна,Безлим. абон.,Йога,Санкт-Петербург,"ул. Гагарина, д. 10, кв. 128",+7-931-993-10-16,ivanovadarya413@mail.ru,Активен,30,24305,12.09.2025,28.04.2026,Собственная система учёта,Персональные тренировки включены
7,GYM-000007,Новикова Полина Николаевна,Новикова Полина Николаевна,N/A,Мес. абон.,Групповые программы,Волгоград,"ул. Мира, д. 78, кв. 191",+7-944-729-49-45,volkovartems195@mail.ru,Ист,20,7096,19.07.2026,07.04.2026,1С:Предприятие,Персональные тренировки включены
8,GYM-000008,-,Павлова Ирина Викторовна,Голубева Елена Александровна,,Единоборства,Казань,"ул. Победы, д. 17, кв. 4",+7-937-941-36-62,golubevaelen667@mail.ru,Активен,25,,02.05.2026,21.09.2026,1С:Предприятие,Медицинские противопоказания
9,GYM-000009,,Иванов Сергей Иванович,,Разовое посещение,Плавание,Новосибирск,-,+7-943-696-87-84,kozlovaekate139@outlook.com,Заморожен,0,52671,10.09.2024,05.06.2024,1С:Предприятие,
10,GYM-000010,Егоров Алексей Александрович,Егоров Алексей Александрович,Кузнецова Мария Дмитриевна,Мес,Единоборства,Мск,"ул. Пушкина, д. 140, кв. 91",+7-957-640-82-63,kuznecovamar270@gmail.com,Активен,17,19314,20.01.2025,27.09.2024,Excel-выгрузка,Заморозка по болезни
11,GYM-000011,Смирнова Татьяна Сергеевна,Смирнова Татьяна Сергеевна,Петрова Дарья Викторовна,Годовой абонемент,Йога,Челябинск,"ул. Пушкина, д. 136, кв. 121",+7-912-444-61-58,petrovadarya231@yandex.ru,Актив.,27,53002,13.06.2023,21.10.2024,SAP ERP,Заморозка по болезни
12,GYM-000012,Кузнецова Полина Викторовна,Кузнецова Полина Викторовна,Попов Дмитрий Андреевич,Годовой абонемент,Тренажёрный зал,Ростов-н/Д,"ул. Молодёжная, д. 96, кв. 97",+7-937-956-17-56,popovdmitrii358@mail.ru,Актив.,26,35010,12.11.2025,14.08.2026,,Корпоративный клиент
13,GYM-000013,Лебедева Екатерина Петровна,Лебедева Екатерина Петровна,Воробьёва Мария Дмитриевна,Годовой абонемент,Единоборства,Нижний Новгород,"ул. Советская, д. 119, кв. 39",+7-946-963-85-15,vorobevamari334@yandex.ru,Заморожен,2,много,19.01.2026,,Excel-выгрузка,Корпоративный клиент
14,GYM-000014,Голубева Наталья Дмитриевна,Голубева Наталья Дмитриевна,Морозова Виктория Сергеевна,Год. абон.,Групповые программы,Влгд,"ул. Мира, д. 26, кв. 20",+7-950-694-16-26,morozovavikt664@outlook.com,Аннулир.,24,45654,16.04.2024,21.04.2025,Собственная система учёта,
15,GYM-000015,Козлова Полина Александровна,Козлова Полина Александровна,Козлова Юлия Дмитриевна,Годовой абонемент,Плавание,Волгоград,"ул. Советская, д. 126, кв. 137",+7-959-914-11-36,kozlovayuliy396@gmail.com,Заморож.,25,14350,15.09.2024,05.11.2025,SAP ERP,Корпоративный клиент
16,GYM-000016,Богданов Владимир Иванович,Богданов Владимир Иванович,Петров Кирилл Викторович,Неизвестная категория,Тренажёрный зал,Мск,"ул. Победы, д. 143, кв. 148",+7-952-458-99-37,petrovkirill336@mail.ru,Аннулирован,26,25910,28.02.2023,08.05.2025,Собственная система учёта,Заморозка по болезни
17,GYM-000017,Богданов Дмитрий Александрович,Богданов Дмитрий Александрович,Фёдорова Татьяна Николаевна,Разовое посещение,,Краснодар,-,+7-952-875-91-24,fedorovataty278@gmail.com,Аннулирован,13,7572,04.05.2025,02.02.2025,1С:Предприятие,Корпоративный клиент
18,GYM-000018,Попова Светлана Ивановна,Попова Светлана Ивановна,Богданов Кирилл Викторович,Годовой абонемент,####,Воронеж,"ул. Победы, д. 61, кв. 199",+7-950-801-61-38,bogdanovkiri954@outlook.com,Аннулирован,13,29913,20.10.2025,20.10.2025,1С:Предприятие,Персональные тренировки включены
19,GYM-000019,Морозова Наталья Сергеевна,Морозова Наталья Сергеевна,Богданов Виктор Дмитриевич,Безлимитный абонемент,Групповые программы,Влгд,"ул. Молодёжная, д. 110, кв. 69",+7-942-966-49-88,bogdanovvikt540@mail.ru,Аннулирован,3,21950,18.03.2026,13.04.2026,CRM Bitrix24,####
20,GYM-000020,Алексеева,Алексеева Елена Андреевна,Алексеев Павел Дмитриевич,Месячный абонемент,Тренажёрный зал,,"ул. Советская, д. 89, кв. 111",,alekseevpave168@mail.ru,Аннулир.,16,20474,10.04.2026,27.08.2025,Собственная система учёта,Персональные тренировки включены
21,GYM-000021,Соколов Роман Андреевич,Соколов Роман Андреевич,Кузнецова Алина Петровна,Безлимитный абонемент,Тренажёрный зал,не указано(ошибка),"ул. Молодёжная, д. 143, кв. 42",+7-920-454-76-79,kuznecovaali683@gmail.com,Истёк,21,14412,21.04.2023,23.06.2026,Excel-выгрузка,Заморозка
22,GYM-000022,Морозов Илья Петрович,Морозов Илья Петрович,Семёнов Егор Андреевич,Безлимитный абонемент,Групповые программы,Казань,"ул. Молодёжная, д. 27, кв. 191",+7-941-4,semenovegora497@outlook.com,Активен,12,9672,10.12.2024,11.03.2025,1С:Предприятие,Медицинские противопоказания
23,GYM-000023,Волкова Екатерина Николаевна,Волкова Екатерина Николаевна,Воробьёв Дмитрий Сергеевич,Годовой абонемент,Тренажёрный зал,Новосибирск,,+7-925-418-80-42,vorobevdmitr69@mail.ru,Аннулир.,27,52179,15.11.2023,22.11.2024,Excel-выгрузка,####
24,GYM-000024,,Морозова Ольга Николаевна,Голубев Сергей Викторович,Мес. абон.,Тренажёрный зал,Санкт-Петербург,"ул. Победы, д. 98, кв. 157",+7-916-382-65-96,golubevserge389@mail.ru,Истёк,2,24483,07.04.2026,00.00.0000,,Медицинские противопоказания
25,GYM-000025,Лебедева Ольга Николаевна,Лебедева Ольга Николаевна,Виноградов Илья Дмитриевич,Разовое посещение,Йога,Москва,"ул. Центральная, д. 29, кв. 147",+7-933-593-92-23,vinogradovil926@gmail.com,Истёк,3,21922,09.02.2025,21.12.2026,SAP ERP,Заморозка по болезни
26,GYM-000026,Богданова Мария Петровна,???,Богданова Светлана Александровна,Безлим. абон.,####,Казань,"ул. Молодёжная, д. 110, кв. 186",+7-914-965-76-16,bogdanovasve248@gmail.com,Активен,12,55749,05.09.2025,06.12.2025,CRM Bitrix24,Медицинские противопоказания
27,GYM-000027,Петрова Екатерина Петровна,Петрова Екатерина Петровна,Морозова Виктория Ивановна,Годовой абонемент,Плавание,Новосибирск,"ул. Ленина, д. 61, кв. 6",+7-952-107-58-95,morozovavikt268@mail.ru,Истёк,22,48929,20.11.2023,17.01.2026,1С:Предприятие,
28,GYM-000028,Петров Сергей Александрович,Петров Сергей Александрович,Егоров Павел Андреевич,Мес. абон.,Единоборства,Влгд,"ул. Гагарина, д. 53, кв. 128",+7-924-952-64-88,egorovpavela61@gmail.com,Истёк,26,15101,13.11.2024,2024,1С:Предприятие,
29,GYM-000029,Лебедев Алексей Викторович,Лебедев Алексей Викторович,Павлова Анна Викторовна,Годовой абонемент,Йога,Екб,"ул. Ленина, д. 89, кв. 54",+7-946-579-34-49,,Заморожен,,44661,19.10.2025,05.05.2025,Excel-выгрузка,Медицинские противопоказания
30,GYM-000030,Петрова Полина Александровна,Петрова Полина Александровна,Семёнова Екатерина Сергеевна,Безлимитный абонемент,Плавание,Мск,"ул. Победы, д. 23, кв. 67",+7-951-815-41-24,semenovaekat298@outlook.com,Активен,25,6012,07.12.2023,14.06.2025,SAP ERP,Медицинские противопоказания
31,GYM-000031,Соколова Виктория Викторовна,Соколова Виктория Викторовна,Соколова Алина Ивановна,Разовое посещение,Тренажёрный зал,Ростов-н/Д,"ул. Гагарина, д. 139, кв. 193",+7-951-688-94-33,sokolovaalin194@yandex.ru,Истёк,6,25092,20.10.2026,21.09.2024,Собственная система учёта,Заморозка по болезни
32,GYM-000032,Алексеева Наталья Сергеевна,Алексеева Наталья Сергеевна,Голубев Дмитрий Николаевич,,Плавание,Волгоград,ул.,+7-938-569-55-60,ivanov.mail.ru,Активен,5,35245,07.07.2025,14.04.2026,Excel-выгрузка,Корпоративный клиент
33,GYM-000033,Семёнов Виктор Александрович,Семёнов Виктор Александрович,Иванов Роман Дмитриевич,Мес. абон.,Групповые программы,Воронеж,"ул. Мира, д. 63, кв. 58",+7-951-878-99-76,ivanovromand365@outlook.com,Заморожен,20,52423,03.03.2025,24.05.2025,Собственная,Персональные тренировки включены
34,GYM-000034,Морозова Ирина Викторовна,Морозова Ирина Викторовна,Морозова Татьяна Андреевна,Безлимитный абонемент,Йога,Екатеринбург,"ул. Садовая, д. 33, кв. 93",+7-919-480-46-37,morozovataty639@mail.ru,Заморожен,,23886,06.06.2024,03.06.2024,ОШИБКА_ДАННЫХ,Персональные тренировки включены
35,GYM-000035,Егорова Наталья Ивановна,Егорова Наталья Ивановна,Павлова Елена Сергеевна,Годовой абонемент,Единоборства,СПб,"ул. Победы, д. 122, кв. 200",+7-930-525-23-12,pavlovaelena681@mail.ru,Активен,1,53982,06.01.2024,23.02.2024,CRM Bitrix24,Персональные тренировки включены
36,GYM-000036,Кузнецова,Кузнецова Ирина Сергеевна,Павлов Егор Андреевич,Месячный абонемент,Групповые программы,Влгд,"ул. Садовая, д. 91, кв. 67",+7-916-368-26-31,pavlovegoran839@outlook.com,Заморожен,20,10220,24.12.2026,10.02.2024,SAP ERP,Заморозка по болезни
37,GYM-000037,Кузнецов Илья Викторович,Кузнецов Илья Викторович,Волкова Наталья Дмитриевна,Безлим. абон.,Единоборства,Крд,"ул. Центральная, д. 127, кв. 141",,volkovanatal655@mail.ru,,24,41182,06.04.2023,10.09.2025,CRM Bitrix24,Персональные тренировки включены
38,GYM-000038,Егорова,Егорова Ксения Андреевна,Новиков Виктор Иванович,Разов. посещ.,Групповые программы,Екб,"ул. Молодёжная, д. 145, кв. 181",+7-922-188-14-53,novikovvikto85@outlook.com,Аннулирован,7,13033,18.12.2024,10.06.2024,SAP ERP,Заморозка по болезни
39,GYM-000039,Голубев Кирилл Иванович,Голубев Кирилл Иванович,Егорова Анна Александровна,Мес. абон.,Групповые программы,Новосибирск,"ул. Молодёжная, д. 73, кв. 6",+7-953-697-39-11,egorovaannaa522@outlook.com,Активен,19,48965,16.01.2025,14.09.2026,Excel-выгрузка,
40,GYM-000040,Воробьёва Екатерина Андреевна,Воробьёва Екатерина Андреевна,Воробьёва Ольга Дмитриевна,Годовой абонемент,Йога,Ворнж,"ул. Центральная, д. 70, кв. 100",+7-917-277-40-94,vorobevaolga613@mail.ru,Активен,1,10807,12.02.2025,16.02.2025,SAP ERP,
41,GYM-000041,Лебедева Алина Петровна,Лебедева Алина Петровна,Лебедев Сергей Сергеевич,Безлимитный абонемент,Тренажёрный зал,Влгд,"ул. Садовая, д. 103, кв. 105",+7-937-613-65-78,lebedevserge833@gmail.com,Истёк,н/д,6061,06.07.2023,23.01.2024,Excel-выгрузка,Заморозка по болезни
42,GYM-000042,Смирнова Виктория Николаевна,Смирнова Виктория Николаевна,Семёнова Наталья Андреевна,Безлим. абон.,Плавание,Воронеж,"ул. Пушкина, д. 52, кв. 21",+7-911-448-55-66,semenovanata68@outlook.com,Активен,29,14928,25.11.2023,11.08.2024,Собственная система учёта,Корпоративный клиент
43,GYM-000043,Богданов Владимир Викторович,Богданов Владимир Викторович,Семёнова Екатерина Андреевна,Годовой абонемент,Йога,не указано(ошибка),"ул. Советская, д. 66, кв. 42",+7-922-202-43-82,semenovaekat788@gmail.com,Истёк,5,50113,12.03.2023,00.00.0000,1С:Предприятие,Корпоративный клиент
44,GYM-000044,Иванов Виктор Дмитриевич,Иванов Виктор Дмитриевич,Новикова Дарья Александровна,Разовое посещение,Плавание,категория_5,"ул. Пушкина, д. 27, кв. 75",+7-910-466-17-81,нет_почты,Активен,22,17368,21.08.2025,2025,Собственная система учёта,Корпоративный клиент
45,GYM-000045,Павлова Виктория Николаевна,Павлова Виктория Николаевна,Соколов Максим Иванович,Годовой абонемент,Единоборства,Волгоград,"ул. Победы, д. 69, кв. 177",+7-924-816-83-32,sokolovmaksi349@gmail.com,Заморожен,19,48941,28.01.2026,09.03.2025,1С:Предприятие,
46,GYM-000046,,Морозова Татьяна Николаевна,Козлов Павел Иванович,Годовой абонемент,Групповые программы,Челябинск,"ул. Молодёжная, д. 129, кв. 46",+7-911-682-22-80,kozlovpaveli170@mail.ru,Заморож.,9,52837,04.07.2026,25.03.2025,Собственная система учёта,Медицинские противопоказания
47,GYM-000047,Иванова Татьяна Сергеевна,Иванова Татьяна Сергеевна,,Безлим. абон.,Групповые программы,Новосибирск,"ул. Мира, д. 82, кв. 160",+7-914-176-70-53,semenovvikto242@yandex.ru,Активен,14,5096,28.11.2024,2025,Excel-выгрузка,
48,GYM-000048,Егоров Кирилл Александрович,Егоров Кирилл Александрович,N/A,Безлим. абон.,Плавание,Краснодар,,+7-933-303-69-21,kozlovpavelp142@outlook.com,Активен,,9027,08.04.2025,,CRM Bitrix24,Персональные тренировки включены
49,GYM-000049,Воробьёв Артём Иванович,Воробьёв Артём Иванович,Новиков Виктор Дмитриевич,Месячный абонемент,Групповые,СПб,"ул. Мира, д. 92, кв. 24",+7-948-524-74-39,novikovvikto553@gmail.com,Истёк,5,10741,14.11.2026,12.02.2024,SAP ERP,Персональные тренировки включены
50,GYM-000050,Фёдоров Владимир Александрович,Фёдоров Владимир Александрович,,Мес. абон.,Тренажёрный зал,Новосибирск,ул.,+7-955-488-65-73,morozovadary213@mail.ru,###,9,28940,03.06.2024,11.05.2026,CRM Bitrix24,Персональные тренировки включены
51,GYM-000051,Попова Дарья Андреевна,Попова Дарья Андреевна,Лебедев Алексей Николаевич,категория_5,Групповые программы,Пермь,"ул. Спортивная, д. 115, кв. 196",+7-949-681-37-42,lebedevaleks364@outlook.com,Аннулирован,14,22162,08.11.2024,04.03.2025,ОШИБКА_ДАННЫХ,Корпоративный клиент
52,GYM-000052,Егоров Павел Николаевич,Егоров Павел Николаевич,Морозов Артём Дмитриевич,Мес,Групповые программы,Пер,"ул. Мира, д. 83, кв. 72",+7-912-259-49-43,morozovartem516@outlook.com,Заморож.,0,59402,01.06.2026,07.07.2024,CRM Bitrix24,Корпоративный клиент
53,GYM-000053,Новикова,???,Иванов Егор Викторович,Месячный абонемент,Единоборства,Казань,"ул. Молодёжная, д. 52, кв. 106",+7-929-271-69-29,ivanovegorvi192@mail.ru,Аннулирован,30,18637,07.05.2025,14.08.2025,Собственная система учёта,Корпоративный клиент
54,GYM-000054,Голубева Светлана Николаевна,Голубева Светлана Николаевна,Соколов Павел Иванович,Безлимитный абонемент,Групповые программы,Мос,"ул. Мира, д. 60, кв. 53",+7-924-235-72-88,sokolovpavel832@yandex.ru,не указано(ошибка),,31135,21.03.2023,,Excel-выгрузка,Медицинские противопоказания
55,GYM-000055,Смирнова Светлана Николаевна,Смирнова Светлана Николаевна,Фёдорова Наталья Дмитриевна,Годовой абонемент,Тренажёрный зал,Нижний Новгород,"ул. Центральная, д. 91, кв. 109",+7-917-525-15-36,fedorovanata598@gmail.com,Истёк,22,много,27.01.2026,06.09.2025,CRM Bitrix24,
56,GYM-000056,Егоров Алексей Дмитриевич,Егоров Алексей Дмитриевич,Иванов Дмитрий Иванович,Безлимитный абонемент,Тренажёрный зал,Воронеж,"ул. Победы, д. 44, кв. 159",+7-922-261-53-67,ivanovdmitri933@mail.ru,Истёк,25,,19.07.2023,02.04.2024,12345XYZ,Заморозка по болезни
57,GYM-000057,Смирнова Татьяна Дмитриевна,Смирнова Татьяна Дмитриевна,Голубев Максим Андреевич,Разовое посещение,Групповые программы,Екб,"ул. Садовая, д. 93, кв. 164",+7-946-952-52-99,golubevmaksi711@mail.ru,Заморожен,18,42533,15.01.2024,07.03.2024,1С:Предприятие,
58,GYM-000058,Богданов Роман Сергеевич,Богданов Роман Сергеевич,Богданов Никита Викторович,Разовое посещение,Тренажёрный зал,Пермь,"ул. Мира, д. 62, кв. 161",+7-958-7,bogdanovniki942@outlook.com,Заморожен,17,55482,06.10.2026,15.09.2025,Excel-выгрузка,Корпоративный клиент
59,GYM-000059,Соколова Полина Андреевна,Соколова Полина Андреевна,Богданов Павел Николаевич,Месячный абонемент,Групповые программы,Казань,"ул. Молодёжная, д. 105, кв. 85",+7-916-411-42-97,bogdanovpave816@gmail.com,Аннулирован,10,31614,01.04.2025,27.03.2025,1С:Предприятие,Корпоративный клиент
60,GYM-000060,Богданова Наталья Николаевна,Богданова Наталья Николаевна,Кузнецова Екатерина Петровна,Месячный абонемент,,Влгд,"ул. Спортивная, д. 132, кв. 21",+7-914-313-11-10,kuznecovaeka244@gmail.com,Заморожен,18,9340,19.02.2025,04.09.2026,1С:Предприятие,Корпоративный клиент
61,GYM-000061,Лебедева Мария Александровна,,Семёнова Елена Николаевна,Годовой абонемент,Тренажёрный зал,Н.Новгород,"ул. Пушкина, д. 62, кв. 44",+7-938-1,semenovaelen146@mail.ru,Истёк,30,44089,26.02.2025,22.02.2025,Excel-выгрузка,
62,GYM-000062,Павлов Павел Сергеевич,Павлов Павел Сергеевич,Виноградов Александр Викторович,Разовое посещение,Единоборства,Екатеринбург,"ул. Гагарина, д. 62, кв. 130",+7-916-300-72-11,vinogradoval495@gmail.com,Истёк,2,3968,14.08.2024,14.03.2024,SAP ERP,
63,GYM-000063,Волков Роман Сергеевич,нет данных(ошибка),Богданов Владимир Андреевич,Годовой абонемент,Тренажёрный зал,Самара,"ул. Молодёжная, д. 60, кв. 81",12345,bogdanovvlad290@outlook.com,Истёк,22,29924,09.09.2026,27.02.2025,CRM Bitrix24,Персональные тренировки включены
64,GYM-000064,Петрова Екатерина Дмитриевна,Петрова Екатерина Дмитриевна,Соколова Алина Дмитриевна,Годовой абонемент,Йога,Самара,"ул. Победы, д. 31, кв. 26",+7-945-476-77-20,sokolovaalin847@mail.ru,Актив.,-1,20193,05.01.2026,12.12.2024,CRM Bitrix24,Заморозка по болезни
65,GYM-000065,Егорова Екатерина Сергеевна,Егорова,Кузнецова Елена Николаевна,Разовое посещение,Йога,СПб,"ул. Гагарина, д. 63, кв. 87",+7-937-333-20-61,kuznecovaele837@outlook.com,Аннулирован,12,4715,04.08.2024,19.09.2025,CRM Bitrix24,ОШИБКА_ДАННЫХ
66,GYM-000066,Богданова Дарья Николаевна,Богданова Дарья Николаевна,Семёнова Юлия Дмитриевна,Разовое посещение,Йога,Екб,"ул. Садовая, д. 59, кв. 79",+7-941-785-66-15,semenovayuli999@gmail.com,Актив.,0,43993,08.08.2025,18.11.2024,1С:Предприятие,Персональные тренировки включены
67,GYM-000067,Кузнецова Анна Андреевна,Кузнецова Анна Андреевна,Морозов Дмитрий Сергеевич,Год. абон.,Тренажёрный зал,Пермь,"ул. Пушкина, д. 60, кв. 6",+7-927-878-47-49,morozovdmitr581@outlook.com,Аннулирован,17,42576,26.03.2025,14.10.2025,CRM Bitrix24,Заморозка по болезни
68,GYM-000068,Иванова Полина Александровна,Иванова Полина Александровна,Семёнова Екатерина Ивановна,Мес. абон.,Групповые программы,Нижний Новгород,"ул. Победы, д. 2, кв. 16",+7-926-206-89-56,petrov@@mail..ru,Активен,6,42763,01.04.2023,28.07.2025,Excel-выгрузка,Медицинские противопоказания
69,GYM-000069,Кузнецов Артём Иванович,Кузнецов Артём Иванович,Богданова Светлана Николаевна,Безлимитный абонемент,Плавание,Самара,"ул. Садовая, д. 35, кв. 165",+7-911-713-76-72,bogdanovasve544@yandex.ru,Ист,24,35792,04.09.2023,19.07.2026,Excel-выгрузка,
70,GYM-000070,Новиков Виктор Николаевич,Новиков Виктор Николаевич,Волкова Елена Викторовна,Безлимитный абонемент,Групповые программы,Нижний Новгород,"ул. Центральная, д. 119, кв. 44",+7-915-909-38-83,volkovaelena874@outlook.com,Неизвестная категория,20,,23.01.2024,14.02.2026,1С:Предприятие,ОШИБКА_ДАННЫХ
71,GYM-000071,Морозова Алина Дмитриевна,Морозова Алина Дмитриевна,Соколов Роман Андреевич,Разов. посещ.,Йога,Москва,"ул. Мира, д. 113, кв. 15",+7-954-921-59-64,sokolovroman249@outlook.com,Аннулирован,4,8045,19.09.2025,17.06.2024,SAP ERP,Медицинские
72,GYM-000072,Голубева Наталья Александровна,Голубева Наталья Александровна,Алексеева Алина Петровна,Разов. посещ.,Групповые программы,Ростов-н/Д,"ул. Победы, д. 100, кв. 89",+7-934-977-98-45,ivanov.mail.ru,Аннулирован,10,27389,15.07.2026,15.06.2024,1С:Предприятие,Медицинские противопоказания
73,GYM-000073,Петрова Анна Петровна,Петрова Анна Петровна,Иванов,Месячный абонемент,Плавание,Казань,"ул. Молодёжная, д. 126, кв. 162",+7-947-927-33-62,ivanovkirill371@yandex.ru,Истёк,4,24122,03.07.2026,23.01.2025,,Персональные тренировки включены
74,GYM-000074,Фёдоров Егор Николаевич,Фёдоров Егор Николаевич,Виноградова Полина Ивановна,Разовое посещение,Йога,Ростов-на-Дону,"ул. Садовая, д. 49, кв. 193",+7-910-938-42-36,vinogradovap977@gmail.com,Заморожен,5,40341,12.09.2026,27.03.2024,1С:Предприятие,Медицинские противопоказания
75,GYM-000075,Козлов,-,Новиков Александр Александрович,Разовое посещение,Групповые программы,Челяб.,"ул. Молодёжная, д. 89, кв. 142",,novikovaleks109@mail.ru,Истёк,1,58885,11.07.2025,05.01.2026,SAP ERP,Корпоративный клиент
76,GYM-000076,Фёдорова Елена Александровна,Фёдорова Елена Александровна,Петрова Екатерина Сергеевна,Безлим. абон.,Йога,Казань,"ул. Ленина, д. 70, кв. 101",+7-922-504-87-18,petrovaekate529@mail.ru,Заморожен,24,35689,17.05.2026,13.04.2026,CRM Bitrix24,Корпоративный
77,GYM-000077,Смирнова Светлана Ивановна,Смирнова Светлана Ивановна,Семёнова Светлана Петровна,категория_5,Единоборства,категория_5,"ул. Центральная, д. 82, кв. 48",12345,semenovasvet956@gmail.com,Заморожен,22,26713,28.06.2023,18.12.2025,Собственная система учёта,Корпоративный клиент
78,GYM-000078,Смирнова Юлия Николаевна,Смирнова Юлия Николаевна,Новиков Максим Викторович,не указано(ошибка),Единоборства,Смр,"ул. Центральная, д. 10, кв. 93",+7-912-911-78-70,novikovmaksi955@gmail.com,Истёк,1,22609,09.03.2026,03.09.2025,Собственная система учёта,
79,GYM-000079,Егорова Полина Петровна,Егорова Полина Петровна,Алексеева Екатерина Александровна,Разов. посещ.,нет данных(ошибка),Казань,####,+7-943-572-17-66,alekseevaeka859@gmail.com,Актив.,много,58887,04.01.2024,27.05.2024,Собственная система учёта,
80,GYM-000080,Богданова Мария Сергеевна,Богданова Мария Сергеевна,Смирнова Виктория Николаевна,Разовое посещение,Плавание,Ростов-на-Дону,"ул. Гагарина, д. 80, кв. 122",+7-944-547-97-35,smirnovavikt861@gmail.com,Аннулир.,29,50821,14.04.2024,16.03.2026,CRM Bitrix24,Персональные тренировки включены
81,GYM-000081,Воробьёв Павел Александрович,Воробьёв Павел Александрович,Морозов Алексей Николаевич,Безлим. абон.,Йога,Нижний Новгород,"ул. Советская, д. 46, кв. 17",+7-957-143-86-51,morozovaleks982@gmail.com,Аннулирован,17,28932,15.08.2023,07.11.2026,1С:Предприятие,Корпоративный
82,GYM-000082,Воробьёва Елена Дмитриевна,Воробьёва Елена Дмитриевна,Воробьёва Ксения Николаевна,Безлим. абон.,Единоборства,Ростов-на-Дону,???,+7-948-688-57-25,vorobevaksen771@mail.ru,Активен,6,,24.07.2025,16.06.2024,Excel-выгрузка,Персональные
83,GYM-000083,Фёдоров Роман Александрович,Фёдоров Роман Александрович,Алексеев Александр Петрович,Годовой абонемент,Плавание,Мск,"ул. Ленина, д. 15, кв. 196",+7-926-404-45-19,alekseevalek437@gmail.com,Аннулирован,21,17113,24.06.2023,16.03.2025,SAP ERP,Корпоративный клиент
84,GYM-000084,Соколов Владимир Александрович,Соколов Владимир Александрович,Волков Илья Сергеевич,Мес. абон.,Йога,Пермь,"ул. Ленина, д. 83, кв. 50",+7-939-129-25-39,volkovilyase726@outlook.com,Аннулирован,22,50058,15.11.2023,22.01.2024,CRM Bitrix24,Персональные тренировки включены
85,GYM-000085,Виноградова Наталья Андреевна,Виноградова Наталья Андреевна,Козлова Анна Петровна,Безлимитный абонемент,Плавание,Ростов-на-Дону,"ул. Центральная, д. 122, кв. 157",+7-927-484-59-79,kozlovaannap210@gmail.com,Заморожен,8,9151,10.09.2025,21.07.2024,Собственная система учёта,
86,GYM-000086,,Петрова Юлия Петровна,Морозов Илья Иванович,Год. абон.,Йога,Новосибирск,"ул. Центральная, д. 141, кв. 96",+7-935-941-48-56,morozovilyai795@mail.ru,Заморожен,8,10514,08.10.2026,2026-13-45,CRM Bitrix24,
87,GYM-000087,Смирнова Ирина Ивановна,Смирнова Ирина Ивановна,Виноградов Максим Петрович,Месячный абонемент,Плавание,Санкт-Петербург,"ул. Мира, д. 141, кв. 120",+7-940-643-60-40,vinogradovma643@gmail.com,Активен,8,20154,16.11.2026,15.05.2025,Excel-выгрузка,Персональные тренировки включены
88,GYM-000088,Смирнова Дарья Александровна,Смирнова Дарья Александровна,Богданов Кирилл Петрович,Месячный абонемент,Единоборства,Челяб.,"ул. Спортивная, д. 108, кв. 15",,bogdanovkiri449@outlook.com,Истёк,23,12950,22.06.2023,22.01.2026,SAP ERP,ОШИБКА_ДАННЫХ
89,GYM-000089,Егорова Наталья Сергеевна,Егорова Наталья Сергеевна,Егоров Дмитрий Андреевич,Годовой абонемент,Единоборства,Новосибирск,"ул. Мира, д. 137, кв. 185",+7-935-978-50-24,egorovdmitri239@gmail.com,Активен,,5673,22.02.2025,17.12.2024,CRM,
90,GYM-000090,Голубева Полина Александровна,Голубева Полина Александровна,Павлова Полина Ивановна,Годовой абонемент,Тренажёрный зал,Ворнж,"ул. Пушкина, д. 112, кв. 105",+7-913-902-23-73,нет_почты,Истёк,18,17027,02.08.2026,11.12.2024,SAP ERP,Персональные тренировки включены
91,GYM-000091,Смирнов Андрей Сергеевич,Смирнов Андрей Сергеевич,Алексеев Артём Викторович,Месячный абонемент,Йога,Новосибирск,"ул. Центральная, д. 144, кв. 116",+7-922-424-24-58,alekseevarte143@yandex.ru,Активен,30,54992,26.03.2024,04.12.2025,1С:Предприятие,Персональные
92,GYM-000092,Петрова Юлия Александровна,Петрова Юлия Александровна,Новиков Роман Александрович,Разовое посещение,Йога,Н.Новгород,"ул. Центральная, д. 81, кв. 86",,novikovroman298@yandex.ru,Заморожен,4,38226,20.04.2024,05.04.2024,1С:Предприятие,
93,GYM-000093,Козлова Дарья Ивановна,Козлова Дарья Ивановна,Новиков Виктор Андреевич,Годовой абонемент,Йога,Краснодар,"ул. Ленина, д. 135, кв. 70",+7-934-714-76-73,novikovvikto142@yandex.ru,Аннулир.,28,22185,14.06.2025,04.08.2024,CRM Bitrix24,Корпоративный клиент
94,GYM-000094,Новиков Максим Николаевич,Новиков Максим Николаевич,Виноградов Никита Николаевич,Год. абон.,Йога,Краснодар,"ул. Спортивная, д. 8, кв. 155",+7-913-488-61-13,vinogradovni479@gmail.com,Заморож.,1,55002,28.03.2026,13.05.2025,SAP ERP,
95,GYM-000095,Воробьёва Алина Петровна,Воробьёва Алина Петровна,Новиков Андрей Николаевич,Безлимитный абонемент,Групповые программы,Санкт-Петербург,"ул. Гагарина, д. 136, кв. 176",+7-927-915-27-97,нет_почты,Заморож.,14,21535,19.11.2024,17.10.2024,1С:Предприятие,Медицинские противопоказания
96,GYM-000096,Соколов Александр Дмитриевич,Соколов Александр Дмитриевич,Попов Дмитрий Викторович,категория_5,Групповые программы,Ростов-на-Дону,"ул. Садовая, д. 72, кв. 9",+7-930-397-23-59,popovdmitrii170@gmail.com,Заморожен,15,2014,28.09.2023,16.08.2025,SAP ERP,Медицинские противопоказания
97,GYM-000097,Петрова Виктория Андреевна,Петрова Виктория Андреевна,Павлов Роман Александрович,Безлимитный абонемент,Групповые программы,Нижний Новгород,"ул. Центральная, д. 131, кв. 192",+7-928-345-30-64,pavlovromana979@outlook.com,Истёк,28,36361,09.07.2025,03.04.2026,1С:Предприятие,Персональные тренировки включены
98,GYM-000098,Богданов Сергей Викторович,Богданов Сергей Викторович,Семёнова Мария Ивановна,Безлимитный абонемент,Групповые программы,Москва,"ул. Победы, д. 141, кв. 88",+7-944-278-19-89,semenovamari907@outlook.com,Истёк,24,23865,05.09.2026,07.05.2024,1С:Предприятие,Персональные
99,GYM-000099,Смирнова Алина Сергеевна,Смирнова Алина Сергеевна,Виноградов Алексей Андреевич,Месячный абонемент,Групповые программы,Москва,"ул. Центральная, д. 140, кв. 31",+7-927-213-26-52,vinogradoval22@outlook.com,Аннулирован,14,5333,27.08.2026,22.12.2026,CRM Bitrix24,Заморозка по болезни
100,GYM-000100,Волков Роман Николаевич,Волков Роман Николаевич,,Разовое посещение,Тренажёрный зал,Екатеринбург,"ул. Мира, д. 96, кв. 194",+7-954-525-77-72,нет_почты,Актив.,4,21061,26.07.2024,20.06.2025,Excel-выгрузка,Персональные тренировки включены
101,GYM-000101,Павлова Наталья Николаевна,Павлова Наталья Николаевна,Кузнецов Сергей Александрович,Разовое посещение,Групповые программы,Новосибирск,"ул. Садовая, д. 89, кв. 129",+7-955-587-27-58,kuznecovserg698@yandex.ru,Заморожен,22,54117,02.06.2026,21.08.2024,1С:Предприятие,
102,GYM-000102,Соколов Андрей Дмитриевич,Соколов Андрей Дмитриевич,Козлова Анна Петровна,Месячный абонемент,Йога,Краснодар,"ул. Ленина, д. 126, кв. 64",+7-937-524-91-49,kozlovaannap43@outlook.com,Аннулирован,20,42459,23.10.2025,24.01.2026,1С:Предприятие,
103,GYM-000103,Новикова Дарья Андреевна,Новикова Дарья Андреевна,Козлова Ксения Викторовна,Безлимитный абонемент,Групповые программы,Екб,"ул. Спортивная, д. 86, кв. 7",+7-921-174-19-25,kozlovakseni6@outlook.com,Активен,н/д,1770,28.09.2023,05.03.2024,1С:Предприятие,Заморозка по болезни
104,GYM-000104,Соколов Роман Александрович,Соколов Роман Александрович,Воробьёва Мария Викторовна,Безлимитный абонемент,Тренажёрный зал,Краснодар,"ул. Спортивная, д. 136, кв. 8",+7-928-534-59-19,vorobevamari120@outlook.com,Активен,27,7539,28.08.2025,09.03.2026,Excel-выгрузка,Заморозка по болезни
105,GYM-000105,Кузнецова Екатерина Дмитриевна,Кузнецова Екатерина Дмитриевна,Воробьёва Мария Александровна,Безлимитный абонемент,Единоборства,Новосибирск,"ул. Ленина, д. 104, кв. 132",+7-943-744-74-56,vorobevamari735@outlook.com,Аннулирован,24,4038,2024,вчера,CRM Bitrix24,Заморозка по болезни
106,GYM-000106,Морозов Роман Викторович,Морозов Роман Викторович,Лебедев Егор Сергеевич,Безлимитный абонемент,Тренажёрный зал,Пермь,"ул. Победы, д. 40, кв. 71",+7-915-776-64-87,lebedevegors797@gmail.com,Истёк,13,21146,14.09.2026,13.08.2025,SAP ERP,Корпоративный клиент
107,GYM-000107,12345XYZ,Новикова Ольга Сергеевна,Иванова,Разовое посещение,Тренажёрный зал,Пермь,"ул. Мира, д. 55, кв. 195",+7-938-369-34-67,ivanovanatal501@gmail.com,Активен,0,51171,17.04.2026,06.04.2024,CRM Bitrix24,Заморозка по болезни
108,GYM-000108,Богданова Дарья Андреевна,Богданова Дарья Андреевна,Соколов Артём Сергеевич,Месячный абонемент,Групповые программы,Нижний Новгород,"ул. Победы, д. 12, кв. 30",+7-931-382-25-70,sokolovartem415@outlook.com,Истёк,ERROR,36824,03.07.2026,21.12.2024,1С:Предприятие,Медицинские
109,GYM-000109,Фёдоров Алексей Дмитриевич,Фёдоров Алексей Дмитриевич,Виноградова Ольга Ивановна,Месячный абонемент,,Челябинск,"ул. Спортивная, д. 62, кв. 160",+7-923-740-36-48,vinogradovao293@mail.ru,Активен,4,27371,03.04.2026,12.12.2025,SAP ERP,
110,GYM-000110,Виноградов Александр Петрович,Виноградов,Волков Виктор Петрович,Годовой абонемент,Тренажёрный зал,Пермь,-,+7-958-328-80-27,volkovviktor503@yandex.ru,Актив.,21,50127,00.00.0000,21.09.2025,SAP ERP,Медицинские противопоказания
111,GYM-000111,Богданов Сергей Дмитриевич,Богданов Сергей Дмитриевич,Морозов Алексей Дмитриевич,Год. абон.,Групповые программы,Казань,"ул. Советская, д. 42, кв. 104",+7-957-386-51-68,morozovaleks68@mail.ru,Аннулирован,27,,08.04.2026,02.11.2025,1С:Предприятие,Медицинские противопоказания
112,GYM-000112,Егоров Сергей Александрович,Егоров Сергей Александрович,Воробьёв Виктор Петрович,Разовое посещение,Групповые программы,Челябинск,"ул. Спортивная, д. 60, кв. 21",+7-950-138-78-29,vorobevvikto169@outlook.com,Аннулирован,14,22048,20.12.2026,20.12.2026,1С:Предприятие,Корпоративный клиент
113,GYM-000113,Кузнецова Наталья Ивановна,Кузнецова Наталья Ивановна,Иванова Светлана Викторовна,Безлимитный абонемент,Единоборства,Санкт-Петербург,"ул. Мира, д. 143, кв. 48",+7-945-691-26-21,ivanovasvetl493@mail.ru,Истёк,16,29731,12.04.2025,01.04.2026,,Корпоративный клиент
114,GYM-000114,Егоров Сергей Андреевич,Егоров Сергей Андреевич,Воробьёв Андрей Сергеевич,Безлимитный абонемент,Йога,СПб,"ул. Садовая, д. 104, кв. 31",+7-952-586-50-92,,Аннулирован,6,17906,09.11.2025,09.07.2026,CRM Bitrix24,Персональные тренировки включены
115,GYM-000115,Воробьёв Виктор Сергеевич,Воробьёв Виктор Сергеевич,Виноградов Алексей Андреевич,Разов. посещ.,Тренажёрный зал,Екатеринбург,"ул. Победы, д. 137, кв. 16",+7-952-819-80-68,vinogradoval416@gmail.com,Заморожен,8,н/д,04.10.2025,17.01.2026,Собственная система учёта,Заморозка по болезни
116,GYM-000116,Богданова Наталья Андреевна,Богданова Наталья Андреевна,Фёдорова Алина Сергеевна,Безлим. абон.,Групповые программы,Челябинск,"ул. Центральная, д. 130, кв. 54",+7-928-148-73-84,fedorovaalin141@yandex.ru,Активен,30,,22.07.2023,16.02.2025,Excel-выгрузка,Медицинские противопоказания
117,GYM-000117,Морозов Сергей Александрович,Морозов Сергей Александрович,Голубев Владимир Андреевич,Безлимитный абонемент,Тренажёрный зал,Челябинск,"ул. Пушкина, д. 82, кв. 117",+7-958-3,golubevvladi515@mail.ru,,20,36133,26.01.2023,25.01.2024,1С:Предприятие,Медицинские противопоказания
118,GYM-000118,Соколов Александр Дмитриевич,Соколов Александр Дмитриевич,Воробьёв Кирилл Александрович,Год. абон.,12345XYZ,СПб,"ул. Мира, д. 64, кв. 198",+7-951-684-30-23,vorobevkiril677@gmail.com,Активен,ABC,11330,05.08.2026,08.05.2025,Excel-выгрузка,Корпоративный клиент
119,GYM-000119,Егорова Ирина Дмитриевна,Егорова Ирина Дмитриевна,Морозова Алина Ивановна,Разовое посещение,ОШИБКА_ДАННЫХ,Пермь,"ул. Садовая, д. 51, кв. 53",+7-935-436-89-66,morozovaalin500@gmail.com,Активен,29,42757,2023,23.12.2025,1С:Предприятие,
120,GYM-000120,Фёдоров Павел Александрович,Фёдоров Павел Александрович,12345XYZ,Месячный абонемент,Единоборства,Новосиб.,"ул. Молодёжная, д. 32, кв. 146",+7-940-647-91-84,,Актив.,4,26206,22.07.2026,04.10.2026,Excel-выгрузка,
121,GYM-000121,Соколова Полина Петровна,,Иванова Дарья Ивановна,Безлимитный абонемент,Плавание,Челябинск,"ул. Пушкина, д. 138, кв. 188",+7-937-480-86-67,ivanovadarya680@outlook.com,Истёк,19,31907,16.07.2026,22.12.2024,Собственная система учёта,
122,GYM-000122,Волков Илья Александрович,Волков Илья Александрович,Виноградова Светлана Сергеевна,Месячный абонемент,Групповые программы,Самара,"ул. Центральная, д. 61, кв. 58",+7-946-344-45-69,vinogradovas708@gmail.com,Активен,29,45034,16.07.2024,13.09.2026,SAP ERP,Корпоративный клиент
123,GYM-000123,Богданов Сергей Викторович,Богданов Сергей Викторович,Иванов Артём Викторович,Месячный абонемент,Тренажёрный зал,Челябинск,"ул. Советская, д. 35, кв. 18",+7-925-323-10-91,ivanovartemv527@gmail.com,Аннулирован,21,38230,17.11.2024,06.01.2026,CRM Bitrix24,
124,GYM-000124,Волкова Ирина Петровна,Волкова Ирина Петровна,Лебедев Виктор Александрович,Месячный абонемент,Единоборства,категория_5,"ул. Ленина, д. 113, кв. 154",+7-956-696-18-98,lebedevvikto428@mail.ru,Заморожен,6,46391,24.06.2023,25.04.2025,SAP ERP,Заморозка по болезни
125,GYM-000125,Голубева Екатерина Николаевна,Голубева Екатерина Николаевна,Иванова Татьяна Николаевна,Безлим. абон.,Единоборства,СПб,"ул. Мира, д. 113, кв. 194",+7-959-262-47-88,ivanovatatya849@gmail.com,Аннулир.,7,18283,12.07.2024,20.01.2026,SAP ERP,Медицинские противопоказания
126,GYM-000126,Егоров,Егоров Максим Петрович,Виноградов Александр Иванович,Месячный абонемент,Йога,Воронеж,"ул. Центральная, д. 15, кв. 22",+7-955-352-28-22,vinogradoval896@gmail.com,Аннулирован,13,30913,22.02.2023,17.02.2026,Excel-выгрузка,Медицинские противопоказания
127,GYM-000127,Новиков Александр Викторович,Новиков Александр Викторович,Фёдорова Екатерина Сергеевна,Разов. посещ.,Единоборства,Самара,"ул. Мира, д. 133, кв. 156",+7-99-abc-12-34,fedorovaekat81@yandex.ru,Заморожен,3,37889,2026,10.04.2024,Excel-выгрузка,Медицинские противопоказания
128,GYM-000128,Смирнова Дарья Петровна,Смирнова Дарья Петровна,Голубев Дмитрий Николаевич,Разовое посещение,Плавание,Ростов-на-Дону,"ул. Победы, д. 94, кв. 77",12345,golubevdmitr957@yandex.ru,Истёк,11,39970,26.07.2023,20.12.2025,1С:Предприятие,нет данных(ошибка)
129,GYM-000129,Лебедева Светлана Александровна,Лебедева Светлана Александровна,Лебедева Светлана Андреевна,Безлимитный абонемент,Плавание,Краснодар,"ул. Молодёжная, д. 86, кв. 5",+7-913-557-47-43,lebedevasvet334@yandex.ru,Заморожен,28,54158,01.11.2025,03.10.2024,12345XYZ,Заморозка по болезни
130,GYM-000130,Семёнов Андрей Александрович,Семёнов Андрей Александрович,Павлова Дарья Ивановна,Безлим. абон.,Единоборства,Краснодар,???,12345,pavlovadarya971@gmail.com,Истёк,17,29890,03.10.2025,07.06.2026,SAP ERP,
131,GYM-000131,Новикова Дарья Андреевна,Новикова Дарья Андреевна,-,Разовое посещение,Единоборства,Екатеринбург,"ул. Спортивная, д. 40, кв. 154",+7-955-363-91-61,smirnovaksen101@gmail.com,Заморожен,4,31368,02.01.2023,21.10.2025,Собственная система учёта,Медицинские противопоказания
132,GYM-000132,Новикова Светлана Андреевна,Новикова Светлана Андреевна,Голубева Наталья Александровна,Разовое посещение,Йога,Самара,N/A,+7-913-720-22-59,golubevanata245@yandex.ru,Зам,21,17482,11.03.2026,05.04.2026,Собственная система учёта,Корпоративный клиент
133,GYM-000133,Кузнецов Роман Дмитриевич,Кузнецов Роман Дмитриевич,Фёдорова Полина Сергеевна,Год. абон.,Йога,Пермь,"ул. Мира, д. 36, кв. 131",+7-959-861-37-10,,Заморожен,27,много,07.09.2023,06.10.2026,SAP ERP,Заморозка по болезни
134,GYM-000134,Воробьёв Илья Дмитриевич,Воробьёв Илья Дмитриевич,Кузнецов Артём Иванович,Разовое посещение,,Казань,"ул. Мира, д. 25, кв. 121",+7-919-727-29-40,нет_почты,Истёк,18,9552,07.12.2024,03.04.2025,SAP ERP,Персональные тренировки включены
135,GYM-000135,Богданов Максим Петрович,Богданов Максим Петрович,Морозова Ксения Викторовна,Разов. посещ.,,Пермь,"ул. Ленина, д. 148, кв. 65",+7-916-372-67-95,morozovaksen93@outlook.com,Аннулирован,17,12365,18.02.2024,10.03.2026,SAP ERP,Корпоративный клиент
136,GYM-000136,Кузнецова Полина Ивановна,Кузнецова Полина Ивановна,Фёдоров Максим Петрович,Разов. посещ.,Групповые программы,не указано(ошибка),"ул. Молодёжная, д. 73, кв. 165",+7-954-775-91-92,fedorovmaksi900@outlook.com,Заморож.,4,48465,05.04.2024,,Excel-выгрузка,Персональные тренировки включены
137,GYM-000137,Богданов Егор Андреевич,Богданов Егор Андреевич,Смирнов Роман Сергеевич,Годовой абонемент,Плавание,СПб,"ул. Пушкина, д. 88, кв. 35",+7-943-896-72-79,smirnovroman489@gmail.com,Истёк,19,ABC,,03.12.2025,Excel-выгрузка,Корпоративный клиент
138,GYM-000138,Новиков Андрей Дмитриевич,Новиков Андрей Дмитриевич,Воробьёв Илья Николаевич,Разовое посещение,Единоборства,Пер,"ул. Победы, д. 47, кв. 194",+7-932-322-32-84,vorobevilyan648@yandex.ru,Заморожен,8,,18.11.2025,24.05.2024,SAP ERP,
139,GYM-000139,Алексеева Екатерина Викторовна,Алексеева Екатерина Викторовна,Богданова Виктория Петровна,Безлимитный абонемент,Плавание,Смр,нет данных(ошибка),+7-955-656-25-51,bogdanovavik29@outlook.com,Аннулирован,13,13160,01.12.2025,14.12.2024,CRM Bitrix24,Персональные тренировки включены
140,GYM-000140,Семёнов Сергей Петрович,Семёнов Сергей Петрович,Фёдорова Наталья Николаевна,категория_5,-,Нижний Новгород,"ул. Садовая, д. 65, кв. 150",+7-918-539-24-54,fedorovanata948@yandex.ru,Зам,,22649,05.09.2026,28.01.2026,Собственная система учёта,Медицинские противопоказания
141,GYM-000141,Голубева Елена Александровна,Голубева Елена Александровна,Соколова Юлия Сергеевна,Разовое посещение,Йога,Волгоград,"ул. Победы, д. 46, кв. 161",+7-917-104-92-85,sokolovayuli786@gmail.com,Заморожен,6,43129,09.11.2025,03.10.2025,CRM Bitrix24,Медицинские противопоказания
142,GYM-000142,Воробьёва Татьяна Сергеевна,Воробьёва Татьяна Сергеевна,Иванова Екатерина Сергеевна,Годовой абонемент,Тренажёрный зал,Мск,"ул. Ленина, д. 43, кв. 44",+7-940-712-81-27,,Аннулир.,18,53251,26.06.2024,26.12.2026,,Персональные тренировки включены
143,GYM-000143,Петров Виктор Андреевич,Петров Виктор Андреевич,Морозов Максим Александрович,Разовое посещение,Единоборства,Челябинск,"ул. Ленина, д. 4, кв. 60",+7-940-890-78-23,morozovmaksi109@outlook.com,Истёк,1,26389,10.03.2025,17.01.2025,Собственная система учёта,
144,GYM-000144,,Воробьёва Ирина Сергеевна,Богданова Елена Викторовна,Разов. посещ.,Плавание,СПб,"ул. Гагарина, д. 36, кв. 166",12345,bogdanovaele987@mail.ru,Аннулирован,30,46695,09.10.2025,25.02.2024,Excel-выгрузка,Медицинские противопоказания
145,GYM-000145,Петров Никита Андреевич,Петров Никита Андреевич,Виноградов Егор Петрович,Месячный абонемент,Единоборства,Волгоград,ул.,+7-916-249-50-87,ivanov.mail.ru,Истёк,16,46692,25.05.2024,05.12.2024,Собственная система учёта,ОШИБКА_ДАННЫХ
146,GYM-000146,Павлова Дарья Петровна,12345XYZ,Соколов Андрей Викторович,Годовой абонемент,Единоборства,СПб,"ул. Спортивная, д. 78, кв. 113",+7-952-990-93-73,sokolovandre46@mail.ru,Аннулирован,2,40834,21.12.2023,02.12.2026,CRM Bitrix24,Заморозка по болезни
147,GYM-000147,ОШИБКА_ДАННЫХ,Козлов Артём Викторович,Голубева Ольга Сергеевна,Месячный абонемент,Плавание,Москва,"ул. Победы, д. 23, кв. 96",+7-930-645-79-92,golubevaolga431@outlook.com,Заморож.,26,8723,08.11.2025,02.08.2026,Excel-выгрузка,Медицинские противопоказания
148,GYM-000148,Попов Андрей Дмитриевич,Попов Андрей Дмитриевич,Виноградов Владимир Викторович,Годовой абонемент,Йога,Пермь,"ул. Мира, д. 38, кв. 186",+7-955-495-51-95,vinogradovvl121@gmail.com,Аннулир.,6,16755,13.11.2026,18.05.2025,1С:Предприятие,Заморозка по болезни
149,GYM-000149,Семёнов Сергей Николаевич,Семёнов Сергей Николаевич,,Разовое посещение,Тренажёрный зал,Санкт-Петербург,"ул. Ленина, д. 105, кв. 64",+7-945-268-33-45,ivanovviktor241@,Заморожен,12,24262,27.10.2025,03.06.2026,Собственная система учёта,
150,GYM-000150,Кузнецова Юлия Петровна,Кузнецова Юлия Петровна,Волкова Дарья Викторовна,Разовое посещение,Единоборства,,"ул. Мира, д. 89, кв. 73",+7-925-510-84-81,volkovadarya914@mail.ru,Заморожен,8,25563,20.09.2025,10.01.2024,Собственная система учёта,Заморозка по болезни
151,GYM-000151,Фёдоров Александр Дмитриевич,Фёдоров Александр Дмитриевич,Павлов Александр Викторович,Безлим. абон.,Йога,Краснодар,"ул. Мира, д. 138, кв. 180",+7-923-292-34-20,pavlovaleksa482@outlook.com,Заморож.,12,53878,01.05.2026,23.04.2026,1С:Предприятие,Корпоративный
152,GYM-000152,,Воробьёв Алексей Александрович,Новикова Светлана Александровна,Разов. посещ.,Тренажёрный зал,Ростов-на-Дону,"ул. Центральная, д. 29, кв. 15",+7-946-207-66-89,novikovasvet379@outlook.com,Активен,0,54223,2026-13-45,13.09.2024,SAP ERP,Персональные тренировки включены
153,GYM-000153,Воробьёва,Воробьёва Наталья Николаевна,Богданов Алексей Андреевич,Мес. абон.,Тренажёрный зал,Краснодар,"ул. Победы, д. 112, кв. 99",+7-956-834-52-42,bogdanovalek262@yandex.ru,Аннулирован,30,34926,25.03.2023,18.09.2025,Собственная система учёта,Медицинские противопоказания
154,GYM-000154,Богданов Павел Иванович,Богданов Павел Иванович,Козлова Ксения Сергеевна,Разовое посещение,Тренажёрный зал,Казань,"ул. Центральная, д. 11, кв. 161",+7-923-123-72-90,kozlovakseni476@mail.ru,Аннулир.,4,ERROR,11.06.2024,04.09.2026,1С:Предприятие,
155,GYM-000155,Семёнова Анна Петровна,Семёнова Анна Петровна,Алексеев Владимир Дмитриевич,Разовое посещение,Единоборства,Крд,"ул. Пушкина, д. 80, кв. 33",+7-926-498-69-65,alekseevvlad63@mail.ru,Истёк,27,44652,20.06.2024,11.07.2025,Excel-выгрузка,Медицинские противопоказания
156,GYM-000156,,Морозов Андрей Викторович,Семёнова Виктория Викторовна,Разовое посещение,Йога,Рос,"ул. Мира, д. 66, кв. 147",+7-949-118-18-94,semenovavikt29@gmail.com,Активен,10,,28.05.2025,06.07.2026,SAP ERP,Персональные тренировки включены
157,GYM-000157,Алексеева Светлана Андреевна,Алексеева Светлана Андреевна,Фёдорова Полина Петровна,Месячный абонемент,Йога,Смр,"ул. Ленина, д. 118, кв. 104",+7-934-860-61-72,,Заморожен,27,18327,01.03.2025,27.02.2024,SAP ERP,
158,GYM-000158,Иванова Татьяна Ивановна,Иванова Татьяна Ивановна,,Разов. посещ.,Групповые программы,Н.Новгород,ул.,+7-938-663-39-65,bogdanovairi336@yandex.ru,Активен,21,53760,31.02.2026,19.02.2024,CRM Bitrix24,Персональные тренировки включены
159,GYM-000159,Павлов Виктор Иванович,Павлов Виктор Иванович,Фёдоров Егор Андреевич,Год. абон.,Групповые программы,Ростов-на-Дону,"ул. Ленина, д. 22, кв. 119",+7-950-558-32-63,fedorovegora344@gmail.com,Активен,26,,04.07.2024,21.06.2024,SAP ERP,Персональные тренировки включены
160,GYM-000160,Иванова Алина Дмитриевна,Иванова Алина Дмитриевна,Богданова Полина Сергеевна,Мес. абон.,Групповые программы,Воронеж,"ул. Гагарина, д. 15, кв. 14",+7-920-432-97-38,bogdanovapol283@mail.ru,Аннулир.,15,49617,25.01.2025,18.02.2025,SAP ERP,Персональные тренировки включены
161,GYM-000161,Смирнов Виктор Викторович,Смирнов Виктор Викторович,Виноградов Роман Андреевич,категория_5,Единоборства,Волгоград,"ул. Садовая, д. 118, кв. 87",+7-922-802-23-75,vinogradovro556@gmail.com,категория_5,7,26318,05.10.2025,05.06.2024,Собственная система учёта,Корпоративный клиент
162,GYM-000162,Семёнов Кирилл Дмитриевич,Семёнов Кирилл Дмитриевич,Фёдоров Сергей Андреевич,Разовое посещение,???,Волгоград,,+7-958-665-75-15,fedorovserge4@outlook.com,Активен,16,11719,27.12.2023,16.06.2025,SAP ERP,Медицинские противопоказания
163,GYM-000163,Алексеева Виктория Дмитриевна,Алексеева Виктория Дмитриевна,Богданов Кирилл Андреевич,Месячный абонемент,Плавание,Москва,"ул. Мира, д. 121, кв. 148",+7-955-174-85-48,bogdanovkiri715@gmail.com,Истёк,20,25466,24.07.2026,25.10.2025,Excel-выгрузка,Персональные тренировки включены
164,GYM-000164,Семёнов Артём Дмитриевич,Семёнов Артём Дмитриевич,Попов Дмитрий Александрович,Месячный абонемент,Плавание,Новосиб.,"ул. Центральная, д. 69, кв. 32",+7-950-555-53-58,popovdmitrii884@gmail.com,Заморожен,6,1881,06.03.2023,05.03.2025,CRM Bitrix24,Корпоративный клиент
165,GYM-000165,Морозов Артём Андреевич,Морозов Артём Андреевич,Лебедева Дарья Викторовна,Разов. посещ.,Йога,Казань,"ул. Спортивная, д. 116, кв. 161",+7-957-263-18-18,lebedevadary325@mail.ru,Заморожен,30,41713,25.08.2024,22.10.2024,Собственная система учёта,12345XYZ
166,GYM-000166,Голубева Светлана Ивановна,12345XYZ,Петрова Анна Дмитриевна,Разовое посещение,Единоборства,Самара,"ул. Советская, д. 20, кв. 11",+7-914-141-88-24,petrovaannad979@mail.ru,Истёк,12,3850,06.06.2023,10.01.2026,Собственная система учёта,Заморозка по болезни
167,GYM-000167,Павлова Алина Ивановна,Павлова Алина Ивановна,Иванова Ольга Андреевна,,Групповые программы,Челябинск,"ул. Гагарина, д. 35, кв. 118",+7-959-822-77-39,,Актив.,5,23817,10.03.2024,18.09.2025,Собственная система учёта,Медицинские противопоказания
168,GYM-000168,Фёдоров Артём Иванович,Фёдоров Артём Иванович,Егоров Илья Викторович,Годовой абонемент,Групповые программы,Казань,"ул. Победы, д. 43, кв. 142",,egorovilyavi781@yandex.ru,Активен,5,58748,00.00.0000,15.05.2024,-,
169,GYM-000169,Смирнова Полина Дмитриевна,нет данных(ошибка),Виноградов Роман Николаевич,Безлимитный абонемент,Йога,Ворнж,"ул. Мира, д. 143, кв. 41",+7-919-267-37-92,vinogradovro696@gmail.com,Истёк,20,39050,15.05.2025,18.05.2026,SAP ERP,
170,GYM-000170,Егоров Павел Николаевич,Егоров Павел Николаевич,Смирнов Алексей Николаевич,Месячный абонемент,Тренажёрный зал,Воронеж,"ул. Победы, д. 119, кв. 36",+7-949-860-85-21,smirnovaleks136@gmail.com,Аннулирован,,5134,08.02.2026,03.10.2024,SAP ERP,Персональные тренировки включены
171,GYM-000171,,,Егорова Дарья Дмитриевна,Мес. абон.,Групповые программы,Пермь,"ул. Спортивная, д. 91, кв. 83",+7-926-475-91-28,egorovadarya742@gmail.com,Активен,26,15131,27.03.2026,26.07.2024,Excel-выгрузка,Корпоративный клиент
172,GYM-000172,Лебедева Дарья Александровна,Лебедева Дарья Александровна,Семёнова Дарья Александровна,Месячный абонемент,Йога,Казань,"ул. Советская, д. 66, кв. 103",12345,semenovadary352@,Заморож.,18,,2026-13-45,07.10.2026,Собственная система учёта,Персональные тренировки включены
173,GYM-000173,Воробьёва Дарья Дмитриевна,Воробьёва Дарья Дмитриевна,Лебедева Ксения Викторовна,Разов. посещ.,Единоборства,Екатеринбург,"ул. Спортивная, д. 129, кв. 78",+7-944-753-51-53,,Активен,12,34886,04.06.2023,09.02.2026,Excel-выгрузка,Персональные тренировки включены
174,GYM-000174,Волков Кирилл Иванович,Волков Кирилл Иванович,Павлова Дарья Сергеевна,Разовое посещение,Единоборства,Пермь,"ул. Молодёжная, д. 42, кв. 173",+7-939-996-32-49,,Активен,30,21489,14.06.2025,31.02.2026,SAP ERP,
175,GYM-000175,Лебедева Ирина Александровна,Лебедева Ирина Александровна,Егоров,Месячный абонемент,ОШИБКА_ДАННЫХ,Нижний Новгород,"ул. Победы, д. 84, кв. 73",+7-931-918-10-21,egorovandrei672@yandex.ru,Заморожен,4,6310,04.09.2025,05.02.2024,1С:Предприятие,Заморозка по болезни
176,GYM-000176,Петрова Мария Андреевна,Петрова Мария Андреевна,Попов Никита Сергеевич,Месячный абонемент,Тренажёрный зал,Влгд,"ул. Пушкина, д. 18, кв. 128",+7-937-517-85-66,popovnikitas840@mail.ru,не указано(ошибка),27,36266,18.12.2024,06.09.2024,Excel-выгрузка,Корпоративный клиент
177,GYM-000177,Иванов Александр Александрович,Иванов Александр Александрович,Голубева Дарья Петровна,Месячный абонемент,Плавание,Пермь,"ул. Пушкина, д. 149, кв. 169",+7-936-289-56-95,golubevadary606@gmail.com,Активен,23,9053,07.02.2024,07.06.2025,1С:Предприятие,Медицинские противопоказания
178,GYM-000178,Новиков Сергей Андреевич,Новиков Сергей Андреевич,Егоров Андрей Иванович,не указано(ошибка),Единоборства,Москва,"ул. Молодёжная, д. 122, кв. 163",+7-931-545-48-47,egorovandrei216@mail.ru,Активен,8,35252,04.03.2024,24.10.2024,SAP ERP,Заморозка по болезни
179,GYM-000179,Голубева Виктория Сергеевна,Голубева Виктория Сергеевна,Алексеев Егор Викторович,Год. абон.,Групповые программы,Волгоград,"ул. Мира, д. 102, кв. 189",+7-957-764-80-51,alekseevegor325@gmail.com,Активен,4,26895,01.06.2025,27.09.2025,CRM Bitrix24,Корпоративный клиент
180,GYM-000180,Попов Максим Николаевич,Попов Максим Николаевич,Лебедева Екатерина Сергеевна,Безлим. абон.,Единоборства,Краснодар,"ул. Спортивная, д. 136, кв. 4",+7-916-131-61-90,lebedevaekat964@gmail.com,Заморожен,16,24076,24.05.2025,11.01.2024,CRM Bitrix24,Персональные тренировки включены
181,GYM-000181,Кузнецова Светлана Николаевна,Кузнецова Светлана Николаевна,Кузнецова Виктория Ивановна,Месячный абонемент,Единоборства,Москва,"ул. Центральная, д. 42, кв. 128",+7-926-822-27-13,kuznecovavik896@mail.ru,Истёк,1,13506,15.01.2025,08.10.2026,Собственная система учёта,Корпоративный клиент
182,GYM-000182,-,Виноградов Кирилл Дмитриевич,Виноградов Андрей Викторович,Разовое посещение,Плавание,Сам,"ул. Спортивная, д. 7, кв. 190",+7-932-985-43-31,vinogradovan570@gmail.com,Аннулирован,16,20019,31.02.2026,04.08.2025,SAP ERP,Медицинские противопоказания
183,GYM-000183,Виноградова Полина Петровна,Виноградова Полина Петровна,Алексеев Никита Дмитриевич,Год. абон.,,не указано(ошибка),"ул. Спортивная, д. 42, кв. 35",+7-947-217-92-35,alekseevniki648@outlook.com,Активен,20,5633,17.09.2026,01.11.2025,SAP ERP,Корпоративный клиент
184,GYM-000184,Козлова Ксения Андреевна,Козлова Ксения Андреевна,Воробьёв Никита Николаевич,Безлимитный абонемент,Йога,Санкт-Петербург,"ул. Пушкина, д. 27, кв. 81",+7-951-929-83-33,vorobevnikit142@gmail.com,Аннулирован,28,26407,,11.07.2024,CRM Bitrix24,Корпоративный клиент
185,GYM-000185,Егоров Артём Петрович,Егоров Артём Петрович,Павлова Полина Андреевна,Безлим. абон.,???,Ростов-н/Д,"ул. Пушкина, д. 61, кв. 102",+7-914-768-24-22,pavlovapolin825@outlook.com,Ист,18,54640,10.03.2025,04.08.2024,Excel-выгрузка,
186,GYM-000186,Богданов Илья Сергеевич,Богданов Илья Сергеевич,Козлов Павел Николаевич,Месячный абонемент,Групповые программы,Новосибирск,"ул. Мира, д. 3, кв. 32",телефон отсутствует,kozlovpaveln711@yandex.ru,Активен,25,19059,03.05.2023,03.02.2024,CRM Bitrix24,Медицинские противопоказания
187,GYM-000187,Семёнова Дарья Николаевна,Семёнова Дарья Николаевна,Богданов Роман Дмитриевич,Год. абон.,N/A,Казань,"ул. Молодёжная, д. 25, кв. 151",+7-927-232-34-74,bogdanovroma191@mail.ru,Активен,н/д,18378,18.12.2025,28.05.2024,Excel-выгрузка,Медицинские противопоказания
188,GYM-000188,Голубева Елена Александровна,Голубева Елена Александровна,Виноградова Татьяна Викторовна,Безлимитный абонемент,Плавание,Пермь,"ул. Советская, д. 105, кв. 178",+7-928-267-52-45,vinogradovat694@yandex.ru,Истёк,21,31765,,21.02.2026,SAP ERP,Заморозка по болезни
189,GYM-000189,нет данных(ошибка),Фёдоров Артём Сергеевич,Голубева Елена Сергеевна,Безлим. абон.,Групповые программы,Волгоград,"ул. Советская, д. 30, кв. 185",+7-943-763-66-13,golubevaelen965@outlook.com,Заморож.,6,ERROR,09.12.2025,2026-13-45,Excel-выгрузка,Заморозка по болезни
190,GYM-000190,Богданова Елена Сергеевна,Богданова Елена Сергеевна,Иванова Дарья Андреевна,Годовой абонемент,Единоборства,Пермь,"ул. Спортивная, д. 129, кв. 12",+7-918-670-48-45,ivanovadarya956@mail.ru,Заморож.,14,35417,23.07.2024,13.11.2024,Собственная система учёта,Заморозка по болезни
191,GYM-000191,Кузнецова Наталья Николаевна,Кузнецова Наталья Николаевна,Фёдорова Татьяна Александровна,Годовой абонемент,Плавание,Челяб.,ул.,+7-925-602-91-87,petrov@@mail..ru,Активен,26,51269,2026,22.04.2024,Собственная система учёта,Персональные тренировки включены
192,GYM-000192,Иванов Павел Александрович,Иванов Павел Александрович,Фёдорова Анна Петровна,Разов. посещ.,Единоборства,Воронеж,"ул. Центральная, д. 142, кв. 36",+7-950-374-64-50,fedorovaanna208@gmail.com,Активен,19,11162,06.03.2024,17.03.2024,Собственная система учёта,Медицинские противопоказания
193,GYM-000193,Лебедев Александр Викторович,Лебедев Александр Викторович,Лебедева Полина Сергеевна,Месячный абонемент,Групповые программы,Влгд,"ул. Центральная, д. 37, кв. 58",+7-929-365-27-44,lebedevapoli921@mail.ru,Аннулирован,27,5294,17.09.2024,03.11.2026,SAP ERP,
194,GYM-000194,Новикова Екатерина Сергеевна,Новикова Екатерина Сергеевна,Лебедева Анна Андреевна,Месячный абонемент,Групповые программы,Краснодар,"ул. Пушкина, д. 109, кв. 194",+7-935-222-87-84,lebedevaanna84@outlook.com,Актив.,16,47847,13.09.2023,04.03.2024,CRM Bitrix24,Персональные тренировки включены
195,GYM-000195,Волков Виктор Сергеевич,Волков Виктор Сергеевич,Алексеев Андрей Викторович,Годовой абонемент,Плавание,Челябинск,"ул. Гагарина, д. 40, кв. 123",+7-911-831-16-43,alekseevandr822@outlook.com,Истёк,24,18162,2024,22.10.2025,Excel-выгрузка,Персональные тренировки включены
196,GYM-000196,Новиков Илья Викторович,Новиков Илья Викторович,N/A,Год. абон.,Групповые программы,Волгоград,"ул. Ленина, д. 14, кв. 103",+7-952-104-92-80,lebedevayuli3@yandex.ru,Аннулирован,15,17436,22.12.2026,31.02.2026,SAP ERP,
197,GYM-000197,Семёнов Кирилл Петрович,Семёнов Кирилл Петрович,Волкова Ксения Петровна,Месячный абонемент,Групповые программы,###,"ул. Победы, д. 57, кв. 129",+7-923-610-85-14,volkovakseni253@yandex.ru,Истёк,25,45730,00.00.0000,10.12.2026,####,Корпоративный клиент
198,GYM-000198,Соколова Екатерина Петровна,Соколова Екатерина Петровна,Виноградова Алина Дмитриевна,Мес. абон.,Тренажёрный зал,Челябинск,"ул. Спортивная, д. 103, кв. 40",+7-927-653-14-83,vinogradovaa163@gmail.com,Заморожен,8,44558,11.08.2024,28.02.2025,Excel-выгрузка,Персональные тренировки включены
199,GYM-000199,Попова Татьяна Александровна,Попова Татьяна Александровна,Иванов Егор Дмитриевич,Разовое посещение,Единоборства,Новосиб.,,+7-935-565-68-47,ivanovegordm254@outlook.com,Истёк,3,4326,23.08.2026,09.05.2025,Собственная система учёта,
200,GYM-000200,Петрова Екатерина Петровна,Петрова Екатерина Петровна,Егорова Ксения Петровна,Безлимитный абонемент,Йога,,"ул. Садовая, д. 14, кв. 61",+7-911-929-31-46,egorovakseni225@yandex.ru,Активен,29,2136,2024,16.09.2024,1С:Предприятие,Заморозка по болезни
