ID,Код записи,Марка и модель автомобиля,Марка и модель автомобиля (повтор),Мастер-приёмщик,Вид работ,Категория автомобиля,Город,Адрес,Телефон,Email,Статус заявки,"Пробег автомобиля, тыс. км","Стоимость работ, руб.",Дата создания записи,Дата последнего обновления,Система-источник,Примечания
1,CAR-000001,Chevrolet Niva,Chevrolet Niva,Алексеев Максим Николаевич,Электротехнические работы,Микроавтобус,Казань,ул.,+7-921-863-11-60,alekseevmaks446@outlook.com,Ожидает запчасти,много,68313,,02.02.2026,Собственная система учёта,Гарантийный случай
2,CAR-000002,???,Lada Vesta,Смирнов Кирилл Александрович,Диагностика,Легковой,Екатеринбург,ОШИБКА_ДАННЫХ,+7-936-969-21-69,smirnovkiril521@mail.ru,Выдана,207,67825,20.12.2025,03.10.2026,Excel-выгрузка,Требуется согласование с клиентом
3,CAR-000003,Nissan Qashqai,Nissan Qashqai,Павлова Виктория Викторовна,Диагностика,Внедорожник,Пер,"ул. Спортивная, д. 76, кв. 196",+7-920-462-17-20,pavlovavikto137@yandex.ru,Выдана,59,95278,07.06.2024,19.06.2025,CRM Bitrix24,Работы выполнены со скидкой
4,CAR-000004,Kia Rio,Kia Rio,Егорова Татьяна Ивановна,Диагностика,Грузовой,Волгоград,"ул. Пушкина, д. 35, кв. 156",+7-958-905-34-37,egorovatatya113@mail.ru,Прин.,242,12148,15.08.2023,13.05.2025,???,
5,CAR-000005,Toyota Camry,Toyota Camry,Егоров Кирилл Николаевич,Электротехн. раб.,Легковой,###,"ул. Победы, д. 3, кв. 117",+7-945-877-35-22,egorovkirill984@yandex.ru,В раб.,113,30723,08.11.2025,16.10.2025,Excel-выгрузка,Требуется согласование с клиентом
6,CAR-000006,Kia Rio,Kia Rio,Смирнова Наталья Александровна,План. ТО,Грузовой,Новосибирск,"ул. Мира, д. 77, кв. 28",+7-934-386-81-62,smirnovanata541@outlook.com,Выдана,286,49523,23.10.2024,вчера,CRM Bitrix24,Требуется согласование с клиентом
7,CAR-000007,Nissan Qashqai,Nissan Qashqai,Соколова,Электротехн. раб.,Грузовой,Екатеринбург,"ул. Победы, д. 94, кв. 92",+7-951-782-12-18,sokolovaelen68@yandex.ru,Выд.,290,21718,19.11.2025,12.10.2026,,Повторное обращение
8,CAR-000008,Toyota Camry,Toyota Camry,,Плановое техническое обслуживание,Легковой,СПб,"ул. Спортивная, д. 100, кв. 94",+7-927-682-72-17,vorobevairin811@gmail.com,Выд.,148,67658,22.11.2025,04.10.2026,SAP ERP,Повторное обращение
9,CAR-000009,Hyundai Solaris,Hyundai Solaris,Иванова Ольга Сергеевна,Диагностика,Внедорожник,Кра,,+7-950-562-19-41,ivanovaolgas23@outlook.com,Ожидает запчасти,67,17982,26.02.2024,10.01.2024,Excel-выгрузка,
10,CAR-000010,Nissan Qashqai,Nissan Qashqai,Попова Ирина Дмитриевна,Диагностика,Легковой,Краснодар,"ул. Пушкина, д. 142, кв. 111",+7-930-406-32-54,popovairinad725@gmail.com,Гот. к выд.,264,101102,06.03.2024,24.01.2026,SAP ERP,Повторное
11,CAR-000011,Volkswagen,,Смирнова Татьяна Александровна,Кузовной ремонт,Грузовой,Челябинск,"ул. Советская, д. 37, кв. 159",+7-923-814-92-62,smirnovataty477@mail.ru,Принята,194,66346,23.03.2026,вчера,Собственная система учёта,Требуется
12,CAR-000012,Ford Focus,Ford Focus,Волкова Екатерина Дмитриевна,Замена запчастей,Микроавтобус,Воронеж,"ул. Гагарина, д. 14, кв. 78",+7-939-594-12-15,volkovaekate534@gmail.com,В работе,3,,15.03.2026,12.03.2024,####,Требуется согласование с клиентом
13,CAR-000013,Ford Focus,Ford Focus,Морозов Егор Андреевич,категория_5,Внедорожник,Влгд,"ул. Молодёжная, д. 42, кв. 33",+7-931-159-64-36,morozovegora543@,В работе,233,62269,28.04.2024,09.02.2024,Excel-выгрузка,Повторное обращение
14,CAR-000014,Skoda Octavia,Skoda Octavia,Иванов Владимир Андреевич,Электротехнические работы,Легковой,Смр,"ул. Спортивная, д. 84, кв. 190",+7-928-187-79-50,ivanovvladim64@yandex.ru,В работе,299,130259,27.01.2023,2026-13-45,ОШИБКА_ДАННЫХ,Повторное обращение
15,CAR-000015,Toyota Camry,Toyota Camry,Петров Алексей Александрович,Электротехнические работы,Внедорожник,Нижний Новгород,"ул. Ленина, д. 149, кв. 105",+7-954-120-17-77,petrovalekse899@outlook.com,Готова к выдаче,257,76975,11.06.2026,10.11.2026,CRM Bitrix24,Требуется согласование с клиентом
16,CAR-000016,Renault Duster,Renault Duster,Семёнов Илья Иванович,Электротехнические работы,Микроавтобус,Челябинск,"ул. Победы, д. 94, кв. 178",+7-937-961-47-49,semenovilyai596@yandex.ru,В раб.,253,129919,03.01.2025,05.04.2026,SAP ERP,Требуется согласование с клиентом
17,CAR-000017,Mercedes-Benz C-Class,Mercedes-Benz C-Class,Морозов Илья Николаевич,План. ТО,Внедорожник,Смр,???,+7-934-159-88-55,morozovilyan196@yandex.ru,Выдана,52,72487,31.02.2026,24.03.2025,1С:Предприятие,Требуется согласование с клиентом
18,CAR-000018,BMW 3 series,BMW 3 series,Голубев Владимир Петрович,Электротехн. раб.,Внедорожник,Санкт-Петербург,"ул. Гагарина, д. 65, кв. 13",+7-928-703-41-76,golubevvladi729@outlook.com,В работе,192,38917,вчера,12.11.2025,CRM Bitrix24,Требуется согласование с клиентом
19,CAR-000019,Mercedes-Benz C-Class,Mercedes-Benz C-Class,Морозов Павел Петрович,Замена запчастей,Грузовой,Екатеринбург,"ул. Ленина, д. 112, кв. 82",+7-944-464-75-28,morozovpavel904@outlook.com,Готова к выдаче,182,79149,19.10.2026,22.06.2024,Собственная система учёта,
20,CAR-000020,Nissan Qashqai,Nissan Qashqai,Козлов Александр Петрович,Электротехнические работы,Микроавтобус,Крд,"ул. Мира, д. 69, кв. 172",+7-959-792-98-92,kozlovaleksa653@gmail.com,,290,137867,18.07.2024,2025,Собственная система учёта,Гарантийный случай
21,CAR-000021,Nissan Qashqai,Nissan Qashqai,Егоров Алексей Дмитриевич,Диагностика,Микроавтобус,Самара,"ул. Победы, д. 94, кв. 25",+7-912-605-48-86,egorovalekse576@mail.ru,Выд.,205,100411,12.02.2023,20.09.2026,1С:Предприятие,Гарантийный случай
22,CAR-000022,Nissan Qashqai,Nissan Qashqai,Семёнов Кирилл Сергеевич,Электротехнические работы,Грузовой,Москва,"ул. Мира, д. 48, кв. 107",+7-942-318-92-24,semenovkiril777@gmail.com,Готова к выдаче,86,68871,13.01.2024,21.06.2024,1С:Предприятие,Гарантийный случай
23,CAR-000023,Skoda Octavia,Skoda Octavia,Павлова Татьяна Александровна,Кузовной ремонт,Микроавтобус,Екб,"ул. Победы, д. 39, кв. 104",+7-945-906-26-18,pavlovatatya728@gmail.com,Гот. к выд.,42,821,08.11.2024,23.08.2024,1С:Предприятие,Гарантийный случай
24,CAR-000024,Mercedes-Benz C-Class,Mercedes-Benz C-Class,Попов Сергей Викторович,Замена запчастей,Микроавтобус,Казань,"ул. Гагарина, д. 31, кв. 47",+7-925-931-14-35,popovsergeiv521@gmail.com,Выдана,288,,23.07.2025,03.04.2025,Excel-выгрузка,Требуется согласование с клиентом
25,CAR-000025,Kia Rio,Kia Rio,Новикова Дарья Ивановна,Плановое техническое обслуживание,Легковой,Самара,"ул. Мира, д. 135, кв. 178",+7-934-8,novikovadary580@mail.ru,Выдана,253,140625,01.06.2024,10.06.2026,SAP ERP,Повторное обращение
26,CAR-000026,Chevrolet Niva,Chevrolet Niva,Кузнецов Кирилл Андреевич,Диагностика,Внедорожник,Новосибирск,"ул. Пушкина, д. 114, кв. 1",+7-946-694-73-34,kuznecovkiri843@gmail.com,не указано(ошибка),120,94315,09.06.2023,15.01.2026,Excel-выгрузка,Повторное обращение
27,CAR-000027,Nissan Qashqai,Nissan Qashqai,,Электротехн. раб.,Микроавтобус,Екатеринбург,"ул. Молодёжная, д. 141, кв. 177",+7-917-2,egorovkirill927@gmail.com,В работе,144,145415,27.08.2023,27.01.2024,Excel-выгрузка,
28,CAR-000028,Volkswagen,Volkswagen Polo,Виноградова Ирина Николаевна,Кузов. рем.,Микроавтобус,Мск,"ул. Гагарина, д. 34, кв. 42",+7-938-837-71-58,vinogradovai133@mail.ru,Принята,283,14754,28.07.2026,11.03.2025,CRM Bitrix24,Работы выполнены со скидкой
29,CAR-000029,Chevrolet Niva,Chevrolet Niva,Морозов Роман Николаевич,Кузовной ремонт,Микроавтобус,Санкт-Петербург,"ул. Спортивная, д. 10, кв. 104",+7-938-600-48-92,morozovroman67@yandex.ru,Прин.,285,много,07.07.2023,10.05.2026,CRM Bitrix24,Работы выполнены со скидкой
30,CAR-000030,Kia Rio,Kia Rio,Виноградов Павел Николаевич,Плановое техническое обслуживание,Микроавтобус,Челябинск,"ул. Победы, д. 70, кв. 48",+7-924-571-40-53,vinogradovpa705@yandex.ru,Ожидает запчасти,289,120105,17.05.2024,20.09.2025,Собственная система учёта,Требуется согласование с клиентом
31,CAR-000031,Hyundai Solaris,Hyundai,Козлов Алексей Викторович,Диагностика,Внедорожник,Волгоград,"ул. Центральная, д. 115, кв. 67",+7-951-505-91-84,kozlovalekse198@mail.ru,В раб.,265,67293,08.02.2026,11.01.2025,Собственная система учёта,Работы выполнены со скидкой
32,CAR-000032,BMW 3 series,ОШИБКА_ДАННЫХ,Волкова Ксения Сергеевна,Плановое техническое обслуживание,Внедорожник,Смр,"ул. Мира, д. 42, кв. 186",+7-912-134-49-11,volkovakseni220@yandex.ru,Ожид. зч.,68,12882,22.04.2024,21.08.2026,CRM Bitrix24,
33,CAR-000033,Volkswagen Polo,нет данных(ошибка),Лебедев Виктор Викторович,Диагностика,Легковой,Влгд,"ул. Мира, д. 81, кв. 170",+7-956-521-40-79,lebedevvikto413@yandex.ru,Готова к выдаче,212,148830,25.11.2025,28.07.2024,SAP ERP,
34,CAR-000034,Skoda Octavia,Skoda Octavia,Морозова Алина Дмитриевна,###,Грузовой,Крд,"ул. Победы, д. 30, кв. 57",+7-955-758-49-47,morozovaalin744@gmail.com,Ожид. зч.,126,42865,16.08.2026,28.08.2024,SAP ERP,
35,CAR-000035,Volkswagen Polo,Volkswagen Polo,Богданова Анна Андреевна,Диагн.,Грузовой,Сан,"ул. Молодёжная, д. 108, кв. 103",+7-924-349-48-33,bogdanovaann618@mail.ru,Прин.,49,89411,04.12.2025,06.09.2025,SAP ERP,
36,CAR-000036,Nissan Qashqai,Nissan Qashqai,???,Электротехнические работы,Легковой,СПб,"ул. Пушкина, д. 9, кв. 110",+7-933-758-44-73,alekseevvikt362@outlook.com,Принята,,111667,21.11.2026,09.12.2026,Собственная система учёта,Гарантийный случай
37,CAR-000037,Nissan Qashqai,Nissan Qashqai,Алексеев Сергей Дмитриевич,План. ТО,Внедорожник,Нижний Новгород,"ул. Победы, д. 106, кв. 43",+7-946-321-38-48,alekseevserg433@gmail.com,Ожид. зч.,55,88228,23.03.2024,20.01.2024,-,-
38,CAR-000038,Skoda Octavia,Skoda Octavia,Павлов Никита Петрович,Замена запчастей,Микроавтобус,Вор,"ул. Молодёжная, д. 22, кв. 43",+7-927-678-80-97,pavlovnikita236@yandex.ru,Ожидает запчасти,132,ERROR,16.07.2025,19.07.2026,CRM Bitrix24,
39,CAR-000039,Chevrolet Niva,Chevrolet Niva,Соколов Павел Дмитриевич,Кузовной ремонт,Внедорожник,Челяб.,"ул. Советская, д. 87, кв. 164",+7-951-773-30-88,sokolovpavel532@mail.ru,В работе,43,21541,22.12.2026,15.07.2026,SAP ERP,Повторное обращение
40,CAR-000040,Nissan Qashqai,Nissan Qashqai,####,Плановое техническое обслуживание,,Москва,"ул. Центральная, д. 17, кв. 137",+7-915-199-61-88,vinogradovas258@gmail.com,###,280,38007,16.10.2026,17.02.2026,Excel-выгрузка,Гарантийный случай
41,CAR-000041,Mercedes-Benz C-Class,Mercedes-Benz C-Class,Воробьёв Сергей Петрович,Кузовной ремонт,Легковой,,12345XYZ,+7-914-696-84-84,vorobevserge736@gmail.com,Выд.,273,83961,16.02.2023,2026-13-45,1С:Предприятие,Повторное обращение
42,CAR-000042,Hyundai Solaris,Hyundai Solaris,Морозов Илья Александрович,Кузов. рем.,Микроавтобус,Санкт-Петербург,"ул. Гагарина, д. 43, кв. 135",+7-953-4,morozovilyaa666@yandex.ru,Готова к выдаче,15,,24.01.2023,15.06.2024,SAP ERP,Требуется согласование с клиентом
43,CAR-000043,Kia Rio,Kia Rio,Петрова Ольга Александровна,Кузовной ремонт,Внедорожник,Н.Новгород,"ул. Молодёжная, д. 10, кв. 195",+7-917-982-29-79,petrovaolgaa266@gmail.com,Выдана,294,120448,25.07.2024,21.02.2024,SAP ERP,Гарантийный случай
44,CAR-000044,Ford Focus,Ford Focus,Павлов Кирилл Иванович,Замена зч.,Легковой,Нижний Новгород,"ул. Гагарина, д. 149, кв. 92",+7-953-559-86-12,pavlovkirill330@yandex.ru,не указано(ошибка),23,102042,24.03.2025,06.09.2026,CRM Bitrix24,Повторное обращение
45,CAR-000045,Chevrolet Niva,Chevrolet Niva,Богданова Наталья Петровна,Зам,Легковой,Краснодар,"ул. Молодёжная, д. 73, кв. 196",+7-943-810-46-19,bogdanovanat83@yandex.ru,В работе,121,74350,12.01.2026,07.11.2026,Excel-выгрузка,Гарантийный случай
46,CAR-000046,Mercedes-Benz C-Class,Mercedes-Benz C-Class,Попов Илья Андреевич,Кузовной ремонт,Внедорожник,Ростов-на-Дону,"ул. Пушкина, д. 54, кв. 98",+7-915-213-41-76,ivanov.mail.ru,###,240,27405,27.03.2026,09.09.2026,Excel-выгрузка,Повторное обращение
47,CAR-000047,Volkswagen Polo,Volkswagen Polo,Петрова Елена Ивановна,Кузовной ремонт,Грузовой,Санкт-Петербург,"ул. Пушкина, д. 97, кв. 147",+7-949-386-75-41,petrovaelena415@gmail.com,Прин.,62,,11.09.2026,15.07.2026,Excel-выгрузка,
48,CAR-000048,Chevrolet Niva,,ОШИБКА_ДАННЫХ,Электротехнические работы,Грузовой,Самара,"ул. Победы, д. 56, кв. 157",+7-923-142-39-92,popovromanni955@,Принята,292,,13.03.2024,08.01.2026,Собственная система учёта,Работы выполнены со скидкой
49,CAR-000049,Kia Rio,Kia Rio,Семёнова Ксения Николаевна,,Внедорожник,Ростов-на-Дону,"ул. Садовая, д. 52, кв. 116",+7-957-637-11-96,semenovaksen463@yandex.ru,Принята,239,19578,2026,15.01.2026,SAP ERP,-
50,CAR-000050,Kia Rio,Kia Rio,Новикова Елена Ивановна,Кузов. рем.,Микроавтобус,Новосиб.,"ул. Молодёжная, д. 82, кв. 112",+7-934-326-98-59,novikovaelen401@yandex.ru,В раб.,282,30215,05.10.2024,2026-13-45,CRM Bitrix24,Гарантийный случай
51,CAR-000051,Volkswagen Polo,Volkswagen Polo,Кузнецова Анна Александровна,Плановое техническое обслуживание,Грузовой,Казань,"ул. Спортивная, д. 141, кв. 48",+7-911-409-92-78,kuznecovaann577@outlook.com,В работе,255,12545,08.03.2023,25.06.2024,Excel-выгрузка,
52,CAR-000052,Mercedes-Benz C-Class,Mercedes-Benz C-Class,####,Электротехнические работы,Легковой,Санкт-Петербург,"ул. Гагарина, д. 34, кв. 151",+7-953-735-26-89,golubevilyav910@yandex.ru,Принята,34,61939,01.08.2024,11.05.2026,Excel-выгрузка,Повторное обращение
53,CAR-000053,Mercedes-Benz C-Class,Mercedes-Benz,Волков Кирилл Александрович,Замена запчастей,Микроавтобус,Казань,"ул. Мира, д. 21, кв. 58",+7-948-259-78-27,volkovkirill895@yandex.ru,Готова к выдаче,296,111264,08.10.2025,25.03.2026,Excel-выгрузка,
54,CAR-000054,,Toyota Camry,Иванов Кирилл Александрович,Плановое техническое обслуживание,Внедорожник,Краснодар,"ул. Советская, д. 61, кв. 112",+7-957-566-35-99,ivanovkirill72@,Ожидает запчасти,31,74911,00.00.0000,10.10.2024,SAP ERP,Работы выполнены со скидкой
55,CAR-000055,Kia Rio,Kia Rio,Волкова Ксения Дмитриевна,Электротехн. раб.,Легковой,Ворнж,"ул. Мира, д. 3, кв. 102",+7-954-724-87-46,volkovakseni818@yandex.ru,Выд.,94,43526,24.02.2024,24.08.2026,12345XYZ,
56,CAR-000056,Mercedes-Benz C-Class,12345XYZ,Виноградова Ирина Андреевна,Плановое техническое обслуживание,Легковой,Санкт-Петербург,"ул. Ленина, д. 144, кв. 154",+7-943-804-19-10,vinogradovai163@outlook.com,В работе,75,37638,24.05.2026,08.09.2025,1С:Предприятие,Гарантийный случай
57,CAR-000057,Chevrolet Niva,Chevrolet Niva,Новикова Наталья Дмитриевна,Диагностика,Внедорожник,Нижний Новгород,"ул. Пушкина, д. 65, кв. 39",+7-931-354-72-47,novikovanata274@yandex.ru,Выдана,153,24645,11.09.2026,16.05.2026,Excel-выгрузка,Гарантийный случай
58,CAR-000058,Hyundai Solaris,Hyundai Solaris,Виноградов Максим Андреевич,Диагностика,Легковой,Казань,"ул. Мира, д. 96, кв. 113",+7-914-711-21-11,vinogradovma657@gmail.com,В работе,227,-1,03.05.2024,24.11.2024,CRM Bitrix24,Повторное обращение
59,CAR-000059,Hyundai Solaris,Hyundai Solaris,Фёдоров Алексей Иванович,Плановое техническое обслуживание,Легковой,Мск,"ул. Молодёжная, д. 41, кв. 109",+7-945-400-46-18,fedorovaleks813@outlook.com,Готова к выдаче,221,142057,23.02.2026,21.07.2025,Собственная система учёта,Работы выполнены со скидкой
60,CAR-000060,Mercedes-Benz C-Class,Mercedes-Benz C-Class,Попов Артём Александрович,Кузов. рем.,Внедорожник,Неизвестная категория,"ул. Спортивная, д. 127, кв. 94",+7-955-659-90-21,popovartemal972@mail.ru,Принята,н/д,17110,01.12.2023,05.12.2026,,
61,CAR-000061,BMW 3 series,BMW 3 series,Егоров Александр Викторович,Диа,Легковой,Челяб.,"ул. Молодёжная, д. 143, кв. 42",+7-930-221-50-29,egorovaleksa44@mail.ru,Ожи,213,,14.05.2025,12.01.2026,1С:Предприятие,
62,CAR-000062,Volkswagen Polo,Volkswagen Polo,Волкова Екатерина Дмитриевна,,Легковой,Нижний Новгород,"ул. Гагарина, д. 13, кв. 195",+7-928-590-36-12,volkovaekate573@outlook.com,Выдана,225,87391,08.07.2024,28.03.2024,Собственная система учёта,Повторное обращение
63,CAR-000063,Volkswagen Polo,Volkswagen Polo,Лебедев Сергей Викторович,Электротехнические работы,Легковой,Волгоград,"ул. Мира, д. 16, кв. 56",+7-940-866-71-11,lebedevserge146@mail.ru,В работе,109,83772,11.04.2024,06.07.2024,Excel-выгрузка,Повторное обращение
64,CAR-000064,BMW 3 series,BMW 3 series,Алексеев Виктор Петрович,Диагностика,Внедорожник,Влгд,"ул. Садовая, д. 101, кв. 10",+7-926-198-58-22,alekseevvikt231@gmail.com,Ожидает запчасти,143,58128,04.10.2025,23.11.2026,Собственная система учёта,
65,CAR-000065,Hyundai Solaris,Hyundai Solaris,Алексеева Полина Викторовна,Замена запчастей,Микроавтобус,Ворнж,"ул. Молодёжная, д. 76, кв. 186",+7-924-300-39-17,alekseevapol837@gmail.com,Принята,111,12059,25.09.2025,вчера,SAP ERP,
66,CAR-000066,Renault Duster,Renault Duster,12345XYZ,Электротехн. раб.,Внедорожник,Новосиб.,"ул. Садовая, д. 9, кв. 188",+7-957-710-86-45,pavlovaleksa989@mail.ru,Выдана,128,63468,08.04.2026,06.02.2024,Собственная система учёта,Требуется согласование с клиентом
67,CAR-000067,Mercedes-Benz C-Class,Mercedes-Benz C-Class,Алексеева Ксения Викторовна,Замена запчастей,Микроавтобус,Воронеж,"ул. Ленина, д. 41, кв. 36",+7-910-753-78-12,alekseevakse195@gmail.com,Выдана,152,,20.08.2024,07.02.2025,CRM Bitrix24,Повторное обращение
68,CAR-000068,Skoda Octavia,Skoda Octavia,Лебедев Кирилл Викторович,Электротехнические работы,Легковой,Нижний Новгород,"ул. Молодёжная, д. 30, кв. 162",+7-920-145-24-43,lebedevkiril747@mail.ru,Готова к выдаче,259,59696,01.01.2025,26.08.2025,1С:Предприятие,Работы выполнены со скидкой
69,CAR-000069,BMW 3 series,BMW 3 series,Иванов Роман Андреевич,Диагностика,Грузовой,Смр,"ул. Советская, д. 80, кв. 156",+7-956-678-65-35,ivanovromana98@yandex.ru,Ожид. зч.,184,58578,26.10.2024,07.06.2025,N/A,Работы выполнены со скидкой
70,CAR-000070,Renault Duster,Renault Duster,Богданов Владимир Иванович,Диагностика,Внедорожник,Воронеж,"ул. Гагарина, д. 66, кв. 6",+7-951-786-16-14,bogdanovvlad321@yandex.ru,Выдана,101,130002,03.09.2025,2026,1С:Предприятие,Гарантийный случай
71,CAR-000071,Hyundai Solaris,Hyundai Solaris,ОШИБКА_ДАННЫХ,Электротехн. раб.,Грузовой,Новосибирск,"ул. Центральная, д. 133, кв. 185",+7-926-990-27-39,novikovilyaa84@gmail.com,Выдана,19,42467,06.05.2026,10.11.2024,Собственная система учёта,Требуется согласование с клиентом
72,CAR-000072,Ford Focus,Ford Focus,Смирнова Наталья Ивановна,Плановое техническое обслуживание,Микроавтобус,Ниж,"ул. Центральная, д. 120, кв. 167",+7-947-291-72-92,smirnovanata627@outlook.com,В работе,77,2000,27.06.2025,24.06.2024,Excel-выгрузка,Гарантийный случай
73,CAR-000073,Volkswagen Polo,Volkswagen Polo,Лебедева Полина Андреевна,Диагностика,Микроавтобус,Екатеринбург,ул.,+7-917-470-82-81,lebedevapoli708@yandex.ru,Готова к выдаче,264,123824,08.05.2025,16.11.2024,ОШИБКА_ДАННЫХ,Гарантийный случай
74,CAR-000074,Volkswagen Polo,Volkswagen Polo,Попова Елена Александровна,Плановое техническое обслуживание,Легковой,Москва,"ул. Садовая, д. 28, кв. 176",+7-910-327-87-21,popovaelenaa119@mail.ru,Ожидает запчасти,6,129363,31.02.2026,26.09.2025,,-
75,CAR-000075,Kia Rio,Kia,Лебедева Алина Николаевна,Электротехнические работы,Микроавтобус,Пермь,"ул. Пушкина, д. 60, кв. 16",+7-931-318-48-43,lebedevaalin996@outlook.com,Ожидает запчасти,181,6019,00.00.0000,21.09.2024,Собственная система учёта,
76,CAR-000076,Kia,Kia Rio,Козлова Ольга Петровна,Диагностика,Микроавтобус,Воронеж,"ул. Садовая, д. 138, кв. 198",+7-911-602-38-28,kozlovaolgap125@,Ожидает запчасти,194,59026,10.06.2025,10.09.2024,Excel-выгрузка,
77,CAR-000077,Skoda Octavia,Skoda Octavia,Богданов Владимир Петрович,Плановое техническое обслуживание,Легковой,Екб,"ул. Гагарина, д. 52, кв. 135",+7-924-882-29-26,bogdanovvlad63@outlook.com,Ожидает запчасти,133,63169,23.08.2024,06.01.2025,Excel-выгрузка,Повторное обращение
78,CAR-000078,Renault Duster,Renault Duster,Соколова Екатерина Николаевна,Кузов. рем.,Легковой,Волгоград,"ул. Советская, д. 64, кв. 31",+7-911-619-22-74,sokolovaekat664@gmail.com,Ожидает запчасти,274,6756,22.12.2025,08.05.2024,Собственная система учёта,
79,CAR-000079,,Mercedes-Benz C-Class,Голубев Сергей Николаевич,Электротехн. раб.,Легковой,Казань,"ул. Спортивная, д. 67, кв. 169",,golubevserge740@mail.ru,не указано(ошибка),73,78144,05.07.2023,10.12.2024,Excel-выгрузка,Гарантийный случай
80,CAR-000080,Toyota Camry,Toyota Camry,Семёнов Андрей Андреевич,Плановое техническое обслуживание,Грузовой,Москва,???,,semenovandre298@yandex.ru,Выдана,61,70005,12.11.2023,22.08.2025,1С:Предприятие,
81,CAR-000081,Lada Vesta,Lada Vesta,нет данных(ошибка),Плановое техническое обслуживание,Внедорожник,Казань,"ул. Молодёжная, д. 107, кв. 93",+7-918-645-91-56,novikovaalin655@mail.ru,Ожидает запчасти,54,527,09.08.2024,15.11.2025,SAP ERP,Повторное обращение
82,CAR-000082,Skoda Octavia,Skoda Octavia,Воробьёв Владимир Сергеевич,Кузовной ремонт,Легковой,Челябинск,"ул. Молодёжная, д. 49, кв. 59",+7-940-951-98-39,vorobevvladi296@outlook.com,В работе,191,60950,06.02.2026,,CRM Bitrix24,Гарантийный случай
83,CAR-000083,Nissan Qashqai,Nissan Qashqai,Петров Егор Викторович,Электротехнические работы,Внедорожник,Самара,"ул. Ленина, д. 66, кв. 44",+7-959-869-79-60,petrovegorvi153@yandex.ru,В работе,33,13527,12.07.2024,16.06.2026,SAP ERP,Работы выполнены со скидкой
84,CAR-000084,Volkswagen Polo,Volkswagen Polo,Лебедева Екатерина Ивановна,Замена запчастей,Грузовой,Ека,"ул. Победы, д. 37, кв. 26",+7-935-1,lebedevaekat48@gmail.com,В раб.,259,120062,20.01.2025,,CRM Bitrix24,Повторное обращение
85,CAR-000085,Chevrolet Niva,Chevrolet Niva,Егорова Ксения Николаевна,Замена запчастей,Внедорожник,Новосибирск,"ул. Советская, д. 87, кв. 100",+7-920-919-23-51,,Готова к выдаче,68,108942,17.02.2026,27.10.2026,CRM Bitrix24,Работы выполнены со скидкой
86,CAR-000086,Mercedes-Benz C-Class,Mercedes-Benz C-Class,Лебедев Дмитрий Иванович,Диагностика,Легковой,Ростов-на-Дону,"ул. Молодёжная, д. 113, кв. 57",+7-921-911-28-25,lebedevdmitr665@outlook.com,Готова к выдаче,,73103,09.05.2023,24.08.2025,CRM Bitrix24,Гарантийный случай
87,CAR-000087,Volkswagen Polo,Volkswagen Polo,Козлов Владимир Петрович,Замена запчастей,Грузовой,Казань,"ул. Мира, д. 112, кв. 36",+7-939-508-29-44,kozlovvladim590@yandex.ru,Готова к выдаче,много,105595,02.01.2024,17.10.2025,CRM Bitrix24,Требуется согласование с клиентом
88,CAR-000088,Mercedes-Benz C-Class,Mercedes-Benz C-Class,Богданов Виктор Дмитриевич,Замена зч.,Грузовой,Самара,"ул. Советская, д. 94, кв. 108",+7-924-737-33-19,bogdanovvikt516@mail.ru,Готова к выдаче,283,27630,13.03.2026,17.10.2026,Excel-выгрузка,Работы выполнены со скидкой
89,CAR-000089,,Toyota Camry,Кузнецов Павел Александрович,Кузовной ремонт,Грузовой,Екатеринбург,"ул. Пушкина, д. 77, кв. 200",+7-936-635-53-10,kuznecovpave636@mail.ru,Ожидает запчасти,229,68930,25.11.2026,19.03.2026,CRM Bitrix24,Работы выполнены со скидкой
90,CAR-000090,BMW 3 series,BMW 3 series,Павлов Егор Сергеевич,Электротехн. раб.,Легковой,Краснодар,"ул. Центральная, д. 147, кв. 34",+7-946-503-79-59,pavlovegorse663@yandex.ru,Готова к выдаче,250,119234,20.04.2026,08.07.2025,SAP ERP,Требуется согласование с клиентом
91,CAR-000091,Nissan Qashqai,Nissan Qashqai,Иванов Александр Петрович,Кузовной ремонт,Микроавтобус,Москва,"ул. Пушкина, д. 3, кв. 167",+7-945-382-24-35,ivanovaleksa800@yandex.ru,Выдана,293,13839,15.02.2023,26.03.2025,Собственная система учёта,Требуется согласование с клиентом
92,CAR-000092,Lada Vesta,Lada Vesta,Голубева Алина Александровна,Замена зч.,Грузовой,Воронеж,"ул. Спортивная, д. 129, кв. 186",+7-956-649-97-61,golubevaalin939@mail.ru,Выд.,89,98456,03.12.2026,09.07.2025,1С:Предприятие,Требуется согласование с клиентом
93,CAR-000093,Ford Focus,Ford Focus,Богданова Анна Александровна,Плановое техническое обслуживание,Внедорожник,Влгд,"ул. Пушкина, д. 76, кв. 100",+7-937-185-99-62,bogdanovaann95@gmail.com,Готова к выдаче,184,147700,14.07.2026,12.07.2024,Excel-выгрузка,Гарантийный случай
94,CAR-000094,,####,Виноградова Юлия Андреевна,План. ТО,Внедорожник,Екатеринбург,"ул. Садовая, д. 68, кв. 7",+7-949-691-25-33,vinogradovay912@outlook.com,Выдана,много,119823,19.05.2026,15.06.2026,Excel-выгрузка,Повторное обращение
95,CAR-000095,Hyundai Solaris,Hyundai Solaris,Волков Егор Николаевич,Диагностика,Грузовой,Москва,"ул. Победы, д. 77, кв. 120",+7-919-149-89-27,volkovegorni275@outlook.com,Гот. к выд.,ERROR,37639,23.08.2026,16.05.2026,,
96,CAR-000096,Chevrolet Niva,Chevrolet Niva,Павлова Ольга Ивановна,Электротехнические работы,Легковой,Челябинск,"ул. Советская, д. 30, кв. 186",+7-912-129-20-67,pavlovaolgai482@outlook.com,Гот. к выд.,196,много,06.03.2023,21.01.2024,CRM Bitrix24,Работы выполнены со скидкой
97,CAR-000097,Volkswagen Polo,Volkswagen Polo,Виноградова Мария Сергеевна,План. ТО,,Новосиб.,"ул. Победы, д. 47, кв. 37",+7-911-716-49-22,нет_почты,Ожидает запчасти,205,49242,24.03.2023,12.03.2024,SAP ERP,Гарантийный случай
98,CAR-000098,Chevrolet Niva,Chevrolet Niva,Лебедев Дмитрий Иванович,Кузовной ремонт,Микроавтобус,Новосибирск,"ул. Гагарина, д. 85, кв. 178",+7-930-199-66-59,lebedevdmitr426@gmail.com,Выд.,много,58248,28.05.2026,01.06.2026,Собственная система учёта,Требуется согласование с клиентом
99,CAR-000099,Skoda Octavia,Skoda Octavia,Фёдоров Владимир Петрович,Кузовной ремонт,Грузовой,Волгоград,"ул. Ленина, д. 50, кв. 183",+7-916-393-98-35,fedorovvladi416@mail.ru,Прин.,153,62453,17.09.2024,19.09.2025,####,Повторное обращение
100,CAR-000100,Nissan Qashqai,Nissan Qashqai,Воробьёв Павел Александрович,Замена зч.,Легковой,Краснодар,"ул. Спортивная, д. 33, кв. 58",+7-940-173-17-43,vorobevpavel593@gmail.com,Принята,253,25709,22.04.2023,14.05.2025,Собственная система учёта,
101,CAR-000101,Lada Vesta,Lada Vesta,Богданова Светлана Петровна,Электротехн. раб.,Микроавтобус,Краснодар,"ул. Ленина, д. 49, кв. 154",+7-916-245-92-68,ivanov.mail.ru,Принята,172,50595,03.06.2026,17.12.2026,Собственная система учёта,Повторное обращение
102,CAR-000102,Toyota Camry,Toyota,Соколова Наталья Петровна,Диагностика,Внедорожник,Казань,"ул. Центральная, д. 127, кв. 52",+7-924-626-10-13,sokolovanata927@gmail.com,Принята,131,51277,25.11.2024,24.07.2026,Собственная система учёта,Повторное обращение
103,CAR-000103,BMW 3 series,BMW 3 series,Иванов Виктор Николаевич,План. ТО,Внедорожник,Волгоград,"ул. Ленина, д. 9, кв. 179",+7-953-664-59-56,ivanovviktor179@outlook.com,В работе,114,68536,03.09.2026,10.04.2026,,Гарантийный случай
104,CAR-000104,Kia Rio,Kia Rio,Морозова Татьяна Ивановна,Замена запчастей,Микроавтобус,Челяб.,"ул. Советская, д. 44, кв. 180",+7-930-186-90-42,morozovataty342@mail.ru,Готова к выдаче,35,120141,06.02.2024,05.04.2025,1С:Предприятие,
105,CAR-000105,Nissan Qashqai,Nissan Qashqai,Новикова Анна Петровна,Замена запчастей,Легковой,Челяб.,"ул. Пушкина, д. 13, кв. 59",+7-930-751-36-14,novikovaanna788@mail.ru,Ожид. зч.,196,137001,28.02.2025,16.03.2025,CRM Bitrix24,Повторное обращение
106,CAR-000106,Lada Vesta,Lada Vesta,Голубев Егор Викторович,Кузовной ремонт,Легковой,Екатеринбург,N/A,+7-955-826-10-95,golubevegorv824@mail.ru,Ожид. зч.,28,145065,20.03.2024,02.04.2026,Собственная система учёта,Требуется согласование с клиентом
107,CAR-000107,Hyundai Solaris,Hyundai Solaris,Лебедев Сергей Петрович,Диагностика,Микроавтобус,Воронеж,N/A,+7-951-626-62-12,lebedevserge169@outlook.com,не указано(ошибка),152,51318,05.07.2023,07.08.2026,SAP ERP,Повторное обращение
108,CAR-000108,Kia Rio,Kia Rio,Кузнецов Алексей Петрович,Плановое техническое обслуживание,Микроавтобус,Новосибирск,"ул. Садовая, д. 99, кв. 128",+7-949-837-40-25,kuznecovalek926@outlook.com,Неизвестная категория,79,124453,24.04.2026,18.05.2026,Excel-выгрузка,Работы выполнены со скидкой
109,CAR-000109,Renault,Renault Duster,Кузнецова Алина Сергеевна,Электротехн. раб.,Легковой,Ростов-на-Дону,"ул. Спортивная, д. 90, кв. 82",+7-959-261-25-23,kuznecovaali714@mail.ru,Выдана,169,56086,28.07.2023,13.06.2024,Excel-выгрузка,Работы выполнены со скидкой
110,CAR-000110,Mercedes-Benz C-Class,Mercedes-Benz C-Class,Фёдорова Ирина Петровна,Диагностика,Внедорожник,Нижний Новгород,"ул. Мира, д. 30, кв. 34",+7-948-250-90-78,fedorovairin9@mail.ru,Ожид. зч.,86,56186,06.11.2025,20.08.2025,Excel-выгрузка,Повторное обращение
111,CAR-000111,Mercedes-Benz C-Class,Mercedes-Benz C-Class,Алексеева Наталья Александровна,Электротехнические работы,Микроавтобус,Новосиб.,"ул. Пушкина, д. 139, кв. 133",+7-931-715-75-90,alekseevanat397@mail.ru,Выдана,25,,26.10.2024,17.08.2026,Собственная система учёта,
112,CAR-000112,Chevrolet Niva,Chevrolet Niva,Фёдорова Наталья Николаевна,Куз,Легковой,Ростов-на-Дону,"ул. Ленина, д. 38, кв. 100",+7-947-874-14-83,fedorovanata611@gmail.com,Ожид. зч.,24,91038,19.02.2024,20.10.2026,1С:Предприятие,Требуется согласование с клиентом
113,CAR-000113,Lada Vesta,Lada Vesta,Семёнова Татьяна Петровна,Плановое техническое обслуживание,Легковой,Крд,"ул. Садовая, д. 24, кв. 85",+7-924-120-30-84,semenovataty212@yandex.ru,В раб.,198,122380,2026,2026-13-45,Собственная система учёта,Требуется согласование с клиентом
114,CAR-000114,Renault Duster,Renault Duster,Кузнецов Андрей Сергеевич,Замена запчастей,Легковой,Смр,"ул. Советская, д. 37, кв. 96",+7-924-354-27-99,kuznecovandr533@gmail.com,не указано(ошибка),260,68670,25.05.2023,06.07.2024,Excel-выгрузка,Повторное обращение
115,CAR-000115,Hyundai Solaris,Hyundai Solaris,Кузнецов Максим Дмитриевич,Кузовной ремонт,Микроавтобус,Воронеж,"ул. Пушкина, д. 80, кв. 166",телефон отсутствует,kuznecovmaks694@yandex.ru,Ожид. зч.,208,19684,23.11.2023,27.07.2024,Собственная система учёта,Гарантийный случай
116,CAR-000116,Lada Vesta,Lada Vesta,Голубев Сергей Петрович,Электротехн. раб.,Грузовой,Екб,"ул. Ленина, д. 86, кв. 25",+7-955-410-91-60,golubevserge458@mail.ru,В работе,252,45572,02.05.2023,06.11.2024,SAP ERP,Гарантийный случай
117,CAR-000117,Volkswagen Polo,Volkswagen Polo,Кузнецов Александр Сергеевич,Диагн.,Грузовой,Краснодар,N/A,+7-950-993-36-93,kuznecovalek205@,Готова к выдаче,35,72299,27.06.2025,06.02.2024,Собственная система учёта,Гарантийный случай
118,CAR-000118,Volkswagen Polo,Volkswagen Polo,Соколов Владимир Иванович,Электротехн. раб.,Грузовой,Ростов-на-Дону,"ул. Центральная, д. 113, кв. 89",+7-934-400-61-88,sokolovvladi392@yandex.ru,В работе,105,40005,10.10.2023,04.12.2026,Excel-выгрузка,
119,CAR-000119,Renault Duster,Renault Duster,Воробьёв Владимир Александрович,не указано(ошибка),Грузовой,Мск,"ул. Мира, д. 78, кв. 98",+7-917-627-70-17,vorobevvladi488@yandex.ru,В работе,66,70371,18.08.2026,10.02.2024,Excel-выгрузка,N/A
120,CAR-000120,нет данных(ошибка),Hyundai Solaris,Виноградов Александр Сергеевич,План. ТО,Внедорожник,Самара,"ул. Пушкина, д. 51, кв. 160",+7-936-954-83-65,vinogradoval998@gmail.com,Готова к выдаче,251,56328,2026-13-45,00.00.0000,Собственная система учёта,Требуется согласование с клиентом
121,CAR-000121,-,Chevrolet Niva,Козлов Дмитрий Андреевич,Плановое техническое обслуживание,Микроавтобус,,"ул. Молодёжная, д. 19, кв. 133",+7-935-801-88-92,kozlovdmitri414@gmail.com,Принята,183,104352,09.08.2024,12.01.2025,Excel-выгрузка,
122,CAR-000122,Renault Duster,Renault Duster,Егорова Анна Дмитриевна,Замена запчастей,Легковой,Екатеринбург,"ул. Пушкина, д. 57, кв. 161",+7-958-634-96-19,egorovaannad784@yandex.ru,Ожидает запчасти,286,12832,28.06.2024,03.03.2025,Собственная система учёта,Работы выполнены со скидкой
123,CAR-000123,Volkswagen Polo,Volkswagen Polo,Морозов Александр Николаевич,Диагностика,Микроавтобус,Волгоград,"ул. Пушкина, д. 28, кв. 74",+7-919-809-96-63,morozovaleks385@gmail.com,В работе,216,18937,09.01.2026,вчера,1С:Предприятие,Гарантийный случай
124,CAR-000124,Nissan,Nissan Qashqai,Егоров Илья Иванович,Диагностика,,Самара,"ул. Советская, д. 19, кв. 56",+7-949-820-71-77,egorovilyaiv474@yandex.ru,Ожидает запчасти,244,99130,20.12.2026,16.08.2024,,Требуется согласование с клиентом
125,CAR-000125,Volkswagen Polo,нет данных(ошибка),Новикова Анна Сергеевна,Замена запчастей,Микроавтобус,Смр,"ул. Мира, д. 46, кв. 138",12345,novikovaanna137@mail.ru,Выдана,74,много,09.03.2023,20.10.2026,Собственная система учёта,Работы выполнены со скидкой
126,CAR-000126,Nissan Qashqai,нет данных(ошибка),Морозова Екатерина Дмитриевна,Электротехнические работы,Микроавтобус,Пермь,ул.,+7-945-224-32-68,morozovaekat412@gmail.com,Прин.,5,77648,14.09.2023,05.04.2025,SAP ERP,
127,CAR-000127,Skoda Octavia,Skoda Octavia,Виноградова Наталья Дмитриевна,Диагностика,Грузовой,Волгоград,"ул. Пушкина, д. 118, кв. 20",+7-934-455-60-88,vinogradovan645@yandex.ru,Выдана,,83581,01.03.2023,04.05.2025,SAP ERP,ОШИБКА_ДАННЫХ
128,CAR-000128,Ford Focus,Ford Focus,Виноградов Илья Иванович,Кузовной ремонт,Грузовой,Самара,"ул. Центральная, д. 2, кв. 30",+7-936-695-58-27,vinogradovil907@mail.ru,В работе,122,51121,16.03.2026,12.07.2024,CRM Bitrix24,
129,CAR-000129,Kia Rio,Kia Rio,Богданов Илья Викторович,Замена запчастей,Внедорожник,Екатеринбург,"ул. Победы, д. 76, кв. 58",+7-933-765-18-30,bogdanovilya319@mail.ru,Ожидает запчасти,279,148842,23.04.2026,27.06.2026,Собственная система учёта,Повторное обращение
130,CAR-000130,Hyundai Solaris,Hyundai Solaris,Петров Егор Викторович,,Легковой,Н.Новгород,"ул. Победы, д. 23, кв. 192",+7-911-850-61-92,petrovegorvi783@outlook.com,Готова к выдаче,6,98384,11.10.2023,21.03.2026,SAP ERP,Требуется согласование с клиентом
131,CAR-000131,Chevrolet Niva,Chevrolet Niva,Виноградова Дарья Дмитриевна,Кузовной ремонт,Внедорожник,Волгоград,"ул. Гагарина, д. 96, кв. 126",+7-913-272-24-23,vinogradovad556@outlook.com,Готова к выдаче,206,11859,20.09.2024,06.12.2026,Собственная система учёта,Гарантийный случай
132,CAR-000132,???,Volkswagen Polo,Егорова Екатерина Викторовна,Замена зч.,Легковой,Пермь,"ул. Центральная, д. 142, кв. 29",+7-958-474-43-96,egorovaekate990@yandex.ru,Готова к выдаче,44,18573,18.04.2025,13.04.2024,Excel-выгрузка,
133,CAR-000133,Volkswagen Polo,Volkswagen Polo,Семёнова Наталья Николаевна,План. ТО,Легковой,Екб,"ул. Пушкина, д. 37, кв. 111",+7-939-660-44-53,semenovanata445@outlook.com,Принята,55,86768,18.07.2025,14.02.2026,1С:Предприятие,
134,CAR-000134,Skoda Octavia,Skoda Octavia,Алексеев Александр Петрович,,Грузовой,Ростов-н/Д,"ул. Молодёжная, д. 8, кв. 196",+7-959-849-19-70,alekseevalek693@yandex.ru,Выд.,195,25647,31.02.2026,01.04.2025,Excel-выгрузка,Повторное обращение
135,CAR-000135,Ford Focus,Ford Focus,Семёнова Анна Петровна,Плановое техническое обслуживание,Грузовой,Екатеринбург,"ул. Ленина, д. 29, кв. 151",+7-949-537-89-84,semenovaanna405@gmail.com,Ожидает запчасти,78,28207,28.05.2026,13.11.2025,SAP ERP,
136,CAR-000136,Chevrolet Niva,Chevrolet Niva,Богданова Юлия Николаевна,Плановое техническое обслуживание,Грузовой,Крд,"ул. Пушкина, д. 78, кв. 58",+7-954-670-12-95,bogdanovayul904@outlook.com,Выдана,140,28379,15.06.2025,,Excel-выгрузка,Требуется согласование с клиентом
137,CAR-000137,Ford Focus,Ford Focus,####,Электротехн. раб.,Грузовой,Воронеж,"ул. Гагарина, д. 136, кв. 21",+7-932-534-20-34,pavlovairina129@mail.ru,В работе,,126606,20.04.2026,23.07.2024,Собственная система учёта,Повторное обращение
138,CAR-000138,Chevrolet Niva,Chevrolet Niva,Воробьёв Виктор Петрович,Замена запчастей,Грузовой,Воронеж,"ул. Молодёжная, д. 94, кв. 150",+7-936-402-73-23,vorobevvikto691@mail.ru,Готова к выдаче,182,60002,19.01.2025,21.02.2025,Собственная система учёта,
139,CAR-000139,Nissan Qashqai,Nissan Qashqai,,Диагностика,Грузовой,Новосибирск,"ул. Молодёжная, д. 56, кв. 73",+7-927-159-62-16,alekseevapol121@yandex.ru,Прин.,51,много,31.02.2026,14.10.2025,Excel-выгрузка,Требуется согласование с клиентом
140,CAR-000140,Nissan Qashqai,Nissan,Козлова Юлия Андреевна,Плановое техническое обслуживание,Внедорожник,Ростов-на-Дону,"ул. Советская, д. 126, кв. 52",+7-99-abc-12-34,kozlovayuliy312@yandex.ru,В работе,215,131604,02.03.2023,16.07.2024,Собственная система учёта,
141,CAR-000141,Nissan Qashqai,Nissan Qashqai,Кузнецов Илья Викторович,Замена запчастей,Легковой,Воронеж,"ул. Пушкина, д. 120, кв. 4",+7-914-261-89-79,kuznecovilya975@yandex.ru,Выдана,130,94024,26.02.2025,13.05.2025,1С:Предприятие,Работы выполнены со скидкой
142,CAR-000142,BMW 3 series,BMW 3 series,Иванов Александр Иванович,Замена запчастей,Микроавтобус,Волгоград,"ул. Садовая, д. 85, кв. 52",+7-913-132-43-51,,Выдана,204,140476,06.10.2025,28.03.2024,CRM Bitrix24,Гарантийный случай
143,CAR-000143,Lada Vesta,Lada Vesta,Алексеева Алина Петровна,Замена запчастей,Микроавтобус,Воронеж,"ул. Мира, д. 77, кв. 70",+7-918-753-17-20,alekseevaali216@mail.ru,Ожидает запчасти,73,834,18.12.2026,03.03.2025,Excel-выгрузка,Гарантийный случай
144,CAR-000144,Volkswagen Polo,Volkswagen Polo,Павлова Светлана Петровна,Диагностика,Легковой,Самара,"ул. Центральная, д. 100, кв. 37",+7-917-182-65-71,,В работе,20,70027,вчера,,SAP ERP,
145,CAR-000145,Chevrolet Niva,-,Кузнецова Ксения Ивановна,Замена зч.,Микроавтобус,Краснодар,"ул. Мира, д. 58, кв. 109",+7-936-819-30-31,kuznecovakse983@yandex.ru,Прин.,278,99106,01.11.2023,08.02.2024,1С:Предприятие,Повторное обращение
146,CAR-000146,Lada Vesta,Lada Vesta,Егорова Алина Андреевна,Электротехн. раб.,Микроавтобус,Челябинск,"ул. Садовая, д. 50, кв. 76",+7-943-660-19-98,egorovaalina407@gmail.com,Прин.,285,38629,15.12.2025,24.01.2025,Excel-выгрузка,
147,CAR-000147,Mercedes-Benz C-Class,Mercedes-Benz C-Class,Лебедева Алина Николаевна,Куз,Микроавтобус,Смр,"ул. Мира, д. 120, кв. 95",+7-934-539-59-21,lebedevaalin191@outlook.com,Принята,113,45129,06.10.2024,01.06.2026,???,
148,CAR-000148,Nissan Qashqai,Nissan Qashqai,Петрова Ольга Андреевна,Плановое техническое обслуживание,Легковой,Ростов-н/Д,"ул. Победы, д. 129, кв. 181",+7-910-669-68-29,petrovaolgaa685@outlook.com,Гот. к выд.,17,-1,04.12.2023,28.04.2026,Собственная система учёта,
149,CAR-000149,Toyota Camry,Toyota Camry,Фёдорова Елена Александровна,Кузовной ремонт,Микроавтобус,Воронеж,"ул. Садовая, д. 23, кв. 102",+7-952-5,fedorovaelen616@mail.ru,В работе,5,71559,03.01.2024,19.06.2026,1С:Предприятие,Повторное обращение
150,CAR-000150,Hyundai Solaris,Hyundai Solaris,Смирнов Дмитрий Петрович,Замена запчастей,Микроавтобус,Ростов-на-Дону,"ул. Центральная, д. 48, кв. 48",+7-927-210-30-75,smirnovdmitr947@outlook.com,Ожидает запчасти,12,65610,02.02.2025,19.11.2024,SAP ERP,
151,CAR-000151,Chevrolet Niva,Chevrolet Niva,,Кузовной ремонт,Внедорожник,Пермь,"ул. Пушкина, д. 66, кв. 68",+7-911-834-61-65,нет_почты,Ожидает запчасти,293,46840,02.03.2024,27.08.2026,Excel-выгрузка,Повторное обращение
152,CAR-000152,Ford Focus,Ford Focus,Лебедев Кирилл Сергеевич,Неизвестная категория,N/A,,"ул. Спортивная, д. 31, кв. 76",+7-924-280-19-24,lebedevkiril175@outlook.com,Ожидает запчасти,179,н/д,03.06.2023,02.03.2026,Собственная система учёта,Гарантийный случай
153,CAR-000153,Ford Focus,Ford Focus,Семёнов Виктор Александрович,,Грузовой,СПб,ОШИБКА_ДАННЫХ,,,Ожидает запчасти,79,16098,02.08.2025,14.04.2026,SAP ERP,
154,CAR-000154,Renault Duster,Renault Duster,Голубева Ирина Александровна,Замена запчастей,Внедорожник,Самара,"ул. Центральная, д. 148, кв. 41",+7-948-101-99-43,golubevairin764@outlook.com,Выдана,,19363,15.12.2023,21.02.2024,CRM Bitrix24,ОШИБКА_ДАННЫХ
155,CAR-000155,Lada,Lada Vesta,Смирнов Артём Иванович,Замена запчастей,,Ростов-на-Дону,"ул. Центральная, д. 47, кв. 128",+7-913-254-28-47,smirnovartem39@mail.ru,В работе,213,42973,18.01.2023,31.02.2026,CRM Bitrix24,Требуется согласование с клиентом
156,CAR-000156,Lada,Lada Vesta,Воробьёва Алина Дмитриевна,Кузовной ремонт,-,Воронеж,"ул. Мира, д. 148, кв. 61",+7-944-927-42-18,vorobevaalin821@gmail.com,В работе,46,,02.04.2024,03.04.2025,CRM Bitrix24,
157,CAR-000157,-,Nissan Qashqai,Виноградов Кирилл Петрович,Плановое техническое обслуживание,Грузовой,Челяб.,"ул. Мира, д. 54, кв. 192",+7-912-409-28-39,vinogradovki687@outlook.com,###,258,6398,24.01.2023,24.11.2025,Excel-выгрузка,
158,CAR-000158,Skoda Octavia,Skoda,Семёнов Роман Петрович,Диагностика,Грузовой,Краснодар,,+7-925-962-85-89,semenovroman193@mail.ru,Выдана,165,81332,04.04.2023,21.08.2026,SAP ERP,Повторное обращение
159,CAR-000159,Ford Focus,Ford Focus,Кузнецова Ирина Викторовна,Кузов. рем.,Микроавтобус,Волгоград,"ул. Советская, д. 53, кв. 67",+7-926-142-32-57,kuznecovairi812@gmail.com,Ожидает запчасти,32,2937,27.11.2024,04.08.2024,1С:Предприятие,
160,CAR-000160,BMW 3 series,BMW 3 series,Волков Кирилл Андреевич,Диагн.,Микроавтобус,Казань,"ул. Спортивная, д. 111, кв. 74",+7-953-943-60-99,volkovkirill573@mail.ru,Готова к выдаче,68,89290,28.08.2025,11.08.2025,CRM Bitrix24,
161,CAR-000161,Ford Focus,Ford Focus,Павлов Илья Андреевич,Кузовной ремонт,Внедорожник,Волгоград,ул.,+7-915-927-24-11,pavlovilyaan813@mail.ru,Готова к выдаче,77,30432,25.05.2026,19.07.2025,CRM Bitrix24,Гарантийный случай
162,CAR-000162,Skoda Octavia,Skoda Octavia,Алексеева Ольга Дмитриевна,Замена зч.,Микроавтобус,Казань,"ул. Мира, д. 5, кв. 127",+7-913-747-44-45,alekseevaolg119@gmail.com,Выдана,,76154,24.04.2024,23.07.2024,Excel-выгрузка,Гарантийный случай
163,CAR-000163,Chevrolet Niva,Chevrolet Niva,Новиков Илья Николаевич,Плановое техническое обслуживание,Микроавтобус,Волгоград,"ул. Пушкина, д. 105, кв. 119",+7-917-713-37-17,novikovilyan732@outlook.com,Ожидает запчасти,249,52607,16.09.2023,11.04.2025,Собственная система учёта,
164,CAR-000164,Ford Focus,Ford Focus,Новиков Роман Андреевич,,Микроавтобус,СПб,"ул. Советская, д. 49, кв. 58",+7-914-832-62-86,novikovroman930@gmail.com,Ожидает запчасти,100,35465,09.03.2024,08.10.2025,SAP ERP,Повторное обращение
165,CAR-000165,нет данных(ошибка),Kia Rio,Богданов Илья Андреевич,Замена зч.,Грузовой,Челябинск,"ул. Гагарина, д. 14, кв. 79",+7-924-676-73-25,bogdanovilya146@,Готова к выдаче,,-1,14.06.2026,12.06.2025,CRM Bitrix24,
166,CAR-000166,Hyundai Solaris,Hyundai Solaris,Лебедева Елена Николаевна,Замена зч.,Грузовой,Казань,"ул. Молодёжная, д. 77, кв. 190",+7-933-810-44-49,lebedevaelen428@mail.ru,Гот. к выд.,265,79098,07.06.2024,07.09.2024,Excel-выгрузка,
167,CAR-000167,Toyota Camry,Toyota Camry,Богданов Павел Александрович,Диагностика,Легковой,Ворнж,,телефон отсутствует,bogdanovpave747@yandex.ru,Принята,84,9882,14.06.2023,11.11.2026,Excel-выгрузка,Требуется согласование с клиентом
168,CAR-000168,BMW 3 series,BMW 3 series,Кузнецов Артём Иванович,Диагностика,Легковой,Краснодар,"ул. Молодёжная, д. 18, кв. 149",+7-916-972-41-65,,Готова к выдаче,170,142314,24.06.2023,27.09.2024,12345XYZ,Гарантийный случай
169,CAR-000169,Volkswagen Polo,Volkswagen Polo,Голубева Алина Андреевна,Кузов. рем.,Легковой,Екатеринбург,"ул. Мира, д. 132, кв. 136",+7-929-701-68-47,golubevaalin398@mail.ru,В раб.,93,43756,14.06.2025,14.04.2024,Excel-выгрузка,Гарантийный случай
170,CAR-000170,Hyundai Solaris,Hyundai Solaris,Смирнов Максим Петрович,Неизвестная категория,Внедорожник,Санкт-Петербург,"ул. Мира, д. 143, кв. 45",+7-944-687-18-41,smirnovmaksi833@mail.ru,Ожидает запчасти,37,5815,03.08.2024,12.01.2026,Собственная система учёта,Гарантийный случай
171,CAR-000171,Volkswagen Polo,Volkswagen Polo,Воробьёв Егор Иванович,не указано(ошибка),Микроавтобус,Ростов-на-Дону,"ул. Гагарина, д. 63, кв. 56",телефон отсутствует,vorobevegori414@outlook.com,Выд.,269,88777,09.04.2025,26.07.2026,SAP ERP,Повторное обращение
172,CAR-000172,Ford Focus,Ford Focus,Новиков Алексей Иванович,Плановое техническое обслуживание,Грузовой,Екатеринбург,"ул. Советская, д. 57, кв. 3",+7-912-328-10-44,novikovaleks102@outlook.com,Готова к выдаче,207,40235,21.05.2024,08.06.2024,1С:Предприятие,Гарантийный случай
173,CAR-000173,Hyundai Solaris,Hyundai Solaris,Смирнова Виктория Николаевна,Диагностика,Легковой,Санкт-Петербург,"ул. Мира, д. 35, кв. 151",+7-932-237-16-72,smirnovavikt549@mail.ru,Готова к выдаче,149,26116,12.07.2025,21.07.2025,CRM Bitrix24,Работы выполнены со скидкой
174,CAR-000174,Lada Vesta,Lada Vesta,Новиков Павел Андреевич,Замена запчастей,Внедорожник,Самара,"ул. Центральная, д. 95, кв. 21",+7-926-341-57-40,,Ожидает запчасти,219,ERROR,22.03.2024,10.12.2026,Excel-выгрузка,Работы выполнены со скидкой
175,CAR-000175,Skoda Octavia,Skoda Octavia,Голубев Никита Николаевич,Электротехнические работы,Легковой,Казань,"ул. Мира, д. 40, кв. 98",+7-916-721-38-57,golubevnikit378@mail.ru,Принята,152,25816,27.10.2025,02.01.2025,SAP ERP,
176,CAR-000176,Chevrolet Niva,Chevrolet Niva,Павлова Ирина Александровна,Электротехнические работы,Микроавтобус,Ростов-н/Д,"ул. Спортивная, д. 95, кв. 70",+7-952-378-86-50,pavlovairina763@outlook.com,Выд.,239,121711,14.06.2025,08.03.2024,SAP ERP,Гарантийный случай
177,CAR-000177,Lada Vesta,Lada Vesta,Волкова Виктория Сергеевна,Плановое техническое обслуживание,Легковой,Н.Новгород,"ул. Ленина, д. 23, кв. 92",+7-911-594-65-31,volkovavikto175@gmail.com,Принята,50,39242,05.08.2023,19.01.2024,SAP ERP,Требуется согласование с клиентом
178,CAR-000178,Volkswagen Polo,Volkswagen Polo,Виноградов Александр Сергеевич,Кузов. рем.,Легковой,Воронеж,"ул. Спортивная, д. 141, кв. 168",+7-933-574-68-75,vinogradoval217@outlook.com,Ожид. зч.,56,63270,07.03.2026,23.12.2024,Excel-выгрузка,Требуется согласование с клиентом
179,CAR-000179,Renault Duster,Renault,Лебедев Павел Иванович,Диагностика,Грузовой,Челябинск,"ул. Пушкина, д. 148, кв. 128",+7-942-966-85-56,lebedevpavel762@yandex.ru,Ожид. зч.,83,84631,26.04.2025,21.06.2025,N/A,
180,CAR-000180,Renault Duster,Renault Duster,Кузнецов Андрей Николаевич,Плановое техническое обслуживание,Грузовой,Мск,"ул. Пушкина, д. 62, кв. 141",+7-941-230-46-40,kuznecovandr554@mail.ru,Выдана,,146881,02.12.2026,21.05.2025,1С:Предприятие,Повторное обращение
181,CAR-000181,Volkswagen Polo,Volkswagen Polo,Петрова Ирина Ивановна,Электротехн. раб.,Внедорожник,Екатеринбург,"ул. Центральная, д. 85, кв. 180",+7-941-687-97-16,petrovairina335@mail.ru,Ожидает запчасти,8,139221,07.07.2023,17.06.2026,SAP ERP,Повторное обращение
182,CAR-000182,Volkswagen Polo,Volkswagen Polo,Волков Павел Сергеевич,Электротехн. раб.,Грузовой,Новосибирск,"ул. Советская, д. 124, кв. 12",+7-926-585-62-74,volkovpavels623@mail.ru,Выдана,181,104409,02.06.2024,2026-13-45,Собственная система учёта,Требуется согласование с клиентом
183,CAR-000183,Volkswagen Polo,Volkswagen Polo,Соколов Александр Петрович,Кузов. рем.,Микроавтобус,Нижний Новгород,"ул. Центральная, д. 14, кв. 32",+7-927-281-85-53,sokolovaleks247@mail.ru,В работе,219,,08.09.2026,05.01.2025,1С:Предприятие,Гарантийный случай
184,CAR-000184,Lada Vesta,Lada Vesta,Воробьёв Андрей Александрович,Кузовной ремонт,,Мск,"ул. Молодёжная, д. 93, кв. 49",+7-929-749-84-37,vorobevandre636@mail.ru,Готова к выдаче,210,115062,20.05.2024,13.07.2024,1С:Предприятие,Повторное обращение
185,CAR-000185,Mercedes-Benz C-Class,Mercedes-Benz C-Class,Лебедев Илья Александрович,Кузовной ремонт,Микроавтобус,Новосиб.,"ул. Пушкина, д. 50, кв. 107",+7-921-924-38-34,lebedevilyaa615@mail.ru,В работе,37,41270,02.12.2023,04.02.2026,1С:Предприятие,Требуется согласование с клиентом
186,CAR-000186,Ford Focus,Ford Focus,???,Диагностика,Грузовой,Пермь,"ул. Центральная, д. 144, кв. 154",+7-943-196-83-98,bogdanovserg566@outlook.com,Гот. к выд.,5,109633,17.07.2026,10.09.2026,CRM Bitrix24,Требуется согласование с клиентом
187,CAR-000187,Kia Rio,Kia Rio,Фёдоров Александр Андреевич,План. ТО,Легковой,Ворнж,"ул. Гагарина, д. 126, кв. 36",+7-928-720-15-23,,Ожидает запчасти,156,52729,,20.09.2026,Собственная система учёта,Повторное обращение
188,CAR-000188,Nissan Qashqai,Nissan Qashqai,Морозова Юлия Андреевна,Электротехнические работы,Микроавтобус,Екатеринбург,"ул. Центральная, д. 46, кв. 95",+7-956-629-11-21,morozovayuli790@gmail.com,В работе,188,137130,14.10.2025,02.01.2024,N/A,Требуется согласование с клиентом
189,CAR-000189,Toyota Camry,Toyota Camry,Кузнецов Александр Сергеевич,Замена запчастей,Грузовой,Москва,"ул. Мира, д. 126, кв. 59",+7-942-463-51-98,kuznecovalek373@gmail.com,Ожидает запчасти,25,91100,18.11.2023,15.12.2024,Excel-выгрузка,???
190,CAR-000190,Volkswagen Polo,Volkswagen Polo,Павлов Виктор Сергеевич,Кузовной ремонт,Микроавтобус,Екатеринбург,"ул. Молодёжная, д. 127, кв. 123",+7-958-823-10-42,pavlovviktor89@mail.ru,Принята,256,11056,06.11.2023,09.07.2026,Собственная система учёта,Гарантийный случай
191,CAR-000191,,Toyota Camry,Воробьёва Дарья Петровна,Кузовной ремонт,Микроавтобус,Ростов-на-Дону,"ул. Пушкина, д. 36, кв. 96",+7-919-603-53-37,vorobevadary454@mail.ru,Готова к выдаче,299,18896,25.06.2023,06.08.2024,SAP ERP,12345XYZ
192,CAR-000192,Renault Duster,Renault Duster,Лебедев Владимир Петрович,План. ТО,Микроавтобус,Екатеринбург,"ул. Пушкина, д. 140, кв. 142",+7-948-175-89-17,lebedevvladi779@mail.ru,Прин.,12,,01.03.2025,,Excel-выгрузка,Работы выполнены со скидкой
193,CAR-000193,Lada Vesta,Lada Vesta,Попов Артём Викторович,Электротехнические работы,N/A,Самара,"ул. Центральная, д. 140, кв. 121",+7-928-405-24-22,popovartemvi750@yandex.ru,Выд.,159,131905,03.03.2025,06.12.2025,Excel-выгрузка,N/A
194,CAR-000194,BMW 3 series,BMW 3 series,Фёдоров Роман Николаевич,Диагностика,Микроавтобус,Челябинск,"ул. Садовая, д. 145, кв. 172",+7-99-abc-12-34,,Прин.,213,138113,22.10.2025,2026,Собственная система учёта,
195,CAR-000195,BMW 3 series,,Егоров Максим Андреевич,Электротехнические работы,Внедорожник,Челябинск,"ул. Спортивная, д. 79, кв. 23",+7-929-458-92-54,egorovmaksim605@mail.ru,Гот. к выд.,ABC,55814,20.01.2024,02.08.2026,CRM Bitrix24,
196,CAR-000196,Hyundai Solaris,Hyundai Solaris,Соколова Полина Викторовна,Плановое техническое обслуживание,Грузовой,Мск,"ул. Пушкина, д. 115, кв. 161",+7-952-336-45-49,sokolovapoli967@gmail.com,Готова к выдаче,107,77713,16.05.2026,14.10.2025,SAP ERP,
197,CAR-000197,Kia Rio,Kia Rio,Иванов Дмитрий Дмитриевич,Куз,Внедорожник,Неизвестная категория,"ул. Мира, д. 136, кв. 24",+7-932-873-84-55,ivanovdmitri168@mail.ru,В работе,217,147535,31.02.2026,18.11.2026,CRM Bitrix24,Требуется согласование с клиентом
198,CAR-000198,Hyundai Solaris,Hyundai Solaris,Кузнецов Алексей Дмитриевич,Плановое техническое обслуживание,Микроавтобус,Пермь,"ул. Гагарина, д. 45, кв. 83",+7-956-370-83-97,kuznecovalek371@gmail.com,Готова к выдаче,9,55296,13.08.2023,04.11.2026,1С:Предприятие,Гарантийный случай
199,CAR-000199,BMW 3 series,нет данных(ошибка),Новиков Максим Петрович,Диагн.,Грузовой,Екатеринбург,"ул. Ленина, д. 131, кв. 26",+7-928-180-45-33,novikovmaksi450@yandex.ru,Ожидает запчасти,,72773,2025,04.11.2025,Excel-выгрузка,Требуется согласование с клиентом
200,CAR-000200,BMW 3 series,BMW 3 series,Павлов Дмитрий Викторович,Кузовной ремонт,Грузовой,Ростов-на-Дону,"ул. Победы, д. 115, кв. 136",+7-915-954-57-82,pavlovdmitri431@mail.ru,Готова к выдаче,180,88518,05.08.2023,09.07.2026,CRM Bitrix24,Гарантийный случай
