ID,Код записи,Номер накладной,Номер накладной (повтор),Водитель-экспедитор,Тип груза,Тип транспортного средства,Город,Адрес,Телефон,Email,Статус перевозки,"Вес груза, кг","Стоимость перевозки, руб.",Дата создания записи,Дата последнего обновления,Система-источник,Примечания
1,LOG-000001,TTN-688186,TTN-688186,Иванов Алексей Андреевич,Генеральный груз,Фура,Самара,"ул. Мира, д. 93, кв. 87",+7-946-465-83-88,ivanovalekse585@gmail.com,В пути,8786,19378,14.02.2026,11.06.2025,CRM Bitrix24,Срочная доставка
2,LOG-000002,TTN-949472,TTN-949472,Смирнов Кирилл Дмитриевич,Опасный груз,Грузовик,Екб,"ул. Гагарина, д. 141, кв. 12",+7-952-354-29-98,smirnovkiril206@,Доставлено,,105048,09.05.2023,20.12.2026,1С:Предприятие,Срочная доставка
3,LOG-000003,TTN-707696,TTN-707696,Павлов Дмитрий Викторович,Ген. груз,Рефрижератор,Краснодар,"ул. Мира, д. 17, кв. 26",+7-928-518-80-73,pavlovdmitri389@yandex.ru,Погрузка,,130400,01.08.2024,12.02.2024,CRM Bitrix24,
4,LOG-000004,TTN-973135,TTN-973135,Алексеева Наталья Александровна,Негабар. груз,Рефрижератор,Новосибирск,"ул. Спортивная, д. 102, кв. 119",+7-924-190-35-95,alekseevanat156@mail.ru,Погрузка,6653,211584,2023,07.05.2024,SAP ERP,Срочная доставка
5,LOG-000005,TTN-498012,TTN-498012,Фёдорова Анна Дмитриевна,Негабаритный груз,Курьерский фургон,Влгд,ул.,+7-947-382-43-11,fedorovaanna3@outlook.com,Погрузка,9554,110862,05.12.2023,00.00.0000,Собственная система учёта,Международная перевозка
6,LOG-000006,TTN-724916,TTN-724916,Семёнова Наталья Викторовна,Негабаритный груз,Фура,Ростов-н/Д,"ул. Ленина, д. 8, кв. 123",+7-928-628-23-35,semenovanata379@yandex.ru,В пути,6922,182915,20.07.2024,28.02.2025,Excel-выгрузка,Международная перевозка
7,LOG-000007,,TTN-216450,Иванова Дарья Петровна,Скоропортящийся груз,Курьерский фургон,Новосибирск,"ул. Садовая, д. 37, кв. 87",+7-930-367-75-40,ivanovadarya572@outlook.com,Выгрузка,2895,37934,11.11.2024,20.08.2026,1С:Предприятие,Международная перевозка
8,LOG-000008,TTN-104752,TTN-104752,Петров Сергей Александрович,Опасный груз,Фура,,"ул. Пушкина, д. 136, кв. 81",+7-934-914-41-59,ivanov.mail.ru,Выгрузка,6354,26643,24.10.2024,06.12.2025,Собственная система учёта,Срочная доставка
9,LOG-000009,TTN-359041,TTN-359041,Семёнов Никита Викторович,Скоропортящийся груз,Курьерский фургон,Москва,"ул. Мира, д. 21, кв. 47",+7-915-394-35-55,semenovnikit918@yandex.ru,Доставлено,7454,,15.03.2025,27.09.2024,CRM,
10,LOG-000010,TTN-636062,TTN-636062,Павлов Алексей Викторович,Опасный груз,Грузовик,Нижний Новгород,"ул. Ленина, д. 45, кв. 143",+7-952-575-46-49,pavlovalekse476@outlook.com,Погрузка,12607,74552,08.04.2023,17.08.2025,CRM Bitrix24,
11,LOG-000011,,TTN-987779,Новикова Анна Николаевна,не указано(ошибка),Фура,Новосибирск,"ул. Ленина, д. 104, кв. 140",+7-943-419-37-85,novikovaanna605@,В пути,12764,много,05.12.2026,18.04.2025,???,Груз с повышенным риском
12,LOG-000012,TTN-750312,TTN-750312,Воробьёв Максим Николаевич,Опасн. груз,Курьерский фургон,Нижний Новгород,"ул. Победы, д. 66, кв. 93",+7-936-833-97-11,vorobevmaksi680@yandex.ru,Погрузка,н/д,108843,19.06.2026,20.08.2024,Собственная система учёта,Международная
13,LOG-000013,TTN-641306,TTN-641306,Соколов Павел Иванович,Ско,Рефрижератор,не указано(ошибка),"ул. Садовая, д. 34, кв. 118",+7-941-227-82-54,sokolovpavel975@mail.ru,Погрузка,ABC,много,08.12.2023,10.05.2025,Excel-выгрузка,-
14,LOG-000014,ОШИБКА_ДАННЫХ,TTN-268599,Богданова,Скоропортящийся груз,Грузовик,Пермь,"ул. Мира, д. 66, кв. 115",+7-959-813-10-81,bogdanovaolg992@yandex.ru,В пути,2889,180265,16.02.2026,12.03.2026,Собственная система учёта,
15,LOG-000015,TTN-240029,TTN-240029,Новикова Юлия Николаевна,Негабаритный груз,Курьерский,Санкт-Петербург,"ул. Садовая, д. 8, кв. 68",+7-933-433-88-21,novikovayuli949@yandex.ru,Доставлено,19923,149220,06.02.2025,27.11.2024,Excel-выгрузка,Международная перевозка
16,LOG-000016,,TTN-888302,Морозова Алина Петровна,Скоропортящийся груз,Курьерский фургон,Самара,"ул. Советская, д. 101, кв. 88",+7-917-972-74-37,morozovaalin25@outlook.com,На ,15036,12068,28.04.2024,21.02.2025,CRM Bitrix24,Международная перевозка
17,LOG-000017,TTN-123720,TTN-123720,Соколов Кирилл Дмитриевич,Негабаритный груз,Грузовик,Екатеринбург,-,+7-959-346-88-90,,На таможне,2723,164170,06.11.2026,12.05.2026,CRM Bitrix24,Международная перевозка
18,LOG-000018,TTN-132817,TTN-132817,Воробьёв Кирилл Петрович,Негабар. груз,Фура,Сам,"ул. Победы, д. 17, кв. 146",+7-952-7,vorobevkiril795@gmail.com,На тамож.,5135,н/д,05.10.2024,16.08.2026,1С:Предприятие,Груз с повышенным риском
19,LOG-000019,TTN-482705,,Богданова Виктория Николаевна,Скоропортящийся груз,Рефрижератор,Новосиб.,"ул. Пушкина, д. 35, кв. 41",+7-912-429-47-74,bogdanovavik956@outlook.com,В пути,18939,30002,17.10.2024,22.12.2026,Собственная система учёта,Срочная доставка
20,LOG-000020,TTN-569691,TTN-569691,Алексеев Павел Андреевич,Опасный груз,Грузовик,Воронеж,"ул. Молодёжная, д. 56, кв. 38",+7-923-152-10-90,alekseevpave452@mail.ru,Погрузка,19941,226312,2025,07.07.2025,CRM Bitrix24,
21,LOG-000021,TTN-492368,TTN-492368,Егорова Ольга Ивановна,Негабаритный груз,Грузовик,Новосибирск,"ул. Молодёжная, д. 122, кв. 70",+7-945-856-58-36,egorovaolgai290@outlook.com,Неизвестная категория,1673,63066,14.04.2023,28.04.2025,Собственная система учёта,Срочная доставка
22,LOG-000022,TTN-800265,TTN-800265,Егорова Анна Петровна,Ген. груз,Курьерский фургон,Новосибирск,"ул. Садовая, д. 67, кв. 6",+7-931-331-18-78,egorovaannap340@outlook.com,Доставлено,10679,48839,17.09.2024,13.08.2026,1С:Предприятие,Срочная доставка
23,LOG-000023,TTN-264509,TTN-264509,Павлов Владимир Александрович,Генеральный груз,Фура,Нижний Новгород,"ул. Мира, д. 1, кв. 196",+7-933-986-81-81,pavlovvladim824@yandex.ru,Доставлено,14782,8353,03.06.2024,19.02.2025,Собственная система учёта,Международная перевозка
24,LOG-000024,TTN-804146,TTN-804146,Семёнова Екатерина Николаевна,Скоропортящийся груз,Грузовик,Москва,"ул. Спортивная, д. 123, кв. 13",+7-937-373-94-43,semenovaekat822@mail.ru,Выг,ABC,168807,11.11.2024,14.05.2024,1С:Предприятие,Требуется температурный контроль
25,LOG-000025,TTN-440638,TTN-440638,Волкова Ирина Сергеевна,Скоропортящийся груз,Грузовик,Самара,"ул. Гагарина, д. 113, кв. 144",12345,volkovairina371@mail.ru,Доставлено,2096,31021,17.01.2024,20.04.2026,SAP ERP,Груз с повышенным риском
26,LOG-000026,,TTN-216651,Фёдоров Артём Викторович,Ген. груз,Рефрижератор,Смр,"ул. Гагарина, д. 38, кв. 194",+7-923-369-51-17,fedorovartem30@outlook.com,Выгрузка,2461,238020,28.08.2024,26.07.2025,Excel-выгрузка,Требуется температурный контроль
27,LOG-000027,TTN-789204,TTN-789204,Петрова Алина Ивановна,Генеральный груз,Курьерский фургон,Москва,"ул. Победы, д. 16, кв. 183",+7-936-396-13-55,petrovaalina91@mail.ru,Доставлено,7512,47660,27.01.2025,04.12.2026,SAP ERP,Международная перевозка
28,LOG-000028,TTN-142680,TTN-142680,Новиков Александр Андреевич,Негабаритный груз,Рефрижератор,Екб,"ул. Мира, д. 117, кв. 49",+7-957-249-47-65,novikovaleks360@mail.ru,На таможне,5126,41655,23.11.2025,08.02.2024,SAP ERP,Требуется температурный контроль
29,LOG-000029,TTN-407795,TTN-407795,Кузнецова Полина Сергеевна,Опасный груз,Фура,Ростов-на-Дону,"ул. Победы, д. 139, кв. 179",+7-924-435-91-32,kuznecovapol246@outlook.com,Доставл.,6711,223702,18.09.2026,01.07.2025,Excel-выгрузка,
30,LOG-000030,TTN-381413,N/A,Виноградов Артём Николаевич,Опасный груз,Грузовик,Казань,"ул. Советская, д. 21, кв. 159",+7-933-603-82-95,vinogradovar339@outlook.com,Доставл.,3404,48297,24.10.2024,27.05.2025,Собственная система учёта,Международная перевозка
31,LOG-000031,TTN-746752,TTN-746752,Богданов Илья Николаевич,Скоропортящийся груз,Курьерский фургон,Краснодар,"ул. Пушкина, д. 65, кв. 153",+7-951-836-17-31,bogdanovilya60@yandex.ru,###,15546,31020,13.11.2025,02.11.2025,CRM Bitrix24,
32,LOG-000032,TTN-542415,TTN-542415,Смирнов Дмитрий Андреевич,Опасный груз,Курьерский фургон,Казань,"ул. Мира, д. 9, кв. 131",+7-914-903-79-86,smirnovdmitr712@mail.ru,В пути,15496,139421,04.02.2023,15.05.2024,1С:Предприятие,
33,LOG-000033,TTN-786440,TTN-786440,Новикова Наталья Николаевна,Скоропортящийся груз,Фура,Сам,"ул. Гагарина, д. 90, кв. 104",+7-940-237-21-98,novikovanata577@mail.ru,На таможне,2490,231979,19.01.2023,24.06.2025,CRM,Срочная доставка
34,LOG-000034,TTN-470776,TTN-470776,Попова Юлия Дмитриевна,Опасный груз,Рефрижератор,Новосибирск,"ул. Мира, д. 77, кв. 112",+7-921-796-11-10,popovayuliya546@mail.ru,Доставлено,17770,197261,2026,26.12.2025,1С:Предприятие,Международная
35,LOG-000035,TTN-351617,TTN-351617,Соколов Илья Сергеевич,Негабар. груз,Рефрижератор,Новосиб.,####,+7-953-294-20-45,sokolovilyas364@yandex.ru,На таможне,17578,н/д,02.12.2023,07.08.2026,CRM Bitrix24,Срочная доставка
36,LOG-000036,TTN-536406,TTN-536406,Смирнова Ксения Александровна,Негабаритный груз,Курьерский фургон,Челябинск,"ул. Центральная, д. 64, кв. 23",+7-916-109-31-50,smirnovaksen802@yandex.ru,Выгрузка,10438,225930,2026-13-45,,SAP ERP,Требуется температурный контроль
37,LOG-000037,TTN-756164,TTN-756164,Петров Андрей Александрович,Опасный груз,Рефрижератор,Ростов-на-Дону,"ул. Центральная, д. 35, кв. 59",+7-947-569-89-76,petrovandrei107@mail.ru,Дос,16548,38866,25.12.2023,13.08.2024,1С:Предприятие,Международная перевозка
38,LOG-000038,TTN-798474,TTN-798474,Алексеева Екатерина Викторовна,Опасный груз,Грузовик,Нижний Новгород,"ул. Гагарина, д. 95, кв. 58",+7-954-548-69-62,alekseevaeka490@outlook.com,В пути,4296,221216,19.05.2025,01.07.2025,Excel-выгрузка,Требуется температурный контроль
39,LOG-000039,TTN-284565,TTN-284565,Лебедева Татьяна Петровна,Негабаритный груз,Фура,Краснодар,"ул. Ленина, д. 93, кв. 117",+7-917-259-24-61,ivanov.mail.ru,Доставлено,,177181,21.09.2026,16.03.2026,CRM Bitrix24,Международная перевозка
40,LOG-000040,TTN-277323,нет данных(ошибка),Петрова Полина Николаевна,Негабаритный груз,Курьерский фургон,Краснодар,"ул. Победы, д. 75, кв. 75",+7-935-943-10-90,petrovapolin519@outlook.com,Доставлено,18825,87982,2024,22.02.2026,CRM Bitrix24,Груз с повышенным риском
41,LOG-000041,TTN-869407,TTN-869407,Морозов Андрей Сергеевич,Ген. груз,Курьерский фургон,Казань,"ул. Победы, д. 54, кв. 77",+7-954-644-54-63,morozovandre891@gmail.com,На тамож.,468,75242,06.07.2025,28.01.2025,SAP ERP,Международная перевозка
42,LOG-000042,TTN-201229,TTN-201229,Смирнов Сергей Иванович,Опасный груз,Рефрижератор,Санкт-Петербург,"ул. Центральная, д. 15, кв. 14",+7-913-326-38-66,smirnovserge264@mail.ru,Выгрузка,8713,210149,05.02.2024,14.01.2026,ОШИБКА_ДАННЫХ,Требуется температурный контроль
43,LOG-000043,TTN-493117,???,Виноградова Виктория Александровна,Скоропортящийся груз,Курьерский фургон,категория_5,"ул. Ленина, д. 34, кв. 186",+7-945-782-84-22,ivanov.mail.ru,Доставл.,16615,132614,26.08.2023,05.05.2024,1С:Предприятие,Срочная доставка
44,LOG-000044,TTN-445511,TTN-445511,Богданов Виктор Петрович,Опасн. груз,Фура,Волгоград,"ул. Молодёжная, д. 109, кв. 199",+7-935-555-38-45,bogdanovvikt912@gmail.com,Доставл.,14302,17264,11.12.2023,02.01.2026,Собственная система учёта,Международная перевозка
45,LOG-000045,TTN-926935,TTN-926935,Новикова Виктория Дмитриевна,Скороп. груз,Курьерский фургон,Новосиб.,"ул. Мира, д. 112, кв. 128",+7-947-272-24-28,novikovavikt67@outlook.com,Доставл.,10495,38162,16.02.2026,14.09.2024,,Требуется температурный контроль
46,LOG-000046,TTN-798248,TTN-798248,Козлова Юлия Петровна,Негабаритный груз,Грузовик,Санкт-Петербург,"ул. Молодёжная, д. 66, кв. 139",+7-951-997-50-43,kozlovayuliy81@outlook.com,В пути,,36146,вчера,23.10.2026,Excel-выгрузка,Груз с повышенным риском
47,LOG-000047,TTN-365978,TTN-365978,Козлова Ольга Александровна,Неизвестная категория,Рефрижератор,Воронеж,"ул. Советская, д. 99, кв. 37",+7-933-757-60-82,kozlovaolgaa685@mail.ru,На тамож.,8057,196949,11.01.2024,18.02.2026,Excel-выгрузка,Срочная доставка
48,LOG-000048,TTN-273317,TTN-273317,Новикова Елена Ивановна,Опасный груз,Грузовик,Москва,"ул. Мира, д. 9, кв. 112",+7-953-819-18-83,novikovaelen762@gmail.com,Доставлено,2235,208870,17.02.2026,23.04.2026,CRM Bitrix24,
49,LOG-000049,TTN-830015,TTN-830015,Лебедева Ирина Ивановна,Опасн. груз,нет данных(ошибка),Нижний Новгород,"ул. Победы, д. 5, кв. 172",+7-914-666-19-81,lebedevairin573@outlook.com,На тамож.,1870,60559,25.05.2026,13.04.2026,1С:Предприятие,???
50,LOG-000050,ОШИБКА_ДАННЫХ,TTN-455843,Егоров Максим Дмитриевич,Ген. груз,Фура,Н.Новгород,"ул. Мира, д. 84, кв. 183",+7-920-168-29-20,egorovmaksim810@yandex.ru,В пути,17906,120187,02.01.2024,02.07.2026,CRM Bitrix24,Груз с повышенным риском
51,LOG-000051,TTN-956435,TTN-956435,Воробьёва Юлия Петровна,Скоропортящийся груз,Курьерский фургон,Екатеринбург,"ул. Центральная, д. 119, кв. 95",+7-937-859-98-90,vorobevayuli659@gmail.com,Погрузка,713,145203,05.06.2025,05.08.2024,SAP ERP,
52,LOG-000052,TTN-385719,???,Голубева Мария Ивановна,Скоропортящийся груз,нет данных(ошибка),Пермь,"ул. Мира, д. 50, кв. 61",+7-911-707-75-42,нет_почты,В пути,4433,216698,31.02.2026,09.12.2026,CRM Bitrix24,Груз с повышенным риском
53,LOG-000053,TTN-634270,TTN-634270,Смирнов Егор Николаевич,Ген. груз,Фура,Сам,####,+7-932-422-77-65,smirnovegorn241@mail.ru,В пути,6223,244198,12.01.2024,26.02.2025,CRM Bitrix24,Требуется температурный контроль
54,LOG-000054,TTN-181685,TTN-181685,Козлов Павел Петрович,Негабар. груз,Фура,Пермь,"ул. Молодёжная, д. 121, кв. 184",+7-954-735-16-75,kozlovpavelp761@yandex.ru,Погрузка,6928,195320,21.12.2025,05.12.2024,???,Требуется температурный контроль
55,LOG-000055,TTN-180317,TTN-180317,Иванов Никита Андреевич,Генеральный груз,Курьерский фургон,Казань,ул.,+7-923-147-86-93,ivanovnikita193@mail.ru,Дос,19820,22615,06.01.2026,05.09.2024,Собственная система учёта,
56,LOG-000056,TTN-526784,TTN-526784,Виноградова Дарья Дмитриевна,Генеральный груз,Рефрижератор,Екатеринбург,"ул. Советская, д. 82, кв. 165",+7-943-531-32-79,vinogradovad905@yandex.ru,На тамож.,16568,189175,18.06.2023,16.08.2026,Собственная система учёта,Срочная доставка
57,LOG-000057,TTN-624545,TTN-624545,Богданов Артём Петрович,Генеральный груз,Фура,Нижний Новгород,"ул. Пушкина, д. 108, кв. 67",+7-927-262-35-93,bogdanovarte958@gmail.com,Доставлено,17360,190351,17.05.2026,23.01.2025,Собственная система учёта,Груз с повышенным риском
58,LOG-000058,TTN-819733,TTN-819733,Попова Елена Александровна,Опасный груз,Рефрижератор,Нижний Новгород,"ул. Гагарина, д. 40, кв. 164",+7-926-6,popovaelenaa93@mail.ru,На таможне,15197,102414,07.07.2024,,,Международная перевозка
59,LOG-000059,TTN-753085,TTN-753085,Виноградов Виктор Иванович,Опасный груз,Грузовик,Н.Новгород,"ул. Ленина, д. 64, кв. 70",+7-944-970-42-53,vinogradovvi333@gmail.com,В пути,13812,120190,25.11.2024,07.07.2024,CRM Bitrix24,Международная перевозка
60,LOG-000060,TTN-461321,TTN-461321,Виноградова Елена Дмитриевна,Ген. груз,Курьерский фургон,Новосибирск,"ул. Спортивная, д. 97, кв. 105",+7-915-820-47-49,vinogradovae399@outlook.com,На таможне,17025,175961,02.10.2025,20.12.2026,,Срочная доставка
61,LOG-000061,TTN-228861,TTN-228861,Егоров Александр Дмитриевич,Генеральный груз,Рефрижератор,Мск,"ул. Гагарина, д. 43, кв. 169",+7-923-946-91-53,egorovaleksa12@outlook.com,Выгрузка,11498,137582,06.06.2025,26.10.2024,SAP ERP,12345XYZ
62,LOG-000062,TTN-724482,TTN-724482,Лебедева Наталья Ивановна,Генеральный груз,Рефрижератор,Краснодар,"ул. Садовая, д. 74, кв. 137",+7-952-819-96-60,lebedevanata546@mail.ru,Погрузка,16249,75506,24.08.2025,13.08.2025,Собственная система учёта,Груз с повышенным риском
63,LOG-000063,TTN-553267,TTN-553267,Павлова Виктория Александровна,Генеральный груз,Курьерский фургон,Екатеринбург,"ул. Ленина, д. 57, кв. 109",+7-932-730-99-14,pavlovavikto480@outlook.com,На таможне,13891,115710,31.02.2026,19.01.2025,Excel-выгрузка,Требуется температурный контроль
64,LOG-000064,TTN-436039,TTN-436039,Иванов Виктор Дмитриевич,Негабаритный груз,Фура,Екатеринбург,"ул. Пушкина, д. 59, кв. 192",+7-915-885-70-27,ivanovviktor717@outlook.com,На таможне,13845,183318,17.02.2024,08.06.2026,SAP ERP,Требуется температурный контроль
65,LOG-000065,TTN-900264,TTN-900264,Кузнецов Владимир Александрович,Генеральный груз,Рефрижератор,Пермь,"ул. Садовая, д. 82, кв. 39",+7-934-312-31-36,kuznecovvlad48@mail.ru,Выгрузка,17050,223342,16.08.2025,18.12.2026,SAP ERP,Срочная доставка
66,LOG-000066,####,TTN-247885,Морозова Ирина Сергеевна,Генеральный груз,Грузовик,Санкт-Петербург,"ул. Садовая, д. 108, кв. 101",+7-942-277-70-31,morozovairin233@outlook.com,На тамож.,,21861,19.05.2023,2026-13-45,SAP ERP,
67,LOG-000067,TTN-676428,ОШИБКА_ДАННЫХ,Виноградова Полина Сергеевна,Опасный груз,Грузовик,Ворнж,"ул. Победы, д. 27, кв. 199",+7-922-868-24-85,vinogradovap539@gmail.com,В пути,17645,147893,14.08.2024,09.04.2026,CRM Bitrix24,
68,LOG-000068,TTN-375927,TTN-375927,Семёнов Алексей Дмитриевич,Опасный груз,Фура,Новосибирск,"ул. Пушкина, д. 121, кв. 60",+7-939-392-52-68,semenovaleks319@,Выгрузка,6068,118519,24.11.2025,07.10.2025,1С:Предприятие,
69,LOG-000069,TTN-666156,TTN-666156,Попов Дмитрий Андреевич,Негабар. груз,Курьерский фургон,Челяб.,"ул. Садовая, д. 27, кв. 176",+7-919-841-23-52,popovdmitrii277@gmail.com,В пути,7195,116064,22.10.2024,,1С:Предприятие,Международная перевозка
70,LOG-000070,TTN-810937,TTN-810937,Волков Егор Иванович,Генеральный груз,Фура,Ростов-на-Дону,"ул. Пушкина, д. 50, кв. 39",+7-925-476-82-14,volkovegoriv249@outlook.com,В пути,16577,120971,,24.05.2025,Собственная система учёта,Международная перевозка
71,LOG-000071,TTN-139298,TTN-139298,Попова Наталья Дмитриевна,Ген. груз,Курьерский фургон,Казань,"ул. Садовая, д. 133, кв. 86",+7-939-517-10-18,popovanataly734@outlook.com,Выгрузка,12797,ERROR,07.10.2026,24.10.2026,CRM Bitrix24,Срочная доставка
72,LOG-000072,TTN-663592,TTN-663592,Егорова Мария Александровна,Опасн. груз,Грузовик,Пермь,"ул. Спортивная, д. 125, кв. 189",+7-953-646-86-90,egorovamariy833@yandex.ru,Погрузка,16384,173728,08.12.2024,01.02.2026,1С:Предприятие,нет данных(ошибка)
73,LOG-000073,TTN-523430,TTN-523430,Иванова Наталья Андреевна,Ген. груз,Рефрижератор,Самара,"ул. Гагарина, д. 97, кв. 67",+7-959-504-71-46,ivanovanatal949@gmail.com,На таможне,13478,182166,24.12.2024,21.03.2024,SAP ERP,Требуется температурный контроль
74,LOG-000074,TTN-483219,TTN-483219,Семёнов Артём Николаевич,Ген. груз,Рефрижератор,Казань,"ул. Победы, д. 68, кв. 123",+7-928-285-10-13,semenovartem546@yandex.ru,Доставлено,4894,59841,22.04.2025,10.02.2025,CRM Bitrix24,Международная перевозка
75,LOG-000075,TTN-301874,TTN-301874,Виноградова Дарья Александровна,Ген. груз,Фура,Пермь,"ул. Центральная, д. 46, кв. 169",+7-927-722-30-78,vinogradovad847@gmail.com,категория_5,18740,106653,16.06.2026,22.09.2024,SAP ERP,Груз с повышенным риском
76,LOG-000076,TTN-757821,TTN-757821,Кузнецов,Негабаритный груз,???,Челяб.,"ул. Гагарина, д. 22, кв. 82",+7-946-795-79-91,kuznecovegor338@mail.ru,Выгрузка,185,47482,09.03.2024,2025,,Груз с повышенным риском
77,LOG-000077,TTN-772020,TTN-772020,Смирнова Ксения Андреевна,Негабар. груз,Курьерский фургон,Кра,"ул. Ленина, д. 16, кв. 100",+7-944-416-11-88,smirnovaksen285@outlook.com,В пути,18759,216211,28.09.2024,12.06.2025,1С:Предприятие,Срочная доставка
78,LOG-000078,TTN-757775,TTN-757775,Иванова,Негабаритный груз,???,Смр,"ул. Пушкина, д. 69, кв. 175",+7-955-706-25-38,ivanovaannaa644@mail.ru,Выгрузка,3315,1038,22.06.2025,09.01.2025,1С:Предприятие,
79,LOG-000079,TTN-297548,TTN-297548,???,Генеральный груз,Рефрижератор,Санкт-Петербург,"ул. Мира, д. 131, кв. 35",+7-921-274-46-24,egorovaleksa687@yandex.ru,В пути,18915,98702,01.02.2023,06.04.2024,CRM Bitrix24,Груз с повышенным риском
80,LOG-000080,TTN-856262,???,-,Негабар. груз,Рефрижератор,Краснодар,"ул. Мира, д. 73, кв. 48",+7-941-339-50-14,kuznecovavik141@yandex.ru,Погрузка,8812,205881,28.07.2023,2024,N/A,
81,LOG-000081,TTN-962860,TTN-962860,Козлова Ирина Сергеевна,Генеральный груз,Грузовик,Новосибирск,"ул. Спортивная, д. 123, кв. 129",+7-951-404-94-32,kozlovairina818@mail.ru,На таможне,8092,167707,23.02.2025,21.10.2026,SAP ERP,Требуется температурный контроль
82,LOG-000082,TTN-755190,???,Фёдорова Татьяна Дмитриевна,Опасн. груз,Курьерский фургон,Екатеринбург,"ул. Ленина, д. 28, кв. 153",+7-951-865-23-23,fedorovataty283@gmail.com,В пути,3739,214349,15.12.2026,22.02.2024,SAP ERP,Требуется температурный контроль
83,LOG-000083,TTN-101291,TTN-101291,Богданова Наталья Сергеевна,Ген. груз,Курьерский фургон,Н.Новгород,"ул. Победы, д. 98, кв. 38",+7-951-740-13-90,bogdanovanat631@mail.ru,Доставлено,6179,166642,16.12.2024,25.07.2024,SAP ERP,Груз с повышенным риском
84,LOG-000084,TTN-779603,TTN-779603,Лебедева Екатерина Петровна,Негабаритный груз,,Воронеж,"ул. Гагарина, д. 14, кв. 191",+7-950-422-58-54,lebedevaekat705@outlook.com,Выгрузка,3104,231779,27.08.2026,15.03.2024,Собственная система учёта,Международная перевозка
85,LOG-000085,TTN-942953,-,-,Генеральный груз,Рефрижератор,Казань,"ул. Центральная, д. 34, кв. 83",+7-922-354-93-31,kuznecovalek791@gmail.com,Доставлено,14901,212242,22.08.2023,13.01.2024,Собственная система учёта,Срочная доставка
86,LOG-000086,TTN-674717,TTN-674717,Павлова Юлия Дмитриевна,Негабаритный груз,Грузовик,Пермь,"ул. Гагарина, д. 37, кв. 140",+7-954-452-46-15,pavlovayuliy15@gmail.com,В пути,13222,197678,28.07.2023,22.09.2025,SAP ERP,Международная перевозка
87,LOG-000087,TTN-819328,TTN-819328,Павлов Алексей Сергеевич,Негабаритный груз,Рефрижератор,Самара,"ул. Садовая, д. 68, кв. 133",+7-917-7,pavlovalekse298@mail.ru,На таможне,19988,143454,15.12.2024,10.02.2026,Excel-выгрузка,Требуется температурный контроль
88,LOG-000088,TTN-458090,TTN-458090,Морозова Светлана Петровна,Генеральный груз,Курьерский фургон,Волгоград,12345XYZ,+7-935-676-75-22,morozovasvet844@gmail.com,В пути,7306,71940,07.04.2025,27.05.2026,CRM Bitrix24,Требуется температурный контроль
89,LOG-000089,TTN-741159,TTN-741159,Фёдорова Светлана Петровна,Негабар. груз,Фура,Санкт-Петербург,"ул. Ленина, д. 46, кв. 197",+7-913-615-53-98,fedorovasvet45@yandex.ru,На тамож.,13115,68836,17.10.2025,09.04.2024,SAP ERP,Требуется температурный контроль
90,LOG-000090,TTN-457245,TTN-457245,12345XYZ,Скороп. груз,Грузовик,Казань,"ул. Центральная, д. 66, кв. 179",+7-925-8,pavlovairina258@mail.ru,На таможне,9861,228240,01.11.2024,09.06.2026,SAP ERP,Международная перевозка
91,LOG-000091,TTN-383509,TTN-383509,Соколова Ольга Андреевна,Генеральный груз,Грузовик,Сам,"ул. Центральная, д. 147, кв. 73",+7-947-400-44-26,sokolovaolga860@yandex.ru,не указано(ошибка),7757,,17.11.2025,05.05.2025,Excel-выгрузка,
92,LOG-000092,TTN-965891,TTN-965891,Козлова Ксения Александровна,Скоропортящийся груз,Рефрижератор,Воронеж,"ул. Победы, д. 6, кв. 146",+7-929-552-78-93,kozlovakseni728@outlook.com,На тамож.,2205,232103,18.04.2026,17.03.2026,1С:Предприятие,Требуется температурный контроль
93,LOG-000093,TTN-856132,TTN-856132,Воробьёва Ксения Сергеевна,Скоропортящийся груз,Грузовик,Волгоград,"ул. Мира, д. 31, кв. 130",+7-947-845-46-58,vorobevaksen251@yandex.ru,Погрузка,2741,114787,27.06.2026,08.07.2025,Excel-выгрузка,Груз с повышенным риском
94,LOG-000094,TTN-100480,TTN-100480,Морозов Павел Андреевич,Негабар. груз,Рефрижератор,Казань,"ул. Ленина, д. 21, кв. 90",+7-935-941-47-11,morozovpavel683@outlook.com,На тамож.,10802,189279,10.10.2026,13.05.2024,Excel-выгрузка,Груз
95,LOG-000095,TTN-456731,TTN-456731,Виноградова Анна Андреевна,Опасный груз,,Новосиб.,"ул. Центральная, д. 118, кв. 68",+7-954-203-94-60,vinogradovaa827@mail.ru,Выгрузка,11931,110096,15.06.2026,,Excel-выгрузка,Груз с повышенным риском
96,LOG-000096,TTN-355449,TTN-355449,Виноградов Алексей Иванович,Генеральный груз,Курьерский фургон,Сан,"ул. Мира, д. 15, кв. 109",+7-946-943-62-68,,В пути,6023,74583,08.03.2026,07.05.2025,Excel-выгрузка,
97,LOG-000097,TTN-280505,TTN-280505,Смирнова Ирина Викторовна,Опасн. груз,Фура,Пермь,"ул. Садовая, д. 53, кв. 128",+7-948-888-46-66,smirnovairin646@outlook.com,На таможне,2272,132005,23.04.2024,24.07.2024,,Требуется температурный контроль
98,LOG-000098,N/A,TTN-155807,Павлова Юлия Петровна,Опасный груз,Грузовик,Новосиб.,"ул. Советская, д. 73, кв. 192",+7-99-abc-12-34,pavlovayuliy439@mail.ru,На таможне,,161161,22.11.2023,17.02.2025,SAP ERP,Срочная доставка
99,LOG-000099,TTN-416162,TTN-416162,Голубева Полина Ивановна,Генеральный груз,Рефрижератор,Челябинск,"ул. Молодёжная, д. 79, кв. 110",+7-911-308-58-35,golubevapoli903@yandex.ru,На таможне,-1,141864,06.07.2026,04.08.2024,-,Груз с повышенным риском
100,LOG-000100,TTN-191419,TTN-191419,Егоров Артём Викторович,Опасный груз,Курьерский фургон,Челябинск,"ул. Советская, д. 15, кв. 97",+7-953-894-15-72,egorovartemv510@yandex.ru,Выгрузка,5349,244026,12.07.2024,14.08.2026,1С:Предприятие,Международная перевозка
101,LOG-000101,TTN-581859,TTN-581859,Алексеева Светлана Петровна,Генеральный груз,Курьерский фургон,Нижний Новгород,"ул. Ленина, д. 41, кв. 41",+7-935-212-94-26,alekseevasve262@yandex.ru,Доставлено,8366,214507,15.12.2025,23.05.2024,SAP ERP,
102,LOG-000102,???,TTN-191585,Богданов Андрей Сергеевич,Опасный груз,Грузовик,Нижний Новгород,"ул. Садовая, д. 19, кв. 7",+7-947-709-53-92,bogdanovandr526@outlook.com,Погрузка,ERROR,65030,21.09.2024,01.08.2024,ОШИБКА_ДАННЫХ,Груз
103,LOG-000103,TTN-885094,TTN-885094,Павлов Артём Петрович,Генеральный груз,Рефрижератор,Екатеринбург,"ул. Советская, д. 11, кв. 137",+7-959-436-21-86,pavlovartemp557@yandex.ru,Выгрузка,1889,,06.12.2026,18.10.2025,Собственная система учёта,Международная перевозка
104,LOG-000104,TTN-536934,TTN-536934,Смирнова Ольга Александровна,Негабар. груз,Грузовик,Краснодар,"ул. Спортивная, д. 113, кв. 92",+7-943-494-37-81,smirnovaolga956@mail.ru,На таможне,1806,212523,04.05.2025,вчера,Excel-выгрузка,Требуется температурный контроль
105,LOG-000105,TTN-310983,TTN-310983,Лебедева Светлана Викторовна,Скоропортящийся груз,Рефрижератор,Екатеринбург,"ул. Спортивная, д. 108, кв. 23",+7-950-928-11-47,lebedevasvet528@mail.ru,Доставлено,204,83439,28.05.2026,17.10.2026,Excel-выгрузка,Международная перевозка
106,LOG-000106,TTN-655690,TTN-655690,Петрова Наталья Сергеевна,Скороп. груз,Фура,Краснодар,"ул. Центральная, д. 18, кв. 56",+7-944-714-86-28,petrovanatal582@outlook.com,В пути,11091,176483,22.05.2025,26.06.2025,Собственная система учёта,
107,LOG-000107,TTN-124404,TTN-124404,Семёнов Роман Андреевич,Генеральный груз,Грузовик,Казань,"ул. Спортивная, д. 83, кв. 34",+7-935-176-45-99,semenovroman813@gmail.com,Выгрузка,16966,45678,24.06.2025,14.07.2026,CRM,Срочная доставка
108,LOG-000108,TTN-324669,TTN-324669,Попов Дмитрий Дмитриевич,Опасный груз,Фура,Челяб.,"ул. Спортивная, д. 150, кв. 112",+7-924-191-68-41,popovdmitrii773@yandex.ru,В пути,18351,,,13.04.2026,Собственная система учёта,Международная перевозка
109,LOG-000109,TTN-569132,TTN-569132,Петров Роман Дмитриевич,Скоропортящийся груз,Грузовик,Пермь,"ул. Советская, д. 70, кв. 53",+7-917-969-64-29,petrovromand206@yandex.ru,На таможне,13279,49283,09.04.2023,12.04.2024,Excel-выгрузка,Требуется температурный контроль
110,LOG-000110,,TTN-912030,Волкова Елена Петровна,Скоропортящийся груз,Фура,СПб,"ул. Советская, д. 137, кв. 109",+7-910-489-74-33,volkovaelena785@outlook.com,В пути,16754,118714,09.03.2023,10.07.2025,SAP ERP,Груз с повышенным риском
111,LOG-000111,TTN-224983,TTN-224983,Голубева Елена Ивановна,Генеральный груз,Курьерский фургон,Москва,"ул. Ленина, д. 148, кв. 99",+7-99-abc-12-34,golubevaelen314@outlook.com,На таможне,7470,169917,25.10.2025,,Excel-выгрузка,Требуется температурный контроль
112,LOG-000112,TTN-526238,TTN-526238,Алексеева Ольга Ивановна,Негабаритный груз,Фура,Ростов-на-Дону,"ул. Ленина, д. 105, кв. 174",+7-915-117-99-96,alekseevaolg865@mail.ru,,5366,,07.03.2023,13.04.2024,Excel-выгрузка,Груз с повышенным риском
113,LOG-000113,TTN-548029,TTN-548029,Козлова Татьяна Александровна,Генеральный груз,,Казань,"ул. Ленина, д. 51, кв. 88",+7-911-312-44-26,kozlovatatya410@mail.ru,В пути,16638,189505,31.02.2026,09.01.2026,CRM Bitrix24,Международная перевозка
114,LOG-000114,TTN-681412,TTN-681412,Кузнецов Владимир Дмитриевич,Опасный груз,Фура,Казань,"ул. Гагарина, д. 19, кв. 17",+7-929-908-41-91,kuznecovvlad508@outlook.com,Доставл.,11348,139437,07.04.2026,,Excel-выгрузка,Срочная доставка
115,LOG-000115,12345XYZ,TTN-605909,Егоров Роман Сергеевич,Негабаритный груз,Грузовик,Мск,"ул. Центральная, д. 54, кв. 121",телефон отсутствует,egorovromans298@outlook.com,Выгрузка,8811,61871,17.01.2025,2026-13-45,Excel-выгрузка,Требуется температурный контроль
116,LOG-000116,нет данных(ошибка),TTN-396199,Волков Роман Викторович,Скороп. груз,Фура,Краснодар,"ул. Советская, д. 95, кв. 163",+7-942-652-71-90,volkovromanv177@gmail.com,Погрузка,1544,153412,2025,12.01.2026,SAP ERP,Срочная доставка
117,LOG-000117,TTN-982852,TTN-982852,Новикова Дарья Андреевна,Генеральный груз,Грузовик,Краснодар,-,+7-911-890-69-57,novikovadary588@yandex.ru,В пути,19336,145824,15.07.2025,01.01.2025,SAP ERP,Груз с повышенным риском
118,LOG-000118,TTN-602353,TTN-602353,Козлов Кирилл Иванович,Скоропортящийся груз,Рефрижератор,Пермь,"ул. Садовая, д. 150, кв. 77",,kozlovkirill937@mail.ru,На таможне,7118,244749,09.04.2026,03.11.2025,Excel-выгрузка,Срочная доставка
119,LOG-000119,TTN-627221,,Семёнов Виктор Александрович,Скороп. груз,Рефрижератор,Нижний Новгород,"ул. Победы, д. 34, кв. 150",+7-920-479-75-33,semenovvikto595@gmail.com,Погрузка,9409,144229,15.09.2023,19.06.2025,CRM Bitrix24,Требуется температурный контроль
120,LOG-000120,TTN-782437,TTN-782437,Кузнецова Мария Александровна,Скороп. груз,Курьерский фургон,Ростов-на-Дону,"ул. Садовая, д. 103, кв. 154",+7-956-363-58-18,kuznecovamar866@gmail.com,Погрузка,12593,ABC,09.02.2026,16.11.2024,Собственная система учёта,Срочная доставка
121,LOG-000121,TTN-899992,TTN-899992,Кузнецов Виктор Александрович,Скороп. груз,Курьерский,Ростов-на-Дону,"ул. Советская, д. 34, кв. 106",,kuznecovvikt955@yandex.ru,Погрузка,5910,247125,22.12.2025,2026,Excel-выгрузка,
122,LOG-000122,TTN-988588,TTN-988588,Богданов Илья Иванович,Опа,Курьерский фургон,Челябинск,"ул. Советская, д. 110, кв. 200",+7-911-324-28-22,petrov@@mail..ru,В пути,,85290,12.02.2026,20.08.2025,Собственная,
123,LOG-000123,TTN-999327,ОШИБКА_ДАННЫХ,Новикова Алина Дмитриевна,Неизвестная категория,Грузовик,Казань,"ул. Спортивная, д. 106, кв. 132",+7-923-807-30-71,ivanov.mail.ru,В пути,17475,155289,05.09.2023,04.08.2024,,Международная перевозка
124,LOG-000124,TTN-720977,TTN-720977,Лебедев Максим Андреевич,Генеральный груз,Рефрижератор,Челяб.,"ул. Советская, д. 39, кв. 126",+7-921-231-44-34,lebedevmaksi946@outlook.com,На таможне,17711,195888,14.02.2023,19.06.2024,Excel-выгрузка,
125,LOG-000125,TTN-980218,TTN-980218,Смирнова Татьяна Викторовна,Ген. груз,Грузовик,Н.Новгород,"ул. Центральная, д. 114, кв. 120",+7-917-493-35-24,smirnovataty631@gmail.com,В пути,много,14225,21.03.2026,17.08.2026,Excel-выгрузка,
126,LOG-000126,TTN-197963,TTN-197963,Смирнова Екатерина Сергеевна,Негабаритный груз,Рефрижератор,Самара,"ул. Пушкина, д. 10, кв. 34",+7-937-756-15-95,smirnovaekat341@yandex.ru,Доставлено,17771,ABC,21.05.2026,,SAP ERP,Требуется температурный контроль
127,LOG-000127,TTN-992609,TTN-992609,Виноградова,Скоропортящийся груз,Фура,Мск,"ул. Пушкина, д. 93, кв. 161",+7-926-731-32-74,vinogradovav398@outlook.com,Выгрузка,11114,114634,08.06.2026,14.07.2026,Собственная система учёта,
128,LOG-000128,TTN-179892,12345XYZ,Лебедев Алексей Сергеевич,Скороп. груз,Грузовик,Самара,"ул. Советская, д. 52, кв. 126",+7-923-292-32-60,lebedevaleks860@gmail.com,Погрузка,17059,ABC,10.05.2025,02.10.2026,CRM Bitrix24,Требуется температурный контроль
129,LOG-000129,TTN-646219,TTN-646219,Семёнов Виктор Андреевич,Скоропортящийся груз,Грузовик,Казань,"ул. Гагарина, д. 24, кв. 81",+7-940-784-74-64,semenovvikto722@gmail.com,На таможне,17397,217790,14.10.2024,01.03.2024,SAP ERP,Груз с повышенным риском
130,LOG-000130,TTN-807778,TTN-807778,Иванова Татьяна Александровна,Ген. груз,Грузовик,Ростов-на-Дону,"ул. Гагарина, д. 74, кв. 110",+7-958-481-29-18,ivanovatatya893@yandex.ru,В пути,11563,107298,10.05.2024,14.08.2024,CRM Bitrix24,
131,LOG-000131,TTN-263831,TTN-263831,Петрова Алина Ивановна,Опасн. груз,Рефрижератор,Н.Новгород,нет данных(ошибка),+7-950-530-73-16,petrovaalina451@yandex.ru,Погрузка,много,13320,19.01.2023,12.12.2025,Excel-выгрузка,Международная перевозка
132,LOG-000132,TTN-344991,TTN-344991,Виноградова Алина Сергеевна,Скоропортящийся груз,Курьерский фургон,Краснодар,"ул. Пушкина, д. 53, кв. 118",+7-915-205-70-92,vinogradovaa863@mail.ru,Доставлено,11488,224797,04.10.2026,2026-13-45,Excel-выгрузка,
133,LOG-000133,TTN-184808,TTN-184808,нет данных(ошибка),Скоропортящийся груз,Грузовик,Краснодар,???,+7-948-310-69-76,volkovatatya59@gmail.com,Доставлено,15174,18738,03.08.2025,27.07.2025,CRM Bitrix24,Требуется температурный контроль
134,LOG-000134,нет данных(ошибка),TTN-110033,Иванова Полина Николаевна,Опасн. груз,Грузовик,Самара,ул.,+7-937-771-52-65,ivanovapolin823@gmail.com,Доставлено,1264,213331,15.04.2023,2024,1С:Предприятие,Международная перевозка
135,LOG-000135,TTN-543569,TTN-543569,Смирнова Екатерина Александровна,Негабаритный груз,Курьерский фургон,Воронеж,"ул. Пушкина, д. 45, кв. 56",+7-940-915-74-34,smirnovaekat665@outlook.com,Выгрузка,4522,237280,24.02.2024,01.08.2025,1С:Предприятие,Груз с повышенным риском
136,LOG-000136,####,TTN-512898,Алексеева Ксения Ивановна,Негабаритный груз,Фура,Ростов-н/Д,"ул. Молодёжная, д. 42, кв. 60",+7-934-237-16-22,alekseevakse297@,В пути,3338,66922,08.07.2026,23.03.2024,Собственная система учёта,
137,LOG-000137,TTN-513126,TTN-513126,Кузнецова Юлия Дмитриевна,Генеральный груз,Фура,Санкт-Петербург,"ул. Спортивная, д. 101, кв. 177",+7-943-656-52-34,kuznecovayul605@gmail.com,Погрузка,6291,194997,06.09.2025,08.07.2026,Excel-выгрузка,Международная перевозка
138,LOG-000138,TTN-568314,TTN-568314,Виноградова Юлия Сергеевна,Скоропортящийся груз,Рефрижератор,Воронеж,12345XYZ,+7-943-610-78-24,vinogradovay219@yandex.ru,Доставл.,3951,207598,07.03.2026,17.09.2024,CRM Bitrix24,Груз с повышенным риском
139,LOG-000139,TTN-748830,TTN-748830,Семёнов Роман Викторович,Скоропортящийся груз,Грузовик,Самара,"ул. Советская, д. 136, кв. 121",,semenovroman28@gmail.com,На таможне,9747,128478,07.06.2025,04.05.2024,CRM Bitrix24,Срочная доставка
140,LOG-000140,TTN-974592,TTN-974592,Голубева Виктория Александровна,Негабаритный груз,Рефрижератор,Казань,"ул. Спортивная, д. 31, кв. 72",+7-953-207-11-98,golubevavikt886@outlook.com,Погрузка,,215519,19.09.2026,25.08.2025,SAP ERP,Груз с повышенным риском
141,LOG-000141,TTN-821907,TTN-821907,Иванов Александр Николаевич,Неизвестная категория,Рефрижератор,Новосиб.,"ул. Центральная, д. 73, кв. 36",+7-941-982-57-39,ivanovaleksa220@outlook.com,Выгрузка,6808,44563,19.12.2026,15.04.2025,CRM Bitrix24,Международная перевозка
142,LOG-000142,TTN-427491,TTN-427491,Кузнецов Илья Сергеевич,Негабаритный груз,Курьерский фургон,Казань,"ул. Победы, д. 19, кв. 75",+7-951-752-40-63,kuznecovilya947@yandex.ru,Погрузка,1975,152988,12.03.2023,12.09.2026,CRM Bitrix24,Международная перевозка
143,LOG-000143,TTN-880629,TTN-880629,Фёдорова Анна Петровна,Ген. груз,Рефрижератор,Екатеринбург,"ул. Садовая, д. 121, кв. 6",+7-937-779-43-14,fedorovaanna211@mail.ru,Выгрузка,8836,146343,18.08.2026,27.07.2024,CRM Bitrix24,Срочная доставка
144,LOG-000144,TTN-498716,TTN-498716,Егорова Наталья Дмитриевна,Генеральный груз,Рефрижератор,Пермь,"ул. Спортивная, д. 63, кв. 29",+7-944-123-47-95,egorovanatal796@gmail.com,Выгрузка,19964,75708,02.06.2023,11.12.2026,1С:Предприятие,Международная перевозка
145,LOG-000145,TTN-713855,TTN-713855,Павлов Александр Александрович,Негабаритный груз,,Ростов-на-Дону,"ул. Гагарина, д. 119, кв. 3",+7-934-177-12-94,pavlovaleksa41@gmail.com,Погрузка,19639,26967,20.02.2026,08.06.2026,Excel-выгрузка,Груз с повышенным риском
146,LOG-000146,TTN-683082,TTN-683082,Голубева Татьяна Николаевна,Генеральный груз,Рефрижератор,Челябинск,"ул. Спортивная, д. 114, кв. 94",+7-952-317-19-97,golubevataty372@mail.ru,На таможне,10568,248588,10.07.2023,08.12.2024,Собственная система учёта,
147,LOG-000147,TTN-236739,TTN-236739,Егорова Мария Петровна,не указано(ошибка),Грузовик,Казань,"ул. Центральная, д. 65, кв. 27",+7-945-661-63-80,egorovamariy788@yandex.ru,Доставл.,16100,192442,04.08.2025,18.11.2026,Собственная система учёта,Срочная доставка
148,LOG-000148,TTN-962951,TTN-962951,Лебедев Виктор Александрович,Опасный груз,Рефрижератор,Пермь,"ул. Победы, д. 122, кв. 141",+7-936-946-93-22,lebedevvikto325@outlook.com,Доставл.,8268,-1,02.01.2024,вчера,CRM Bitrix24,Груз с повышенным риском
149,LOG-000149,TTN-122802,-,Соколов,Опасный груз,Курьерский фургон,Челяб.,"ул. Гагарина, д. 129, кв. 62",+7-936-8,sokolovartem731@gmail.com,Погрузка,954,48597,13.10.2024,25.12.2024,Собственная система учёта,Требуется температурный контроль
150,LOG-000150,TTN-285221,TTN-285221,Фёдоров Виктор Сергеевич,Генеральный груз,Фура,Санкт-Петербург,"ул. Победы, д. 28, кв. 161",+7-920-273-65-50,fedorovvikto717@mail.ru,Выгрузка,15168,46771,,14.04.2026,CRM Bitrix24,ОШИБКА_ДАННЫХ
151,LOG-000151,TTN-657019,TTN-657019,Иванов Сергей Викторович,Негабаритный груз,Фура,Новосиб.,"ул. Гагарина, д. 109, кв. 13",+7-912-170-91-21,,В пути,8014,241474,07.08.2023,27.09.2026,Собственная система учёта,Требуется температурный контроль
152,LOG-000152,TTN-964808,TTN-964808,Соколов Максим Дмитриевич,Негабаритный груз,Рефрижератор,###,"ул. Советская, д. 107, кв. 90",+7-918-943-22-17,sokolovmaksi33@mail.ru,Выгрузка,ERROR,88184,24.01.2024,02.12.2025,1С:Предприятие,
153,LOG-000153,TTN-704635,TTN-704635,Семёнов Никита Дмитриевич,Скоропортящийся груз,Грузовик,Кра,"ул. Победы, д. 32, кв. 22",+7-954-164-51-12,semenovnikit110@gmail.com,В пути,5300,191159,27.01.2025,06.02.2024,Собственная система учёта,Срочная доставка
154,LOG-000154,TTN-915124,TTN-915124,Петрова Ирина Сергеевна,Опасный груз,Курьерский фургон,Самара,"ул. Ленина, д. 50, кв. 145",+7-913-703-72-41,petrovairina450@mail.ru,Доставлено,н/д,25825,08.10.2025,20.02.2025,1С:Предприятие,Требуется температурный контроль
155,LOG-000155,TTN-389258,TTN-389258,Кузнецов Андрей Николаевич,Опасн. груз,Грузовик,Самара,"ул. Центральная, д. 82, кв. 193",+7-936-165-15-82,kuznecovandr569@gmail.com,В пути,9699,142412,20.06.2024,15.03.2024,SAP ERP,Груз с повышенным риском
156,LOG-000156,TTN-537284,TTN-537284,Голубева Наталья Александровна,Скоропортящийся груз,Фура,Самара,,+7-952-838-49-70,golubevanata14@gmail.com,Доставлено,2299,235283,07.09.2026,14.12.2025,CRM Bitrix24,Срочная доставка
157,LOG-000157,TTN-982070,TTN-982070,Алексеев Александр Викторович,Генеральный груз,Грузовик,Краснодар,"ул. Победы, д. 90, кв. 116",+7-940-186-70-12,alekseevalek864@outlook.com,Выгрузка,11829,124825,05.07.2026,02.02.2025,Excel-выгрузка,Требуется температурный контроль
158,LOG-000158,TTN-135361,TTN-135361,Петров Виктор Андреевич,###,Курьерский фургон,Екатеринбург,"ул. Победы, д. 60, кв. 144",+7-934-641-28-74,petrovviktor330@mail.ru,Доставлено,15304,141604,24.01.2023,28.11.2025,Собственная система учёта,Срочная доставка
159,LOG-000159,TTN-222089,TTN-222089,Фёдорова Светлана Александровна,Генеральный груз,Рефрижератор,Екб,"ул. Пушкина, д. 120, кв. 84",+7-930-162-66-48,fedorovasvet265@mail.ru,На таможне,10021,63122,14.05.2025,2026,Excel-выгрузка,Срочная доставка
160,LOG-000160,TTN-283030,TTN-283030,Фёдоров Сергей Викторович,Ген. груз,Грузовик,Пермь,"ул. Советская, д. 137, кв. 60",+7-922-386-99-88,,Погрузка,10453,241121,19.03.2025,06.10.2026,Excel-выгрузка,Срочная доставка
161,LOG-000161,TTN-593867,TTN-593867,Смирнова Татьяна Андреевна,Скоропортящийся груз,Курьерский фургон,Санкт-Петербург,"ул. Молодёжная, д. 6, кв. 15",телефон отсутствует,smirnovataty842@yandex.ru,Выгрузка,16440,117622,16.09.2023,26.10.2026,Excel-выгрузка,
162,LOG-000162,TTN-772198,TTN-772198,Воробьёва Анна Андреевна,Генеральный груз,Грузовик,Смр,"ул. Центральная, д. 121, кв. 37",+7-930-667-48-16,vorobevaanna621@mail.ru,Погрузка,13592,248518,11.11.2024,25.10.2024,SAP ERP,Срочная доставка
163,LOG-000163,,TTN-839024,Иванов Артём Викторович,Генеральный груз,Курьерский фургон,Краснодар,"ул. Спортивная, д. 7, кв. 47",+7-933-858-57-30,ivanovartemv203@outlook.com,Выгрузка,18312,70029,22.08.2023,04.05.2024,Собственная система учёта,Требуется температурный контроль
164,LOG-000164,TTN-281778,TTN-281778,Кузнецова Полина Ивановна,Ген,Курьерский фургон,Челябинск,"ул. Гагарина, д. 49, кв. 128",+7-946-748-66-39,kuznecovapol582@mail.ru,Погрузка,10774,237094,25.04.2024,22.02.2024,Собственная система учёта,Груз с повышенным риском
165,LOG-000165,TTN-445726,TTN-445726,Виноградов Егор Иванович,Скороп. груз,Курьерский фургон,Москва,"ул. Пушкина, д. 136, кв. 96",+7-957-895-50-15,vinogradoveg210@yandex.ru,Погрузка,8146,205537,10.12.2026,27.05.2026,нет данных(ошибка),Требуется температурный контроль
166,LOG-000166,TTN-996590,TTN-996590,Алексеев Артём Александрович,Негабаритный груз,Курьерский фургон,Санкт-Петербург,,+7-940-362-81-75,alekseevarte913@yandex.ru,Доставл.,4886,115344,03.01.2024,05.01.2024,1С:Предприятие,Международная перевозка
167,LOG-000167,TTN-946317,TTN-946317,Соколов Владимир Александрович,Опасный груз,Курьерский фургон,Ворнж,"ул. Центральная, д. 147, кв. 94",+7-955-930-73-50,sokolovvladi107@outlook.com,,14202,233028,12.03.2026,14.01.2024,Собственная система учёта,
168,LOG-000168,TTN-356577,TTN-356577,Виноградов Виктор Петрович,Скоропортящийся груз,Фура,Воронеж,"ул. Советская, д. 31, кв. 162",+7-932-210-24-11,vinogradovvi826@mail.ru,Выгрузка,16800,52894,11.04.2023,20.02.2025,1С:Предприятие,
169,LOG-000169,TTN-822153,TTN-822153,Павлов Виктор Иванович,Генеральный груз,Курьерский фургон,Ростов-на-Дону,"ул. Победы, д. 130, кв. 130",+7-915-638-75-40,pavlovviktor855@outlook.com,Выгрузка,709,111350,23.11.2023,05.02.2025,SAP ERP,Международная перевозка
170,LOG-000170,TTN-822376,TTN-822376,Алексеев Илья Николаевич,Негабар. груз,Грузовик,,"ул. Центральная, д. 138, кв. 41",+7-936-372-17-80,alekseevilya277@yandex.ru,На таможне,10060,55296,06.01.2025,11.09.2026,SAP ERP,
171,LOG-000171,TTN-723233,TTN-723233,Виноградова Елена Петровна,Опасный груз,Грузовик,Челябинск,"ул. Победы, д. 112, кв. 97",+7-956-798-41-50,vinogradovae596@outlook.com,Погрузка,ERROR,218091,31.02.2026,06.04.2026,,Требуется температурный контроль
172,LOG-000172,TTN-590407,TTN-590407,Богданова Мария Ивановна,категория_5,Рефрижератор,Екатеринбург,"ул. Центральная, д. 1, кв. 28",+7-917-235-60-86,bogdanovamar538@yandex.ru,Доставлено,15046,170913,09.03.2024,14.08.2026,1С:Предприятие,
173,LOG-000173,TTN-917338,TTN-917338,???,Опасный груз,Курьерский фургон,Москва,"ул. Мира, д. 57, кв. 27",+7-911-830-89-78,bogdanovanat135@outlook.com,На тамож.,11918,52725,11.02.2023,18.02.2025,CRM Bitrix24,Срочная доставка
174,LOG-000174,TTN-451906,TTN-451906,Семёнов Егор Дмитриевич,Генеральный груз,Курьерский фургон,Крд,"ул. Пушкина, д. 105, кв. 109",+7-937-465-63-56,semenovegord34@gmail.com,На таможне,6021,167811,02.11.2023,09.08.2024,Собственная система учёта,Срочная доставка
175,LOG-000175,TTN-302973,TTN-302973,Павлов Алексей Петрович,Генеральный груз,Фура,СПб,"ул. Гагарина, д. 77, кв. 156",+7-945-846-67-65,pavlovalekse77@gmail.com,На таможне,11531,,22.02.2024,23.02.2024,Собственная система учёта,Требуется температурный контроль
176,LOG-000176,TTN-359579,TTN-359579,Виноградова Светлана Андреевна,Ген. груз,Фура,Самара,"ул. Садовая, д. 41, кв. 148",+7-938-543-72-32,vinogradovas793@yandex.ru,Погрузка,16236,213308,03.11.2023,2026-13-45,CRM Bitrix24,Груз с повышенным риском
177,LOG-000177,,TTN-526558,Воробьёв Виктор Николаевич,Скоропортящийся груз,Фура,Челябинск,"ул. Садовая, д. 53, кв. 110",+7-940-592-45-47,vorobevvikto193@outlook.com,В пути,9503,87966,19.02.2026,09.06.2025,Собственная система учёта,Срочная доставка
178,LOG-000178,TTN-666295,TTN-666295,Семёнов Максим Иванович,Ген. груз,Рефрижератор,Санкт-Петербург,"ул. Гагарина, д. 140, кв. 24",+7-940-611-24-72,semenovmaksi395@mail.ru,Доставл.,19338,221781,2025,18.11.2024,12345XYZ,
179,LOG-000179,нет данных(ошибка),,Соколов Егор Николаевич,Опасный груз,Грузовик,,"ул. Пушкина, д. 43, кв. 150",+7-953-773-57-51,sokolovegorn481@gmail.com,Погрузка,5419,14015,08.08.2023,18.07.2024,1С:Предприятие,
180,LOG-000180,TTN-145830,TTN-145830,Соколов Кирилл Николаевич,Неизвестная категория,Фура,Казань,"ул. Спортивная, д. 122, кв. 164",+7-938-501-98-71,sokolovkiril203@gmail.com,,18612,149507,04.10.2024,23.08.2026,,
181,LOG-000181,TTN-701520,TTN-701520,Виноградов Кирилл Николаевич,Генеральный груз,Рефрижератор,Краснодар,"ул. Гагарина, д. 71, кв. 107",+7-928-799-24-18,vinogradovki862@mail.ru,В пути,8839,н/д,23.01.2026,04.07.2024,Excel-выгрузка,
182,LOG-000182,TTN-325171,ОШИБКА_ДАННЫХ,Голубева Наталья Андреевна,Ген. груз,Грузовик,Смр,"ул. Молодёжная, д. 63, кв. 128",+7-910-801-66-31,golubevanata576@mail.ru,На таможне,1204,148065,2026-13-45,,SAP ERP,Требуется температурный контроль
183,LOG-000183,TTN-460371,TTN-460371,Фёдоров Андрей Викторович,Ген. груз,Грузовик,Челяб.,"ул. Победы, д. 44, кв. 80",+7-913-815-11-19,fedorovandre375@outlook.com,На ,810,77781,15.06.2024,10.02.2026,1С:Предприятие,Груз с повышенным риском
184,LOG-000184,TTN-594714,TTN-594714,Смирнова,Негабаритный груз,Фура,Краснодар,"ул. Центральная, д. 35, кв. 170",+7-944-344-85-31,smirnovaelen931@mail.ru,В пути,-1,132652,03.12.2023,16.09.2026,SAP ERP,Требуется температурный контроль
185,LOG-000185,TTN-158040,TTN-158040,Козлова Наталья Сергеевна,Опасный груз,Фура,Крд,"ул. Пушкина, д. 55, кв. 43",+7-924-776-72-59,kozlovanatal981@mail.ru,В пути,10473,99832,19.03.2026,05.05.2025,SAP ERP,Срочная доставка
186,LOG-000186,TTN-280602,TTN-280602,Павлова Анна Николаевна,Опасный груз,Фура,Крд,"ул. Советская, д. 63, кв. 57",+7-929-864-40-30,petrov@@mail..ru,В пути,5910,36688,15.11.2024,04.07.2025,Excel-выгрузка,Международная перевозка
187,LOG-000187,TTN-653302,TTN-653302,,Опасн. груз,Фура,Москва,"ул. Спортивная, д. 130, кв. 179",+7-915-848-75-20,novikovpavel296@yandex.ru,В пути,9179,29688,14.10.2024,26.06.2024,Собственная система учёта,Срочная доставка
188,LOG-000188,,TTN-488499,Виноградов Кирилл Андреевич,Негабаритный груз,Грузовик,Самара,"ул. Спортивная, д. 57, кв. 151",+7-941-886-43-89,нет_почты,Погрузка,19866,47190,15.07.2024,12.09.2025,1С:Предприятие,Международная перевозка
189,LOG-000189,TTN-466511,TTN-466511,Фёдоров Виктор Николаевич,Скоропортящийся груз,N/A,Пермь,"ул. Пушкина, д. 37, кв. 154",+7-951-574-38-72,fedorovvikto439@yandex.ru,Доставлено,6170,43881,26.04.2024,07.09.2025,CRM Bitrix24,Срочная доставка
190,LOG-000190,TTN-806128,TTN-806128,Семёнов Роман Андреевич,Опасный груз,Рефрижератор,Санкт-Петербург,"ул. Советская, д. 51, кв. 20",+7-916-985-59-52,semenovroman117@yandex.ru,В пути,13771,67131,23.07.2025,13.10.2026,Excel-выгрузка,Международная перевозка
191,LOG-000191,TTN-980031,TTN-980031,Голубев Алексей Дмитриевич,Опасн. груз,Грузовик,Новосиб.,"ул. Спортивная, д. 23, кв. 167",+7-944-328-39-38,golubevaleks375@yandex.ru,Выгрузка,5473,203489,01.06.2025,11.04.2024,Собственная система учёта,Международная перевозка
192,LOG-000192,TTN-218744,TTN-218744,Козлова Елена Николаевна,Генеральный груз,Грузовик,Екатеринбург,"ул. Центральная, д. 50, кв. 170",+7-918-124-94-91,kozlovaelena136@yandex.ru,категория_5,2725,много,27.04.2026,28.03.2026,CRM Bitrix24,Срочная доставка
193,LOG-000193,12345XYZ,TTN-912289,Егорова Виктория Ивановна,Опасный груз,Курьерский фургон,Екб,"ул. Ленина, д. 124, кв. 5",+7-949-737-62-46,egorovavikto822@outlook.com,В пути,19500,197366,14.06.2026,19.02.2026,CRM Bitrix24,
194,LOG-000194,TTN-696956,TTN-696956,Смирнова Екатерина Дмитриевна,Ген. груз,Фура,Казань,"ул. Садовая, д. 79, кв. 149",+7-951-312-77-34,smirnovaekat15@gmail.com,Доставлено,8027,39374,00.00.0000,24.10.2024,Excel-выгрузка,-
195,LOG-000195,TTN-403962,TTN-403962,Егорова Ксения Андреевна,Негабаритный груз,Грузовик,Пермь,"ул. Мира, д. 63, кв. 186",+7-958-113-60-51,egorovakseni207@yandex.ru,В пути,7775,158424,03.10.2026,18.11.2024,Excel-выгрузка,Срочная доставка
196,LOG-000196,TTN-424121,TTN-424121,Кузнецова Виктория Дмитриевна,Скоропортящийся груз,Грузовик,Пермь,"ул. Молодёжная, д. 76, кв. 180",+7-959-784-42-62,kuznecovavik620@gmail.com,В пути,6292,164008,20.06.2026,31.02.2026,Excel-выгрузка,
197,LOG-000197,TTN-119709,TTN-119709,Иванов Александр Николаевич,Опасный груз,Грузовик,Екатеринбург,"ул. Гагарина, д. 42, кв. 107",+7-912-860-11-77,ivanovaleksa880@gmail.com,В пути,18460,22199,09.12.2024,08.08.2026,1С:Предприятие,Требуется температурный контроль
198,LOG-000198,TTN-482869,TTN-482869,Виноградов Кирилл Андреевич,Генеральный груз,Фура,Казань,"ул. Ленина, д. 80, кв. 189",+7-927-265-74-28,vinogradovki756@yandex.ru,Выгрузка,,114078,01.02.2023,16.10.2026,CRM Bitrix24,
199,LOG-000199,TTN-754090,TTN-754090,Богданова Мария Сергеевна,Генеральный груз,Фура,Пермь,"ул. Мира, д. 11, кв. 25",+7-933-875-22-10,bogdanovamar996@outlook.com,Погрузка,19649,129489,16.10.2025,10.01.2026,CRM Bitrix24,нет данных(ошибка)
200,LOG-000200,TTN-709869,TTN-709869,Семёнов Егор Иванович,Опасн. груз,Фура,СПб,"ул. Ленина, д. 13, кв. 155",+7-929-442-35-19,semenovegori143@gmail.com,,7040,101573,26.12.2025,16.03.2024,1С:Предприятие,Международная перевозка
