ID,Код записи,Трек-номер,Трек-номер (повтор),ФИО получателя,Тип отправления,Класс доставки,Город,Адрес,Телефон,Email,Статус трека,"Вес отправления, г","Стоимость доставки, руб.",Дата создания записи,Дата последнего обновления,Система-источник,Примечания
1,POST-000001,RU239680006RU,RU239680006RU,Воробьёва Дарья Андреевна,Экспресс-отправление,Курьерская,категория_5,"ул. Мира, д. 1, кв. 113",телефон отсутствует,vorobevadary425@outlook.com,Прибыло в пункт выдачи,2936,3719,01.01.2024,02.03.2026,1С:Предприятие,???
2,POST-000002,RU702880659RU,RU702880659RU,Павлова Елена Андреевна,Ценная посылка,Экспресс,Нижний Новгород,"ул. Ленина, д. 21, кв. 30",+7-934-276-75-12,pavlovaelena795@mail.ru,Вручено,8868,382,06.04.2026,27.02.2026,Собственная система учёта,
3,POST-000003,RU493842117RU,RU493842117RU,Петрова Дарья Петровна,Экспресс-отпр.,Экспресс,,"ул. Садовая, д. 143, кв. 159",+7-911-541-63-54,petrovadarya680@mail.ru,Приб. в п.выдачи,6984,3062,09.04.2025,26.01.2024,CRM Bitrix24,Повторная попытка вручения
4,POST-000004,ОШИБКА_ДАННЫХ,RU833096369RU,Павлова Ольга Дмитриевна,Экспресс-отправление,Экспресс,Смр,"ул. Центральная, д. 114, кв. 82",,pavlovaolgad266@gmail.com,В пути,1543,3604,18.02.2023,2026-13-45,1С:Предприятие,Международное отправление
5,POST-000005,RU934273381RU,RU934273381RU,Кузнецова Анна Викторовна,Ценн. посылка,Экспресс,Мск,"ул. Ленина, д. 76, кв. 174",+7-927-720-28-30,нет_почты,Возвр. отправ.,,3385,27.07.2023,04.02.2025,Собственная система учёта,Международное отправление
6,POST-000006,RU597538875RU,RU597538875RU,Смирнов Александр Александрович,Ценн. посылка,Стандартная,Самара,"ул. Центральная, д. 60, кв. 114",+7-945-815-65-61,smirnovaleks368@gmail.com,Вручено,1898,2852,06.08.2025,07.01.2026,SAP ERP,Требуется подпись при получении
7,POST-000007,,RU801314782RU,Волков Артём Дмитриевич,Экспресс-отправление,До востребования,Челяб.,"ул. Советская, д. 123, кв. 39",+7-941-274-54-85,volkovartemd408@mail.ru,В пути,5650,1894,25.03.2023,12.12.2024,1С:Предприятие,Требуется подпись при получении
8,POST-000008,RU132570640RU,,Кузнецова Екатерина Сергеевна,Ценная посылка,нет данных(ошибка),Крд,"ул. Молодёжная, д. 25, кв. 56",+7-953-185-22-10,kuznecovaeka904@yandex.ru,Прибыло в пункт выдачи,8527,315,28.08.2026,02.02.2026,,Требуется подпись при получении
9,POST-000009,RU278330345RU,нет данных(ошибка),Новиков Павел Викторович,Ценная посылка,До востребования,Казань,"ул. Победы, д. 97, кв. 58",+7-943-773-48-51,novikovpavel334@yandex.ru,,6415,4579,14.10.2023,27.03.2025,CRM Bitrix24,Требуется подпись при получении
10,POST-000010,RU109718726RU,RU109718726RU,Козлов Илья Иванович,Ценная посылка,До,Самара,"ул. Победы, д. 123, кв. 193",+7-912-630-18-52,kozlovilyaiv712@mail.ru,Возврат отправителю,211,3830,08.09.2026,17.07.2024,CRM Bitrix24,Повторная попытка вручения
11,POST-000011,RU168509433RU,RU168509433RU,Морозов,Бандер.,нет данных(ошибка),Новосиб.,"ул. Центральная, д. 90, кв. 57",12345,morozovegori887@outlook.com,Вручено,9163,3732,16.03.2025,03.08.2025,SAP ERP,
12,POST-000012,RU739258846RU,RU739258846RU,Алексеева Анна Викторовна,Ценная посылка,Стандартная,Воронеж,"ул. Молодёжная, д. 89, кв. 52",+7-948-939-73-82,alekseevaann283@gmail.com,Вручено,4130,179,24.11.2023,21.09.2025,Excel-выгрузка,
13,POST-000013,RU665163203RU,RU665163203RU,Воробьёва Наталья Сергеевна,Экспресс-отправление,Экспресс,Новосибирск,"ул. Пушкина, д. 85, кв. 199",+7-920-992-77-34,vorobevanata281@yandex.ru,Принято в отделении,2275,1642,24.09.2023,03.12.2026,CRM Bitrix24,Хрупкое содержимое
14,POST-000014,RU900689340RU,RU900689340RU,Фёдорова Мария Петровна,Заказное письмо,Курьерская,Москва,"ул. Мира, д. 13, кв. 39",+7-952-352-83-48,fedorovamari317@mail.ru,В пути,9666,559,10.10.2023,31.02.2026,Excel-выгрузка,Международное отправление
15,POST-000015,RU769878790RU,RU769878790RU,,Ценн. посылка,Экспресс,Нижний Новгород,"ул. Спортивная, д. 95, кв. 25",+7-917-106-85-64,,В пути,4861,623,2023,26.04.2026,SAP ERP,Повторная попытка вручения
16,POST-000016,RU791045709RU,RU791045709RU,Семёнова Татьяна Ивановна,Ценная посылка,До востребования,Нижний Новгород,"ул. Молодёжная, д. 113, кв. 156",+7-923-102-98-69,semenovataty121@yandex.ru,Вручено,9096,1538,19.11.2023,05.11.2026,Excel-выгрузка,
17,POST-000017,RU943420010RU,RU943420010RU,Петров Виктор Иванович,Бандероль,До востребования,Нижний Новгород,"ул. Гагарина, д. 137, кв. 128",+7-925-408-56-94,petrovviktor956@outlook.com,Вручено,3135,3092,вчера,28.02.2024,CRM Bitrix24,Международное отправление
18,POST-000018,RU409593208RU,RU409593208RU,Волкова Анна Ивановна,Экспресс-отправление,Курьерская,Новосиб.,"ул. Молодёжная, д. 75, кв. 80",+7-924-222-36-30,petrov@@mail..ru,Прибыло в пункт выдачи,6337,737,17.07.2024,08.04.2024,CRM Bitrix24,
19,POST-000019,RU863065992RU,RU863065992RU,Павлов Андрей Александрович,Бандероль,До востребования,Воронеж,"ул. Центральная, д. 77, кв. 9",+7-940-236-46-77,pavlovandrei777@mail.ru,Принято в отделении,8427,4013,26.02.2026,01.10.2025,Собственная система учёта,N/A
20,POST-000020,RU698020513RU,RU698020513RU,Соколов Владимир Петрович,Экспресс-отпр.,Стандартная,Санкт-Петербург,"ул. Победы, д. 42, кв. 127",+7-930-819-11-69,sokolovvladi992@yandex.ru,Вручено,1366,2056,,27.07.2024,CRM Bitrix24,Хрупкое содержимое
21,POST-000021,,RU283359515RU,Виноградов Максим Дмитриевич,Экспресс-отпр.,Стандартная,Самара,"ул. Мира, д. 22, кв. 55",+7-911-586-39-63,vinogradovma93@outlook.com,Возврат отправителю,6644,3848,15.10.2023,26.07.2026,Собственная система учёта,Повторная попытка вручения
22,POST-000022,RU662936677RU,RU662936677RU,Егоров Максим Иванович,Экспресс-отправление,Стандартная,Самара,"ул. Пушкина, д. 17, кв. 111",+7-944-277-62-94,egorovmaksim595@gmail.com,Вручено,682,545,06.04.2026,15.03.2024,1С:Предприятие,Хрупкое содержимое
23,POST-000023,RU191478114RU,12345XYZ,Фёдорова Ольга Петровна,Заказное письмо,До востребования,Самара,"ул. Гагарина, д. 118, кв. 57",+7-916-914-64-70,fedorovaolga852@yandex.ru,Прибыло в пункт выдачи,9307,1326,14.03.2025,14.09.2025,1С:Предприятие,Повторная попытка вручения
24,POST-000024,RU637104387RU,RU637104387RU,Волкова Елена Николаевна,Бандероль,Стандартная,Влгд,"ул. Ленина, д. 105, кв. 28",+7-918-854-58-75,volkovaelena898@outlook.com,В пути,7708,203,,28.11.2026,Собственная система учёта,Повторная попытка вручения
25,POST-000025,RU619733635RU,RU619733635RU,Алексеев Роман Сергеевич,Экспресс-отправление,Стандартная,Пермь,"ул. Гагарина, д. 92, кв. 153",+7-942-339-37-82,alekseevroma606@mail.ru,Вручено,9482,1852,14.09.2026,31.02.2026,SAP ERP,Требуется подпись при получении
26,POST-000026,RU186638411RU,RU186638411RU,Егорова,Заказ. письмо,Стандартная,Пермь,-,+7-919-590-72-50,egorovaannad675@outlook.com,Прибыло в пункт выдачи,3141,4743,2024,21.11.2026,Excel-выгрузка,Хрупкое содержимое
27,POST-000027,RU960451156RU,RU960451156RU,Морозов Виктор Сергеевич,Экспресс-отправление,До востребования,Сам,"ул. Центральная, д. 114, кв. 55",+7-911-189-43-27,morozovvikto349@yandex.ru,В пути,7969,2293,2024,23.02.2025,Excel-выгрузка,Хрупкое содержимое
28,POST-000028,RU923971829RU,RU923971829RU,Павлова Светлана Николаевна,Экспресс-отправление,Курьерская,Краснодар,"ул. Молодёжная, д. 8, кв. 165",+7-930-493-42-25,pavlovasvetl82@yandex.ru,Прин. в отд.,6577,3391,24.01.2026,23.10.2024,Excel-выгрузка,Хрупкое содержимое
29,POST-000029,RU760711671RU,RU760711671RU,Лебедев Дмитрий Викторович,Экспресс-отправление,Стандартная,Казань,"ул. Спортивная, д. 14, кв. 20",+7-952-366-76-11,lebedevdmitr568@outlook.com,Прин. в отд.,969,3615,2025,22.06.2026,1С:Предприятие,Хрупкое содержимое
30,POST-000030,RU788890731RU,RU788890731RU,####,Ценная посылка,Экспресс,Челябинск,"ул. Победы, д. 6, кв. 86",+7-957-959-90-47,popovsergeii158@yandex.ru,В пути,6880,182,18.08.2024,23.07.2025,CRM Bitrix24,Международное отправление
31,POST-000031,RU159715416RU,RU159715416RU,Виноградов Роман Андреевич,Экспресс-отправление,Курьерская,Казань,"ул. Пушкина, д. 92, кв. 135",+7-940-968-99-16,vinogradovro219@yandex.ru,Принято в отделении,7727,633,11.12.2023,02.05.2025,1С:Предприятие,Повторная попытка вручения
32,POST-000032,RU583378843RU,RU583378843RU,Алексеева Ольга Ивановна,Экспресс-отправление,Курьерская,Воронеж,"ул. Гагарина, д. 74, кв. 186",+7-911-748-78-73,alekseevaolg857@gmail.com,Принято в отделении,5188,3129,11.08.2023,09.07.2025,SAP ERP,
33,POST-000033,RU503954943RU,RU503954943RU,Воробьёва Полина Сергеевна,Заказное письмо,Курьерская,Краснодар,"ул. Мира, д. 146, кв. 101",+7-929-270-45-17,vorobevapoli785@gmail.com,В пути,6572,3096,2025,03.10.2024,Excel-выгрузка,Требуется подпись при получении
34,POST-000034,RU154162575RU,RU154162575RU,Попова Ксения Сергеевна,Экспресс-отправление,Курьерская,Пермь,"ул. Молодёжная, д. 127, кв. 153",+7-949-260-63-58,popovakseniy310@yandex.ru,В пути,4565,896,22.09.2026,,ОШИБКА_ДАННЫХ,
35,POST-000035,RU755351969RU,RU755351969RU,Алексеева Светлана Ивановна,Заказное письмо,Курьерская,Ростов-н/Д,"ул. Спортивная, д. 39, кв. 169",+7-917-808-19-84,ivanov.mail.ru,Вручено,-1,3903,09.08.2025,31.02.2026,Собственная система учёта,Повторная попытка вручения
36,POST-000036,RU560273652RU,-,Новиков Павел Николаевич,Неизвестная категория,До востребования,Самара,"ул. Мира, д. 138, кв. 100",+7-946-403-94-18,novikovpavel917@yandex.ru,Возврат отправителю,859,2180,02.09.2023,05.07.2026,Собственная система учёта,Хрупкое содержимое
37,POST-000037,RU440821448RU,RU440821448RU,Голубева Ирина Дмитриевна,Бандер.,Экспресс,Челябинск,???,+7-948-185-33-18,golubevairin344@yandex.ru,Возврат отправителю,5498,1977,21.04.2025,10.12.2024,1С:Предприятие,Хрупкое содержимое
38,POST-000038,RU555323396RU,RU555323396RU,Соколов Роман Александрович,Экспресс-отпр.,Курьерская,,"ул. Молодёжная, д. 12, кв. 193",+7-949-103-29-75,sokolovroman815@gmail.com,Приб. в п.выдачи,1134,672,04.12.2023,01.03.2026,1С:Предприятие,Международное отправление
39,POST-000039,RU136218649RU,RU136218649RU,Смирнов Артём Викторович,,Курьерская,Пермь,"ул. Гагарина, д. 119, кв. 177",+7-938-786-21-92,smirnovartem67@gmail.com,Принято в отделении,,3031,18.09.2024,10.07.2025,Excel-выгрузка,
40,POST-000040,RU648569429RU,RU648569429RU,12345XYZ,Бандероль,Курьерская,Волгоград,"ул. Молодёжная, д. 8, кв. 86",+7-955-997-23-74,fedorovegora852@gmail.com,Прибыло в пункт выдачи,6309,2365,16.04.2023,04.09.2024,1С:Предприятие,Хрупкое содержимое
41,POST-000041,RU279826919RU,RU279826919RU,Новиков Андрей Иванович,Ценн. посылка,До востребования,Ростов-на-Дону,"ул. Садовая, д. 9, кв. 45",+7-948-425-57-44,novikovandre774@gmail.com,Возврат отправителю,9781,3763,28.03.2025,28.06.2025,Excel-выгрузка,Требуется подпись при получении
42,POST-000042,RU983975238RU,RU983975238RU,,Бандер.,Экспресс,Смр,"ул. Гагарина, д. 9, кв. 182",+7-944-190-21-64,popovartemni731@mail.ru,Возвр. отправ.,6743,1558,24.10.2024,26.12.2025,Excel-выгрузка,Требуется подпись при получении
43,POST-000043,RU309117860RU,RU309117860RU,Кузнецов Алексей Александрович,Заказное письмо,Экспресс,Челябинск,"ул. Пушкина, д. 147, кв. 176",+7-919-227-29-11,kuznecovalek951@outlook.com,Возврат отправителю,8408,3264,,15.08.2026,SAP ERP,Повторная попытка вручения
44,POST-000044,RU200116259RU,,Волков Виктор Иванович,Ценная посылка,Экспресс,Казань,"ул. Пушкина, д. 128, кв. 107",+7-99-abc-12-34,volkovviktor855@gmail.com,Прибыло в пункт выдачи,7490,4279,27.10.2025,24.11.2026,1С:Предприятие,
45,POST-000045,RU461073833RU,RU461073833RU,Богданов Роман Александрович,Бандероль,Стандартная,Новосиб.,"ул. Молодёжная, д. 5, кв. 56",+7-918-499-61-27,bogdanovroma751@gmail.com,Принято в отделении,906,ERROR,28.06.2023,17.01.2024,Excel-выгрузка,нет данных(ошибка)
46,POST-000046,RU356403890RU,RU356403890RU,Соколов Егор Николаевич,Экспресс-отправление,До востребования,Челябинск,"ул. Молодёжная, д. 108, кв. 142",+7-951-668-67-10,petrov@@mail..ru,Приб. в п.выдачи,,,22.10.2023,16.01.2024,CRM Bitrix24,
47,POST-000047,RU759354365RU,RU759354365RU,Соколова Татьяна Сергеевна,Бандер.,Курьерская,Новосибирск,"ул. Мира, д. 88, кв. 162",+7-938-136-35-43,sokolovataty290@yandex.ru,Возврат отправителю,1529,3696,02.11.2023,21.04.2024,нет данных(ошибка),Повторная попытка вручения
48,POST-000048,RU772127237RU,RU772127237RU,Богданов Владимир Андреевич,Ценная посылка,Курьерская,Казань,"ул. Пушкина, д. 63, кв. 161",+7-941-391-72-57,bogdanovvlad440@mail.ru,В пути,6600,4675,19.04.2025,06.12.2026,Собственная,Повторная попытка вручения
49,POST-000049,RU874838548RU,RU874838548RU,Воробьёв Владимир Андреевич,Бандер.,Стандартная,Санкт-Петербург,"ул. Победы, д. 36, кв. 92",+7-936-375-22-93,vorobevvladi363@outlook.com,,7079,2531,08.12.2024,10.06.2024,1С:Предприятие,Повторная попытка вручения
50,POST-000050,RU712002151RU,RU712002151RU,Новиков Дмитрий Сергеевич,Экспресс-отпр.,Экспресс,Челябинск,"ул. Гагарина, д. 87, кв. 105",+7-958-963-41-89,novikovdmitr38@yandex.ru,Принято в отделении,9533,1311,28.05.2024,00.00.0000,Excel-выгрузка,Требуется подпись при получении
51,POST-000051,RU494758149RU,RU494758149RU,Павлов Сергей Петрович,Ценная посылка,Стандартная,###,12345XYZ,+7-914-206-53-26,pavlovsergei785@mail.ru,Возврат отправителю,2614,3650,01.07.2024,16.10.2026,1С:Предприятие,Повторная попытка вручения
52,POST-000052,RU304209624RU,RU304209624RU,Алексеева Екатерина Викторовна,не указано(ошибка),Экспресс,Санкт-Петербург,"ул. Ленина, д. 62, кв. 162",+7-946-651-64-79,alekseevaeka200@outlook.com,При,,2516,08.03.2023,26.11.2024,Excel-выгрузка,Международное отправление
53,POST-000053,RU506758921RU,RU506758921RU,Волкова Наталья Андреевна,Экспресс-отправление,До востребования,Москва,"ул. Спортивная, д. 102, кв. 65",+7-919-239-56-62,volkovanatal521@,Прибыло в пункт выдачи,1122,3660,,25.02.2024,Собственная система учёта,Требуется подпись при получении
54,POST-000054,,RU422022604RU,Лебедев Роман Дмитриевич,Бандероль,Курьерская,Нижний Новгород,"ул. Ленина, д. 63, кв. 36",+7-940-831-44-23,ivanov.mail.ru,Вручено,4125,1599,12.06.2024,28.03.2026,CRM Bitrix24,Повторная попытка вручения
55,POST-000055,RU179458298RU,RU179458298RU,Иванова Анна Петровна,Бандероль,Курьерская,Санкт-Петербург,"ул. Мира, д. 76, кв. 173",+7-943-494-30-87,ivanovaannap521@outlook.com,В пути,2158,4229,07.06.2025,25.02.2026,####,
56,POST-000056,RU893927298RU,RU893927298RU,Павлов Павел Иванович,Заказное письмо,Курьерская,Пермь,"ул. Ленина, д. 8, кв. 189",+7-947-670-84-38,pavlovpaveli556@outlook.com,Вручено,696,642,03.03.2026,03.12.2025,Собственная система учёта,Международное отправление
57,POST-000057,RU793964850RU,RU793964850RU,Семёнова Алина Николаевна,Бандероль,Стандартная,Москва,"ул. Ленина, д. 82, кв. 65",+7-953-355-92-21,semenovaalin131@yandex.ru,В пути,6849,н/д,05.04.2024,2025,SAP ERP,Международное отправление
58,POST-000058,???,RU136707984RU,Виноградова Мария Андреевна,Бандероль,До востребования,Ростов-на-Дону,"ул. Пушкина, д. 150, кв. 83",+7-921-827-34-29,vinogradovam205@gmail.com,Вручено,7798,2524,21.03.2024,03.08.2025,Excel-выгрузка,Международное отправление
59,POST-000059,RU688840256RU,RU688840256RU,Алексеев Виктор Дмитриевич,Бандероль,Курьерская,Нижний Новгород,"ул. Молодёжная, д. 35, кв. 100",12345,alekseevvikt915@gmail.com,Приб. в п.выдачи,5741,4535,19.10.2025,28.12.2024,Собственная система учёта,
60,POST-000060,RU914257551RU,RU914257551RU,Новикова Мария Петровна,Экспресс-отпр.,Курьерская,Н.Новгород,"ул. Спортивная, д. 148, кв. 90",+7-945-442-37-87,novikovamari127@mail.ru,Прин. в отд.,3665,,24.03.2024,04.03.2024,ОШИБКА_ДАННЫХ,Требуется подпись при получении
61,POST-000061,RU917217014RU,RU917217014RU,Семёнова Дарья Ивановна,Ценная посылка,Курьерская,Санкт-Петербург,"ул. Спортивная, д. 117, кв. 53",+7-953-202-91-13,semenovadary813@yandex.ru,Возвр. отправ.,8485,2135,05.02.2024,26.06.2025,CRM Bitrix24,
62,POST-000062,RU202544755RU,RU202544755RU,Семёнов Александр Николаевич,Экспресс-отправление,Стандартная,Москва,"ул. Победы, д. 66, кв. 134",+7-928-137-45-41,semenovaleks59@mail.ru,Возврат отправителю,6244,3451,17.06.2026,11.02.2026,CRM Bitrix24,
63,POST-000063,####,RU366425969RU,Попова Светлана Сергеевна,Ценная посылка,Экспресс,Казань,"ул. Советская, д. 99, кв. 71",,popovasvetla582@gmail.com,Прибыло в пункт выдачи,7070,,12.01.2024,18.09.2025,Собственная система учёта,Международное отправление
64,POST-000064,RU155209775RU,RU155209775RU,Попов Сергей Викторович,Экспресс-отправление,Стандартная,Ростов-н/Д,"ул. Гагарина, д. 15, кв. 124",+7-940-269-63-87,popovsergeiv374@yandex.ru,В пути,ERROR,1159,20.10.2023,14.07.2026,-,Повторная попытка вручения
65,POST-000065,RU243164979RU,RU243164979RU,Голубев Александр Александрович,Заказное письмо,,Самара,"ул. Ленина, д. 4, кв. 141",+7-928-146-70-56,golubevaleks134@yandex.ru,В пути,,1140,11.09.2025,08.10.2026,1С:Предприятие,Повторная попытка вручения
66,POST-000066,RU651939659RU,,Голубева Юлия Петровна,Ценн. посылка,Курьерская,Москва,12345XYZ,+7-935-590-98-61,golubevayuli467@outlook.com,Принято в отделении,3097,4038,19.08.2024,27.08.2025,CRM Bitrix24,
67,POST-000067,RU991556676RU,RU991556676RU,Семёнов Артём Дмитриевич,Бандероль,До востребования,Пермь,"ул. Победы, д. 9, кв. 23",+7-921-297-53-71,semenovartem981@yandex.ru,В п,3237,2326,18.01.2026,02.05.2024,Excel-выгрузка,Хрупкое содержимое
68,POST-000068,RU503783085RU,RU503783085RU,Козлов Алексей Иванович,Бандер.,Курьерская,СПб,ул.,+7-941-550-91-47,kozlovalekse584@gmail.com,Возвр. отправ.,4525,1094,17.07.2024,18.01.2026,Собственная система учёта,
69,POST-000069,RU662663881RU,RU662663881RU,Петрова Ксения Андреевна,Ценн. посылка,Стандартная,Челяб.,"ул. Спортивная, д. 100, кв. 73",+7-928-841-77-18,petrovakseni852@outlook.com,Прибыло в пункт выдачи,5825,1161,08.12.2025,21.02.2026,CRM Bitrix24,
70,POST-000070,RU445246985RU,RU445246985RU,Иванов Алексей Александрович,Ценн. посылка,Стандартная,Кра,"ул. Спортивная, д. 120, кв. 52",+7-956-587-62-16,ivanovalekse482@yandex.ru,Возврат отправителю,7775,559,05.04.2024,11.11.2024,Собственная система учёта,Хрупкое содержимое
71,POST-000071,,RU775802842RU,Лебедев Александр Сергеевич,Бандероль,До востребования,Челяб.,"ул. Пушкина, д. 58, кв. 162",+7-934-123-47-74,lebedevaleks248@yandex.ru,Вручено,2261,4593,24.08.2023,14.01.2025,1С:Предприятие,
72,POST-000072,RU415180436RU,RU415180436RU,Смирнова Татьяна Александровна,Экспресс-отправление,Курьерская,СПб,"ул. Советская, д. 22, кв. 150",+7-917-887-45-30,smirnovataty459@outlook.com,Неизвестная категория,265,3759,26.07.2025,13.12.2026,CRM Bitrix24,
73,POST-000073,RU505330328RU,RU505330328RU,Смирнов,Экспресс-отправление,Стандартная,Волгоград,"ул. Центральная, д. 117, кв. 154",+7-926-734-25-70,smirnovegora334@outlook.com,Прибыло в пункт выдачи,8404,4627,20.04.2024,23.07.2024,CRM Bitrix24,Повторная
74,POST-000074,RU136914304RU,RU136914304RU,Морозов Дмитрий Дмитриевич,Бандероль,До востребования,Волгоград,"ул. Советская, д. 61, кв. 53",+7-944-961-96-40,morozovdmitr412@mail.ru,Вручено,2952,,08.01.2023,27.03.2025,SAP ERP,Повторная попытка вручения
75,POST-000075,RU163419246RU,RU163419246RU,???,Бандероль,Стандартная,Екб,"ул. Ленина, д. 126, кв. 77",+7-930-475-28-86,novikovaekat651@mail.ru,Прин. в отд.,3254,2973,01.11.2024,21.08.2025,1С:Предприятие,
76,POST-000076,RU310897100RU,RU310897100RU,Попова Анна Ивановна,Ценная посылка,,Екатеринбург,"ул. Ленина, д. 128, кв. 130",+7-958-339-90-73,popovaannaiv861@mail.ru,Вручено,4272,1308,13.12.2025,21.03.2024,SAP ERP,Повторная попытка вручения
77,POST-000077,RU754967217RU,RU754967217RU,Кузнецова Дарья Сергеевна,Ценная посылка,Экспресс,Смр,"ул. Мира, д. 108, кв. 8",+7-922-152-79-88,kuznecovadar696@yandex.ru,Прибыло в пункт выдачи,6607,2070,10.02.2023,24.03.2024,1С:Предприятие,Международное отправление
78,POST-000078,RU325322237RU,RU325322237RU,Иванова Юлия Николаевна,Зак,Экспресс,Челябинск,"ул. Молодёжная, д. 19, кв. 120",+7-941-658-22-31,ivanovayuliy252@yandex.ru,В пути,3601,2358,05.05.2025,25.03.2026,CRM Bitrix24,Требуется подпись при получении
79,POST-000079,RU902924366RU,RU902924366RU,N/A,Экспресс-отправление,Экспресс,Самара,"ул. Мира, д. 71, кв. 41",+7-940-525-56-93,vinogradovil347@outlook.com,Вручено,362,4013,03.03.2026,2026-13-45,Excel-выгрузка,???
80,POST-000080,RU436142220RU,RU436142220RU,Смирнов Максим Николаевич,Ценная посылка,,Москва,,+7-926-996-18-15,smirnovmaksi982@outlook.com,Прибыло в пункт выдачи,5279,2864,01.01.2024,09.10.2026,1С:Предприятие,Хрупкое содержимое
81,POST-000081,RU944647102RU,RU944647102RU,Кузнецов Алексей Иванович,Заказное письмо,Курьерская,Ростов-на-Дону,"ул. Победы, д. 64, кв. 119",12345,kuznecovalek623@outlook.com,Возврат отправителю,3852,,25.03.2024,23.04.2026,Excel-выгрузка,Повторная попытка вручения
82,POST-000082,RU571866843RU,RU571866843RU,Богданова Екатерина Викторовна,Ценная посылка,Курьерская,Влгд,"ул. Победы, д. 17, кв. 128",+7-913-224-34-50,bogdanovaeka695@mail.ru,В пути,-1,3158,05.06.2025,19.09.2025,Собственная система учёта,Хрупкое содержимое
83,POST-000083,RU101561548RU,RU101561548RU,Голубева Юлия Дмитриевна,Ценн. посылка,Стандартная,Смр,"ул. Мира, д. 104, кв. 24",+7-945-635-13-49,golubevayuli107@mail.ru,В пути,1083,1169,02.02.2026,23.11.2026,1С:Предприятие,Повторная попытка вручения
84,POST-000084,RU840648711RU,RU840648711RU,Попов Роман Иванович,Экспресс-отправление,Курьерская,Ростов-на-Дону,"ул. Спортивная, д. 121, кв. 113",+7-942-125-34-46,popovromaniv108@yandex.ru,Вручено,3825,,27.12.2024,08.09.2025,SAP ERP,Международное отправление
85,POST-000085,RU574268189RU,RU574268189RU,Богданов Александр Викторович,Экспресс-отпр.,Курьерская,Челябинск,"ул. Мира, д. 126, кв. 114",+7-916-427-52-62,bogdanovalek535@gmail.com,Возврат отправителю,6175,2170,05.03.2024,25.05.2026,,
86,POST-000086,RU514885601RU,RU514885601RU,Богданов Виктор Дмитриевич,Бандероль,До востребования,Москва,"ул. Спортивная, д. 51, кв. 181",+7-951-746-30-59,bogdanovvikt258@yandex.ru,В пути,862,1326,01.03.2026,05.09.2025,SAP ERP,Требуется подпись при получении
87,POST-000087,RU219643915RU,RU219643915RU,Попова Ирина Дмитриевна,Экспресс-отправление,Экспресс,Краснодар,"ул. Мира, д. 13, кв. 18",+7-952-634-88-66,popovairinad760@yandex.ru,В пути,3004,2432,,11.03.2026,,
88,POST-000088,RU761093956RU,RU761093956RU,Егорова,Ценн. посылка,Стандартная,Екб,"ул. Мира, д. 100, кв. 146",+7-938-896-32-76,egorovaekate968@mail.ru,Возврат отправителю,8366,3128,15.01.2025,08.05.2024,1С:Предприятие,
89,POST-000089,RU121927303RU,RU121927303RU,Богданова Виктория Викторовна,Экспресс-отправление,Экспресс,Нижний Новгород,"ул. Молодёжная, д. 133, кв. 182",+7-937-824-69-53,bogdanovavik63@outlook.com,Принято в отделении,5412,2449,05.11.2024,16.11.2026,1С:Предприятие,
90,POST-000090,RU875530130RU,RU875530130RU,-,Ценная посылка,Стандартная,Мск,нет данных(ошибка),+7-959-662-77-86,golubevairin568@mail.ru,Возврат отправителю,7090,2339,23.06.2024,06.09.2024,1С:Предприятие,Требуется подпись при получении
91,POST-000091,RU679206206RU,RU679206206RU,Семёнов Артём Дмитриевич,Ценная посылка,Курьерская,Воронеж,"ул. Пушкина, д. 20, кв. 18",+7-933-326-90-10,semenovartem154@mail.ru,Вручено,933,3742,13.07.2024,14.01.2024,CRM Bitrix24,Повторная попытка вручения
92,POST-000092,RU234221249RU,RU234221249RU,Новиков Владимир Петрович,Заказное письмо,До востребования,категория_5,"ул. Пушкина, д. 94, кв. 4",+7-939-1,,В пути,5852,1190,12.11.2026,11.06.2026,Excel-выгрузка,Международное отправление
93,POST-000093,RU576763443RU,RU576763443RU,Виноградов Павел Дмитриевич,Заказное письмо,Экспресс,Москва,"ул. Ленина, д. 92, кв. 108",+7-930-802-50-54,vinogradovpa50@yandex.ru,Прибыло в пункт выдачи,344,4049,21.04.2025,17.04.2026,Excel-выгрузка,Хрупкое содержимое
94,POST-000094,RU810581777RU,RU810581777RU,Голубев Александр Викторович,Ценная посылка,Экспресс,Новосибирск,"ул. Спортивная, д. 46, кв. 74",+7-920-299-81-48,golubevaleks568@gmail.com,В пути,4055,1332,24.02.2023,02.02.2025,Excel-выгрузка,Хрупкое содержимое
95,POST-000095,RU622683858RU,RU622683858RU,Кузнецова Ольга Ивановна,Ценная посылка,Экспресс,Казань,"ул. Победы, д. 67, кв. 49",+7-927-742-52-73,kuznecovaolg137@mail.ru,Возврат отправителю,4676,553,09.09.2024,18.06.2024,N/A,Повторная попытка вручения
96,POST-000096,RU940816743RU,RU940816743RU,Фёдоров Егор Дмитриевич,Ценная посылка,Стандартная,Краснодар,"ул. Центральная, д. 57, кв. 34",+7-924-857-34-51,fedorovegord581@mail.ru,Прибыло в пункт выдачи,н/д,3493,27.04.2024,09.05.2024,1С:Предприятие,Международное отправление
97,POST-000097,RU903380965RU,RU903380965RU,Козлова Виктория Андреевна,Ценная посылка,Экспресс,Екатеринбург,"ул. Центральная, д. 134, кв. 125",+7-923-784-94-39,petrov@@mail..ru,Возврат отправителю,976,2773,21.10.2024,20.09.2026,SAP ERP,
98,POST-000098,RU902964861RU,RU902964861RU,Виноградова Наталья Александровна,Бандероль,Курьерская,Санкт-Петербург,"ул. Победы, д. 88, кв. 106",+7-941-380-61-48,vinogradovan866@yandex.ru,В пути,7589,1729,14.01.2023,10.07.2024,Excel-выгрузка,Требуется подпись при получении
99,POST-000099,RU398374379RU,RU398374379RU,,Ценная посылка,Стандартная,Нижний Новгород,"ул. Садовая, д. 28, кв. 155",+7-919-735-47-90,petrovatatya454@,Вру,3524,1702,25.08.2026,08.10.2026,Собственная система учёта,Требуется подпись при получении
100,POST-000100,RU372916426RU,RU372916426RU,Петрова Виктория Дмитриевна,Ценн. посылка,Стандартная,Екатеринбург,"ул. Центральная, д. 111, кв. 3",+7-927-706-23-85,,Вручено,9755,4728,26.01.2026,19.08.2025,Excel-выгрузка,Хрупкое
101,POST-000101,RU207045207RU,RU207045207RU,Соколов Александр Петрович,Заказное письмо,Экспресс,Ростов-на-Дону,"ул. Гагарина, д. 47, кв. 82",+7-933-597-76-46,sokolovaleks578@mail.ru,,4093,1317,03.03.2024,27.04.2024,Собственная система учёта,???
102,POST-000102,RU558021571RU,RU558021571RU,Смирнова Алина Ивановна,Экспресс-отправление,Стандартная,Челяб.,ул.,+7-954-871-84-51,smirnovaalin164@outlook.com,Приб. в п.выдачи,1463,3467,17.12.2025,09.11.2026,SAP ERP,Хрупкое содержимое
103,POST-000103,RU879545694RU,RU879545694RU,Смирнов Кирилл Александрович,Неизвестная категория,Экспресс,Пермь,"ул. Пушкина, д. 3, кв. 94",+7-924-400-73-46,smirnovkiril919@yandex.ru,В пути,,,16.01.2023,19.10.2026,CRM,Международное
104,POST-000104,RU480198234RU,RU480198234RU,Козлов Дмитрий Александрович,Экспресс-отпр.,Экспресс,Ростов-на-Дону,"ул. Центральная, д. 77, кв. 170",+7-930-965-41-38,kozlovdmitri135@outlook.com,Прибыло в пункт выдачи,9411,4960,28.08.2023,21.01.2026,CRM Bitrix24,Повторная попытка вручения
105,POST-000105,RU205684959RU,RU205684959RU,Попов Егор Петрович,Ценн. посылка,До востребования,Пермь,"ул. Гагарина, д. 36, кв. 106",+7-922-880-77-64,popovegorpet958@mail.ru,Вручено,1815,3215,25.04.2023,11.04.2026,Собственная система учёта,Требуется подпись при получении
106,POST-000106,RU944475253RU,RU944475253RU,Иванов Дмитрий Викторович,Ценная посылка,Курьерская,Воронеж,"ул. Победы, д. 4, кв. 49",+7-930-564-92-78,ivanovdmitri376@yandex.ru,Прибыло в пункт выдачи,2925,685,28.12.2023,25.11.2024,SAP ERP,Повторная попытка вручения
107,POST-000107,RU763883312RU,RU763883312RU,Морозова Ольга Николаевна,Бандероль,Стандартная,Мск,"ул. Победы, д. 118, кв. 150",+7-946-599-87-80,morozovaolga226@gmail.com,Принято в отделении,5596,,23.08.2024,04.02.2026,1С:Предприятие,Повторная попытка вручения
108,POST-000108,RU427491333RU,RU427491333RU,Петров Алексей Иванович,Бандероль,Экспресс,Москва,"ул. Гагарина, д. 2, кв. 7",+7-937-650-61-54,petrovalekse194@yandex.ru,В пути,836,,21.01.2024,05.03.2025,SAP ERP,####
109,POST-000109,RU985758961RU,RU985758961RU,Виноградов Максим Николаевич,Бандероль,Стандартная,Санкт-Петербург,"ул. Советская, д. 104, кв. 124",+7-918-402-53-12,vinogradovma145@yandex.ru,Принято в отделении,370,4424,23.12.2025,27.11.2026,Excel-выгрузка,Международное отправление
110,POST-000110,RU255505176RU,RU255505176RU,Козлов Никита Сергеевич,Экспресс-отправление,Курьерская,Нижний Новгород,"ул. Молодёжная, д. 79, кв. 57",+7-916-120-26-85,kozlovnikita757@mail.ru,,451,4720,21.07.2026,07.09.2025,SAP ERP,Повторная попытка вручения
111,POST-000111,RU222478607RU,RU222478607RU,Голубева Алина Ивановна,Ценная посылка,Стандартная,Крд,"ул. Спортивная, д. 45, кв. 118",+7-947-690-73-88,golubevaalin257@yandex.ru,Возврат отправителю,3501,1527,01.09.2025,05.05.2025,Excel-выгрузка,N/A
112,POST-000112,RU770659871RU,RU770659871RU,Алексеев Илья Александрович,Заказное письмо,До востребования,Челяб.,"ул. Победы, д. 72, кв. 116",+7-932-133-38-92,alekseevilya429@mail.ru,Возврат отправителю,2017,3030,14.04.2026,24.05.2025,1С:Предприятие,
113,POST-000113,RU892330209RU,RU892330209RU,Кузнецов Александр Сергеевич,Заказное письмо,Стандартная,Екб,ОШИБКА_ДАННЫХ,+7-951-224-99-86,kuznecovalek747@outlook.com,Принято в отделении,5042,3729,,28.05.2025,SAP ERP,Требуется подпись при получении
114,POST-000114,RU699836942RU,RU699836942RU,Волкова Юлия Александровна,Ценная посылка,До востребования,Волгоград,"ул. Мира, д. 147, кв. 53",+7-911-414-21-81,volkovayuliy533@mail.ru,Прибыло в пункт выдачи,9144,1185,23.01.2026,14.05.2026,CRM Bitrix24,Требуется подпись при получении
115,POST-000115,RU971952658RU,RU971952658RU,Козлова Татьяна Николаевна,Ценная посылка,Экспресс,Волгоград,"ул. Мира, д. 94, кв. 196",+7-935-336-47-35,kozlovatatya431@outlook.com,Возврат отправителю,,2971,17.04.2024,25.06.2024,SAP ERP,Повторная попытка вручения
116,POST-000116,RU429731278RU,RU429731278RU,Соколова Ксения Викторовна,,До востребования,Новосиб.,"ул. Победы, д. 61, кв. 136",+7-924-471-13-65,sokolovaksen712@gmail.com,Прибыло в пункт выдачи,1188,1646,21.08.2023,08.05.2025,CRM Bitrix24,
117,POST-000117,RU620742319RU,RU620742319RU,Иванова Ксения Сергеевна,Ценн. посылка,Экспресс,категория_5,"ул. Гагарина, д. 61, кв. 174",+7-957-563-94-11,ivanovakseni160@yandex.ru,В пути,8616,4208,22.01.2026,24.11.2024,Excel-выгрузка,Требуется подпись при получении
118,POST-000118,,RU162161366RU,Петрова Анна Ивановна,Заказное письмо,Стандартная,Самара,"ул. Садовая, д. 74, кв. 28",+7-911-928-59-84,petrovaannai486@outlook.com,Вручено,5535,1641,18.04.2024,22.04.2025,Excel-выгрузка,Повторная попытка вручения
119,POST-000119,RU320700590RU,RU320700590RU,Морозова Ксения Сергеевна,Заказ. письмо,До востребования,Краснодар,12345XYZ,+7-920-627-95-12,morozovaksen722@gmail.com,В пути,6498,много,10.12.2026,07.12.2024,Собственная система учёта,Требуется подпись при получении
120,POST-000120,RU914321059RU,RU914321059RU,Павлова Юлия Дмитриевна,Заказное письмо,Стандартная,Казань,"ул. Садовая, д. 27, кв. 122",+7-929-426-52-99,pavlovayuliy732@yandex.ru,Вручено,5253,1729,01.01.2026,02.02.2025,CRM Bitrix24,Хрупкое содержимое
121,POST-000121,RU335380195RU,RU335380195RU,Соколова Виктория Ивановна,Бандероль,Стандартная,Санкт-Петербург,"ул. Молодёжная, д. 33, кв. 126",+7-940-7,sokolovavikt695@yandex.ru,Прин. в отд.,3679,3601,01.10.2025,23.07.2024,SAP ERP,Повторная попытка вручения
122,POST-000122,-,RU180941161RU,Фёдоров Кирилл Петрович,Ценн. посылка,Экспресс,Санкт-Петербург,,+7-912-185-79-54,fedorovkiril279@gmail.com,Принято в отделении,6151,4072,17.05.2025,08.01.2025,Собственная система учёта,Требуется подпись при получении
123,POST-000123,RU846531284RU,RU846531284RU,Голубева Ольга Николаевна,Экспресс-отправление,Курьерская,Казань,"ул. Ленина, д. 122, кв. 157",+7-921-349-28-77,golubevaolga208@gmail.com,,7931,2135,07.03.2026,11.12.2024,Excel-выгрузка,Повторная попытка вручения
124,POST-000124,RU262064775RU,RU262064775RU,Петрова Виктория Петровна,Ценн. посылка,До востребования,Ростов-на-Дону,"ул. Спортивная, д. 63, кв. 32",+7-944-834-56-74,petrovavikto178@gmail.com,Принято в отделении,8547,3666,08.06.2024,13.06.2026,CRM Bitrix24,
125,POST-000125,RU383307776RU,RU383307776RU,Голубева Юлия Николаевна,Ценн. посылка,Экспресс,Нижний Новгород,"ул. Советская, д. 75, кв. 150",+7-913-704-35-42,golubevayuli396@yandex.ru,Возвр. отправ.,2570,3452,вчера,07.09.2025,1С:Предприятие,Международное отправление
126,POST-000126,RU219722784RU,RU219722784RU,Алексеева Полина Николаевна,Бандероль,До востребования,Москва,"ул. Мира, д. 58, кв. 164",+7-939-602-31-80,alekseevapol512@outlook.com,Прибыло в пункт выдачи,7120,3410,00.00.0000,23.06.2025,Excel-выгрузка,Требуется подпись при получении
127,POST-000127,RU125030998RU,RU125030998RU,Виноградов Илья Александрович,Экспресс-отправление,Курьерская,Новосибирск,"ул. Ленина, д. 45, кв. 110",+7-929-587-27-27,vinogradovil79@yandex.ru,Приб. в п.выдачи,6762,2502,05.01.2024,13.08.2024,SAP ERP,Повторная попытка вручения
128,POST-000128,RU715908821RU,RU715908821RU,Семёнов Артём Викторович,Заказное письмо,Экспресс,Нижний Новгород,"ул. Советская, д. 76, кв. 178",+7-927-574-66-58,semenovartem238@yandex.ru,,9330,3252,08.11.2026,14.09.2025,1С:Предприятие,Хрупкое содержимое
129,POST-000129,RU105613178RU,RU105613178RU,Фёдорова Ирина Петровна,Экспресс-отправление,До востребования,Челяб.,"ул. Пушкина, д. 15, кв. 65",+7-949-456-13-60,fedorovairin358@yandex.ru,Принято в отделении,9902,,22.06.2023,11.07.2025,CRM Bitrix24,
130,POST-000130,,RU251142489RU,Кузнецов Кирилл Андреевич,Экспресс-отправление,Экспресс,Н.Новгород,"ул. Садовая, д. 3, кв. 198",+7-955-372-65-71,kuznecovkiri942@outlook.com,Возврат отправителю,3594,1730,11.10.2024,05.01.2026,Excel-выгрузка,
131,POST-000131,RU514905544RU,RU514905544RU,Егорова Анна Андреевна,Заказное письмо,Курьерская,Санкт-Петербург,"ул. Советская, д. 82, кв. 191",+7-912-297-98-87,egorovaannaa537@outlook.com,Прибыло в пункт выдачи,1343,2555,01.03.2023,25.02.2024,Собственная система учёта,Требуется подпись при получении
132,POST-000132,RU513216310RU,RU513216310RU,Козлов Илья Иванович,Бан,Экспресс,Ворнж,"ул. Советская, д. 117, кв. 197",+7-99-abc-12-34,kozlovilyaiv119@mail.ru,Прибыло в пункт выдачи,5617,4453,вчера,17.04.2025,SAP ERP,Требуется подпись при получении
133,POST-000133,RU103445634RU,RU103445634RU,Петрова Ольга Викторовна,Ценная посылка,Стандартная,Волгоград,"ул. Пушкина, д. 6, кв. 171",+7-940-533-62-71,petrovaolgav719@outlook.com,Принято в отделении,8721,3285,,17.04.2024,CRM Bitrix24,Повторная попытка вручения
134,POST-000134,RU343786615RU,RU343786615RU,Семёнов Александр Николаевич,Экспресс-отправление,До востребования,Москва,"ул. Советская, д. 23, кв. 11",+7-940-554-68-34,semenovaleks253@,В пути,9478,3454,09.02.2025,06.02.2025,Excel-выгрузка,Международное отправление
135,POST-000135,RU615244100RU,RU615244100RU,Богданова Екатерина Александровна,Ценн. посылка,До востребования,Самара,"ул. Гагарина, д. 15, кв. 158",+7-948-967-97-35,bogdanovaeka168@gmail.com,Прибыло в пункт выдачи,1186,1365,17.10.2023,11.06.2025,SAP ERP,Повторная попытка вручения
136,POST-000136,RU635359009RU,,Иванова Елена Николаевна,Экспресс-отправление,ОШИБКА_ДАННЫХ,Ворнж,"ул. Садовая, д. 118, кв. 12",+7-916-235-76-12,ivanovaelena34@outlook.com,В пути,4503,917,,03.07.2026,1С:Предприятие,Требуется подпись при получении
137,POST-000137,RU109546784RU,RU109546784RU,Кузнецова Елена Викторовна,Ценная посылка,Курьерская,Сам,"ул. Гагарина, д. 115, кв. 143",+7-911-146-51-62,kuznecovaele522@mail.ru,Возвр. отправ.,6692,1678,20.02.2025,28.03.2025,Собственная система учёта,Международное отправление
138,POST-000138,RU970916463RU,RU970916463RU,Новиков Никита Николаевич,Экспресс-отправление,Курьерская,Ростов-на-Дону,"ул. Спортивная, д. 8, кв. 186",+7-933-607-84-31,novikovnikit173@yandex.ru,Принято в отделении,8895,1720,14.08.2025,12.09.2026,CRM Bitrix24,
139,POST-000139,RU750766937RU,RU750766937RU,Егоров Алексей Сергеевич,Бандероль,Стандартная,Казань,"ул. Победы, д. 22, кв. 120",+7-958-668-61-40,egorovalekse557@mail.ru,Возвр. отправ.,2951,,25.10.2026,12.11.2026,Excel-выгрузка,N/A
140,POST-000140,RU603437627RU,RU603437627RU,Егорова Екатерина Петровна,Ценная посылка,До востребования,Пермь,"ул. Спортивная, д. 93, кв. 99",+7-944-633-14-76,,Возврат отправителю,6695,3675,04.03.2025,23.04.2025,SAP ERP,
141,POST-000141,RU611089193RU,RU611089193RU,Егорова Полина Николаевна,Заказное письмо,Стандартная,Москва,"ул. Победы, д. 30, кв. 167",+7-915-617-46-27,egorovapolin946@outlook.com,Прибыло в пункт выдачи,много,139,2024,18.06.2024,CRM Bitrix24,Международное отправление
142,POST-000142,RU720765190RU,RU720765190RU,Голубева Ирина Александровна,Ценная посылка,Курьерская,Волгоград,"ул. Молодёжная, д. 45, кв. 186",+7-938-350-95-78,golubevairin453@yandex.ru,Вручено,275,3674,13.01.2026,01.06.2024,Собственная система учёта,Требуется подпись при получении
143,POST-000143,RU819570405RU,RU819570405RU,Фёдоров Павел Сергеевич,Экспресс-отправление,Стандартная,Санкт-Петербург,"ул. Спортивная, д. 138, кв. 182",+7-913-723-51-65,fedorovpavel807@mail.ru,Вручено,9397,2045,05.04.2024,2026,Excel-выгрузка,Хрупкое содержимое
144,POST-000144,RU529257989RU,RU529257989RU,Новикова Дарья Александровна,Заказ. письмо,До востребования,Екатеринбург,"ул. Мира, д. 18, кв. 23",+7-959-2,novikovadary174@outlook.com,В пути,1870,,16.02.2024,22.11.2025,1С:Предприятие,
145,POST-000145,RU737946813RU,RU737946813RU,Воробьёва Юлия Сергеевна,Экспресс-отпр.,Экспресс,Екатеринбург,"ул. Пушкина, д. 5, кв. 156",+7-955-443-78-60,vorobevayuli328@yandex.ru,Прибыло в пункт выдачи,7162,4896,26.04.2024,25.07.2024,Excel-выгрузка,Хрупкое содержимое
146,POST-000146,RU376786664RU,RU376786664RU,Воробьёв Роман Иванович,Экспресс-отправление,Экспресс,Казань,"ул. Ленина, д. 115, кв. 71",+7-918-777-59-64,vorobevroman216@yandex.ru,Возврат отправителю,1388,1528,01.09.2024,27.03.2024,CRM Bitrix24,Повторная попытка вручения
147,POST-000147,RU159193030RU,ОШИБКА_ДАННЫХ,Павлова,Ценная посылка,Стандартная,Нижний Новгород,"ул. Мира, д. 118, кв. 172",+7-925-806-41-59,,В пути,9655,1882,03.09.2024,09.10.2026,SAP ERP,Международное отправление
148,POST-000148,RU816966059RU,RU816966059RU,Семёнова Екатерина Викторовна,Заказное письмо,Курьерская,Волгоград,"ул. Советская, д. 136, кв. 175",+7-931-674-83-66,semenovaekat357@yandex.ru,Принято в отделении,6277,3843,2023,25.11.2024,CRM Bitrix24,Повторная попытка вручения
149,POST-000149,RU977789955RU,RU977789955RU,Иванова Ксения Александровна,Ценн. посылка,Стандартная,Екатеринбург,"ул. Пушкина, д. 101, кв. 80",+7-928-332-87-11,ivanovakseni337@,В пути,3640,4835,08.09.2025,2024,Excel-выгрузка,Международное отправление
150,POST-000150,RU142022970RU,RU142022970RU,Кузнецова Елена Сергеевна,Заказное письмо,Курьерская,Воронеж,"ул. Садовая, д. 57, кв. 163",+7-99-abc-12-34,kuznecovaele253@mail.ru,Принято в отделении,947,3274,19.10.2026,,SAP ERP,Повторная попытка вручения
151,POST-000151,RU700158923RU,RU700158923RU,Иванова Светлана Ивановна,Бандероль,До востребования,Неизвестная категория,"ул. Гагарина, д. 29, кв. 173",+7-941-961-49-70,ivanovasvetl423@yandex.ru,Вручено,2956,1835,14.01.2025,23.09.2026,Excel-выгрузка,Повторная попытка вручения
152,POST-000152,RU260131949RU,,Волков Владимир Андреевич,Экспресс-отправление,До востребования,Крд,"ул. Спортивная, д. 125, кв. 182",+7-913-555-36-48,volkovvladim105@yandex.ru,Возвр. отправ.,275,4281,13.02.2024,,CRM Bitrix24,Повторная
153,POST-000153,,RU718985654RU,Алексеева Екатерина Андреевна,Бандероль,Экспресс,категория_5,####,+7-935-6,alekseevaeka935@yandex.ru,Прибыло в пункт выдачи,2825,3344,2026,20.03.2025,Собственная система учёта,Требуется подпись при получении
154,POST-000154,RU501831528RU,RU501831528RU,Петров Владимир Андреевич,Экспресс-отпр.,Стандартная,Мск,"ул. Ленина, д. 69, кв. 161",+7-937-747-12-52,petrovvladim3@mail.ru,Прин. в отд.,1602,4719,02.01.2025,24.09.2026,,Хрупкое содержимое
155,POST-000155,RU524421486RU,RU524421486RU,Попов Артём Петрович,категория_5,До востребования,не указано(ошибка),"ул. Победы, д. 34, кв. 3",+7-933-687-41-52,popovartempe81@gmail.com,Прибыло в пункт выдачи,8158,1390,16.10.2024,09.03.2025,Excel-выгрузка,Международное отправление
156,POST-000156,RU260169817RU,RU260169817RU,Воробьёва Юлия Дмитриевна,Бандероль,До востребования,Самара,"ул. Пушкина, д. 110, кв. 84",+7-915-688-78-47,vorobevayuli698@outlook.com,Приб. в п.выдачи,6214,1830,2023,21.03.2024,Собственная система учёта,####
157,POST-000157,RU649156586RU,RU649156586RU,Богданова Наталья Петровна,Бандероль,Стандартная,Пермь,"ул. Центральная, д. 33, кв. 111",+7-958-331-98-55,bogdanovanat532@yandex.ru,Возврат отправителю,2263,4213,22.11.2023,28.03.2026,CRM Bitrix24,Требуется подпись при получении
158,POST-000158,RU435021096RU,RU435021096RU,Петров Павел Сергеевич,Бандер.,Экспресс,Москва,"ул. Ленина, д. 33, кв. 199",+7-946-872-98-76,petrovpavels297@mail.ru,категория_5,,4801,16.09.2023,11.03.2026,CRM Bitrix24,Международное отправление
159,POST-000159,RU504958696RU,RU504958696RU,Воробьёв Александр Петрович,Бандероль,Стандартная,Самара,"ул. Молодёжная, д. 19, кв. 99",+7-914-355-25-93,vorobevaleks963@yandex.ru,Прин. в отд.,7535,4422,21.07.2023,14.07.2024,Excel-выгрузка,
160,POST-000160,RU645466597RU,-,Попов Виктор Сергеевич,Ценн. посылка,Экспресс,Краснодар,"ул. Пушкина, д. 78, кв. 80",+7-935-170-21-68,popovviktors310@gmail.com,Возврат отправителю,6039,3854,27.11.2023,25.08.2024,1С:Предприятие,нет данных(ошибка)
161,POST-000161,RU761575668RU,RU761575668RU,Морозова Дарья Дмитриевна,Бандероль,Экспресс,Ростов-н/Д,"ул. Мира, д. 66, кв. 86",+7-914-803-95-92,morozovadary76@yandex.ru,В пути,2486,,13.12.2023,10.01.2025,Собственная система учёта,Требуется подпись при получении
162,POST-000162,RU486041633RU,RU486041633RU,Иванов Дмитрий Александрович,Экспресс-отправление,Экспресс,Ростов-н/Д,"ул. Ленина, д. 120, кв. 98",+7-942-798-55-19,ivanovdmitri899@outlook.com,Прибыло в пункт выдачи,938,3580,02.01.2025,25.09.2025,SAP ERP,Международное отправление
163,POST-000163,RU472648739RU,RU472648739RU,12345XYZ,Экспресс-отправление,Экспресс,Казань,нет данных(ошибка),+7-949-657-19-24,popovviktors964@outlook.com,Вручено,-1,4993,22.03.2026,24.09.2025,CRM Bitrix24,Хрупкое
164,POST-000164,RU438875125RU,RU438875125RU,,Бандероль,нет данных(ошибка),Самара,"ул. Советская, д. 53, кв. 128",+7-932-694-84-35,golubevairin262@yandex.ru,Прибыло в пункт выдачи,9054,1632,18.09.2024,2024,1С:Предприятие,Повторная попытка вручения
165,POST-000165,RU734625436RU,RU734625436RU,Семёнов Роман Викторович,Экспресс-отпр.,Экспресс,Самара,"ул. Спортивная, д. 47, кв. 80",+7-951-917-68-62,semenovroman484@mail.ru,В пути,5413,3940,27.06.2026,07.02.2026,1С:Предприятие,Международное отправление
166,POST-000166,RU900838891RU,RU900838891RU,,Экспресс-отпр.,Экспресс,Санкт-Петербург,"ул. Советская, д. 112, кв. 4",+7-937-251-88-46,petrov@@mail..ru,Приб. в п.выдачи,7630,1600,10.03.2026,22.06.2025,Excel-выгрузка,Повторная попытка вручения
167,POST-000167,RU743714230RU,RU743714230RU,Голубева Юлия Викторовна,Заказное письмо,Стандартная,Казань,"ул. Пушкина, д. 136, кв. 152",+7-925-790-35-38,golubevayuli771@outlook.com,В пути,9284,ERROR,10.02.2023,04.08.2025,SAP ERP,
168,POST-000168,RU715820973RU,RU715820973RU,Смирнова Татьяна Николаевна,Бандер.,Курьерская,Казань,"ул. Победы, д. 101, кв. 21",+7-926-139-88-68,smirnovataty838@outlook.com,Прибыло в пункт выдачи,1390,4263,27.02.2025,09.07.2024,1С:Предприятие,Международное отправление
169,POST-000169,RU365218335RU,RU365218335RU,Фёдорова Анна Андреевна,Ценная посылка,Экспресс,Челябинск,"ул. Молодёжная, д. 125, кв. 49",+7-954-773-17-51,fedorovaanna185@outlook.com,Прин. в отд.,8367,3628,27.06.2025,05.04.2026,Excel-выгрузка,Требуется подпись при получении
170,POST-000170,,RU987921500RU,Семёнов Дмитрий Николаевич,Ценная посылка,N/A,Новосибирск,"ул. Гагарина, д. 43, кв. 115",+7-955-707-22-76,semenovdmitr363@mail.ru,Приб. в п.выдачи,н/д,4125,23.01.2023,17.09.2025,Excel-выгрузка,Хрупкое содержимое
171,POST-000171,RU961802590RU,RU961802590RU,Попова Дарья Ивановна,Ценная посылка,Стандартная,Новосибирск,"ул. Молодёжная, д. 64, кв. 60",,popovadaryai418@outlook.com,В пути,8917,1418,22.02.2026,,-,
172,POST-000172,RU289258863RU,RU289258863RU,Павлова Полина Андреевна,Заказное письмо,Стандартная,Пермь,"ул. Спортивная, д. 104, кв. 193",,pavlovapolin48@gmail.com,Вручено,8085,2167,28.07.2023,01.03.2026,SAP ERP,Хрупкое содержимое
173,POST-000173,RU275367724RU,RU275367724RU,Попова Ольга Петровна,Экспресс-отправление,Экспресс,###,"ул. Центральная, д. 119, кв. 76",+7-953-997-31-96,popovaolgape549@outlook.com,Возврат отправителю,4349,1650,22.09.2026,06.08.2026,SAP ERP,Хрупкое содержимое
174,POST-000174,RU595244496RU,RU595244496RU,Смирнов Виктор Николаевич,Заказное письмо,До востребования,Новосибирск,"ул. Ленина, д. 85, кв. 140",12345,smirnovvikto220@gmail.com,Прин. в отд.,7016,2539,12.01.2026,09.11.2026,Собственная система учёта,
175,POST-000175,RU600579559RU,RU600579559RU,Новиков Роман Александрович,Экспресс-отпр.,Экспресс,Волгоград,"ул. Садовая, д. 76, кв. 89",+7-934-944-79-75,petrov@@mail..ru,В пути,8605,634,27.02.2026,06.09.2024,CRM,
176,POST-000176,RU228558605RU,RU228558605RU,Лебедева Елена Андреевна,Бандер.,До востребования,Челяб.,"ул. Победы, д. 64, кв. 55",+7-934-553-79-39,lebedevaelen527@gmail.com,Возврат отправителю,4631,2894,02.10.2025,14.09.2026,Excel-выгрузка,
177,POST-000177,RU201308172RU,RU201308172RU,Попов Павел Андреевич,Заказ. письмо,Стандартная,Казань,"ул. Молодёжная, д. 128, кв. 199",+7-955-506-95-45,popovpavelan323@outlook.com,Возврат отправителю,4095,2095,13.07.2025,2024,CRM Bitrix24,
178,POST-000178,RU277633628RU,ОШИБКА_ДАННЫХ,Егоров Александр Петрович,Экспресс-отправление,До востребования,Челяб.,"ул. Советская, д. 9, кв. 137",+7-929-284-84-74,egorovaleksa930@gmail.com,Принято в отделении,7390,3686,2023,18.07.2024,нет данных(ошибка),Требуется подпись при получении
179,POST-000179,RU873233181RU,RU873233181RU,Павлова Полина Андреевна,Экспресс-отпр.,Экспресс,Влгд,"ул. Ленина, д. 23, кв. 89",+7-929-484-19-26,pavlovapolin263@mail.ru,Возврат отправителю,1500,1539,21.09.2024,22.07.2026,Excel-выгрузка,
180,POST-000180,RU211566683RU,RU211566683RU,Кузнецова Наталья Николаевна,Ценная посылка,До востребования,Пермь,"ул. Победы, д. 27, кв. 31",+7-944-439-99-74,kuznecovanat861@mail.ru,В пути,112,1583,11.02.2024,06.11.2026,1С:Предприятие,
181,POST-000181,RU114048392RU,RU114048392RU,Смирнова Светлана Сергеевна,Бандероль,Экспресс,Москва,"ул. Мира, д. 141, кв. 185",+7-929-861-39-51,smirnovasvet803@outlook.com,В пути,206,4365,11.07.2023,16.03.2025,CRM Bitrix24,
182,POST-000182,RU151268976RU,RU151268976RU,Волков Роман Николаевич,категория_5,До востребования,Екатеринбург,"ул. Гагарина, д. 65, кв. 89",+7-928-861-10-56,volkovromann443@yandex.ru,Прин. в отд.,6559,2780,04.09.2026,21.05.2025,1С:Предприятие,
183,POST-000183,RU658974792RU,RU658974792RU,Соколова Ирина Дмитриевна,Экспресс-отправление,До востребования,Волгоград,"ул. Спортивная, д. 112, кв. 34",+7-919-692-33-39,sokolovairin765@gmail.com,Вручено,7884,977,14.05.2025,15.11.2024,CRM Bitrix24,Хрупкое содержимое
184,POST-000184,,RU585944913RU,Семёнов Александр Иванович,Экспресс-отправление,До востребования,не указано(ошибка),"ул. Пушкина, д. 2, кв. 4",+7-916-749-76-48,semenovaleks819@outlook.com,Вручено,,4899,12.04.2025,01.07.2026,Excel-выгрузка,Требуется подпись при получении
185,POST-000185,RU256507296RU,RU256507296RU,Петров Владимир Николаевич,Экспресс-отправление,До востребования,Новосибирск,"ул. Гагарина, д. 8, кв. 197",+7-953-455-58-32,petrovvladim703@yandex.ru,Прибыло в пункт выдачи,7449,1123,21.04.2023,27.09.2026,1С:Предприятие,Международное отправление
186,POST-000186,RU778349923RU,RU778349923RU,Кузнецова Татьяна Александровна,Бандер.,Курьерская,Воронеж,"ул. Садовая, д. 48, кв. 98",+7-913-705-61-14,kuznecovatat746@mail.ru,Вручено,5177,550,25.12.2026,2026,CRM Bitrix24,Хрупкое содержимое
187,POST-000187,RU973096742RU,RU973096742RU,Иванов Кирилл Иванович,Экспресс-отправление,До востребования,Челябинск,"ул. Пушкина, д. 129, кв. 18",+7-942-692-35-11,ivanovkirill409@mail.ru,В пути,7068,4214,28.03.2025,07.04.2025,Excel-выгрузка,Требуется подпись при получении
188,POST-000188,RU687461159RU,RU687461159RU,Козлова Ольга Викторовна,Бандероль,До востребования,Новосибирск,"ул. Центральная, д. 42, кв. 120",+7-919-6,kozlovaolgav673@mail.ru,Возврат отправителю,4198,1037,13.08.2025,08.11.2024,Собственная система учёта,Требуется подпись при получении
189,POST-000189,RU269448900RU,RU269448900RU,Голубев Виктор Александрович,Бандер.,До востребования,Санкт-Петербург,"ул. Садовая, д. 110, кв. 119",+7-953-595-21-62,golubevvikto75@gmail.com,Возврат отправителю,2036,2252,00.00.0000,19.11.2026,Собственная система учёта,Требуется подпись при получении
190,POST-000190,RU262523205RU,RU262523205RU,Козлова Алина Ивановна,Ценная посылка,Экспресс,Волгоград,"ул. Садовая, д. 8, кв. 189",+7-952-271-87-67,kozlovaalina804@mail.ru,Принято в отделении,3491,2535,24.03.2026,14.10.2024,Excel-выгрузка,Хрупкое содержимое
191,POST-000191,RU677912223RU,RU677912223RU,Егорова Светлана Петровна,Бандероль,Стандартная,Казань,"ул. Молодёжная, д. 96, кв. 54",+7-938-936-59-68,egorovasvetl249@mail.ru,Возврат отправителю,2845,4040,20.10.2025,08.05.2024,Собственная система учёта,Хрупкое содержимое
192,POST-000192,RU762467564RU,RU762467564RU,Волкова Дарья Александровна,Бандер.,Экспресс,Мск,"ул. Садовая, д. 50, кв. 55",+7-934-879-14-23,volkovadarya440@gmail.com,Вручено,1842,2970,21.02.2023,18.11.2026,Собственная система учёта,
193,POST-000193,RU861062062RU,RU861062062RU,Петров Илья Андреевич,Ценн. посылка,Экспресс,Нижний Новгород,####,+7-934-139-49-34,petrovilyaan275@outlook.com,Прибыло в пункт выдачи,6058,3778,25.07.2026,19.04.2026,SAP ERP,Требуется подпись при получении
194,POST-000194,RU675661909RU,RU675661909RU,Голубев Максим Викторович,Бандер.,Экспресс,Челябинск,"ул. Центральная, д. 95, кв. 152",+7-929-949-67-87,petrov@@mail..ru,В п,7616,527,05.10.2023,13.11.2025,Excel-выгрузка,Международное отправление
195,POST-000195,RU757417567RU,RU757417567RU,Фёдоров Егор Иванович,Ценн. посылка,Экспресс,Челябинск,ул.,+7-922-426-25-69,fedorovegori566@mail.ru,Вручено,,3510,17.01.2025,02.08.2024,CRM Bitrix24,
196,POST-000196,RU524592553RU,RU524592553RU,Соколов Алексей Николаевич,Ценная посылка,Стандартная,Ростов-н/Д,"ул. Спортивная, д. 71, кв. 85",+7-925-922-99-79,sokolovaleks323@gmail.com,Прибыло в пункт выдачи,4883,1429,09.03.2026,28.11.2025,Excel-выгрузка,Международное отправление
197,POST-000197,RU915759580RU,RU915759580RU,Богданов Никита Петрович,Ценная посылка,Стандартная,Санкт-Петербург,"ул. Пушкина, д. 133, кв. 38",+7-949-271-35-71,bogdanovniki376@yandex.ru,Возврат отправителю,,ERROR,11.11.2026,14.07.2024,1С:Предприятие,Требуется подпись при получении
198,POST-000198,RU191966159RU,RU191966159RU,Виноградов Алексей Иванович,Бандероль,Стандартная,Санкт-Петербург,,+7-930-472-57-80,vinogradoval821@mail.ru,Возврат отправителю,925,,21.07.2026,31.02.2026,Excel-выгрузка,Повторная попытка вручения
199,POST-000199,RU806986099RU,RU806986099RU,Кузнецова Дарья Андреевна,Экспресс-отправление,Стандартная,Мск,"ул. Садовая, д. 70, кв. 188",+7-956-977-37-79,kuznecovadar940@mail.ru,Принято в отделении,6974,2112,17.08.2024,14.04.2024,-,Требуется подпись при получении
200,POST-000200,RU114410412RU,RU114410412RU,Голубева Екатерина Петровна,Ценная посылка,Стандартная,Казань,"ул. Мира, д. 99, кв. 51",+7-952-106-98-94,golubevaekat443@mail.ru,Прибыло в пункт выдачи,1506,3532,09.01.2023,04.03.2025,SAP ERP,Хрупкое содержимое
