ID,Код записи,ФИО абонента,ФИО абонента (повтор),Менеджер по обслуживанию,Тип тарифа,Технология подключения,Город,Адрес,Телефон,Email,Статус абонента,"Использованный трафик, ГБ","Стоимость тарифа, руб./мес.",Дата создания записи,Дата последнего обновления,Система-источник,Примечания
1,ISP-000001,Смирнова Дарья Николаевна,Смирнова Дарья Николаевна,Егорова Татьяна Николаевна,Мобильная связь,ADSL,Ростов-на-Дону,"ул. Спортивная, д. 28, кв. 127",+7-99-abc-12-34,egorovatatya178@gmail.com,Приостановлен,464,1457,21.08.2023,23.10.2025,CRM Bitrix24,N/A
2,ISP-000002,Семёнова Ольга Александровна,Семёнова Ольга Александровна,Морозов Максим Викторович,Бизнес-тариф,Оптоволокно,Казань,"ул. Ленина, д. 25, кв. 41",+7-958-583-25-71,morozovmaksi861@yandex.ru,Активен,1153,3053,06.01.2025,21.01.2025,Собственная система учёта,Технические работы на линии
3,ISP-000003,Алексеев Дмитрий Сергеевич,Алексеев Дмитрий Сергеевич,???,категория_5,Спутниковый интернет,Крд,"ул. Молодёжная, д. 47, кв. 89",+7-951-511-98-21,fedorovvikto418@gmail.com,Приостановлен,865,,22.05.2026,22.11.2025,SAP ERP,Задолженность по оплате
4,ISP-000004,Егоров Алексей Иванович,####,Павлов Роман Сергеевич,Комбин. пакет,нет данных(ошибка),Рос,"ул. Центральная, д. 80, кв. 155",+7-920-672-90-18,pavlovromans988@outlook.com,Активен,1659,3433,07.12.2023,08.07.2026,SAP,####
5,ISP-000005,Козлов Дмитрий Андреевич,Козлов Дмитрий Андреевич,Попова Ольга Петровна,Дом. инт.,Спутниковый интернет,Пер,"ул. Пушкина, д. 82, кв. 80",+7-940-641-36-83,popovaolgape286@mail.ru,Расторгнут,1243,3222,08.01.2023,07.12.2024,CRM Bitrix24,Заявка на смену тарифа
6,ISP-000006,Егорова Ольга Дмитриевна,Егорова Ольга Дмитриевна,Иванова Ирина Сергеевна,Бизнес-тариф,Спутниковый интернет,Челябинск,"ул. Ленина, д. 110, кв. 66",+7-928-967-10-86,нет_почты,Актив.,1437,3389,15.08.2025,21.12.2025,1С:Предприятие,Технические работы на линии
7,ISP-000007,Воробьёва Светлана Сергеевна,Воробьёва Светлана Сергеевна,Алексеев Александр Николаевич,Мобильная связь,Спутниковый интернет,Екатеринбург,"ул. Победы, д. 126, кв. 72",+7-912-936-81-74,petrov@@mail..ru,Расторгнут,629,1387,2025,18.09.2024,CRM Bitrix24,
8,ISP-000008,Козлова Анна Викторовна,Козлова Анна Викторовна,Козлов Артём Петрович,Мобильная связь,ADSL,Краснодар,"ул. Ленина, д. 99, кв. 196",,kozlovartemp290@mail.ru,Приостан.,1094,н/д,01.01.2023,04.04.2025,1С:Предприятие,Технические работы на линии
9,ISP-000009,Алексеева Дарья Александровна,Алексеева Дарья Александровна,Кузнецов Артём Николаевич,Домашний интернет,4G/LTE,Краснодар,"ул. Молодёжная, д. 130, кв. 120",+7-917-982-94-65,kuznecovarte493@mail.ru,Приостан.,1754,1223,02.02.2024,02.03.2026,1С:Предприятие,
10,ISP-000010,Фёдоров Андрей Сергеевич,,Богданов Артём Викторович,Домашний интернет,4G/LTE,Челябинск,"ул. Спортивная, д. 50, кв. 158",+7-943-957-92-38,bogdanovarte939@outlook.com,Заблокирован,1851,1901,14.11.2023,01.02.2026,Собственная система учёта,Заявка на смену тарифа
11,ISP-000011,Козлов Владимир Сергеевич,12345XYZ,Попова Виктория Андреевна,Мобильная связь,ADSL,Екатеринбург,"ул. Победы, д. 55, кв. 118",+7-930-433-96-73,popovaviktor477@yandex.ru,Активен,682,2807,11.11.2024,03.11.2024,Собственная система учёта,
12,ISP-000012,Павлов Александр Иванович,Павлов Александр Иванович,12345XYZ,Бизнес-тариф,Спутниковый интернет,Пер,"ул. Центральная, д. 140, кв. 130",+7-940-225-34-11,semenovvikto837@gmail.com,Приостан.,1234,2333,02.01.2024,14.12.2025,CRM Bitrix24,Подключение по акции
13,ISP-000013,Виноградова Светлана Ивановна,Виноградова Светлана Ивановна,Виноградов Андрей Андреевич,Бизнес-тариф,Спутниковый интернет,Воронеж,"ул. Ленина, д. 111, кв. 192",+7-914-680-99-73,vinogradovan9@gmail.com,Активен,445,2446,10.12.2023,,CRM Bitrix24,
14,ISP-000014,Алексеева Ольга Андреевна,-,Иванов Владимир Александрович,Комбинированный пакет,ADSL,Новосиб.,"ул. Советская, д. 78, кв. 177",+7-944-428-93-81,ivanovvladim805@gmail.com,###,676,1644,09.02.2026,15.12.2024,Собственная система учёта,Технические работы на линии
15,ISP-000015,Семёнов Егор Иванович,Семёнов Егор Иванович,Виноградов,Мобильная связь,4G/LTE,Челяб.,"ул. Спортивная, д. 131, кв. 31",+7-954-493-86-55,vinogradovvi661@yandex.ru,категория_5,306,1369,,2026-13-45,SAP ERP,Подключение по акции
16,ISP-000016,Воробьёв Владимир Александрович,Воробьёв Владимир Александрович,Иванов Виктор Дмитриевич,Мобильная связь,4G/LTE,Пермь,"ул. Садовая, д. 148, кв. 131",+7-915-823-75-47,ivanovviktor733@yandex.ru,Приостановлен,572,1559,вчера,10.04.2025,CRM Bitrix24,12345XYZ
17,ISP-000017,Смирнова Дарья Сергеевна,Смирнова Дарья Сергеевна,Егорова Юлия Викторовна,Мобильная связь,ADSL,Пермь,-,+7-913-545-29-78,egorovayuliy566@outlook.com,Заблокирован,277,703,2023,11.04.2025,Собственная система учёта,Задолженность по оплате
18,ISP-000018,Алексеев Максим Петрович,Алексеев Максим Петрович,Морозов Виктор Николаевич,Домашний интернет,4G/LTE,Крд,"ул. Гагарина, д. 39, кв. 72",+7-958-314-12-33,morozovvikto630@,Заблокирован,1032,2438,15.06.2025,28.10.2024,CRM Bitrix24,
19,ISP-000019,,Егоров Максим Александрович,Петрова Ирина Сергеевна,Бизнес-тариф,ADSL,Самара,"ул. Победы, д. 29, кв. 69",+7-958-792-40-50,petrovairina809@yandex.ru,Заблокирован,1939,2738,20.07.2025,06.08.2024,1С:Предприятие,Заявка на смену тарифа
20,ISP-000020,Голубев Артём Андреевич,Голубев Артём Андреевич,Козлов Артём Александрович,Домашний интернет,,Воронеж,"ул. Гагарина, д. 121, кв. 124",+7-922-579-46-79,kozlovartema126@mail.ru,Заблокирован,563,2537,19.09.2026,05.06.2024,Собственная система учёта,Задолженность по оплате
21,ISP-000021,Морозова Наталья Александровна,Морозова Наталья Александровна,Соколова Елена Викторовна,Комбин. пакет,Спутниковый интернет,Краснодар,"ул. Гагарина, д. 83, кв. 119",+7-922-212-37-12,sokolovaelen161@yandex.ru,Активен,1958,1248,21.04.2026,02.05.2025,SAP ERP,12345XYZ
22,ISP-000022,Новиков Павел Александрович,Новиков Павел Александрович,Павлова Ольга Николаевна,Бизнес-тариф,,Воронеж,"ул. Ленина, д. 107, кв. 9",+7-949-837-39-35,pavlovaolgan71@outlook.com,Расторгнут,723,2371,01.02.2025,23.12.2024,1С:Предприятие,Технические работы на линии
23,ISP-000023,Богданов Андрей Дмитриевич,Богданов Андрей Дмитриевич,Лебедева Виктория Сергеевна,Мобильная связь,Оптоволокно,Самара,"ул. Молодёжная, д. 18, кв. 91",+7-920-800-50-13,lebedevavikt615@mail.ru,Активен,896,2275,11.10.2026,15.05.2024,1С:Предприятие,Задолженность по оплате
24,ISP-000024,Соколова Светлана Сергеевна,Соколова Светлана Сергеевна,Петров Егор Дмитриевич,Бизнес-тариф,Спутниковый интернет,Новосибирск,"ул. Спортивная, д. 20, кв. 120",+7-953-388-79-92,petrovegordm615@mail.ru,Приостановлен,,2605,31.02.2026,21.05.2026,,Заявка на смену тарифа
25,ISP-000025,Иванов Роман Иванович,Иванов Роман Иванович,Алексеев Роман Петрович,Бизнес-тариф,4G/LTE,Влгд,"ул. Центральная, д. 53, кв. 148",+7-945-352-19-22,alekseevroma750@yandex.ru,Заблокирован,1213,2362,27.03.2024,23.09.2024,Собственная система учёта,
26,ISP-000026,Кузнецов Александр Иванович,Кузнецов Александр Иванович,,Комбинированный пакет,4G/LTE,Санкт-Петербург,"ул. Молодёжная, д. 106, кв. 22",+7-923-600-11-41,morozovadary31@gmail.com,Заблок.,1240,2245,04.04.2025,02.12.2025,CRM Bitrix24,Заявка на смену тарифа
27,ISP-000027,Воробьёва Мария Андреевна,Воробьёва Мария Андреевна,Кузнецова Ксения Дмитриевна,Бизнес-тариф,4G/LTE,Нижний Новгород,"ул. Победы, д. 72, кв. 139",+7-911-520-27-17,kuznecovakse818@gmail.com,Приостановлен,1510,3387,11.10.2026,27.11.2026,Excel-выгрузка,Задолженность по оплате
28,ISP-000028,Петров Алексей Андреевич,Петров Алексей Андреевич,Козлов Павел Александрович,Мобильная связь,Оптоволокно,###,"ул. Молодёжная, д. 141, кв. 48",+7-919-113-51-37,kozlovpavela345@,Приостановлен,1138,756,19.05.2024,11.09.2025,Excel-выгрузка,12345XYZ
29,ISP-000029,Козлова Полина Сергеевна,Козлова Полина Сергеевна,Петров Дмитрий Андреевич,Мобильная связь,Оптоволокно,Санкт-Петербург,"ул. Садовая, д. 106, кв. 45",+7-910-882-50-15,petrovdmitri381@yandex.ru,Заблокирован,134,,25.10.2023,20.10.2026,Excel-выгрузка,Подключение по акции
30,ISP-000030,Павлова Анна Николаевна,####,Голубева Татьяна Александровна,Бизнес-тариф,Оптоволокно,Екатеринбург,"ул. Пушкина, д. 87, кв. 97",+7-921-173-55-55,golubevataty140@gmail.com,Рас,1836,1348,13.02.2024,вчера,SAP,Заявка на смену тарифа
31,ISP-000031,Морозов Никита Дмитриевич,Морозов Никита Дмитриевич,N/A,Комбинированный пакет,4G/LTE,Казань,???,+7-929-836-73-77,ivanovakseni624@yandex.ru,Приостановлен,615,,13.07.2026,04.11.2024,Собственная система учёта,Заявка на смену тарифа
32,ISP-000032,Иванова Полина Петровна,Иванова Полина Петровна,Богданов Виктор Александрович,Дом. инт.,Спутниковый интернет,Санкт-Петербург,"ул. Садовая, д. 11, кв. 40",+7-912-294-24-57,bogdanovvikt443@gmail.com,Рас,945,1598,14.02.2024,20.06.2024,CRM Bitrix24,12345XYZ
33,ISP-000033,Алексеева Наталья Александровна,Алексеева Наталья Александровна,Морозов Алексей Петрович,Дом. инт.,4G/LTE,Смр,"ул. Победы, д. 62, кв. 160",+7-944-6,morozovaleks966@gmail.com,Активен,1766,1559,23.06.2024,16.01.2026,SAP ERP,Подключение по акции
34,ISP-000034,Иванов Максим Андреевич,Иванов Максим Андреевич,Голубева Виктория Андреевна,Бизнес-тариф,Оптоволокно,,"ул. Мира, д. 78, кв. 83",+7-921-347-32-41,golubevavikt780@yandex.ru,Активен,1553,1480,02.11.2024,16.02.2025,Собственная система учёта,
35,ISP-000035,Козлова Ирина Николаевна,Козлова Ирина Николаевна,Голубев Владимир Дмитриевич,Комбинированный пакет,Спутниковый интернет,Ростов-на-Дону,"ул. Ленина, д. 7, кв. 63",,golubevvladi612@gmail.com,Активен,1339,1153,04.04.2024,07.10.2024,Excel-выгрузка,Задолженность по оплате
36,ISP-000036,Голубева Ирина Сергеевна,Голубева Ирина Сергеевна,Семёнова Елена Андреевна,Домашний интернет,Оптоволокно,Новосибирск,"ул. Молодёжная, д. 126, кв. 106",+7-953-279-40-74,semenovaelen368@outlook.com,При,829,1259,23.02.2023,17.02.2025,1С:Предприятие,Подключение по акции
37,ISP-000037,Лебедев Виктор Петрович,Лебедев Виктор Петрович,Новикова Виктория Сергеевна,Бизнес-тариф,ADSL,Воронеж,"ул. Пушкина, д. 2, кв. 188",+7-99-abc-12-34,novikovavikt75@gmail.com,Заблокирован,1717,3403,17.10.2026,06.03.2024,Собственная система учёта,нет данных(ошибка)
38,ISP-000038,Богданов Виктор Дмитриевич,Богданов Виктор Дмитриевич,Иванов Владимир Дмитриевич,Дом. инт.,Спутниковый интернет,Челябинск,"ул. Ленина, д. 21, кв. 148",+7-954-638-33-72,ivanovvladim662@outlook.com,Активен,935,2719,16.07.2025,21.06.2026,Собственная система учёта,Заявка на смену тарифа
39,ISP-000039,Кузнецова Светлана Сергеевна,Кузнецова Светлана Сергеевна,Голубев Илья Николаевич,Комбин. пакет,4G/LTE,Санкт-Петербург,"ул. Победы, д. 97, кв. 93",+7-938-392-37-71,golubevilyan992@gmail.com,Приостановлен,н/д,,05.04.2023,17.02.2026,1С:Предприятие,Задолженность по оплате
40,ISP-000040,Алексеева Екатерина Викторовна,Алексеева Екатерина Викторовна,Новикова Дарья Викторовна,###,ADSL,Новосиб.,"ул. Гагарина, д. 100, кв. 68",+7-912-921-67-23,novikovadary872@gmail.com,Активен,404,740,14.05.2023,05.06.2026,,Технические работы на линии
41,ISP-000041,Новиков Роман Викторович,Новиков Роман Викторович,Новиков Алексей Андреевич,Дом. инт.,ADSL,Казань,"ул. Ленина, д. 61, кв. 136",+7-921-532-50-22,novikovaleks775@yandex.ru,Заблок.,923,1059,25.07.2024,15.04.2024,1С:Предприятие,Задолженность по оплате
42,ISP-000042,Смирнова Ольга Андреевна,Смирнова Ольга Андреевна,Смирнова Екатерина Сергеевна,Мобильная связь,ADSL,Челябинск,"ул. Молодёжная, д. 26, кв. 90",+7-945-360-29-54,smirnovaekat90@mail.ru,Расторгнут,1419,1512,08.03.2024,31.02.2026,Собственная система учёта,Подключение
43,ISP-000043,Лебедева Ксения Сергеевна,Лебедева Ксения Сергеевна,Голубева Ирина Александровна,###,,Москва,"ул. Спортивная, д. 114, кв. 31",+7-956-982-78-21,petrov@@mail..ru,Заблокирован,631,-1,21.03.2026,09.11.2025,Собственная система учёта,Задолженность по оплате
44,ISP-000044,Кузнецова Мария Петровна,Кузнецова Мария Петровна,Волкова Полина Сергеевна,Биз,Спутниковый интернет,Нижний Новгород,"ул. Гагарина, д. 131, кв. 65",+7-951-982-59-80,volkovapolin128@gmail.com,Приостановлен,824,569,22.12.2026,18.11.2025,Excel-выгрузка,
45,ISP-000045,Морозов Роман Сергеевич,Морозов Роман Сергеевич,Петрова Елена Андреевна,###,Спутниковый интернет,СПб,"ул. Ленина, д. 36, кв. 132",+7-915-210-23-22,petrovaelena35@outlook.com,Заблок.,41,,21.09.2026,вчера,Excel-выгрузка,Технические работы на линии
46,ISP-000046,Попова Ирина Дмитриевна,Попова Ирина Дмитриевна,Иванова Татьяна Сергеевна,Дом. инт.,,Екатеринбург,"ул. Спортивная, д. 124, кв. 197",+7-913-743-20-63,ivanovatatya990@yandex.ru,Активен,н/д,831,03.09.2025,16.08.2024,1С:Предприятие,
47,ISP-000047,Голубев Владимир Иванович,Голубев Владимир Иванович,Новиков Роман Дмитриевич,###,Спутниковый интернет,Москва,"ул. Молодёжная, д. 69, кв. 141",+7-931-994-80-97,novikovroman806@gmail.com,Заблок.,544,3026,11.05.2024,24.05.2024,Собственная система учёта,N/A
48,ISP-000048,Алексеева Наталья Андреевна,Алексеева Наталья Андреевна,Морозова Юлия Викторовна,Дом. инт.,ADSL,Ростов-на-Дону,"ул. Победы, д. 46, кв. 127",+7-936-531-66-40,morozovayuli352@mail.ru,Заблокирован,352,1594,23.02.2025,07.09.2025,CRM Bitrix24,Задолженность по оплате
49,ISP-000049,Богданов Артём Дмитриевич,Богданов Артём Дмитриевич,Алексеева Юлия Александровна,Бизнес-тариф,ADSL,Н.Новгород,"ул. Победы, д. 135, кв. 173",+7-931-526-98-85,alekseevayul941@outlook.com,Расторгнут,129,305,21.06.2025,27.09.2025,Собственная система учёта,Подключение по акции
50,ISP-000050,####,Козлов Роман Николаевич,Соколов Андрей Андреевич,Комбинированный пакет,ADSL,Крд,"ул. Садовая, д. 122, кв. 3",+7-911-439-27-54,sokolovandre816@,Приостановлен,807,1045,11.03.2026,04.07.2026,Собственная система учёта,Подключение по акции
51,ISP-000051,Новиков,Новиков Павел Александрович,Виноградова Наталья Петровна,Комбинированный пакет,ADSL,Ростов-н/Д,"ул. Мира, д. 89, кв. 162",+7-929-578-24-31,vinogradovan787@mail.ru,Расторгнут,1923,814,15.06.2026,08.04.2026,CRM Bitrix24,####
52,ISP-000052,Кузнецов Дмитрий Андреевич,Кузнецов Дмитрий Андреевич,Алексеев Никита Сергеевич,Бизнес-тариф,4G/LTE,Смр,,+7-955-2,alekseevniki164@gmail.com,Приостановлен,653,2415,12.11.2025,08.07.2026,Собственная система учёта,Подключение по акции
53,ISP-000053,Виноградова,Виноградова Дарья Николаевна,Морозов Илья Дмитриевич,Бизнес-тариф,Оптоволокно,Новосибирск,"ул. Победы, д. 83, кв. 112",+7-916-298-87-64,morozovilyad814@mail.ru,Заблокирован,967,2946,28.02.2025,10.01.2026,-,Технические работы на линии
54,ISP-000054,Богданова,Богданова Ирина Николаевна,Воробьёв Кирилл Андреевич,Мобильная связь,ADSL,Смр,"ул. Победы, д. 123, кв. 24",+7-938-543-80-56,vorobevkiril520@yandex.ru,Заблокирован,1208,2822,17.01.2025,24.05.2026,Excel-выгрузка,Заявка на смену тарифа
55,ISP-000055,Фёдорова Татьяна Петровна,12345XYZ,Фёдоров Александр Сергеевич,Бизнес-тариф,Спутниковый интернет,Пермь,"ул. Мира, д. 77, кв. 1",+7-911-979-97-46,fedorovaleks946@outlook.com,Заблокирован,107,2461,18.10.2026,08.08.2024,Excel-выгрузка,Задолженность по оплате
56,ISP-000056,Волкова Юлия Петровна,Волкова Юлия Петровна,Новикова Анна Викторовна,Моб. связь,Оптоволокно,Ростов-на-Дону,"ул. Пушкина, д. 43, кв. 167",+7-912-809-21-24,novikovaanna538@mail.ru,Приостан.,1584,3112,21.05.2025,11.11.2026,CRM Bitrix24,Задолженность по оплате
57,ISP-000057,Смирнова Алина Сергеевна,Смирнова Алина Сергеевна,Алексеев Виктор Николаевич,Бизнес-тариф,ADSL,Екб,ул.,+7-958-8,alekseevvikt152@,Расторг.,2000,2020,15.02.2023,13.01.2025,Собственная система учёта,Задолженность по оплате
58,ISP-000058,Козлова Ирина Андреевна,Козлова Ирина Андреевна,Кузнецов Павел Андреевич,Бизнес-тариф,ADSL,Казань,"ул. Спортивная, д. 134, кв. 177",+7-936-852-53-18,kuznecovpave656@gmail.com,Приостан.,835,1327,19.03.2026,23.12.2025,Собственная система учёта,Задолженность по оплате
59,ISP-000059,Волков Роман Сергеевич,Волков Роман Сергеевич,,Бизнес-тариф,Спутниковый интернет,Санкт-Петербург,"ул. Гагарина, д. 82, кв. 138",+7-927-111-47-73,vorobevaleks830@outlook.com,Активен,1038,ABC,01.12.2024,11.04.2025,SAP ERP,Заявка на смену тарифа
60,ISP-000060,Голубев Роман Петрович,Голубев Роман Петрович,Голубева Елена Ивановна,Комбинированный пакет,Спутниковый интернет,Н.Новгород,"ул. Пушкина, д. 39, кв. 81",+7-931-690-39-41,golubevaelen546@gmail.com,Расторг.,1162,1607,18.07.2025,05.01.2024,???,Задолженность по оплате
61,ISP-000061,Павлова Татьяна Николаевна,Павлова Татьяна Николаевна,Смирнов Сергей Петрович,Комбинированный пакет,4G/LTE,Казань,"ул. Молодёжная, д. 35, кв. 176",+7-952-745-70-43,smirnovserge845@yandex.ru,Приостан.,474,1530,18.03.2023,10.04.2026,CRM Bitrix24,
62,ISP-000062,Волков Илья Сергеевич,Волков Илья Сергеевич,Павлов Никита Викторович,,4G/LTE,Екатеринбург,"ул. Спортивная, д. 17, кв. 98",+7-951-723-23-34,pavlovnikita389@gmail.com,Неизвестная категория,481,822,13.07.2026,07.07.2024,Собственная система учёта,
63,ISP-000063,Кузнецов Дмитрий Петрович,Кузнецов Дмитрий Петрович,Попов Виктор Викторович,Домашний интернет,ADSL,Смр,"ул. Победы, д. 124, кв. 79",+7-943-221-54-36,popovviktorv316@yandex.ru,Расторгнут,,-1,20.04.2026,21.02.2026,Собственная система учёта,Задолженность по оплате
64,ISP-000064,Новикова Ирина Сергеевна,Новикова Ирина Сергеевна,Иванов Артём Андреевич,Бизнес-тариф,Оптоволокно,Москва,"ул. Центральная, д. 141, кв. 147",,ivanovartema787@,Актив.,821,701,06.08.2026,05.09.2024,1С:Предприятие,Заявка на смену тарифа
65,ISP-000065,Козлов Дмитрий Николаевич,Козлов Дмитрий Николаевич,Волкова Светлана Петровна,Бизнес-тариф,Оптоволокно,,"ул. Советская, д. 48, кв. 16",+7-918-267-43-10,volkovasvetl499@mail.ru,Приостан.,1390,956,20.06.2023,11.11.2026,SAP ERP,Подключение по акции
66,ISP-000066,Новикова Анна Ивановна,Новикова Анна Ивановна,Иванов Александр Николаевич,Дом. инт.,4G/LTE,Екатеринбург,"ул. Центральная, д. 141, кв. 26",+7-928-171-24-84,ivanovaleksa542@gmail.com,Расторгнут,1470,1218,14.01.2026,09.04.2026,1С:Предприятие,Технические работы на линии
67,ISP-000067,Смирнова Алина Андреевна,Смирнова Алина Андреевна,Семёнов Алексей Сергеевич,Мобильная связь,4G/LTE,Екб,ул.,+7-917-619-31-39,semenovaleks839@yandex.ru,Актив.,,2291,05.07.2023,14.10.2026,Собственная система учёта,Задолженность по оплате
68,ISP-000068,Волкова Виктория Николаевна,Волкова Виктория Николаевна,-,Мобильная связь,ADSL,Екб,"ул. Победы, д. 40, кв. 171",+7-916-422-61-16,morozovaolga223@yandex.ru,Приостановлен,616,2330,17.07.2025,05.10.2025,Excel-выгрузка,Задолженность по оплате
69,ISP-000069,ОШИБКА_ДАННЫХ,Смирнова Ирина Андреевна,Алексеев Сергей Петрович,Бизнес-тариф,Оптоволокно,Краснодар,"ул. Центральная, д. 130, кв. 163",,alekseevserg916@outlook.com,Расторгнут,1264,2960,25.10.2024,20.07.2024,CRM Bitrix24,
70,ISP-000070,Фёдоров Роман Викторович,Фёдоров Роман Викторович,Иванова Анна Сергеевна,Домашний интернет,,Новосибирск,"ул. Гагарина, д. 32, кв. 16",+7-929-653-22-25,ivanovaannas955@gmail.com,Расторг.,1083,2890,18.04.2023,08.12.2026,CRM Bitrix24,Задолженность по оплате
71,ISP-000071,Лебедев Артём Николаевич,Лебедев Артём Николаевич,Волкова Мария Сергеевна,Комбинированный пакет,ADSL,Челябинск,"ул. Мира, д. 12, кв. 72",+7-916-575-60-33,volkovamariy858@gmail.com,Активен,1790,326,01.11.2024,09.07.2024,1С:Предприятие,Технические работы на линии
72,ISP-000072,Семёнов Никита Иванович,Семёнов Никита Иванович,Виноградов Дмитрий Александрович,Бизнес-тариф,Оптоволокно,Нижний Новгород,"ул. Советская, д. 129, кв. 151",+7-915-210-48-92,vinogradovdm72@yandex.ru,Активен,347,300,27.03.2026,03.05.2025,Собственная система учёта,Технические работы на линии
73,ISP-000073,,Павлова Ольга Ивановна,Смирнова Дарья Викторовна,Домашний интернет,4G/LTE,Челяб.,"ул. Победы, д. 99, кв. 135",+7-915-175-92-39,,Активен,692,1213,08.10.2024,19.05.2024,CRM Bitrix24,
74,ISP-000074,Виноградов Роман Сергеевич,Виноградов Роман Сергеевич,Алексеева Мария Ивановна,Мобильная связь,4G/LTE,Пермь,"ул. Центральная, д. 43, кв. 198",+7-937-270-44-66,alekseevamar918@mail.ru,,1170,687,06.06.2026,15.11.2025,CRM Bitrix24,Задолженность по оплате
75,ISP-000075,Попова Ксения Николаевна,Попова Ксения Николаевна,Егорова Мария Николаевна,Домашний интернет,Оптоволокно,Пермь,"ул. Гагарина, д. 91, кв. 170",+7-928-109-65-44,egorovamariy686@outlook.com,Расторг.,865,1798,05.08.2023,16.12.2025,SAP ERP,
76,ISP-000076,Попов Дмитрий Андреевич,Попов Дмитрий Андреевич,Волкова Ирина Ивановна,Комбинированный пакет,,СПб,,+7-911-174-57-88,volkovairina224@mail.ru,Неизвестная категория,520,351,19.01.2024,22.03.2024,ОШИБКА_ДАННЫХ,Подключение по акции
77,ISP-000077,Егорова Мария Николаевна,Егорова Мария Николаевна,Егорова Ирина Ивановна,Мобильная связь,Оптоволокно,Казань,"ул. Ленина, д. 97, кв. 110",+7-946-420-80-16,egorovairina792@gmail.com,Заблокирован,38,1902,10.05.2026,03.06.2025,SAP ERP,Заявка на смену тарифа
78,ISP-000078,???,Воробьёв Павел Сергеевич,Иванова Елена Сергеевна,Моб. связь,,Казань,"ул. Гагарина, д. 138, кв. 69",+7-928-439-51-15,ivanovaelena318@outlook.com,Приостан.,1674,2831,01.09.2024,16.12.2024,Собственная система учёта,Технические работы на линии
79,ISP-000079,Иванов Александр Дмитриевич,Иванов Александр Дмитриевич,Павлов Алексей Петрович,Бизнес-тариф,Оптоволокно,Екб,"ул. Молодёжная, д. 66, кв. 156",+7-99-abc-12-34,pavlovalekse856@yandex.ru,Активен,1686,1949,17.11.2026,23.03.2026,Собственная система учёта,Заявка на смену тарифа
80,ISP-000080,Семёнова Екатерина Андреевна,,Волкова Юлия Ивановна,Мобильная связь,4G/LTE,Челябинск,"ул. Гагарина, д. 33, кв. 171",+7-922-842-20-50,volkovayuliy793@yandex.ru,Расторгнут,68,1775,10.10.2026,11.02.2026,Excel-выгрузка,Технические работы на линии
81,ISP-000081,Петрова Елена Дмитриевна,Петрова Елена Дмитриевна,Морозова,Комбинированный пакет,Оптоволокно,Волгоград,"ул. Пушкина, д. 96, кв. 126",+7-925-588-96-82,morozovanata524@gmail.com,Активен,1441,533,26.01.2024,06.04.2026,Собственная система учёта,Заявка на смену тарифа
82,ISP-000082,Петрова Виктория Петровна,Петрова Виктория Петровна,Воробьёва Виктория Ивановна,Домашний интернет,Спутниковый интернет,Краснодар,"ул. Советская, д. 39, кв. 170",+7-918-482-95-17,vorobevavikt806@mail.ru,Заблок.,1474,1777,06.04.2026,06.03.2024,CRM Bitrix24,Подключение по акции
83,ISP-000083,Смирнов Александр Петрович,Смирнов Александр Петрович,Попова Наталья Ивановна,Моб. связь,ADSL,Москва,,+7-915-239-44-29,popovanataly319@yandex.ru,Приостановлен,1339,2843,14.12.2023,17.12.2024,SAP ERP,Технические работы на линии
84,ISP-000084,Голубев Роман Сергеевич,Голубев Роман Сергеевич,Голубев Алексей Андреевич,Домашний интернет,ADSL,Пермь,"ул. Советская, д. 75, кв. 143",+7-928-591-99-66,golubevaleks276@mail.ru,Расторг.,964,1257,19.11.2024,02.12.2026,Собственная система учёта,Подключение по акции
85,ISP-000085,Семёнов Роман Александрович,Семёнов Роман Александрович,Соколов Сергей Петрович,Комбинированный пакет,Оптоволокно,Самара,"ул. Советская, д. 30, кв. 112",+7-947-395-91-71,sokolovserge248@gmail.com,Заблокирован,ABC,2504,28.06.2023,21.08.2026,Excel-выгрузка,Технические работы на линии
86,ISP-000086,Петрова Ирина Сергеевна,Петрова Ирина Сергеевна,Новиков,Мобильная связь,Оптоволокно,Казань,"ул. Пушкина, д. 30, кв. 94",+7-915-586-62-41,novikovartem91@outlook.com,Актив.,1123,1733,21.01.2025,07.01.2024,CRM Bitrix24,Технические работы на линии
87,ISP-000087,Волков Алексей Викторович,Волков Алексей Викторович,Соколов Илья Александрович,Комбинированный пакет,Спутниковый интернет,Москва,"ул. Ленина, д. 107, кв. 182",+7-958-400-27-10,sokolovilyaa873@yandex.ru,Приостановлен,1736,1784,20.04.2026,26.08.2025,1С:Предприятие,Заявка на смену тарифа
88,ISP-000088,Смирнова Полина Александровна,Смирнова Полина Александровна,Иванов Виктор Дмитриевич,Домашний интернет,ADSL,Воронеж,"ул. Ленина, д. 58, кв. 35",+7-920-316-95-30,ivanovviktor364@yandex.ru,Заблокирован,458,1114,2026,27.04.2025,Excel-выгрузка,Технические работы на линии
89,ISP-000089,Попов Виктор Иванович,Попов Виктор Иванович,Кузнецов Андрей Сергеевич,Домашний интернет,Спутниковый интернет,Екатеринбург,"ул. Садовая, д. 43, кв. 65",+7-930-697-58-33,kuznecovandr977@yandex.ru,Приостановлен,1868,2843,09.03.2026,27.09.2026,SAP ERP,Подключение по акции
90,ISP-000090,Петрова Ксения Ивановна,,Семёнова Виктория Андреевна,Домашний интернет,Оптоволокно,Новосиб.,"ул. Мира, д. 91, кв. 162",+7-911-859-68-18,semenovavikt960@mail.ru,Активен,844,3402,2025,23.10.2025,Собственная система учёта,Технические работы на линии
91,ISP-000091,12345XYZ,Алексеева Ольга Андреевна,Петрова Анна Сергеевна,Мобильная связь,4G/LTE,Екб,"ул. Пушкина, д. 39, кв. 167",+7-927-754-87-52,petrovaannas722@mail.ru,Активен,653,997,24.01.2023,27.05.2025,Собственная система учёта,Заявка на смену тарифа
92,ISP-000092,Волков Павел Петрович,N/A,Воробьёва Виктория Андреевна,Моб. связь,4G/LTE,Ростов-н/Д,"ул. Спортивная, д. 103, кв. 177",+7-927-719-31-76,vorobevavikt206@outlook.com,Расторг.,1042,,23.03.2023,19.07.2025,Собственная система учёта,Подключение по акции
93,ISP-000093,Волкова Елена Николаевна,Волкова Елена Николаевна,Соколов Андрей Николаевич,Комбинированный пакет,4G/LTE,Волгоград,"ул. Садовая, д. 46, кв. 139",+7-915-626-34-29,sokolovandre373@gmail.com,Актив.,1683,,26.07.2026,03.10.2026,Excel-выгрузка,
94,ISP-000094,Соколов Илья Петрович,Соколов Илья Петрович,Козлова Ольга Ивановна,Домашний интернет,Спутниковый интернет,Ростов-на-Дону,"ул. Ленина, д. 44, кв. 34",+7-947-511-39-19,kozlovaolgai365@outlook.com,Активен,239,3215,27.05.2024,22.05.2024,1С:Предприятие,Подключение по акции
95,ISP-000095,Кузнецов Владимир Петрович,Кузнецов,Фёдоров Павел Петрович,Дом. инт.,ADSL,Челябинск,"ул. Центральная, д. 123, кв. 160",+7-923-632-58-48,fedorovpavel269@mail.ru,Расторгнут,1682,425,02.03.2025,28.09.2026,Excel-выгрузка,Заявка на смену тарифа
96,ISP-000096,Виноградова Татьяна Ивановна,Виноградова Татьяна Ивановна,Воробьёв Роман Николаевич,Моб. связь,Оптоволокно,Пермь,"ул. Мира, д. 39, кв. 34",+7-934-718-48-25,petrov@@mail..ru,Заблокирован,514,1111,вчера,21.11.2024,???,Задолженность по оплате
97,ISP-000097,Соколова Полина Сергеевна,Соколова Полина Сергеевна,Попов Артём Викторович,Мобильная связь,ADSL,Волгоград,"ул. Пушкина, д. 3, кв. 181",+7-959-937-76-47,popovartemvi911@mail.ru,Расторгнут,603,2651,08.09.2024,14.02.2025,CRM Bitrix24,####
98,ISP-000098,Волкова Анна Сергеевна,Волкова Анна Сергеевна,Морозова Наталья Александровна,,Оптоволокно,Екатеринбург,"ул. Советская, д. 35, кв. 39",+7-940-533-12-36,morozovanata815@yandex.ru,Активен,1152,723,17.06.2026,09.07.2024,,
99,ISP-000099,Смирнов Алексей Сергеевич,Смирнов Алексей Сергеевич,Павлова Юлия Ивановна,Мобильная связь,Оптоволокно,Крд,,+7-925-920-11-88,pavlovayuliy401@outlook.com,Активен,1608,2998,2026-13-45,16.01.2025,####,Подключение по акции
100,ISP-000100,Богданова Ольга Викторовна,Богданова Ольга Викторовна,Семёнова Мария Петровна,не указано(ошибка),ADSL,Екб,"ул. Победы, д. 66, кв. 164",+7-912-683-50-93,semenovamari932@yandex.ru,Приостановлен,1863,994,21.11.2025,07.04.2026,SAP ERP,Задолженность по оплате
101,ISP-000101,Виноградов Виктор Николаевич,Виноградов Виктор Николаевич,Лебедева Мария Александровна,,4G/LTE,Нижний Новгород,"ул. Центральная, д. 23, кв. 170",+7-921-584-79-10,lebedevamari387@outlook.com,Заблокирован,1543,1566,14.11.2025,23.09.2025,Excel-выгрузка,
102,ISP-000102,Виноградова Светлана Викторовна,,Попова Ольга Петровна,Домашний интернет,Оптоволокно,СПб,"ул. Садовая, д. 53, кв. 108",+7-913-504-38-73,popovaolgape806@mail.ru,Заблокирован,689,1560,23.07.2025,2025,SAP ERP,N/A
103,ISP-000103,Козлова Анна Ивановна,Козлова Анна Ивановна,Волков Андрей Александрович,Комбинированный пакет,Оптоволокно,Екатеринбург,"ул. Садовая, д. 44, кв. 40",+7-932-890-75-18,volkovandrei729@gmail.com,Активен,173,2904,22.02.2023,01.10.2024,SAP ERP,Задолженность по оплате
104,ISP-000104,Морозова Ксения Сергеевна,Морозова Ксения Сергеевна,Павлова Ольга Николаевна,Комбинированный пакет,ОШИБКА_ДАННЫХ,Ворнж,"ул. Садовая, д. 28, кв. 9",+7-950-851-60-99,pavlovaolgan931@yandex.ru,Заблок.,730,713,13.03.2026,23.05.2024,SAP ERP,Технические работы на линии
105,ISP-000105,Богданов Алексей Сергеевич,Богданов Алексей Сергеевич,Богданов Артём Сергеевич,Комбинированный пакет,4G/LTE,Новосиб.,ул.,+7-919-149-57-15,bogdanovarte704@mail.ru,Активен,785,388,14.03.2023,22.05.2026,Собственная система учёта,Заявка на смену тарифа
106,ISP-000106,Голубев Владимир Иванович,Голубев Владимир Иванович,Соколова Екатерина Александровна,Мобильная связь,Спутниковый интернет,Ростов-на-Дону,ул.,+7-931-455-56-94,sokolovaekat638@outlook.com,Заблокирован,1481,1251,22.11.2023,28.04.2026,Excel-выгрузка,Заявка на смену тарифа
107,ISP-000107,Смирнов Дмитрий Иванович,12345XYZ,Лебедев Алексей Викторович,Мобильная связь,ADSL,Казань,"ул. Советская, д. 144, кв. 102",+7-920-983-83-93,lebedevaleks550@mail.ru,Расторгнут,1305,2695,24.11.2024,27.11.2026,Excel-выгрузка,Технические работы на линии
108,ISP-000108,Семёнова Мария Сергеевна,Семёнова Мария Сергеевна,Лебедев Дмитрий Дмитриевич,Комбинированный пакет,Спутниковый интернет,Влгд,"ул. Ленина, д. 121, кв. 19",+7-923-974-77-83,lebedevdmitr488@gmail.com,Расторг.,1995,3042,21.05.2025,15.01.2026,Собственная система учёта,Технические работы на линии
109,ISP-000109,Фёдорова Мария Андреевна,Фёдорова Мария Андреевна,Соколов Дмитрий Андреевич,Бизнес-тариф,4G/LTE,Ростов-на-Дону,"ул. Гагарина, д. 140, кв. 83",+7-913-484-83-61,sokolovdmitr706@outlook.com,Приостан.,1474,,15.05.2026,23.01.2025,SAP ERP,
110,ISP-000110,Голубева Мария Викторовна,Голубева Мария Викторовна,Павлов Владимир Александрович,Комбинированный пакет,4G/LTE,Челябинск,"ул. Ленина, д. 72, кв. 123",+7-942-976-67-95,pavlovvladim938@mail.ru,Приостановлен,475,2264,16.09.2024,12.04.2026,Excel-выгрузка,Заявка на смену тарифа
111,ISP-000111,,Алексеева Юлия Ивановна,Павлов Никита Викторович,Моб. связь,Оптоволокно,Казань,"ул. Победы, д. 73, кв. 121",+7-915-608-98-66,pavlovnikita901@gmail.com,Акт,865,2455,10.08.2026,17.05.2026,Собственная система учёта,
112,ISP-000112,Волков Роман Дмитриевич,Волков Роман Дмитриевич,Иванова Светлана Александровна,Домашний интернет,4G/LTE,###,"ул. Советская, д. 94, кв. 189",+7-944-333-53-23,ivanovasvetl49@mail.ru,Расторгнут,1370,2229,15.12.2023,01.07.2026,CRM Bitrix24,Технические работы на линии
113,ISP-000113,Козлова Ирина Александровна,Козлова Ирина Александровна,Семёнов Виктор Андреевич,Комбинированный пакет,Оптоволокно,Новосиб.,"ул. Гагарина, д. 123, кв. 71",+7-958-779-29-20,semenovvikto551@yandex.ru,Активен,503,н/д,10.10.2023,02.09.2024,1С:Предприятие,
114,ISP-000114,Голубева Юлия Викторовна,Голубева Юлия Викторовна,Морозова Татьяна Дмитриевна,Моб. связь,Спутниковый интернет,Москва,"ул. Ленина, д. 42, кв. 109",+7-950-994-66-44,morozovataty701@gmail.com,Расторгнут,,,25.03.2025,05.07.2024,SAP ERP,
115,ISP-000115,Попова Юлия Александровна,Попова Юлия Александровна,Богданова Виктория Сергеевна,Комбин. пакет,ADSL,Смр,"ул. Молодёжная, д. 90, кв. 82",+7-919-258-12-50,bogdanovavik830@yandex.ru,Заблок.,1732,много,01.04.2023,04.06.2024,SAP ERP,Заявка на смену тарифа
116,ISP-000116,Смирнова Светлана Викторовна,Смирнова Светлана Викторовна,Семёнова Светлана Сергеевна,Мобильная связь,Оптоволокно,Самара,"ул. Пушкина, д. 78, кв. 28",+7-944-475-97-14,semenovasvet72@outlook.com,Активен,424,2359,22.11.2024,09.02.2025,Excel-выгрузка,Подключение по акции
117,ISP-000117,Егоров Илья Викторович,Егоров Илья Викторович,Богданова Юлия Викторовна,Комбинированный пакет,Спутниковый интернет,Ростов-н/Д,"ул. Гагарина, д. 1, кв. 109",+7-946-945-39-92,bogdanovayul799@gmail.com,Расторгнут,1913,2284,01.08.2024,04.03.2026,Собственная система учёта,Заявка на смену тарифа
118,ISP-000118,12345XYZ,Голубев Дмитрий Николаевич,Павлов Виктор Николаевич,Домашний интернет,Спутниковый интернет,Волгоград,"ул. Гагарина, д. 93, кв. 93",+7-917-399-54-80,pavlovviktor23@gmail.com,Актив.,1111,1043,03.10.2023,02.02.2024,CRM Bitrix24,Заявка на смену тарифа
119,ISP-000119,Петров Никита Александрович,Петров Никита Александрович,Кузнецова Полина Александровна,Бизнес-тариф,ADSL,Казань,"ул. Пушкина, д. 144, кв. 194",+7-945-353-49-10,kuznecovapol616@yandex.ru,Активен,867,3072,22.08.2023,18.02.2025,,Подключение по акции
120,ISP-000120,Голубева Екатерина Александровна,Голубева Екатерина Александровна,Петров Алексей Викторович,Мобильная связь,Оптоволокно,Волгоград,"ул. Пушкина, д. 65, кв. 103",+7-952-884-85-46,petrovalekse629@yandex.ru,Расторгнут,594,1039,16.06.2024,24.10.2025,Собственная система учёта,Подключение по акции
121,ISP-000121,Попов Егор Дмитриевич,Попов Егор Дмитриевич,Виноградов Сергей Сергеевич,Моб. связь,ADSL,Волгоград,"ул. Мира, д. 56, кв. 184",+7-912-170-85-37,vinogradovse913@outlook.com,Приостановлен,279,1927,,04.07.2025,1С:Предприятие,
122,ISP-000122,Павлова Мария Дмитриевна,Павлова Мария Дмитриевна,Волков Егор Иванович,Мобильная связь,Спутниковый интернет,Краснодар,"ул. Садовая, д. 39, кв. 64",+7-932-447-36-19,volkovegoriv300@gmail.com,###,,1898,17.05.2023,11.04.2026,Excel-выгрузка,Подключение по акции
123,ISP-000123,Кузнецова Татьяна Ивановна,Кузнецова Татьяна Ивановна,Петрова Юлия Дмитриевна,Бизнес-тариф,Спутниковый интернет,Санкт-Петербург,"ул. Ленина, д. 140, кв. 189",+7-937-708-60-56,petrovayuliy41@gmail.com,Расторгнут,741,ABC,07.03.2023,24.07.2025,SAP ERP,Задолженность по оплате
124,ISP-000124,Голубев Александр Петрович,Голубев Александр Петрович,Попов Андрей Дмитриевич,Домашний интернет,4G/LTE,Нижний Новгород,"ул. Советская, д. 85, кв. 191",+7-915-295-66-22,popovandreid727@yandex.ru,Заблокирован,,2721,19.12.2026,26.03.2026,CRM Bitrix24,
125,ISP-000125,Богданов Роман Александрович,Богданов Роман Александрович,Алексеев Кирилл Викторович,Домашний интернет,ADSL,Краснодар,"ул. Спортивная, д. 39, кв. 31",+7-959-980-69-65,alekseevkiri818@outlook.com,Активен,1919,1230,16.05.2024,05.07.2026,Excel-выгрузка,Технические работы на линии
126,ISP-000126,Егоров Дмитрий Дмитриевич,Егоров Дмитрий Дмитриевич,нет данных(ошибка),Бизнес-тариф,Оптоволокно,Новосибирск,"ул. Ленина, д. 61, кв. 84",+7-912-937-89-11,petrovpaveld548@outlook.com,Расторгнут,140,695,22.01.2025,15.07.2025,1С:Предприятие,Подключение по акции
127,ISP-000127,Семёнов Павел Александрович,Семёнов Павел Александрович,Егоров Максим Андреевич,Бизнес-тариф,4G/LTE,Воронеж,"ул. Молодёжная, д. 73, кв. 97",+7-919-239-94-54,egorovmaksim658@mail.ru,Расторг.,533,2172,03.03.2026,27.09.2026,Собственная система учёта,Подключение по акции
128,ISP-000128,Лебедева Юлия Викторовна,Лебедева Юлия Викторовна,Смирнова Елена Ивановна,Комбинированный пакет,Спутниковый интернет,Москва,"ул. Центральная, д. 17, кв. 152",+7-947-231-56-71,smirnovaelen123@gmail.com,Актив.,937,617,2026-13-45,28.01.2026,CRM Bitrix24,Технические работы на линии
129,ISP-000129,Семёнов Егор Викторович,Семёнов Егор Викторович,Семёнова Светлана Андреевна,Домашний интернет,???,Самара,"ул. Ленина, д. 32, кв. 120",+7-934-4,semenovasvet627@outlook.com,Активен,1395,843,12.02.2026,20.01.2025,Собственная система учёта,Технические работы на линии
130,ISP-000130,Смирнов Егор Александрович,Смирнов Егор Александрович,Лебедев Владимир Николаевич,Домашний интернет,####,Москва,"ул. Советская, д. 49, кв. 80",+7-950-448-36-83,lebedevvladi114@yandex.ru,Рас,634,3254,вчера,19.06.2025,,Задолженность по оплате
131,ISP-000131,Голубев Роман Дмитриевич,Голубев Роман Дмитриевич,Семёнова Светлана Викторовна,Мобильная связь,Спутниковый интернет,Казань,"ул. Гагарина, д. 139, кв. 16",+7-934-346-89-58,semenovasvet268@yandex.ru,Активен,1008,3391,16.10.2024,03.04.2024,1С:Предприятие,Технические работы на линии
132,ISP-000132,Соколова Полина Викторовна,Соколова Полина Викторовна,Лебедев Андрей Николаевич,Моб. связь,Оптоволокно,Пермь,"ул. Мира, д. 41, кв. 25",,нет_почты,Активен,531,1732,02.08.2025,11.11.2026,SAP ERP,Подключение по акции
133,ISP-000133,Попов Дмитрий Викторович,Попов Дмитрий Викторович,Морозова Ирина Андреевна,Моб. связь,12345XYZ,Н.Новгород,"ул. Советская, д. 47, кв. 45",+7-913-577-75-93,morozovairin837@mail.ru,Активен,676,3264,19.09.2023,22.12.2026,Собственная система учёта,Технические работы на линии
134,ISP-000134,Богданова Елена Дмитриевна,Богданова Елена Дмитриевна,Соколов Илья Андреевич,Мобильная связь,Спутниковый интернет,Казань,"ул. Советская, д. 96, кв. 26",+7-957-144-69-37,sokolovilyaa65@gmail.com,Заблокирован,1658,1194,07.11.2025,16.07.2025,Собственная,Технические работы на линии
135,ISP-000135,Иванов Андрей Николаевич,Иванов Андрей Николаевич,Новиков Илья Викторович,Комбинированный пакет,Спутниковый интернет,Екатеринбург,"ул. Центральная, д. 143, кв. 196",+7-912-223-76-72,novikovilyav736@mail.ru,Заблокирован,183,1229,13.01.2023,02.05.2024,,
136,ISP-000136,Соколова Ольга Сергеевна,Соколова Ольга Сергеевна,,Домашний интернет,Оптоволокно,Новосибирск,нет данных(ошибка),+7-936-394-26-35,kozlovmaksim544@outlook.com,Заблокирован,75,2155,,12.08.2025,SAP ERP,Подключение по акции
137,ISP-000137,Иванов Виктор Андреевич,Иванов Виктор Андреевич,Волкова Ксения Александровна,Домашний интернет,ADSL,Екб,"ул. Гагарина, д. 146, кв. 2",+7-913-906-23-24,volkovakseni827@yandex.ru,Заблокирован,1258,1265,21.02.2025,17.11.2025,CRM Bitrix24,Подключение по акции
138,ISP-000138,Смирнов Максим Викторович,Смирнов Максим Викторович,Богданов Александр Александрович,Неизвестная категория,Оптоволокно,Ростов-на-Дону,"ул. Молодёжная, д. 96, кв. 154",12345,bogdanovalek853@outlook.com,Активен,1455,1407,18.01.2023,10.02.2026,SAP ERP,Подключение по акции
139,ISP-000139,Богданова Алина Ивановна,Богданова Алина Ивановна,Воробьёв Кирилл Сергеевич,Дом. инт.,Спутниковый интернет,Пермь,,+7-956-116-71-42,vorobevkiril178@gmail.com,Приостановлен,607,2787,20.11.2025,19.09.2026,Excel-выгрузка,Заявка на смену тарифа
140,ISP-000140,Кузнецова Екатерина Ивановна,Кузнецова Екатерина Ивановна,Егоров Илья Николаевич,Домашний интернет,-,Новосибирск,"ул. Садовая, д. 119, кв. 7",+7-957-174-54-26,petrov@@mail..ru,Расторгнут,501,3400,04.05.2025,14.12.2026,Excel-выгрузка,
141,ISP-000141,Козлова Ирина Александровна,Козлова Ирина Александровна,Егоров Алексей Петрович,Комбинированный пакет,Оптоволокно,Краснодар,"ул. Молодёжная, д. 63, кв. 35",+7-950-407-36-35,egorovalekse9@gmail.com,Заблок.,183,771,09.08.2024,23.11.2026,,Заявка на смену тарифа
142,ISP-000142,Фёдоров Роман Викторович,Фёдоров Роман Викторович,Иванов Владимир Викторович,Бизнес-тариф,Спутниковый интернет,Москва,"ул. Победы, д. 148, кв. 145",+7-946-849-34-28,ivanovvladim591@mail.ru,Расторгнут,1572,1415,13.06.2026,17.11.2024,CRM Bitrix24,Технические работы на линии
143,ISP-000143,Соколов Александр Петрович,Соколов Александр Петрович,Фёдорова Ольга Петровна,Бизнес-тариф,Оптоволокно,Екб,####,+7-911-233-92-15,fedorovaolga733@outlook.com,Заблок.,66,1017,11.07.2024,,1С:Предприятие,
144,ISP-000144,Богданов Александр Викторович,Богданов Александр Викторович,Богданов Владимир Сергеевич,Комбин. пакет,4G/LTE,Волгоград,"ул. Гагарина, д. 5, кв. 132",+7-950-486-55-26,bogdanovvlad465@mail.ru,Расторг.,599,2442,06.01.2026,08.07.2025,Excel-выгрузка,
145,ISP-000145,Егорова Ольга Александровна,Егорова Ольга Александровна,Попова Татьяна Петровна,Мобильная связь,ADSL,Воронеж,"ул. Садовая, д. 95, кв. 96",+7-959-604-69-85,popovatatyan274@outlook.com,Заблокирован,1528,302,25.03.2025,14.09.2024,1С:Предприятие,
146,ISP-000146,Попова Татьяна Ивановна,Попова Татьяна Ивановна,Иванова Полина Ивановна,Комбинированный пакет,Спутниковый интернет,Ростов-на-Дону,"ул. Садовая, д. 41, кв. 197",+7-955-733-86-65,,Приостан.,1678,1559,23.12.2023,17.08.2026,Excel-выгрузка,
147,ISP-000147,,Соколова Наталья Петровна,Соколова Екатерина Викторовна,категория_5,Спутниковый интернет,Пермь,"ул. Гагарина, д. 76, кв. 32",+7-948-466-46-25,sokolovaekat485@gmail.com,Активен,973,2086,19.07.2024,27.08.2025,CRM Bitrix24,
148,ISP-000148,Алексеева Анна Петровна,Алексеева Анна Петровна,Алексеев Виктор Викторович,Комбинированный пакет,Оптоволокно,Н.Новгород,нет данных(ошибка),+7-947-617-39-18,alekseevvikt205@gmail.com,Активен,1217,2734,06.04.2025,19.09.2024,CRM Bitrix24,Задолженность по оплате
149,ISP-000149,Козлова Ирина Александровна,Козлова Ирина Александровна,Егоров Кирилл Викторович,Комбин. пакет,ADSL,Екатеринбург,ул.,+7-937-611-23-87,egorovkirill505@mail.ru,Заблокирован,355,1789,28.09.2023,20.07.2026,Excel-выгрузка,Технические работы на линии
150,ISP-000150,Голубева Светлана Дмитриевна,Голубева Светлана Дмитриевна,Семёнова Виктория Викторовна,Мобильная связь,4G/LTE,Воронеж,"ул. Ленина, д. 117, кв. 180",+7-932-629-58-23,semenovavikt671@yandex.ru,Приостановлен,560,ABC,22.11.2025,27.06.2026,1С:Предприятие,Задолженность по оплате
151,ISP-000151,Смирнов Егор Викторович,Смирнов Егор Викторович,Павлова Елена Александровна,не указано(ошибка),-,Челябинск,"ул. Спортивная, д. 133, кв. 79",+7-925-874-58-39,pavlovaelena539@gmail.com,Расторг.,169,1620,18.06.2026,20.08.2026,CRM Bitrix24,Технические работы на линии
152,ISP-000152,Новикова Алина Ивановна,Новикова Алина Ивановна,Козлова Ксения Николаевна,Домашний интернет,ADSL,Челябинск,"ул. Ленина, д. 114, кв. 134",+7-940-129-39-94,kozlovakseni841@yandex.ru,Актив.,1567,658,,13.03.2026,1С:Предприятие,Заявка на смену тарифа
153,ISP-000153,Егорова Виктория Сергеевна,Егорова Виктория Сергеевна,Смирнова Ксения Петровна,Бизнес-тариф,Спутниковый интернет,Нижний Новгород,"ул. Молодёжная, д. 128, кв. 6",12345,smirnovaksen1@yandex.ru,Заблокирован,67,2951,02.09.2023,03.01.2024,Собственная система учёта,Подключение по акции
154,ISP-000154,Егоров Александр Сергеевич,Егоров Александр Сергеевич,Кузнецов Дмитрий Александрович,Бизнес-тариф,Спутниковый интернет,Москва,"ул. Спортивная, д. 11, кв. 150",+7-913-916-49-30,kuznecovdmit154@yandex.ru,Рас,1506,2912,23.04.2026,2025,SAP,Технические работы на линии
155,ISP-000155,Новиков Павел Александрович,Новиков Павел Александрович,Морозова Екатерина Сергеевна,Комбинированный пакет,ADSL,Влгд,"ул. Ленина, д. 43, кв. 17",+7-924-7,morozovaekat27@yandex.ru,Расторгнут,1680,1993,28.11.2025,19.06.2024,CRM Bitrix24,Подключение по акции
156,ISP-000156,Кузнецов Владимир Андреевич,Кузнецов Владимир Андреевич,Петрова Татьяна Дмитриевна,Комбинированный пакет,,Самара,"ул. Центральная, д. 79, кв. 80",+7-915-754-63-64,petrovatatya120@yandex.ru,Заблокирован,1433,1633,21.11.2025,21.12.2026,N/A,Заявка на смену тарифа
157,ISP-000157,Воробьёва Светлана Андреевна,Воробьёва Светлана Андреевна,Кузнецов Роман Петрович,Комбин. пакет,Спутниковый интернет,Краснодар,"ул. Гагарина, д. 103, кв. 137",+7-959-165-43-95,kuznecovroma964@mail.ru,Заблокирован,672,2997,21.02.2023,28.06.2025,Excel-выгрузка,Задолженность по оплате
158,ISP-000158,Иванов Павел Дмитриевич,Иванов Павел Дмитриевич,ОШИБКА_ДАННЫХ,Комбинированный пакет,Оптоволокно,Санкт-Петербург,"ул. Гагарина, д. 135, кв. 161",+7-936-816-19-39,kozlovsergei781@mail.ru,Приостановлен,1250,1689,00.00.0000,01.07.2024,1С:Предприятие,Заявка
159,ISP-000159,Фёдоров Никита Викторович,Фёдоров Никита Викторович,Соколова Наталья Викторовна,Моб. связь,4G/LTE,Смр,"ул. Гагарина, д. 93, кв. 61",+7-938-114-88-48,sokolovanata30@yandex.ru,Расторгнут,732,,22.11.2025,01.05.2025,Собственная система учёта,Задолженность по оплате
160,ISP-000160,Волкова Екатерина Сергеевна,Волкова Екатерина Сергеевна,Попова Юлия Дмитриевна,Ком,4G/LTE,Смр,"ул. Спортивная, д. 110, кв. 49",+7-910-616-40-87,popovayuliya490@outlook.com,,1345,1688,2026-13-45,18.04.2024,Собственная система учёта,Технические работы на линии
161,ISP-000161,Воробьёв Егор Дмитриевич,Воробьёв Егор Дмитриевич,Егорова Анна Андреевна,Бизнес-тариф,4G/LTE,Казань,"ул. Советская, д. 95, кв. 76",+7-926-707-89-92,,Расторг.,694,1606,07.06.2025,28.09.2026,CRM Bitrix24,
162,ISP-000162,Новиков Роман Александрович,Новиков Роман Александрович,Петрова Татьяна Викторовна,Бизнес-тариф,4G/LTE,Екатеринбург,"ул. Садовая, д. 37, кв. 110",+7-941-641-29-81,petrovatatya452@yandex.ru,Заблокирован,1188,2427,17.07.2026,2024,Собственная система учёта,Задолженность по оплате
163,ISP-000163,Кузнецов Алексей Андреевич,Кузнецов Алексей Андреевич,,Мобильная связь,ADSL,Воронеж,"ул. Садовая, д. 97, кв. 191",,vorobevartem174@outlook.com,Приостан.,787,1316,17.03.2026,23.12.2025,Собственная система учёта,Технические работы на линии
164,ISP-000164,Воробьёва Виктория Дмитриевна,Воробьёва Виктория Дмитриевна,Новиков Павел Викторович,Бизнес-тариф,4G/LTE,Краснодар,"ул. Центральная, д. 58, кв. 137",+7-936-658-77-13,novikovpavel50@gmail.com,Расторгнут,617,1582,2026-13-45,15.05.2024,1С:Предприятие,
165,ISP-000165,Смирнова Ксения Александровна,Смирнова Ксения Александровна,???,Домашний интернет,ADSL,Новосиб.,"ул. Гагарина, д. 122, кв. 84",+7-916-574-91-32,lebedevaelen228@outlook.com,Приостановлен,572,2857,16.09.2025,08.09.2026,Excel-выгрузка,Задолженность по оплате
166,ISP-000166,Попова Елена Николаевна,Попова Елена Николаевна,Алексеева Ксения Викторовна,Мобильная связь,Оптоволокно,Н.Новгород,"ул. Молодёжная, д. 26, кв. 120",+7-957-271-70-13,alekseevakse569@mail.ru,Активен,429,2405,04.03.2026,05.11.2025,Собственная система учёта,Подключение по акции
167,ISP-000167,Фёдоров Артём Иванович,Фёдоров Артём Иванович,Виноградов Кирилл Николаевич,Комбинированный пакет,Спутниковый интернет,Казань,"ул. Пушкина, д. 63, кв. 23",+7-938-298-35-27,vinogradovki30@yandex.ru,Расторгнут,1741,1019,18.12.2025,06.08.2024,Excel-выгрузка,Технические работы на линии
168,ISP-000168,Виноградов Егор Викторович,Виноградов Егор Викторович,Попов Сергей Петрович,Комбин. пакет,ADSL,Самара,,+7-931-117-30-46,popovsergeip836@mail.ru,Актив.,722,468,28.12.2024,12.05.2026,1С:Предприятие,Подключение по акции
169,ISP-000169,Козлова Татьяна Викторовна,Козлова Татьяна Викторовна,Егоров Максим Сергеевич,Комбинированный пакет,ADSL,Ростов-на-Дону,"ул. Мира, д. 121, кв. 96",+7-915-475-42-21,egorovmaksim907@yandex.ru,При,1910,3114,02.01.2026,28.02.2024,CRM Bitrix24,Заявка на смену тарифа
170,ISP-000170,Лебедева Ольга Сергеевна,Лебедева Ольга Сергеевна,Лебедев Владимир Петрович,Комбинированный пакет,4G/LTE,Новосибирск,"ул. Мира, д. 42, кв. 38",+7-939-530-93-97,lebedevvladi989@mail.ru,Расторгнут,1664,2488,01.07.2026,00.00.0000,SAP ERP,нет данных(ошибка)
171,ISP-000171,Иванова Анна Петровна,Иванова Анна Петровна,Кузнецов Илья Андреевич,Комбин. пакет,ADSL,Пермь,"ул. Советская, д. 64, кв. 23",,kuznecovilya120@gmail.com,Активен,1040,3329,22.12.2026,09.06.2024,CRM Bitrix24,Подключение по акции
172,ISP-000172,Кузнецова Алина Сергеевна,Кузнецова Алина Сергеевна,Алексеев Максим Петрович,Комбинированный пакет,4G/LTE,Ростов-н/Д,"ул. Молодёжная, д. 127, кв. 79",+7-934-833-51-53,alekseevmaks372@mail.ru,Расторгнут,641,2990,,05.05.2024,SAP ERP,Технические работы на линии
173,ISP-000173,Волкова Дарья Александровна,,Смирнова Ирина Дмитриевна,Комбинированный пакет,4G/LTE,Самара,"ул. Спортивная, д. 68, кв. 116",+7-954-950-57-11,smirnovairin434@gmail.com,Заблокирован,441,1348,10.06.2024,05.03.2026,Собственная система учёта,
174,ISP-000174,Попов Сергей Иванович,Попов Сергей Иванович,N/A,Домашний интернет,4G/LTE,Челябинск,"ул. Спортивная, д. 109, кв. 178",+7-950-667-67-95,golubevnikit951@yandex.ru,Приостановлен,1553,1711,04.01.2024,20.09.2026,Excel-выгрузка,Заявка на смену тарифа
175,ISP-000175,####,Петрова Ольга Петровна,Петрова Мария Сергеевна,Бизнес-тариф,Спутниковый интернет,Пермь,"ул. Победы, д. 63, кв. 94",+7-954-774-81-19,petrovamariy839@gmail.com,,1267,737,03.03.2026,13.09.2025,Собственная система учёта,
176,ISP-000176,Богданов Сергей Викторович,Богданов Сергей Викторович,Алексеев Павел Дмитриевич,Дом. инт.,ADSL,Нижний Новгород,"ул. Молодёжная, д. 109, кв. 113",+7-925-150-74-79,alekseevpave267@mail.ru,Активен,1082,676,16.12.2024,23.08.2024,SAP ERP,Заявка на смену тарифа
177,ISP-000177,Кузнецов Дмитрий Дмитриевич,Кузнецов Дмитрий Дмитриевич,???,Домашний интернет,Оптоволокно,Москва,"ул. Садовая, д. 69, кв. 140",+7-933-449-68-99,pavlovvladim882@yandex.ru,Приостановлен,1706,,09.03.2023,26.02.2024,SAP ERP,Заявка на смену тарифа
178,ISP-000178,Егоров Никита Николаевич,Егоров Никита Николаевич,-,Домашний интернет,Оптоволокно,СПб,"ул. Пушкина, д. 82, кв. 44",,smirnovasvet680@outlook.com,Приостановлен,1513,332,22.04.2025,07.02.2024,Собственная система учёта,Заявка на смену тарифа
179,ISP-000179,Воробьёва Елена Андреевна,Воробьёва Елена Андреевна,Павлов Александр Дмитриевич,не указано(ошибка),ADSL,Новосиб.,"ул. Победы, д. 126, кв. 32",+7-940-588-66-30,pavlovaleksa440@,Расторгнут,591,541,06.07.2023,11.10.2025,CRM Bitrix24,Технические
180,ISP-000180,Фёдоров Илья Петрович,Фёдоров Илья Петрович,Иванов Владимир Андреевич,Бизнес-тариф,ADSL,Новосибирск,"ул. Спортивная, д. 90, кв. 110",+7-916-501-78-86,ivanovvladim872@yandex.ru,Расторг.,1371,1593,10.02.2023,25.02.2026,1С:Предприятие,нет данных(ошибка)
181,ISP-000181,Козлов Виктор Иванович,Козлов Виктор Иванович,Егорова Ксения Викторовна,Бизнес-тариф,Спутниковый интернет,Санкт-Петербург,"ул. Ленина, д. 93, кв. 36",+7-941-277-34-97,egorovakseni836@outlook.com,Заблокирован,635,1104,16.05.2025,22.09.2025,1С:Предприятие,Задолженность по оплате
182,ISP-000182,Иванов Артём Петрович,,Воробьёв Артём Андреевич,Комбинированный пакет,ADSL,Каз,"ул. Центральная, д. 142, кв. 194",телефон отсутствует,vorobevartem922@outlook.com,Расторг.,1960,1622,10.05.2023,01.06.2025,CRM Bitrix24,Подключение по акции
183,ISP-000183,Попова Ольга Николаевна,Попова Ольга Николаевна,Воробьёва Дарья Дмитриевна,Комбинированный пакет,ADSL,Челяб.,"ул. Пушкина, д. 33, кв. 175",+7-931-6,vorobevadary805@gmail.com,Расторгнут,ERROR,1527,18.11.2025,07.08.2024,Excel-выгрузка,Подключение по акции
184,ISP-000184,Павлов Дмитрий Андреевич,Павлов Дмитрий Андреевич,Соколова Наталья Николаевна,Дом. инт.,4G/LTE,Мск,"ул. Пушкина, д. 135, кв. 151",+7-99-abc-12-34,sokolovanata505@outlook.com,Активен,1753,2452,05.07.2026,17.01.2025,CRM Bitrix24,
185,ISP-000185,Лебедев,Лебедев Егор Александрович,,Мобильная связь,ADSL,Краснодар,"ул. Победы, д. 40, кв. 143",+7-948-960-32-50,sokolovnikit26@outlook.com,Приостановлен,1460,1939,03.03.2026,12.03.2026,Excel-выгрузка,Задолженность по оплате
186,ISP-000186,Голубева,Голубева Татьяна Андреевна,Волкова Татьяна Андреевна,Бизнес-тариф,ADSL,,"ул. Центральная, д. 138, кв. 198",+7-934-7,volkovatatya403@yandex.ru,Активен,1664,2456,20.04.2025,18.07.2026,CRM Bitrix24,Подключение по акции
187,ISP-000187,Лебедева Юлия Андреевна,Лебедева Юлия Андреевна,нет данных(ошибка),Бизнес-тариф,Оптоволокно,Челябинск,"ул. Садовая, д. 54, кв. 3",+7-913-808-34-13,vorobevdmitr389@gmail.com,Заблок.,515,633,20.09.2025,19.09.2025,Excel-выгрузка,Технические работы на линии
188,ISP-000188,Богданова Дарья Петровна,Богданова Дарья Петровна,Богданов Павел Андреевич,Мобильная связь,Оптоволокно,Крд,"ул. Советская, д. 5, кв. 191",+7-957-232-21-51,bogdanovpave246@,Приостановлен,1926,326,14.12.2024,13.12.2024,CRM Bitrix24,Подключение по акции
189,ISP-000189,Морозова Екатерина Петровна,Морозова Екатерина Петровна,Смирнов Дмитрий Александрович,Мобильная связь,Оптоволокно,Нижний Новгород,"ул. Садовая, д. 29, кв. 105",+7-916-165-34-41,ivanov.mail.ru,Заблокирован,979,2928,12.02.2023,20.12.2026,Excel-выгрузка,Заявка на смену тарифа
190,ISP-000190,Алексеев Артём Сергеевич,Алексеев Артём Сергеевич,Козлова Дарья Александровна,Моб. связь,Спутниковый интернет,Ростов-на-Дону,"ул. Спортивная, д. 135, кв. 12",+7-923-241-92-96,kozlovadarya738@outlook.com,Приостан.,1152,3352,13.07.2026,01.10.2024,Собственная система учёта,???
191,ISP-000191,Морозов Владимир Дмитриевич,Морозов Владимир Дмитриевич,Лебедева Юлия Дмитриевна,Бизнес-тариф,4G/LTE,Воронеж,"ул. Молодёжная, д. 125, кв. 55",+7-958-447-15-97,нет_почты,Актив.,1725,3231,22.08.2025,25.12.2026,CRM Bitrix24,Задолженность по оплате
192,ISP-000192,Новиков Максим Александрович,Новиков Максим Александрович,Виноградова Наталья Сергеевна,Комбин. пакет,Оптоволокно,не указано(ошибка),"ул. Советская, д. 56, кв. 91",+7-936-578-28-13,vinogradovan696@outlook.com,Активен,1649,2943,,08.08.2026,SAP ERP,Подключение по акции
193,ISP-000193,Соколов Владимир Александрович,Соколов Владимир Александрович,Алексеева Виктория Александровна,Домашний интернет,Оптоволокно,Новосиб.,"ул. Мира, д. 119, кв. 73",+7-952-652-85-74,alekseevavik136@outlook.com,Приостановлен,39,1968,08.08.2026,08.05.2025,???,
194,ISP-000194,Алексеев Виктор Сергеевич,Алексеев Виктор Сергеевич,Виноградов Никита Сергеевич,Домашний интернет,ADSL,Казань,"ул. Ленина, д. 18, кв. 101",+7-955-882-61-57,vinogradovni372@mail.ru,Активен,948,1376,25.08.2026,22.04.2024,SAP ERP,Подключение по акции
195,ISP-000195,Егорова Светлана Ивановна,Егорова Светлана Ивановна,Виноградов Никита Николаевич,Бизнес-тариф,4G/LTE,Самара,"ул. Ленина, д. 56, кв. 62",+7-932-119-44-59,vinogradovni720@mail.ru,Активен,656,ERROR,26.08.2024,02.06.2025,Собственная система учёта,
196,ISP-000196,Семёнов Александр Викторович,Семёнов Александр Викторович,Волкова Юлия Ивановна,Мобильная связь,Спутниковый интернет,Екатеринбург,"ул. Гагарина, д. 45, кв. 151",+7-949-225-87-43,volkovayuliy709@gmail.com,Расторгнут,1844,1842,09.11.2024,20.04.2024,Собственная система учёта,Заявка на смену тарифа
197,ISP-000197,Павлов Сергей Андреевич,Павлов Сергей Андреевич,Кузнецова Светлана Андреевна,Бизнес-тариф,Спутниковый интернет,Воронеж,"ул. Ленина, д. 102, кв. 31",,kuznecovasve960@mail.ru,Активен,1124,2207,13.07.2023,19.10.2026,CRM Bitrix24,Технические
198,ISP-000198,Волкова Елена Викторовна,Волкова Елена Викторовна,Соколов Виктор Николаевич,Моб. связь,Спутниковый,Самара,"ул. Пушкина, д. 34, кв. 9",+7-950-765-66-75,sokolovvikto183@gmail.com,Расторгнут,242,3420,03.11.2026,00.00.0000,SAP ERP,Заявка на смену тарифа
199,ISP-000199,Павлова Юлия Петровна,Павлова Юлия Петровна,,Бизнес-тариф,####,Краснодар,"ул. Спортивная, д. 60, кв. 97",+7-915-572-50-86,novikovaolga904@,Расторгнут,1412,353,12.03.2023,18.09.2024,CRM Bitrix24,
200,ISP-000200,Егоров Владимир Александрович,Егоров Владимир Александрович,Козлов Алексей Андреевич,Комбинированный пакет,4G/LTE,Санкт-Петербург,"ул. Мира, д. 1, кв. 44",+7-921-134-19-38,kozlovalekse74@yandex.ru,Расторгнут,50,2889,17.03.2024,15.04.2026,1С:Предприятие,
