ID,Код записи,Название курса,Название курса (повтор),Преподаватель,Тип материала,Уровень сложности,Город,Адрес,Телефон,Email,Статус сдачи,Количество занятий в курсе,"Стоимость курса, руб.",Дата создания записи,Дата последнего обновления,Система-источник,Примечания
1,LMS-000001,???,Digital-маркетинг,Кузнецов Максим Александрович,Контрольный тест,Продвинутый,Челябинск,ул.,+7-953-367-96-45,kuznecovmaks720@yandex.ru,В проц.,29,473,14.06.2024,06.04.2025,CRM Bitrix24,
2,LMS-000002,Веб-разработка с нуля,,,Видеолекция,Продвинутый,Пермь,"ул. Победы, д. 85, кв. 79",+7-910-735-34-45,kozlovmaksim922@yandex.ru,Провер.,49,33460,04.10.2026,02.09.2025,CRM Bitrix24,Курс с сертификатом
3,LMS-000003,Основы бухгалтерского учёта,Основы бухгалтерского учёта,Егорова Ирина Андреевна,Видеолекция,Продвинутый,Мск,"ул. Спортивная, д. 10, кв. 64",+7-942-790-71-50,egorovairina426@gmail.com,Проверено,28,58000,09.04.2023,05.09.2024,CRM Bitrix24,Требуется предварительная подготовка
4,LMS-000004,Аналитика данных в Excel,Аналитика данных в Excel,Козлова Наталья Александровна,Контр. тест,Средний,Санкт-Петербург,нет данных(ошибка),+7-918-844-11-54,kozlovanatal754@mail.ru,В процессе,42,23367,10.02.2025,25.02.2026,Excel-выгрузка,Курс с сертификатом
5,LMS-000005,Веб-разработка с нуля,Веб-разработка с нуля,Новиков Кирилл Сергеевич,Контрольный тест,Средний,Воронеж,"ул. Мира, д. 102, кв. 45",+7-925-884-27-91,novikovkiril763@outlook.com,Требует исправления,30,9339,27.02.2025,16.08.2024,CRM Bitrix24,Курс временно недоступен
6,LMS-000006,Основы бухгалтерского учёта,Основы бухгалтерского учёта,Иванова Екатерина Викторовна,Контрольный тест,Средний,Казань,ул.,+7-952-629-36-23,ivanovaekate222@mail.ru,Отправлено на проверку,23,26859,02.04.2025,2026-13-45,Собственная система учёта,Требуется предварительная подготовка
7,LMS-000007,Основы программирования на Python,Основы программирования на Python,Егорова Татьяна Дмитриевна,Практическое задание,Средний,Неизвестная категория,"ул. Садовая, д. 133, кв. 182",+7-949-955-10-18,egorovatatya151@yandex.ru,Проверено,60,40765,20.02.2025,06.07.2024,,Бесплатный доступ на неделю
8,LMS-000008,Аналитика данных в Excel,ОШИБКА_ДАННЫХ,Соколов Алексей Александрович,Практическое задание,Начальный,Ростов-на-Дону,"ул. Победы, д. 125, кв. 27",+7-919-673-73-55,sokolovaleks224@yandex.ru,Отправлено на проверку,36,1309,00.00.0000,27.01.2025,SAP ERP,
9,LMS-000009,Аналитика,Аналитика данных в Excel,Попов Роман Дмитриевич,Контрольный тест,нет данных(ошибка),Новосиб.,ОШИБКА_ДАННЫХ,+7-939-201-81-85,popovromandm302@mail.ru,Отправлено на проверку,33,51473,06.10.2026,14.10.2024,CRM Bitrix24,Бесплатный доступ на неделю
10,LMS-000010,Digital-маркетинг,Digital-маркетинг,Голубева Наталья Александровна,Дополнительный материал,Продвинутый,Волгоград,"ул. Мира, д. 121, кв. 110",+7-948-752-96-85,golubevanata640@gmail.com,Не начато,26,14803,09.05.2023,21.02.2024,Собственная система учёта,Курс временно недоступен
11,LMS-000011,Аналитика данных в Excel,Аналитика данных в Excel,Козлова Светлана Викторовна,Видеолекция,Средний,Мос,"ул. Ленина, д. 114, кв. 74",+7-913-578-41-40,kozlovasvetl223@outlook.com,Отправлено на проверку,11,50936,01.10.2023,22.04.2026,CRM Bitrix24,Курс с сертификатом
12,LMS-000012,Digital-маркетинг,Digital-маркетинг,Козлов Кирилл Викторович,Видеолекция,Средний,Пермь,"ул. Молодёжная, д. 63, кв. 101",+7-934-837-59-39,kozlovkirill694@mail.ru,Тре,40,3273,04.10.2023,01.12.2026,нет данных(ошибка),Требуется предварительная подготовка
13,LMS-000013,Английский,Английский язык для начинающих,Воробьёва Юлия Викторовна,Видеолекция,Средний,Вор,"ул. Мира, д. 126, кв. 178",+7-923-384-77-60,vorobevayuli463@mail.ru,Не начато,33,49500,10.06.2026,16.01.2025,SAP ERP,Курс временно недоступен
14,LMS-000014,Digital-маркетинг,N/A,Иванова Юлия Николаевна,Дополнительный материал,Средний,Пермь,"ул. Спортивная, д. 14, кв. 200",+7-955-159-21-90,ivanovayuliy574@yandex.ru,Требует исправления,27,37772,18.11.2026,19.02.2025,1С:Предприятие,-
15,LMS-000015,нет данных(ошибка),Основы кибербезопасности,Голубев Дмитрий Александрович,Контрольный тест,Продвинутый,Н.Новгород,"ул. Молодёжная, д. 97, кв. 151",+7-934-209-43-95,golubevdmitr593@outlook.com,Провер.,46,37075,19.09.2024,20.07.2024,SAP ERP,
16,LMS-000016,Веб-разработка с нуля,Веб-разработка с нуля,Алексеев Сергей Сергеевич,Контр. тест,Продвинутый,Н.Новгород,"ул. Ленина, д. 8, кв. 90",+7-957-397-52-39,alekseevserg317@mail.ru,В процессе,60,7134,24.12.2025,23.02.2024,Excel-выгрузка,Курс временно недоступен
17,LMS-000017,Подготовка,Подготовка к ЕГЭ по математике,12345XYZ,Видеолекция,Начальный,Ростов-на-Дону,ул.,+7-947-653-21-65,vorobevvladi932@outlook.com,Требует исправления,44,14272,13.03.2024,01.02.2024,1С:Предприятие,Требуется предварительная подготовка
18,LMS-000018,Digital-маркетинг,Digital-маркетинг,Новиков Никита Петрович,Практ. зад.,Продвинутый,,"ул. Победы, д. 95, кв. 26",+7-930-780-32-23,novikovnikit418@yandex.ru,В процессе,17,59851,03.09.2023,05.08.2026,Excel-выгрузка,Курс с сертификатом
19,LMS-000019,Java для начинающих,Java для начинающих,Новиков Максим Сергеевич,Видеолекция,Средний,Нижний Новгород,"ул. Мира, д. 86, кв. 101",+7-944-803-27-93,novikovmaksi818@mail.ru,Провер.,13,31715,23.10.2025,28.05.2026,1С:Предприятие,Курс с сертификатом
20,LMS-000020,Digital-маркетинг,Digital-маркетинг,Воробьёва Юлия Сергеевна,Доп. материал,Средний,Волгоград,"ул. Спортивная, д. 59, кв. 194",+7-958-822-92-58,vorobevayuli258@outlook.com,Не начато,36,42900,14.06.2026,01.01.2026,CRM Bitrix24,Требуется предварительная подготовка
21,LMS-000021,Основы кибербезопасности,Основы кибербезопасности,Голубев Роман Александрович,,Средний,Казань,"ул. Советская, д. 89, кв. 192",+7-933-317-44-25,golubevroman399@outlook.com,Не начато,34,39261,2026-13-45,08.10.2026,Excel-выгрузка,
22,LMS-000022,Основы кибербезопасности,Основы кибербезопасности,Алексеев Никита Сергеевич,Видеолекция,Продвинутый,Краснодар,"ул. Пушкина, д. 97, кв. 179",+7-925-391-72-66,alekseevniki264@outlook.com,Не начато,26,55879,28.07.2025,26.11.2024,CRM Bitrix24,Бесплатный доступ на неделю
23,LMS-000023,Аналитика данных в Excel,Аналитика данных в Excel,Фёдорова Ольга Александровна,Видеолекция,Начальный,Крд,"ул. Ленина, д. 46, кв. 149",+7-914-410-35-83,fedorovaolga983@gmail.com,В процессе,53,3540,17.05.2026,11.02.2024,SAP ERP,
24,LMS-000024,Java для начинающих,Java для начинающих,Егоров Алексей Викторович,Практическое задание,Начальный,Челябинск,"ул. Мира, д. 36, кв. 192",+7-936-744-80-12,egorovalekse381@outlook.com,Не начато,ABC,3523,01.08.2026,07.04.2026,Собственная система учёта,
25,LMS-000025,Digital-маркетинг,Digital-маркетинг,Семёнов Никита Андреевич,Практическое задание,ОШИБКА_ДАННЫХ,Влгд,,+7-953-731-91-89,semenovnikit702@mail.ru,Проверено,13,,18.03.2025,04.09.2026,SAP ERP,Курс с сертификатом
26,LMS-000026,Основы дизайна интерфейсов,Основы дизайна интерфейсов,Фёдоров Виктор Сергеевич,Дополнительный материал,Начальный,Пермь,"ул. Ленина, д. 7, кв. 46",+7-923-965-84-70,fedorovvikto855@outlook.com,Не начато,21,,10.04.2023,12.12.2025,1С:Предприятие,Курс временно недоступен
27,LMS-000027,Основы дизайна интерфейсов,Основы дизайна интерфейсов,Виноградова Полина Андреевна,Практ. зад.,Продвинутый,Казань,-,+7-956-217-15-57,vinogradovap330@outlook.com,Отправлено на проверку,48,40254,03.02.2023,20.01.2026,Собственная система учёта,Курс с сертификатом
28,LMS-000028,Основы бухгалтерского учёта,Основы бухгалтерского учёта,Иванов Павел Дмитриевич,Видеолекция,Начальный,Крд,"ул. Мира, д. 77, кв. 124",+7-916-372-40-80,ivanovpaveld996@gmail.com,Не начато,10,51371,27.06.2023,01.05.2026,CRM Bitrix24,-
29,LMS-000029,Подготовка к ЕГЭ по математике,Подготовка к ЕГЭ по математике,Воробьёва Светлана Александровна,Видеолекция,Средний,Мск,"ул. Победы, д. 81, кв. 53",+7-911-735-64-27,vorobevasvet458@outlook.com,Не начато,39,27485,07.09.2026,15.02.2024,Excel-выгрузка,Курс временно недоступен
30,LMS-000030,Английский язык для начинающих,Английский язык для начинающих,Новиков Никита Сергеевич,Дополнительный материал,Продвинутый,Нижний Новгород,"ул. Победы, д. 63, кв. 121",+7-948-480-92-61,novikovnikit564@outlook.com,В процессе,,52918,13.12.2023,18.03.2026,1С:Предприятие,Бесплатный доступ на неделю
31,LMS-000031,N/A,Веб-разработка с нуля,,Видеолекция,Начальный,Екатеринбург,"ул. Победы, д. 14, кв. 7",+7-923-554-59-60,alekseevpave35@mail.ru,В процессе,56,34045,02.06.2025,28.09.2024,SAP ERP,Курс временно недоступен
32,LMS-000032,Веб-разработка с нуля,Веб-разработка с нуля,Виноградов Артём Петрович,Практическое задание,Начальный,Челябинск,"ул. Советская, д. 111, кв. 115",+7-919-355-99-20,vinogradovar953@mail.ru,Не начато,49,1989,27.06.2025,12.08.2026,1С:Предприятие,Требуется предварительная подготовка
33,LMS-000033,Основы программирования на Python,,Голубев Александр Андреевич,Видеолекция,Продвинутый,Санкт-Петербург,нет данных(ошибка),+7-942-217-20-12,golubevaleks21@gmail.com,В процессе,,,21.06.2024,25.08.2025,CRM Bitrix24,Курс временно недоступен
34,LMS-000034,Веб-разработка с нуля,Веб-разработка с нуля,Богданова Ирина Николаевна,Практическое задание,Средний,СПб,"ул. Гагарина, д. 128, кв. 49",+7-932-674-55-79,bogdanovairi298@yandex.ru,В процессе,23,34436,17.03.2024,11.09.2024,Excel-выгрузка,Курс временно недоступен
35,LMS-000035,Английский язык для начинающих,Английский язык для начинающих,Егорова,Практическое задание,ОШИБКА_ДАННЫХ,Санкт-Петербург,"ул. Молодёжная, д. 27, кв. 64",+7-957-447-10-28,egorovamariy547@gmail.com,Отправлено на проверку,59,58334,11.03.2025,вчера,1С:Предприятие,
36,LMS-000036,Digital-маркетинг,Digital-маркетинг,Лебедев Роман Викторович,Дополнительный материал,Начальный,Самара,"ул. Спортивная, д. 129, кв. 161",+7-948-662-28-15,lebedevroman313@gmail.com,Не начато,19,30661,06.09.2024,06.02.2026,Excel-выгрузка,Курс с сертификатом
37,LMS-000037,Основы бухгалтерского учёта,Основы бухгалтерского учёта,Кузнецова Мария Ивановна,не указано(ошибка),Продвинутый,Крд,"ул. Ленина, д. 16, кв. 106",+7-943-371-19-97,kuznecovamar825@mail.ru,Провер.,6,57214,2024,06.02.2026,CRM Bitrix24,Курс с сертификатом
38,LMS-000038,Английский язык для начинающих,Английский язык для начинающих,Морозов Владимир Петрович,Практическое задание,Начальный,Краснодар,"ул. Центральная, д. 80, кв. 132",+7-928-618-83-98,morozovvladi781@yandex.ru,Проверено,40,33159,05.12.2023,00.00.0000,Собственная система учёта,Курс с сертификатом
39,LMS-000039,Основы дизайна интерфейсов,Основы дизайна интерфейсов,Семёнов Владимир Дмитриевич,Практ. зад.,Средний,Пермь,"ул. Пушкина, д. 47, кв. 28",+7-929-906-20-50,semenovvladi24@outlook.com,Требует исправления,много,,02.02.2024,26.07.2025,1С:Предприятие,Бесплатный доступ на неделю
40,LMS-000040,Основы кибербезопасности,Основы кибербезопасности,Соколова Екатерина Ивановна,Видеолекция,Начальный,Москва,"ул. Пушкина, д. 75, кв. 187",+7-941-861-95-62,sokolovaekat720@mail.ru,Отправлено на проверку,40,51113,2025,02.06.2024,1С:Предприятие,Требуется предварительная подготовка
41,LMS-000041,Основы бухгалтерского учёта,Основы бухгалтерского учёта,Фёдорова Ольга Николаевна,Контр. тест,???,Самара,"ул. Победы, д. 66, кв. 180",+7-954-471-31-38,,Требует исправления,42,30604,26.10.2024,01.06.2025,SAP ERP,Бесплатный доступ на неделю
42,LMS-000042,Английский язык для начинающих,Английский язык для начинающих,Иванов Дмитрий Петрович,Видеолекция,Средний,Нижний Новгород,"ул. Ленина, д. 145, кв. 44",+7-921-732-97-96,ivanovdmitri297@yandex.ru,Про,29,11003,12.03.2026,18.05.2026,CRM Bitrix24,Бесплатный доступ на неделю
43,LMS-000043,Аналитика данных в Excel,Аналитика данных в Excel,Фёдорова Ксения Викторовна,Дополнительный материал,Начальный,Ростов-на-Дону,"ул. Советская, д. 77, кв. 133",+7-957-483-52-94,fedorovaksen50@mail.ru,В процессе,19,44828,24.10.2023,06.08.2026,Собственная система учёта,Курс временно недоступен
44,LMS-000044,####,ОШИБКА_ДАННЫХ,Соколова Алина Ивановна,Дополнительный материал,Начальный,Казань,"ул. Садовая, д. 36, кв. 132",+7-930-738-13-44,sokolovaalin429@mail.ru,В процессе,7,37309,26.04.2025,01.02.2025,CRM Bitrix24,Требуется предварительная подготовка
45,LMS-000045,Основы программирования на Python,Основы программирования на Python,Лебедев Павел Александрович,Видеолекция,Начальный,Екб,"ул. Гагарина, д. 100, кв. 62",+7-99-abc-12-34,lebedevpavel528@outlook.com,Отправлено на проверку,41,26738,17.07.2026,07.08.2025,SAP ERP,
46,LMS-000046,Веб-разработка с нуля,Веб-разработка с нуля,Козлова Дарья Дмитриевна,Практ. зад.,Начальный,Санкт-Петербург,"ул. Спортивная, д. 4, кв. 66",+7-922-815-94-61,kozlovadarya933@mail.ru,Отправлено на проверку,,37430,25.05.2023,26.07.2024,SAP ERP,Бесплатный доступ на неделю
47,LMS-000047,Аналитика данных в Excel,Аналитика данных в Excel,Егорова Алина Николаевна,Контрольный тест,Начальный,Воронеж,"ул. Мира, д. 20, кв. 4",телефон отсутствует,egorovaalina975@mail.ru,Отпр. на пров.,17,41499,06.04.2023,03.11.2025,SAP ERP,Курс с сертификатом
48,LMS-000048,Digital-маркетинг,Digital-маркетинг,Новиков Александр Александрович,Контрольный тест,Средний,Ростов-на-Дону,"ул. Пушкина, д. 103, кв. 59",+7-944-690-81-84,novikovaleks145@yandex.ru,Требует исправления,23,2522,24.05.2023,21.12.2025,Собственная система учёта,Курс
49,LMS-000049,Основы кибербезопасности,Основы,Волков Павел Петрович,Практическое задание,Средний,Кра,"ул. Ленина, д. 86, кв. 69",+7-917-541-41-23,volkovpavelp928@yandex.ru,Проверено,26,2503,22.07.2023,27.10.2026,CRM Bitrix24,Курс с сертификатом
50,LMS-000050,Подготовка к ЕГЭ по математике,Подготовка к ЕГЭ по математике,Иванов Павел Александрович,Контр. тест,Начальный,Пермь,"ул. Молодёжная, д. 124, кв. 183",+7-955-392-74-90,ivanovpavela794@mail.ru,Провер.,43,54978,22.04.2023,02.04.2026,CRM Bitrix24,
51,LMS-000051,Основы дизайна интерфейсов,Основы дизайна интерфейсов,Виноградов Виктор Дмитриевич,Практическое задание,Продвинутый,Мск,"ул. Мира, д. 35, кв. 23",+7-939-123-88-84,vinogradovvi291@gmail.com,Треб. исправл.,24,57491,18.02.2026,09.04.2024,1С:Предприятие,Курс с сертификатом
52,LMS-000052,Английский язык для начинающих,Английский язык для начинающих,Павлова Елена Дмитриевна,Доп. материал,Продвинутый,Санкт-Петербург,"ул. Садовая, д. 86, кв. 55",+7-936-178-17-63,,Провер.,29,57111,01.08.2026,23.06.2024,Собственная система учёта,
53,LMS-000053,,Веб-разработка с нуля,Кузнецова Татьяна Петровна,Доп. материал,Начальный,Самара,"ул. Гагарина, д. 102, кв. 138",+7-951-4,kuznecovatat62@mail.ru,Отпр. на пров.,51,8437,14.02.2025,18.12.2026,Excel-выгрузка,Требуется предварительная подготовка
54,LMS-000054,Веб-разработка с нуля,Веб-разработка с нуля,Алексеева Ирина Сергеевна,Контрольный тест,Средний,Челябинск,"ул. Молодёжная, д. 125, кв. 139",+7-938-724-94-10,alekseevairi922@gmail.com,Отправлено на проверку,60,8047,22.07.2023,20.07.2026,1С:Предприятие,Курс с сертификатом
55,LMS-000055,Подготовка,Подготовка к ЕГЭ по математике,Волков Александр Сергеевич,Контр. тест,Начальный,Ростов-на-Дону,"ул. Спортивная, д. 106, кв. 170",+7-947-907-65-82,volkovaleksa422@outlook.com,###,31,40332,15.01.2023,17.03.2026,1С:Предприятие,Курс временно недоступен
56,LMS-000056,Основы программирования на Python,-,Козлов Виктор Петрович,Дополнительный материал,Средний,Ворнж,"ул. Ленина, д. 75, кв. 145",+7-940-143-36-80,kozlovviktor313@yandex.ru,Не начато,4,15622,03.02.2023,16.06.2025,Excel-выгрузка,Курс с сертификатом
57,LMS-000057,,Веб-разработка с нуля,Голубева Елена Николаевна,Видеолекция,Продвинутый,Вол,"ул. Пушкина, д. 89, кв. 97",+7-910-800-89-47,golubevaelen943@yandex.ru,В процессе,5,7818,05.01.2024,19.04.2024,CRM Bitrix24,Бесплатный доступ на неделю
58,LMS-000058,Аналитика данных в Excel,Аналитика данных в Excel,Семёнов Алексей Дмитриевич,Практическое задание,Начальный,Самара,"ул. Садовая, д. 67, кв. 65",+7-941-264-90-69,semenovaleks134@mail.ru,Не начато,42,25558,27.11.2025,08.08.2026,SAP ERP,Курс с сертификатом
59,LMS-000059,####,Подготовка к ЕГЭ по математике,Воробьёва Наталья Ивановна,Видеолекция,Продвинутый,Ростов-на-Дону,"ул. Молодёжная, д. 16, кв. 115",+7-955-545-62-44,vorobevanata93@outlook.com,В проц.,21,13715,24.12.2025,27.11.2025,Собственная система учёта,Требуется предварительная подготовка
60,LMS-000060,Аналитика данных в Excel,Аналитика данных в Excel,ОШИБКА_ДАННЫХ,Контрольный тест,Начальный,Воронеж,"ул. Победы, д. 126, кв. 153",+7-943-956-15-13,vorobevanata863@gmail.com,Треб. исправл.,18,9697,19.11.2026,08.11.2025,Excel-выгрузка,Курс с сертификатом
61,LMS-000061,Основы бухгалтерского учёта,Основы бухгалтерского учёта,Петрова Мария Дмитриевна,Дополнительный материал,####,Краснодар,"ул. Гагарина, д. 24, кв. 192",+7-912-729-53-89,petrovamariy512@yandex.ru,Треб. исправл.,19,много,18.03.2024,24.10.2025,Excel-выгрузка,12345XYZ
62,LMS-000062,Основы дизайна интерфейсов,Основы дизайна интерфейсов,Кузнецова Ирина Дмитриевна,Неизвестная категория,Продвинутый,Санкт-Петербург,"ул. Ленина, д. 99, кв. 89",+7-915-421-93-22,kuznecovairi528@yandex.ru,В проц.,52,11200,05.07.2024,13.04.2026,SAP ERP,
63,LMS-000063,Digital-маркетинг,Digital-маркетинг,Фёдоров Андрей Иванович,Видеолекция,Средний,Влгд,"ул. Ленина, д. 78, кв. 140",+7-944-244-50-28,fedorovandre839@outlook.com,Провер.,47,39411,07.12.2023,12.09.2026,1С:Предприятие,Бесплатный доступ на неделю
64,LMS-000064,Digital-маркетинг,Digital-маркетинг,Петров Андрей Николаевич,Дополнительный материал,Начальный,Краснодар,"ул. Садовая, д. 36, кв. 153",+7-99-abc-12-34,petrovandrei921@mail.ru,Провер.,60,25707,12.02.2026,23.06.2025,Собственная система учёта,Курс с сертификатом
65,LMS-000065,Основы бухгалтерского учёта,Основы бухгалтерского учёта,Семёнов Кирилл Александрович,Видеолекция,Начальный,Ека,"ул. Молодёжная, д. 81, кв. 18",+7-919-289-11-18,semenovkiril208@outlook.com,Отпр. на пров.,32,25812,13.04.2023,15.11.2025,CRM Bitrix24,Бесплатный доступ на неделю
66,LMS-000066,Основы кибербезопасности,Основы кибербезопасности,Егорова Ирина Николаевна,Практ. зад.,Начальный,Пермь,"ул. Гагарина, д. 34, кв. 132",+7-948-642-50-36,egorovairina836@gmail.com,Отправлено на проверку,56,6689,02.04.2025,26.11.2024,Собственная система учёта,Бесплатный доступ на неделю
67,LMS-000067,Английский язык для начинающих,Английский язык для начинающих,Семёнов Егор Андреевич,Дополнительный материал,Начальный,Волгоград,"ул. Победы, д. 28, кв. 91",+7-925-193-15-43,semenovegora24@yandex.ru,Требует исправления,5,19078,03.04.2025,06.01.2024,SAP ERP,
68,LMS-000068,Основы программирования на Python,Основы программирования на Python,ОШИБКА_ДАННЫХ,Дополнительный материал,Продвинутый,Санкт-Петербург,"ул. Центральная, д. 28, кв. 57",+7-932-678-51-18,morozovaleks423@gmail.com,Требует исправления,48,6761,17.03.2026,27.08.2025,1С:Предприятие,Требуется предварительная подготовка
69,LMS-000069,Java для начинающих,Java для начинающих,Попов Никита Петрович,Практ. зад.,Средний,СПб,"ул. Спортивная, д. 139, кв. 181",+7-941-651-35-40,popovnikitap217@yandex.ru,Не начато,31,23855,20.11.2025,03.07.2025,CRM Bitrix24,Бесплатный доступ на неделю
70,LMS-000070,Подготовка к ЕГЭ по математике,Подготовка к ЕГЭ по математике,Иванов Максим Сергеевич,Практическое задание,Средний,Казань,"ул. Молодёжная, д. 26, кв. 169",+7-941-567-95-13,ivanovmaksim90@mail.ru,В процессе,много,3006,27.12.2025,03.12.2025,Excel-выгрузка,Требуется предварительная подготовка
71,LMS-000071,Основы кибербезопасности,Основы кибербезопасности,Фёдоров Кирилл Андреевич,Практическое задание,Продвинутый,Пермь,"ул. Мира, д. 24, кв. 145",+7-942-685-65-80,fedorovkiril372@yandex.ru,Отправлено на проверку,6,24139,11.11.2024,,SAP ERP,Курс с сертификатом
72,LMS-000072,Основы бухгалтерского учёта,Основы бухгалтерского учёта,Егоров Алексей Николаевич,Практическое задание,Начальный,Казань,"ул. Ленина, д. 13, кв. 131",+7-945-725-53-11,egorovalekse343@mail.ru,Проверено,47,11703,01.06.2026,08.12.2025,Excel-выгрузка,Требуется предварительная подготовка
73,LMS-000073,Английский язык для начинающих,Английский язык для начинающих,Соколова Алина Сергеевна,Контрольный тест,Начальный,Новосиб.,"ул. Советская, д. 131, кв. 101",+7-930-983-34-21,sokolovaalin201@yandex.ru,Отправлено на проверку,39,17415,вчера,03.05.2026,Собственная система учёта,Бесплатный доступ на неделю
74,LMS-000074,Аналитика данных в Excel,Аналитика данных в Excel,Соколов Артём Александрович,Контрольный тест,Начальный,Н.Новгород,"ул. Победы, д. 128, кв. 163",+7-947-579-33-67,sokolovartem787@yandex.ru,Не начато,55,15874,03.12.2024,17.11.2024,1С:Предприятие,
75,LMS-000075,Английский язык для начинающих,Английский,Богданова Мария Александровна,не указано(ошибка),Средний,Екб,"ул. Садовая, д. 88, кв. 197",+7-951-569-32-87,bogdanovamar239@mail.ru,В процессе,9,43177,04.06.2026,14.06.2025,Excel-выгрузка,???
76,LMS-000076,Основы дизайна интерфейсов,Основы дизайна интерфейсов,Петров Дмитрий Петрович,Практ. зад.,Средний,Челябинск,"ул. Садовая, д. 125, кв. 187",+7-936-745-52-92,petrovdmitri241@outlook.com,не указано(ошибка),22,27502,22.06.2023,12.01.2025,1С:Предприятие,Требуется предварительная подготовка
77,LMS-000077,-,Веб-разработка с нуля,Волков Максим Александрович,Контрольный тест,Продвинутый,Воронеж,"ул. Советская, д. 102, кв. 183",+7-943-986-31-52,volkovmaksim470@mail.ru,Не начато,44,9713,27.11.2025,24.11.2025,SAP ERP,Требуется предварительная подготовка
78,LMS-000078,Основы бухгалтерского учёта,Основы бухгалтерского учёта,Новикова Алина Ивановна,Практ. зад.,Средний,Нижний Новгород,"ул. Советская, д. 46, кв. 194",+7-918-2,novikovaalin853@outlook.com,В процессе,56,4868,06.01.2024,07.08.2026,CRM Bitrix24,Требуется предварительная подготовка
79,LMS-000079,Основы программирования на Python,Основы программирования на Python,Морозов Кирилл Александрович,Видеолекция,Начальный,Нижний Новгород,,+7-928-380-60-33,morozovkiril512@yandex.ru,Требует исправления,57,8736,05.08.2023,09.03.2025,CRM Bitrix24,Требуется
80,LMS-000080,Аналитика данных в Excel,Аналитика данных в Excel,Иванов Максим Николаевич,не указано(ошибка),Средний,Екатеринбург,"ул. Центральная, д. 99, кв. 38",+7-950-665-29-53,ivanovmaksim585@gmail.com,Требует исправления,23,52287,,31.02.2026,Собственная система учёта,Курс временно недоступен
81,LMS-000081,Подготовка к ЕГЭ по математике,Подготовка к ЕГЭ по математике,Голубев Кирилл Иванович,Контрольный тест,Начальный,Екатеринбург,"ул. Ленина, д. 1, кв. 130",+7-958-796-66-21,petrov@@mail..ru,В процессе,18,22005,19.07.2023,17.02.2024,CRM Bitrix24,Бесплатный доступ на неделю
82,LMS-000082,Аналитика данных в Excel,Аналитика данных в Excel,Егорова Алина Николаевна,Неизвестная категория,-,Пермь,"ул. Молодёжная, д. 86, кв. 103",12345,ivanov.mail.ru,Проверено,45,9278,11.12.2025,24.04.2024,1С:Предприятие,
83,LMS-000083,Основы бухгалтерского учёта,####,Попов Виктор Петрович,Практ. зад.,Средний,Пермь,"ул. Садовая, д. 86, кв. 124",+7-948-886-94-49,popovviktorp77@gmail.com,Требует исправления,22,45111,00.00.0000,09.11.2025,Собственная система учёта,Бесплатный доступ на неделю
84,LMS-000084,Основы дизайна интерфейсов,Основы дизайна интерфейсов,Алексеев Александр Петрович,Контр. тест,Средний,Казань,"ул. Пушкина, д. 22, кв. 85",+7-942-572-49-44,alekseevalek350@mail.ru,Не начато,15,9216,20.12.2024,24.02.2025,Собственная,Бесплатный доступ на неделю
85,LMS-000085,Digital-маркетинг,Digital-маркетинг,Виноградова Светлана Дмитриевна,Видеолекция,Средний,Пермь,"ул. Победы, д. 91, кв. 2",+7-954-634-87-24,vinogradovas610@gmail.com,Не начато,58,34355,20.07.2026,26.02.2026,SAP ERP,???
86,LMS-000086,Аналитика данных в Excel,Аналитика данных в Excel,Петрова Елена Николаевна,Дополнительный материал,Продвинутый,Москва,"ул. Садовая, д. 4, кв. 183",+7-919-485-73-75,petrovaelena165@yandex.ru,Отпр. на пров.,40,1020,05.05.2024,20.05.2025,Excel-выгрузка,
87,LMS-000087,Аналитика данных в Excel,Аналитика данных в Excel,Соколов Максим Дмитриевич,Контр. тест,Средний,Санкт-Петербург,ОШИБКА_ДАННЫХ,+7-950-405-88-88,sokolovmaksi758@yandex.ru,Провер.,12,38812,23.12.2025,02.03.2026,SAP,Требуется предварительная подготовка
88,LMS-000088,Основы программирования на Python,Основы программирования на Python,Морозов Александр Сергеевич,Дополнительный материал,Начальный,Пермь,"ул. Центральная, д. 95, кв. 160",+7-948-754-71-98,morozovaleks998@yandex.ru,Требует исправления,36,20052,17.11.2026,26.09.2025,SAP ERP,Курс временно недоступен
89,LMS-000089,Основы бухгалтерского учёта,Основы бухгалтерского учёта,Иванова Ирина Викторовна,Дополнительный материал,Средний,Казань,"ул. Спортивная, д. 121, кв. 93",+7-955-301-89-30,ivanovairina546@mail.ru,Требует исправления,53,40983,09.10.2023,09.06.2024,Собственная система учёта,Бесплатный доступ на неделю
90,LMS-000090,Основы бухгалтерского учёта,Основы бухгалтерского учёта,Соколова Алина Дмитриевна,Практическое задание,Средний,Краснодар,"ул. Ленина, д. 94, кв. 140",,sokolovaalin695@yandex.ru,Не начато,24,16453,01.07.2024,09.05.2024,CRM Bitrix24,Курс с сертификатом
91,LMS-000091,Веб-разработка с нуля,Веб-разработка с нуля,Виноградов Сергей Николаевич,Доп. материал,Начальный,Пермь,"ул. Центральная, д. 68, кв. 64",+7-955-919-98-62,нет_почты,Отправлено на проверку,6,29016,08.02.2023,05.05.2026,CRM Bitrix24,Требуется предварительная подготовка
92,LMS-000092,Подготовка к ЕГЭ по математике,Подготовка к ЕГЭ по математике,Иванова Ксения Николаевна,Контрольный тест,Продвинутый,Пермь,"ул. Ленина, д. 96, кв. 128",+7-956-825-24-16,ivanovakseni133@outlook.com,Не начато,36,,01.03.2023,04.11.2024,1С:Предприятие,Бесплатный доступ на неделю
93,LMS-000093,Веб-разработка с нуля,Веб-разработка с нуля,Виноградов Алексей Иванович,,Средний,Казань,"ул. Молодёжная, д. 1, кв. 35",+7-951-265-50-15,vinogradoval973@yandex.ru,Не начато,,6888,06.06.2025,16.02.2025,CRM Bitrix24,
94,LMS-000094,Английский язык для начинающих,Английский язык для начинающих,Егоров Максим Дмитриевич,Практическое задание,Средний,Казань,"ул. Гагарина, д. 113, кв. 149",+7-941-515-10-42,egorovmaksim187@mail.ru,Проверено,11,34925,26.01.2024,02.01.2024,Собственная система учёта,Бесплатный доступ на неделю
95,LMS-000095,Основы кибербезопасности,Основы кибербезопасности,Волкова Анна Николаевна,Вид,Начальный,Пермь,"ул. Советская, д. 94, кв. 172",+7-917-889-94-80,volkovaannan284@yandex.ru,Неизвестная категория,35,25187,10.10.2025,22.09.2025,Собственная система учёта,Курс временно недоступен
96,LMS-000096,Основы кибербезопасности,Основы,,Видеолекция,Средний,Воронеж,"ул. Мира, д. 106, кв. 178",+7-952-364-59-58,vorobevroman687@outlook.com,В проц.,,28538,22.04.2026,03.12.2026,Собственная система учёта,
97,LMS-000097,Английский язык для начинающих,Английский язык для начинающих,Виноградова Татьяна Петровна,Доп. материал,Продвинутый,Пермь,"ул. Гагарина, д. 75, кв. 95",+7-943-753-48-74,vinogradovat89@gmail.com,Проверено,31,58198,08.07.2024,26.08.2025,SAP ERP,Бесплатный доступ на неделю
98,LMS-000098,Digital-маркетинг,Digital-маркетинг,Соколова Ирина Николаевна,Видеолекция,Средний,Н.Новгород,"ул. Мира, д. 106, кв. 138",+7-922-891-35-25,sokolovairin183@gmail.com,Не начато,46,47053,06.08.2025,26.04.2026,Собственная система учёта,Курс с сертификатом
99,LMS-000099,Основы,Основы дизайна интерфейсов,Волков Александр Викторович,Контр. тест,Средний,Москва,"ул. Гагарина, д. 125, кв. 76",телефон отсутствует,volkovaleksa160@yandex.ru,Не начато,56,48439,19.09.2025,01.03.2026,Excel-выгрузка,
100,LMS-000100,Основы программирования на Python,Основы программирования на Python,Попова Дарья Ивановна,Доп. материал,Начальный,Воронеж,"ул. Советская, д. 98, кв. 167",+7-939-525-34-49,,Треб. исправл.,24,44829,11.10.2024,07.01.2026,1С:Предприятие,Требуется предварительная подготовка
101,LMS-000101,Основы программирования на Python,Основы программирования на Python,Соколов Роман Петрович,Дополнительный материал,Продвинутый,Новосибирск,"ул. Победы, д. 146, кв. 104",+7-930-746-30-19,sokolovroman488@mail.ru,Проверено,59,47205,06.01.2023,28.02.2026,1С:Предприятие,Бесплатный доступ на неделю
102,LMS-000102,Основы кибербезопасности,Основы кибербезопасности,Фёдорова Мария Александровна,Практ. зад.,Начальный,Ростов-на-Дону,"ул. Пушкина, д. 32, кв. 97",+7-941-782-12-31,fedorovamari309@mail.ru,Требует исправления,15,52718,17.08.2023,01.05.2024,1С:Предприятие,Курс с сертификатом
103,LMS-000103,Java для начинающих,Java для начинающих,Алексеев Максим Александрович,Практическое задание,Начальный,Самара,"ул. Ленина, д. 150, кв. 140",+7-931-697-37-17,alekseevmaks705@outlook.com,Не начато,59,33501,17.04.2025,31.02.2026,Собственная система учёта,Курс с сертификатом
104,LMS-000104,Основы дизайна интерфейсов,Основы дизайна интерфейсов,Воробьёв Сергей Николаевич,Видеолекция,Продвинутый,Воронеж,"ул. Мира, д. 132, кв. 197",+7-940-246-69-44,vorobevserge974@yandex.ru,Треб. исправл.,16,15106,12.08.2023,,Excel-выгрузка,Требуется предварительная подготовка
105,LMS-000105,Веб-разработка с нуля,Веб-разработка с нуля,Егоров Никита Викторович,Контрольный тест,Средний,Казань,ул.,+7-913-659-80-53,egorovnikita506@gmail.com,Провер.,19,17152,23.12.2023,12.03.2025,CRM Bitrix24,Курс
106,LMS-000106,Основы бухгалтерского учёта,Основы бухгалтерского учёта,Соколов Павел Андреевич,Дополнительный материал,Начальный,Казань,"ул. Советская, д. 14, кв. 185",+7-927-476-98-69,sokolovpavel100@gmail.com,В процессе,43,52646,24.01.2026,08.12.2026,Excel-выгрузка,Курс
107,LMS-000107,Основы кибербезопасности,Основы кибербезопасности,Волкова Полина Николаевна,Практ. зад.,Средний,Самара,"ул. Советская, д. 22, кв. 122",+7-950-124-26-73,volkovapolin927@outlook.com,Проверено,15,6441,17.11.2026,2026-13-45,Excel-выгрузка,Требуется предварительная подготовка
108,LMS-000108,Digital-маркетинг,,####,Контрольный тест,Начальный,Мск,"ул. Советская, д. 21, кв. 191",+7-920-313-57-46,popovayuliya446@yandex.ru,Проверено,14,ERROR,13.10.2024,18.02.2025,CRM Bitrix24,Требуется предварительная подготовка
109,LMS-000109,Основы дизайна интерфейсов,Основы дизайна интерфейсов,Иванова Мария Сергеевна,Видеолекция,Средний,Новосиб.,"ул. Спортивная, д. 90, кв. 48",+7-919-318-85-90,ivanovamariy961@yandex.ru,Не начато,25,39159,12.01.2023,18.02.2026,SAP ERP,12345XYZ
110,LMS-000110,Java для начинающих,Java для начинающих,Голубева Екатерина Сергеевна,Практическое задание,Продвинутый,Санкт-Петербург,"ул. Ленина, д. 143, кв. 149",+7-917-671-98-74,golubevaekat9@outlook.com,,42,36608,02.01.2025,17.04.2024,Собственная система учёта,
111,LMS-000111,Веб-разработка с нуля,Веб-разработка с нуля,Попов Сергей Александрович,Практическое задание,Средний,Москва,"ул. Спортивная, д. 102, кв. 8",+7-922-332-73-45,popovsergeia883@outlook.com,Не начато,14,ABC,05.08.2023,02.09.2026,Excel-выгрузка,
112,LMS-000112,Основы дизайна интерфейсов,Основы дизайна интерфейсов,Морозова Полина Ивановна,Дополнительный материал,Продвинутый,Москва,"ул. Спортивная, д. 29, кв. 13",+7-920-321-20-83,morozovapoli454@,Требует исправления,50,54422,09.05.2023,01.01.2025,Excel-выгрузка,
113,LMS-000113,Веб-разработка с нуля,Веб-разработка с нуля,Новикова Алина Сергеевна,Практическое задание,Средний,категория_5,"ул. Гагарина, д. 16, кв. 46",+7-941-992-36-95,novikovaalin809@mail.ru,Отправлено на проверку,58,37849,,11.06.2024,1С:Предприятие,Курс с сертификатом
114,LMS-000114,Аналитика данных в Excel,####,Козлова Наталья Александровна,Видеолекция,Начальный,Санкт-Петербург,"ул. Молодёжная, д. 125, кв. 8",+7-932-207-27-97,kozlovanatal59@mail.ru,Провер.,24,16077,12.04.2025,22.05.2026,CRM Bitrix24,Требуется предварительная подготовка
115,LMS-000115,Основы бухгалтерского учёта,Основы бухгалтерского учёта,Голубев Сергей Викторович,Контрольный тест,Продвинутый,Нижний Новгород,"ул. Спортивная, д. 25, кв. 33",+7-950-662-32-59,golubevserge188@gmail.com,Отправлено на проверку,40,5349,11.09.2025,04.07.2026,Собственная система учёта,
116,LMS-000116,Аналитика данных в Excel,Аналитика данных в Excel,Богданова Ирина Викторовна,Контр. тест,Продвинутый,Челяб.,-,+7-925-764-11-20,petrov@@mail..ru,В процессе,34,39790,06.05.2024,17.03.2025,1С:Предприятие,Курс с сертификатом
117,LMS-000117,Подготовка к ЕГЭ по математике,Подготовка к ЕГЭ по математике,Семёнова Елена Дмитриевна,Дополнительный материал,Продвинутый,Неизвестная категория,"ул. Гагарина, д. 53, кв. 38",+7-959-878-25-72,semenovaelen87@mail.ru,Отпр. на пров.,28,30437,02.04.2025,2024,Excel-выгрузка,Курс с сертификатом
118,LMS-000118,Подготовка к ЕГЭ по математике,N/A,Петров Роман Дмитриевич,Контрольный тест,Начальный,Воронеж,"ул. Ленина, д. 38, кв. 197",+7-938-953-60-67,petrovromand688@mail.ru,Требует исправления,ABC,17975,09.01.2025,18.12.2024,CRM Bitrix24,Требуется предварительная подготовка
119,LMS-000119,Аналитика данных в Excel,Аналитика данных в Excel,Петров Александр Викторович,Контр. тест,Начальный,Москва,"ул. Садовая, д. 76, кв. 33",+7-948-579-87-98,petrovaleksa486@outlook.com,Проверено,22,9133,24.04.2026,07.12.2024,1С:Предприятие,Требуется предварительная подготовка
120,LMS-000120,Английский язык для начинающих,Английский язык для начинающих,Соколов Егор Дмитриевич,Практическое задание,Продвинутый,Челяб.,"ул. Пушкина, д. 22, кв. 186",+7-954-418-11-52,sokolovegord104@gmail.com,Провер.,46,50678,20.12.2024,26.08.2025,CRM Bitrix24,
121,LMS-000121,Веб-разработка с нуля,Веб-разработка с нуля,Павлов Павел Андреевич,Контрольный тест,Продвинутый,Ростов-на-Дону,,+7-935-358-80-67,pavlovpavela58@yandex.ru,Провер.,58,43215,23.12.2025,16.01.2024,SAP ERP,Курс временно недоступен
122,LMS-000122,Основы программирования на Python,Основы программирования на Python,Егоров Павел Николаевич,Практическое задание,Продвинутый,Челябинск,"ул. Мира, д. 82, кв. 54",+7-958-161-34-72,egorovpaveln195@outlook.com,Не начато,35,18208,14.12.2023,08.05.2025,1С:Предприятие,Требуется предварительная подготовка
123,LMS-000123,Веб-разработка с нуля,Веб-разработка с нуля,Семёнова Анна Сергеевна,Контрольный тест,Продвинутый,Ростов-на-Дону,"ул. Центральная, д. 58, кв. 76",+7-99-abc-12-34,semenovaanna491@mail.ru,Требует исправления,22,45666,21.07.2023,2026-13-45,???,Курс временно недоступен
124,LMS-000124,Основы программирования на Python,Основы программирования на Python,Кузнецова Екатерина Викторовна,категория_5,Продвинутый,Пермь,"ул. Победы, д. 71, кв. 27",+7-933-565-88-64,kuznecovaeka679@mail.ru,Отправлено на проверку,52,9950,09.04.2024,18.12.2024,CRM Bitrix24,Курс с сертификатом
125,LMS-000125,,Основы кибербезопасности,Павлов Кирилл Сергеевич,Практическое задание,Начальный,Ворнж,"ул. Победы, д. 59, кв. 71",+7-956-283-29-25,pavlovkirill924@yandex.ru,В процессе,49,36509,16.09.2026,22.10.2026,Excel-выгрузка,Требуется предварительная подготовка
126,LMS-000126,,Английский язык для начинающих,Богданов Владимир Иванович,Видеолекция,Продвинутый,Каз,"ул. Советская, д. 73, кв. 127",+7-932-659-57-89,bogdanovvlad310@yandex.ru,Отправлено на проверку,19,9974,31.02.2026,01.11.2025,N/A,Бесплатный доступ на неделю
127,LMS-000127,Подготовка к ЕГЭ по математике,Подготовка к ЕГЭ по математике,Воробьёв Илья Александрович,Видеолекция,Средний,Санкт-Петербург,"ул. Победы, д. 73, кв. 129",+7-947-368-82-50,vorobevilyaa382@mail.ru,В процессе,47,55008,08.03.2026,01.11.2025,Excel-выгрузка,Курс временно недоступен
128,LMS-000128,Digital-маркетинг,Digital-маркетинг,Козлов Артём Петрович,Контрольный тест,Продвинутый,категория_5,"ул. Молодёжная, д. 129, кв. 184",+7-930-683-65-42,kozlovartemp374@outlook.com,В процессе,55,4384,05.08.2025,20.09.2025,SAP ERP,Курс временно недоступен
129,LMS-000129,Основы бухгалтерского учёта,,Павлов Андрей Николаевич,не указано(ошибка),Продвинутый,Краснодар,"ул. Спортивная, д. 150, кв. 121",+7-953-713-37-10,pavlovandrei948@outlook.com,Не начато,59,45,14.07.2025,2025,SAP ERP,Требуется предварительная подготовка
130,LMS-000130,Английский язык для начинающих,Английский язык для начинающих,Кузнецова Светлана Сергеевна,Контрольный тест,Средний,Сан,"ул. Советская, д. 6, кв. 85",+7-920-103-60-44,kuznecovasve978@mail.ru,Треб. исправл.,8,40617,25.12.2023,01.12.2025,Excel-выгрузка,Курс временно недоступен
131,LMS-000131,Основы кибербезопасности,ОШИБКА_ДАННЫХ,Виноградов Андрей Дмитриевич,Видеолекция,Начальный,Смр,"ул. Мира, д. 32, кв. 68",+7-99-abc-12-34,,Требует исправления,10,26280,17.04.2026,20.04.2024,Собственная система учёта,
132,LMS-000132,Основы программирования на Python,Основы программирования на Python,Фёдорова Наталья Андреевна,Контр. тест,,Екатеринбург,"ул. Гагарина, д. 122, кв. 121",+7-913-319-61-18,fedorovanata154@yandex.ru,Требует исправления,ABC,52859,05.06.2026,14.08.2025,Собственная система учёта,Курс временно недоступен
133,LMS-000133,Подготовка к ЕГЭ по математике,Подготовка к ЕГЭ по математике,Егорова Анна Николаевна,Практическое задание,Средний,Казань,"ул. Центральная, д. 126, кв. 188",+7-931-240-53-48,egorovaannan103@yandex.ru,Проверено,9,50101,17.07.2023,20.12.2025,SAP ERP,
134,LMS-000134,Digital-маркетинг,Digital-маркетинг,Егорова,Контр. тест,Продвинутый,Казань,"ул. Пушкина, д. 81, кв. 158",+7-912-433-99-37,egorovapolin374@outlook.com,Отправлено на проверку,40,39843,20.05.2023,23.06.2026,1С:Предприятие,Курс с сертификатом
135,LMS-000135,Аналитика данных в Excel,Аналитика данных в Excel,Смирнов Александр Александрович,Дополнительный материал,Продвинутый,Волгоград,"ул. Молодёжная, д. 147, кв. 175",+7-911-459-89-49,smirnovaleks100@outlook.com,В проц.,35,12611,27.07.2024,14.07.2026,Собственная система учёта,Бесплатный доступ на неделю
136,LMS-000136,Основы кибербезопасности,Основы кибербезопасности,Виноградова Дарья Андреевна,Дополнительный материал,Продвинутый,Москва,"ул. Советская, д. 149, кв. 69",+7-941-856-38-23,vinogradovad770@yandex.ru,Отправлено на проверку,56,-1,16.01.2026,10.02.2025,Собственная система учёта,Курс временно недоступен
137,LMS-000137,Основы бухгалтерского учёта,Основы бухгалтерского учёта,Петров Александр Сергеевич,Дополнительный материал,Средний,Нижний Новгород,"ул. Мира, д. 107, кв. 8",+7-939-344-21-84,petrovaleksa47@gmail.com,Отправлено на проверку,34,34839,12.06.2024,14.11.2025,1С:Предприятие,Требуется предварительная подготовка
138,LMS-000138,Digital-маркетинг,Digital-маркетинг,Морозова Анна Александровна,Практическое задание,Продвинутый,Смр,"ул. Центральная, д. 34, кв. 114",+7-950-879-47-14,morozovaanna319@,Проверено,55,53436,17.09.2023,09.01.2025,####,
139,LMS-000139,Веб-разработка с нуля,Веб-разработка с нуля,Иванова Дарья Петровна,Практическое задание,Начальный,Смр,"ул. Гагарина, д. 123, кв. 179",+7-933-757-78-73,ivanovadarya911@gmail.com,В проц.,60,9364,02.06.2023,25.01.2024,Собственная система учёта,Бесплатный доступ на неделю
140,LMS-000140,Основы дизайна интерфейсов,Основы дизайна интерфейсов,Павлов Никита Александрович,Дополнительный материал,Средний,Нижний Новгород,ул.,+7-953-291-32-37,pavlovnikita881@yandex.ru,Проверено,4,27301,25.04.2025,05.08.2025,Собственная система учёта,Курс временно недоступен
141,LMS-000141,Основы кибербезопасности,Основы кибербезопасности,Соколова Мария Дмитриевна,Контр. тест,Начальный,Казань,"ул. Спортивная, д. 93, кв. 147",+7-935-180-67-90,sokolovamari965@mail.ru,Треб. исправл.,37,,24.09.2025,18.02.2026,Собственная система учёта,Требуется предварительная подготовка
142,LMS-000142,Основы бухгалтерского учёта,Основы бухгалтерского учёта,N/A,Видеолекция,Продвинутый,Волгоград,"ул. Победы, д. 79, кв. 124",+7-918-4,ivanovviktor35@yandex.ru,В процессе,23,22248,2025,09.12.2026,,
143,LMS-000143,Digital-маркетинг,Digital-маркетинг,Козлова Наталья Ивановна,Дополнительный материал,Средний,Пермь,"ул. Пушкина, д. 127, кв. 173",+7-912-440-49-97,kozlovanatal100@outlook.com,Требует исправления,40,26158,25.04.2023,22.11.2026,1С:Предприятие,Курс временно недоступен
144,LMS-000144,Основы кибербезопасности,Основы кибербезопасности,Петров Роман Петрович,Видеолекция,Начальный,Мск,"ул. Садовая, д. 8, кв. 40",+7-952-769-75-71,petrovromanp164@gmail.com,Проверено,48,8742,01.05.2025,11.10.2025,,Бесплатный доступ на неделю
145,LMS-000145,Веб-разработка с нуля,Веб-разработка с нуля,Кузнецов Илья Дмитриевич,Практическое задание,Начальный,Санкт-Петербург,"ул. Советская, д. 31, кв. 114",+7-919-337-58-18,kuznecovilya129@yandex.ru,,57,2481,25.01.2023,11.10.2024,Собственная система учёта,Бесплатный доступ на неделю
146,LMS-000146,Основы программирования на Python,Основы программирования на Python,Голубева Ксения Николаевна,Контрольный тест,нет данных(ошибка),Екб,"ул. Советская, д. 66, кв. 106",+7-938-129-57-68,golubevaksen207@outlook.com,Про,46,17476,02.05.2023,13.03.2024,Собственная система учёта,Бесплатный доступ на неделю
147,LMS-000147,Основы бухгалтерского учёта,Основы бухгалтерского учёта,Иванова Анна Николаевна,Кон,Продвинутый,Воронеж,"ул. Молодёжная, д. 21, кв. 197",+7-956-670-17-29,ivanovaannan819@yandex.ru,В процессе,40,32886,16.04.2025,04.03.2025,1С:Предприятие,
148,LMS-000148,Основы дизайна интерфейсов,Основы дизайна интерфейсов,N/A,Видеолекция,Продвинутый,Челяб.,"ул. Победы, д. 62, кв. 9",+7-949-757-71-31,smirnovadary265@mail.ru,Неизвестная категория,49,54083,04.09.2026,02.03.2026,SAP ERP,Курс с сертификатом
149,LMS-000149,Английский язык для начинающих,Английский язык для начинающих,Попова Екатерина Викторовна,Видеолекция,Средний,Казань,ул.,+7-914-929-42-99,popovaekater375@gmail.com,Провер.,58,54808,03.04.2026,18.07.2025,Excel-выгрузка,
150,LMS-000150,Аналитика данных в Excel,Аналитика данных в Excel,Кузнецова Ольга Викторовна,Видеолекция,Средний,Пермь,"ул. Молодёжная, д. 150, кв. 87",+7-930-303-88-27,kuznecovaolg549@mail.ru,###,58,45285,05.11.2023,09.07.2025,Собственная система учёта,
151,LMS-000151,Основы программирования на Python,Основы программирования на Python,Богданов Кирилл Александрович,Дополнительный материал,Начальный,Самара,???,+7-911-691-81-40,bogdanovkiri951@,В проц.,,34502,31.02.2026,04.03.2024,SAP ERP,Требуется предварительная подготовка
152,LMS-000152,Основы дизайна интерфейсов,Основы дизайна интерфейсов,Виноградов Егор Николаевич,Видеолекция,Средний,Пермь,"ул. Мира, д. 145, кв. 61",+7-918-983-30-52,vinogradoveg93@outlook.com,Проверено,32,39319,12.09.2023,10.07.2024,1С:Предприятие,
153,LMS-000153,Java для начинающих,Java для начинающих,Попова Мария Александровна,Практическое задание,Средний,Москва,"ул. Центральная, д. 30, кв. 75",+7-947-825-76-68,popovamariya853@mail.ru,В процессе,32,54648,12.05.2025,24.11.2025,Excel-выгрузка,Курс временно недоступен
154,LMS-000154,Основы бухгалтерского учёта,,Морозова Ольга Дмитриевна,Практическое задание,Продвинутый,Санкт-Петербург,"ул. Спортивная, д. 45, кв. 159",+7-948-908-36-33,morozovaolga749@yandex.ru,В проц.,41,19645,18.11.2026,02.01.2024,SAP ERP,Курс с сертификатом
155,LMS-000155,Основы бухгалтерского учёта,Основы бухгалтерского учёта,Егоров Алексей Иванович,Практ. зад.,Средний,Крд,нет данных(ошибка),+7-943-780-17-18,egorovalekse593@mail.ru,Треб. исправл.,,39213,09.04.2026,06.11.2026,Собственная система учёта,Курс с сертификатом
156,LMS-000156,Аналитика данных в Excel,Аналитика данных в Excel,Алексеев Владимир Петрович,Практ. зад.,Начальный,Пермь,"ул. Молодёжная, д. 102, кв. 51",+7-913-467-63-29,alekseevvlad768@gmail.com,категория_5,32,9687,16.04.2024,25.10.2024,1С:Предприятие,Бесплатный доступ на неделю
157,LMS-000157,Аналитика данных в Excel,Аналитика данных в Excel,Богданов Павел Николаевич,категория_5,Продвинутый,Екатеринбург,12345XYZ,+7-928-713-59-94,bogdanovpave640@mail.ru,Не начато,16,13380,00.00.0000,24.07.2024,CRM Bitrix24,
158,LMS-000158,Английский язык для начинающих,,Петрова Ирина Николаевна,Контр. тест,Начальный,Смр,"ул. Гагарина, д. 136, кв. 36",,petrovairina143@mail.ru,Отправлено на проверку,33,26506,2026-13-45,16.10.2024,CRM Bitrix24,Бесплатный доступ на неделю
159,LMS-000159,Веб-разработка с нуля,Веб-разработка с нуля,Фёдорова Юлия Ивановна,Дополнительный материал,Средний,Санкт-Петербург,"ул. Центральная, д. 44, кв. 140",+7-954-661-51-97,fedorovayuli927@gmail.com,Не начато,38,ERROR,11.11.2025,,SAP ERP,Бесплатный доступ на неделю
160,LMS-000160,Основы дизайна интерфейсов,Основы дизайна интерфейсов,Лебедев Максим Викторович,Практическое задание,Начальный,Н.Новгород,,+7-955-181-17-57,lebedevmaksi610@gmail.com,Провер.,51,37248,06.03.2025,26.04.2026,SAP ERP,Курс с сертификатом
161,LMS-000161,Основы дизайна интерфейсов,Основы дизайна интерфейсов,Павлов Максим Сергеевич,Практическое задание,Средний,Новосибирск,"ул. Мира, д. 90, кв. 106",+7-930-833-45-55,pavlovmaksim992@,Не начато,18,22892,04.07.2026,07.08.2026,Собственная система учёта,
162,LMS-000162,Основы бухгалтерского учёта,Основы бухгалтерского учёта,Смирнова Наталья Петровна,Дополнительный материал,Продвинутый,Ворнж,"ул. Победы, д. 120, кв. 2",+7-940-559-86-43,smirnovanata177@mail.ru,Не начато,7,12467,17.06.2024,13.07.2026,CRM Bitrix24,Курс временно недоступен
163,LMS-000163,Основы программирования на Python,Основы программирования на Python,Воробьёв Артём Петрович,Видеолекция,Продвинутый,СПб,"ул. Гагарина, д. 112, кв. 107",+7-954-573-24-70,vorobevartem567@yandex.ru,В п,н/д,13441,16.10.2026,28.04.2024,1С:Предприятие,Требуется
164,LMS-000164,Java для начинающих,Java для начинающих,Смирнов Алексей Андреевич,Практ. зад.,Начальный,Ростов-н/Д,"ул. Спортивная, д. 11, кв. 24",+7-944-600-90-34,smirnovaleks252@outlook.com,Про,28,54282,25.08.2024,02.03.2025,Собственная система учёта,Курс временно недоступен
165,LMS-000165,Основы программирования на Python,Основы программирования на Python,Фёдоров Дмитрий Дмитриевич,Практ. зад.,Продвинутый,Н.Новгород,"ул. Мира, д. 104, кв. 165",+7-928-377-92-68,fedorovdmitr887@outlook.com,Требует исправления,38,10292,20.09.2025,07.03.2024,1С:Предприятие,Курс временно недоступен
166,LMS-000166,Аналитика данных в Excel,Аналитика данных в Excel,Морозова Ксения Петровна,Контр. тест,Начальный,Новосиб.,"ул. Гагарина, д. 4, кв. 200",+7-923-198-48-69,morozovaksen998@gmail.com,Отправлено на проверку,47,33903,03.07.2023,16.05.2025,CRM Bitrix24,
167,LMS-000167,Основы дизайна интерфейсов,Основы дизайна интерфейсов,Павлова Виктория Николаевна,Дополнительный материал,Начальный,Краснодар,####,12345,pavlovavikto898@outlook.com,Отправлено на проверку,33,10125,08.06.2025,11.07.2026,SAP ERP,Бесплатный доступ на неделю
168,LMS-000168,Основы бухгалтерского учёта,Основы бухгалтерского учёта,Воробьёв Алексей Сергеевич,Практическое задание,Начальный,Крд,"ул. Спортивная, д. 36, кв. 82",+7-916-529-84-25,vorobevaleks721@yandex.ru,Не начато,30,35548,23.02.2024,20.03.2026,CRM Bitrix24,
169,LMS-000169,Подготовка к ЕГЭ по математике,Подготовка к ЕГЭ по математике,Смирнов Андрей Андреевич,Контрольный тест,Продвинутый,Москва,"ул. Центральная, д. 12, кв. 101",+7-939-188-55-21,smirnovandre162@,Отправлено на проверку,54,54991,04.03.2026,2025,Собственная система учёта,Курс временно недоступен
170,LMS-000170,Digital-маркетинг,Digital-маркетинг,Соколов,Видеолекция,Начальный,Санкт-Петербург,,+7-939-720-79-48,sokolovroman377@mail.ru,категория_5,12,32244,25.05.2024,20.10.2025,Собственная система учёта,Курс временно недоступен
171,LMS-000171,Подготовка к ЕГЭ по математике,Подготовка к ЕГЭ по математике,Воробьёва Юлия Сергеевна,Видеолекция,Продвинутый,Новосибирск,"ул. Садовая, д. 47, кв. 69",+7-958-425-52-11,vorobevayuli642@yandex.ru,Не начато,31,51974,16.01.2024,07.04.2026,SAP ERP,
172,LMS-000172,Основы кибербезопасности,Основы кибербезопасности,Алексеева Татьяна Дмитриевна,Практическое задание,Продвинутый,Пермь,"ул. Гагарина, д. 90, кв. 52",+7-941-529-92-85,alekseevatat535@gmail.com,В процессе,49,ABC,09.11.2024,23.01.2024,SAP ERP,Требуется предварительная подготовка
173,LMS-000173,Основы программирования на Python,Основы программирования на Python,Петрова Ольга Дмитриевна,Контр. тест,Средний,Екатеринбург,"ул. Советская, д. 149, кв. 26",+7-943-858-15-90,petrovaolgad357@outlook.com,Проверено,28,42182,20.05.2025,06.11.2024,CRM Bitrix24,
174,LMS-000174,Основы дизайна интерфейсов,Основы дизайна интерфейсов,Голубев Павел Николаевич,Практическое задание,Начальный,Влгд,"ул. Садовая, д. 63, кв. 23",+7-959-814-15-49,golubevpavel430@mail.ru,Требует исправления,23,17729,07.07.2023,03.03.2025,CRM Bitrix24,Курс временно недоступен
175,LMS-000175,Основы бухгалтерского учёта,Основы бухгалтерского учёта,Кузнецова Ксения Викторовна,не указано(ошибка),Продвинутый,Краснодар,"ул. Гагарина, д. 47, кв. 70",+7-947-543-41-76,kuznecovakse376@yandex.ru,Проверено,42,28905,20.07.2023,15.02.2026,SAP ERP,Бесплатный доступ на неделю
176,LMS-000176,Аналитика данных в Excel,Аналитика данных в Excel,Лебедева Мария Александровна,Видеолекция,Средний,Воронеж,"ул. Мира, д. 18, кв. 167",+7-924-131-14-20,lebedevamari948@mail.ru,Отп,39,41229,28.02.2023,26.05.2025,CRM Bitrix24,Бесплатный доступ на неделю
177,LMS-000177,Английский язык для начинающих,Английский язык для начинающих,Новиков Павел Дмитриевич,Контрольный тест,Продвинутый,Ростов-н/Д,"ул. Мира, д. 50, кв. 93",+7-929-944-59-58,novikovpavel577@yandex.ru,Не начато,32,12792,14.06.2026,14.11.2025,1С:Предприятие,
178,LMS-000178,Веб-разработка с нуля,Веб-разработка с нуля,Соколова Виктория Николаевна,Видеолекция,Средний,Пермь,"ул. Ленина, д. 19, кв. 37",+7-940-240-49-97,sokolovavikt629@mail.ru,Проверено,26,1945,18.09.2024,07.08.2026,CRM Bitrix24,
179,LMS-000179,Веб-разработка с нуля,Веб-разработка с нуля,Морозов Алексей Викторович,Дополнительный материал,Начальный,Челябинск,"ул. Победы, д. 113, кв. 122",,morozovaleks173@yandex.ru,Не начато,44,48241,07.08.2026,15.12.2024,CRM Bitrix24,Курс временно недоступен
180,LMS-000180,Подготовка к ЕГЭ по математике,Подготовка к ЕГЭ по математике,Виноградова Дарья Андреевна,Дополнительный материал,Начальный,Мск,"ул. Ленина, д. 74, кв. 81",+7-914-922-60-57,vinogradovad843@gmail.com,Требует исправления,8,21491,22.08.2023,,Excel-выгрузка,Требуется предварительная подготовка
181,LMS-000181,Основы дизайна интерфейсов,Основы дизайна интерфейсов,Волкова Алина Александровна,Практическое задание,Начальный,,"ул. Гагарина, д. 26, кв. 125",,volkovaalina226@yandex.ru,Проверено,12,ERROR,17.03.2025,2024,SAP ERP,Требуется предварительная подготовка
182,LMS-000182,Основы кибербезопасности,Основы кибербезопасности,Семёнова Алина Дмитриевна,Практическое задание,Начальный,Пермь,"ул. Советская, д. 8, кв. 41",+7-959-446-37-95,semenovaalin957@mail.ru,Не начато,55,30755,26.04.2024,28.05.2024,Собственная система учёта,Бесплатный доступ на неделю
183,LMS-000183,Аналитика данных в Excel,Аналитика данных в Excel,Петрова Наталья Викторовна,Вид,Начальный,Ворнж,"ул. Центральная, д. 73, кв. 162",+7-944-651-67-17,petrovanatal346@gmail.com,Отправлено на проверку,54,59894,12.01.2023,06.12.2025,SAP ERP,Требуется предварительная подготовка
184,LMS-000184,Основы кибербезопасности,Основы кибербезопасности,,Видеолекция,Продвинутый,Пермь,"ул. Спортивная, д. 133, кв. 180",+7-920-914-35-35,morozovanata912@yandex.ru,Не начато,26,13515,28.09.2024,08.04.2024,,Курс с сертификатом
185,LMS-000185,Веб-разработка с нуля,Веб-разработка с нуля,Кузнецова Ксения Ивановна,,Средний,Воронеж,"ул. Пушкина, д. 90, кв. 99",+7-913-700-75-15,kuznecovakse534@outlook.com,Про,12,много,08.02.2023,10.09.2026,Excel-выгрузка,Курс с сертификатом
186,LMS-000186,Аналитика данных в Excel,Аналитика данных в Excel,Соколов Егор Петрович,Контрольный тест,Продвинутый,Екб,"ул. Ленина, д. 14, кв. 192",+7-954-334-75-95,sokolovegorp814@yandex.ru,Требует исправления,50,57656,08.06.2025,вчера,1С:Предприятие,Бесплатный доступ на неделю
187,LMS-000187,Java для начинающих,Java для начинающих,Семёнова Мария Александровна,Практическое задание,Продвинутый,Пермь,"ул. Садовая, д. 87, кв. 116",+7-938-231-93-63,нет_почты,В процессе,17,12364,14.01.2026,19.06.2024,Собственная система учёта,
188,LMS-000188,Основы кибербезопасности,Основы кибербезопасности,Семёнов,Практическое задание,Начальный,Пермь,"ул. Мира, д. 118, кв. 197",+7-931-146-77-22,semenovartem329@mail.ru,В процессе,25,8868,06.07.2023,14.10.2024,SAP ERP,Требуется предварительная подготовка
189,LMS-000189,Английский язык для начинающих,Английский язык для начинающих,Воробьёв Дмитрий Иванович,Контрольный тест,Продвинутый,Нижний Новгород,"ул. Центральная, д. 22, кв. 50",телефон отсутствует,vorobevdmitr164@mail.ru,Требует исправления,10,45906,13.09.2026,06.07.2024,####,Требуется предварительная подготовка
190,LMS-000190,Основы бухгалтерского учёта,Основы бухгалтерского учёта,Лебедева Ольга Дмитриевна,Контрольный тест,Продвинутый,Челябинск,"ул. Садовая, д. 98, кв. 128",+7-940-575-19-19,lebedevaolga892@mail.ru,Требует исправления,59,2934,21.04.2024,01.03.2026,Excel-выгрузка,Курс временно недоступен
191,LMS-000191,Английский язык для начинающих,Английский язык для начинающих,Лебедев Илья Дмитриевич,Дополнительный материал,Продвинутый,Новосибирск,"ул. Молодёжная, д. 39, кв. 142",+7-930-676-94-99,lebedevilyad924@mail.ru,Провер.,43,,21.09.2025,20.01.2024,1С:Предприятие,Курс с сертификатом
192,LMS-000192,Основы программирования на Python,Основы программирования на Python,???,Контрольный тест,Продвинутый,Москва,"ул. Садовая, д. 47, кв. 123",+7-924-325-72-68,pavlovartemp798@outlook.com,###,53,48748,23.02.2024,2025,Собственная система учёта,Требуется предварительная подготовка
193,LMS-000193,N/A,Основы бухгалтерского учёта,Виноградов Андрей Викторович,Доп. материал,Продвинутый,Новосибирск,"ул. Садовая, д. 121, кв. 180",+7-924-770-33-56,vinogradovan303@outlook.com,Отправлено на проверку,18,14578,28.12.2026,31.02.2026,1С:Предприятие,Бесплатный доступ на неделю
194,LMS-000194,Английский язык для начинающих,Английский язык для начинающих,Фёдорова Екатерина Дмитриевна,Видеолекция,Продвинутый,Пермь,"ул. Молодёжная, д. 129, кв. 183",+7-936-290-24-22,fedorovaekat502@yandex.ru,Отправлено на проверку,42,28080,18.09.2025,06.12.2025,1С:Предприятие,Курс временно недоступен
195,LMS-000195,Java для начинающих,Java для начинающих,???,Контрольный тест,Начальный,Краснодар,"ул. Мира, д. 132, кв. 45",+7-935-801-85-92,sokolovataty689@gmail.com,Отпр. на пров.,41,1272,24.02.2023,17.04.2024,1С:Предприятие,Курс с сертификатом
196,LMS-000196,Английский язык для начинающих,Английский язык для начинающих,Воробьёв Виктор Сергеевич,Контрольный тест,Продвинутый,Н.Новгород,"ул. Молодёжная, д. 54, кв. 52",12345,vorobevvikto851@yandex.ru,Требует исправления,54,38061,2025,05.12.2026,Excel-выгрузка,Бесплатный доступ на неделю
197,LMS-000197,Основы программирования на Python,Основы программирования на Python,Фёдорова Мария Сергеевна,Видеолекция,Начальный,Волгоград,,+7-953-969-15-62,fedorovamari836@gmail.com,Не начато,,49153,11.02.2025,19.04.2025,CRM Bitrix24,Бесплатный доступ на неделю
198,LMS-000198,Веб-разработка с нуля,Веб-разработка с нуля,Козлова Елена Николаевна,Практическое задание,####,Мос,"ул. Мира, д. 49, кв. 197",+7-922-769-16-36,kozlovaelena154@gmail.com,В процессе,38,,04.12.2025,24.11.2026,CRM Bitrix24,Бесплатный доступ на неделю
199,LMS-000199,Основы дизайна интерфейсов,Основы дизайна интерфейсов,Егоров Владимир Викторович,Видеолекция,Продвинутый,Казань,"ул. Пушкина, д. 141, кв. 76",+7-936-816-95-47,egorovvladim370@gmail.com,Проверено,41,38743,07.04.2023,09.06.2025,SAP ERP,Требуется предварительная подготовка
200,LMS-000200,Веб-разработка с нуля,Веб-разработка с нуля,Морозова Татьяна Андреевна,Контрольный тест,Средний,Казань,"ул. Центральная, д. 95, кв. 108",+7-99-abc-12-34,morozovataty209@outlook.com,В процессе,ERROR,53315,09.01.2026,02.03.2024,Excel-выгрузка,Курс с сертификатом
