ID,Код записи,Модель устройства,Модель устройства (повтор),Мастер по ремонту,Тип устройства,Вид неисправности,Город,Адрес,Телефон,Email,Статус ремонта,"Срок гарантии, мес.","Стоимость ремонта, руб.",Дата создания записи,Дата последнего обновления,Система-источник,Примечания
1,TECH-000001,LG OLED55,LG OLED55,Иванов Никита Петрович,Мобильный телефон,Не включается,Каз,"ул. Пушкина, д. 55, кв. 1",+7-933-743-79-48,ivanovnikita87@outlook.com,Готово к выдаче,13,58510,04.05.2025,28.02.2025,CRM Bitrix24,Замена по программе trade-in
2,TECH-000002,Samsung Galaxy S22,Samsung Galaxy S22,Морозова Анна Александровна,Портат. компьютер,Программный сбой,Мск,"ул. Мира, д. 48, кв. 121",+7-951-964-77-33,нет_почты,Выдано клиенту,6,32671,06.01.2026,00.00.0000,CRM Bitrix24,Замена по программе trade-in
3,TECH-000003,MacBook Air M1,MacBook Air M1,Волкова Ксения Ивановна,Быт. техн.,Механическое повреждение,Самара,"ул. Победы, д. 88, кв. 41",+7-946-700-22-14,volkovakseni839@mail.ru,Готово к выдаче,н/д,52530,20.07.2023,2025,Собственная система учёта,Требуется согласование стоимости
4,TECH-000004,Xiaomi Redmi Note 11,Xiaomi Redmi Note 11,Семёнова Юлия Сергеевна,Телевизионная панель,Не включается,Крд,"ул. Советская, д. 76, кв. 9",+7-959-918-16-20,semenovayuli48@outlook.com,Ожидает запчасти,28,26785,01.01.2025,18.11.2024,1С:Предприятие,Замена по программе trade-in
5,TECH-000005,12345XYZ,iPhone 13,Попов,Мобильный телефон,Разбит экран,Нижний Новгород,"ул. Пушкина, д. 50, кв. 58",+7-938-415-82-54,popovsergeii519@outlook.com,Выдано клиенту,36,28795,28.08.2024,16.05.2024,1С:Предприятие,Замена по программе trade-in
6,TECH-000006,Xiaomi Redmi Note 11,12345XYZ,Павлова Наталья Сергеевна,Телевизионная панель,Механическое повреждение,Казань,N/A,+7-943-678-64-77,pavlovanatal135@outlook.com,Принято на диагностику,21,55428,13.01.2025,17.03.2025,CRM Bitrix24,Требуется согласование стоимости
7,TECH-000007,Sony PlayStation 5,Sony PlayStation 5,Волков Сергей Сергеевич,не указано(ошибка),Разбит экран,Казань,"ул. Мира, д. 133, кв. 108",+7-918-767-97-71,volkovsergei800@outlook.com,Прин. на диагн.,8,36935,18.05.2026,06.12.2026,Собственная система учёта,Требуется согласование стоимости
8,TECH-000008,MacBook Air M1,MacBook Air M1,Лебедева Виктория Дмитриевна,Бытовая техника,Механическое повреждение,Казань,"ул. Мира, д. 36, кв. 62",+7-913-545-90-54,lebedevavikt883@gmail.com,Ремонт выполняется,12,23630,28.08.2023,13.10.2025,SAP ERP,Замена по программе trade-in
9,TECH-000009,Huawei MatePad,Huawei MatePad,Голубев Артём Дмитриевич,ТВ-панель,Программный сбой,Санкт-Петербург,"ул. Пушкина, д. 59, кв. 169",+7-952-724-57-21,golubevartem119@outlook.com,Гот. к выд.,10,,08.06.2023,15.05.2026,Excel-выгрузка,Требуется согласование стоимости
10,TECH-000010,MacBook Air M1,MacBook Air M1,Козлова Мария Андреевна,Бытовая техника,Не включается,Нижний Новгород,"ул. Советская, д. 75, кв. 165",+7-930-539-48-78,kozlovamariy507@outlook.com,Принято на диагностику,5,22806,,08.08.2026,1С:Предприятие,Требуется согласование стоимости
11,TECH-000011,MacBook Air M1,MacBook Air M1,Егоров Дмитрий Александрович,ТВ-панель,Программный сбой,Влгд,"ул. Спортивная, д. 13, кв. 162",+7-940-134-87-53,egorovdmitri79@mail.ru,Ожидает запчасти,8,31749,21.06.2025,13.03.2026,CRM Bitrix24,Устройство на диагностике более 5 дней
12,TECH-000012,ASUS VivoBook,,Волков Егор Петрович,Мобильный телефон,Не включается,Пермь,,+7-920-364-86-38,volkovegorpe719@gmail.com,Ожид. зч.,29,6171,,19.12.2025,Собственная система учёта,Ремонт по гарантии
13,TECH-000013,ASUS VivoBook,ASUS VivoBook,Волкова Анна Александровна,ТВ-панель,Программный сбой,СПб,"ул. Молодёжная, д. 28, кв. 123",+7-914-320-33-72,volkovaannaa935@mail.ru,Ожид. зч.,31,7576,11.09.2023,24.04.2025,1С:Предприятие,Замена по программе trade-in
14,TECH-000014,,Bosch Стиральная машина,Павлова Светлана Дмитриевна,Портативный компьютер,Не включается,Волгоград,"ул. Мира, д. 33, кв. 149",+7-945-910-76-68,нет_почты,Гот. к выд.,33,16031,24.02.2025,05.02.2025,,Устройство на диагностике более 5 дней
15,TECH-000015,Sony PlayStation 5,Sony PlayStation 5,Воробьёва Ольга Сергеевна,Бытовая техника,Разбит экран,Екб,"ул. Спортивная, д. 50, кв. 10",+7-947-139-65-93,vorobevaolga995@gmail.com,Выдано клиенту,9,10449,01.01.2024,13.05.2026,CRM Bitrix24,Устройство на диагностике более 5 дней
16,TECH-000016,Huawei MatePad,Huawei MatePad,Воробьёв Артём Викторович,Телевизионная панель,Механическое повреждение,Воронеж,"ул. Молодёжная, д. 23, кв. 112",+7-953-960-80-97,vorobevartem273@mail.ru,Выдано клиенту,2,45927,06.02.2024,24.04.2024,-,
17,TECH-000017,Xiaomi Redmi Note 11,Xiaomi Redmi Note 11,Павлова Мария Андреевна,Быт. техн.,Не заряжается,Ростов-на-Дону,"ул. Центральная, д. 96, кв. 104",+7-947-492-55-42,pavlovamariy33@yandex.ru,категория_5,20,36811,15.03.2024,2026-13-45,SAP ERP,Устройство на диагностике более 5 дней
18,TECH-000018,Sony PlayStation 5,Sony PlayStation 5,Егорова Виктория Петровна,Моб. телефон,Не включается,Пермь,"ул. Молодёжная, д. 37, кв. 172",+7-948-965-89-80,egorovavikto911@gmail.com,Выдано клиенту,19,много,26.07.2023,28.09.2025,SAP ERP,
19,TECH-000019,Samsung Galaxy S22,Samsung Galaxy S22,####,Бытовая техника,Не включается,Новосибирск,"ул. Гагарина, д. 91, кв. 113",+7-924-758-96-45,kuznecovanat13@gmail.com,Ремонт выполняется,2,34505,20.09.2024,09.05.2024,Собственная система учёта,Ремонт по гарантии
20,TECH-000020,iPhone 13,iPhone 13,нет данных(ошибка),Портативный компьютер,Разбит экран,Санкт-Петербург,"ул. Садовая, д. 78, кв. 51",+7-954-954-30-36,volkovaolgan483@mail.ru,###,32,30852,26.12.2025,09.04.2025,1С:Предприятие,Ремонт по гарантии
21,TECH-000021,iPhone 13,iPhone 13,Морозова Татьяна Александровна,Портативный компьютер,Не заряжается,Челябинск,"ул. Советская, д. 96, кв. 149",+7-939-742-30-79,morozovataty310@mail.ru,Готово к выдаче,26,29571,27.07.2025,08.10.2025,CRM Bitrix24,Устройство
22,TECH-000022,Samsung Galaxy S22,Samsung Galaxy S22,Воробьёв Виктор Петрович,ТВ-панель,,Челяб.,"ул. Ленина, д. 19, кв. 180",+7-942-731-69-30,vorobevvikto892@yandex.ru,Выд. клиенту,32,55296,15.09.2025,02.09.2026,Excel-выгрузка,Замена по программе trade-in
23,TECH-000023,Sony PlayStation 5,Sony PlayStation 5,Новиков Максим Викторович,Портат. компьютер,Не включается,Екатеринбург,"ул. Пушкина, д. 110, кв. 142",+7-937-937-98-67,novikovmaksi26@yandex.ru,Ожид. зч.,много,ABC,20.01.2023,13.04.2025,SAP ERP,Замена по программе trade-in
24,TECH-000024,Dell Inspiron,Dell Inspiron,Фёдоров Максим Сергеевич,Бытовая техника,Механическое повреждение,Смр,"ул. Центральная, д. 99, кв. 19",+7-955-240-75-79,fedorovmaksi279@gmail.com,Принято на диагностику,19,8825,21.04.2025,01.07.2024,CRM Bitrix24,
25,TECH-000025,Sony PlayStation 5,Sony PlayStation 5,Богданова Ксения Петровна,Бытовая техника,Не заряжается,Челяб.,"ул. Садовая, д. 125, кв. 51",+7-933-707-44-47,bogdanovakse833@outlook.com,Ремонт выполняется,17,11918,12.04.2025,26.05.2025,Excel-выгрузка,Требуется согласование стоимости
26,TECH-000026,iPhone 13,iPhone 13,Павлова Алина Викторовна,Портативный компьютер,Программный сбой,Екатеринбург,"ул. Победы, д. 98, кв. 83",+7-932-258-77-82,pavlovaalina784@mail.ru,Принято на диагностику,5,58975,13.12.2026,13.07.2026,Excel-выгрузка,Замена по программе trade-in
27,TECH-000027,Samsung Galaxy S22,Samsung Galaxy S22,Лебедев Павел Александрович,Бытовая техника,Не заряжается,Казань,"ул. Гагарина, д. 88, кв. 116",+7-949-569-69-92,lebedevpavel390@outlook.com,Выдано клиенту,3,51190,06.01.2023,25.04.2025,####,Требуется согласование стоимости
28,TECH-000028,Dell Inspiron,Dell Inspiron,Волков Артём Дмитриевич,Портативный компьютер,Не заряжается,Новосибирск,"ул. Садовая, д. 88, кв. 121",+7-949-692-27-57,volkovartemd253@yandex.ru,Ожидает запчасти,3,12388,20.02.2023,13.01.2026,,Требуется согласование стоимости
29,TECH-000029,Sony PlayStation 5,Sony PlayStation 5,Семёнова Алина Петровна,Телевизионная панель,Не заряжается,Челябинск,"ул. Центральная, д. 74, кв. 153",+7-920-782-15-54,semenovaalin220@mail.ru,Принято на диагностику,35,50247,28.08.2024,19.07.2024,CRM Bitrix24,Ремонт по гарантии
30,TECH-000030,Bosch Стиральная машина,Bosch Стиральная машина,Павлова Ксения Петровна,Бытовая техника,Не включается,Самара,"ул. Ленина, д. 135, кв. 102",+7-935-962-83-45,pavlovakseni617@outlook.com,Ремонт выполняется,35,47034,18.03.2023,05.10.2024,Excel-выгрузка,
31,TECH-000031,Samsung Galaxy S22,Samsung Galaxy S22,Воробьёва Юлия Викторовна,Портативный компьютер,Программный сбой,Смр,"ул. Садовая, д. 111, кв. 148",+7-910-753-35-13,vorobevayuli319@mail.ru,Ожид. зч.,6,11728,22.10.2026,24.02.2026,Excel-выгрузка,Замена по программе trade-in
32,TECH-000032,Samsung Galaxy S22,Samsung Galaxy S22,нет данных(ошибка),Мобильный телефон,Механическое повреждение,Ворнж,"ул. Мира, д. 25, кв. 6",+7-955-554-35-54,golubevserge884@gmail.com,Ремонт выполняется,31,34195,23.06.2025,15.03.2024,1С:Предприятие,Ремонт по гарантии
33,TECH-000033,LG OLED55,LG OLED55,Лебедева Ксения Андреевна,ТВ-панель,Механическое повреждение,Ворнж,"ул. Садовая, д. 115, кв. 173",+7-939-658-93-87,lebedevaksen112@gmail.com,Ожидает запчасти,24,31687,24.11.2026,01.09.2026,Собственная система учёта,Замена по программе trade-in
34,TECH-000034,Huawei MatePad,Huawei MatePad,Попов Артём Викторович,Бытовая техника,Программный сбой,Волгоград,"ул. Советская, д. 51, кв. 79",+7-934-981-93-19,popovartemvi524@outlook.com,Выд. клиенту,6,57946,03.08.2026,21.11.2024,CRM Bitrix24,Ремонт по гарантии
35,TECH-000035,MacBook Air M1,MacBook Air M1,Новиков Артём Дмитриевич,Моб. телефон,Механическое повреждение,Казань,"ул. Пушкина, д. 116, кв. 70",+7-940-179-68-82,novikovartem540@yandex.ru,Выдано клиенту,25,34287,16.09.2025,25.07.2026,CRM Bitrix24,
36,TECH-000036,Xiaomi Redmi Note 11,Xiaomi Redmi Note 11,Богданов Никита Петрович,Мобильный телефон,Программный сбой,Краснодар,"ул. Победы, д. 90, кв. 18",+7-924-187-30-72,bogdanovniki219@outlook.com,Принято на диагностику,,55177,03.09.2024,01.10.2025,SAP ERP,Требуется согласование стоимости
37,TECH-000037,Sony PlayStation 5,Sony PlayStation 5,Попова Ксения Дмитриевна,ТВ-панель,Не включается,Воронеж,N/A,+7-954-393-53-20,popovakseniy819@yandex.ru,Выдано клиенту,21,46168,25.04.2023,20.09.2024,Собственная система учёта,Ремонт по гарантии
38,TECH-000038,Dell Inspiron,Dell Inspiron,Кузнецова Полина Дмитриевна,ТВ-панель,Механическое повреждение,Воронеж,"ул. Садовая, д. 115, кв. 37",+7-926-640-36-47,kuznecovapol978@yandex.ru,Принято на диагностику,,,13.02.2025,05.02.2025,CRM Bitrix24,
39,TECH-000039,Huawei MatePad,,Лебедева Ольга Петровна,Бытовая техника,Механическое повреждение,Краснодар,"ул. Центральная, д. 132, кв. 158",+7-948-607-32-45,lebedevaolga847@yandex.ru,Готово к выдаче,8,20802,24.07.2024,05.06.2025,CRM Bitrix24,Устройство на диагностике более 5 дней
40,TECH-000040,Sony PlayStation 5,Sony PlayStation 5,Кузнецов Илья Александрович,Бытовая техника,Разбит экран,Екб,,+7-922-750-95-11,kuznecovilya145@,Ожидает запчасти,31,5552,12.04.2025,24.01.2024,Excel-выгрузка,Замена по программе trade-in
41,TECH-000041,12345XYZ,Xiaomi Redmi Note 11,Виноградова Ольга Петровна,Мобильный телефон,Программный сбой,Воронеж,,+7-951-903-72-75,vinogradovao526@gmail.com,Ремонт выполняется,36,37671,04.05.2026,08.06.2024,1С:Предприятие,Требуется согласование стоимости
42,TECH-000042,MacBook Air M1,MacBook,Павлова Наталья Сергеевна,Бытовая техника,???,Екатеринбург,"ул. Центральная, д. 13, кв. 19",+7-918-386-72-25,pavlovanatal859@mail.ru,Принято на диагностику,3,15217,27.11.2024,03.04.2024,,Требуется согласование стоимости
43,TECH-000043,Bosch,Bosch Стиральная машина,Фёдорова Алина Петровна,Телевизионная панель,Не заряжается,Новосиб.,"ул. Гагарина, д. 125, кв. 163",+7-937-783-87-62,fedorovaalin702@outlook.com,Ремонт выполняется,19,10332,16.04.2024,08.07.2025,Excel-выгрузка,
44,TECH-000044,Huawei MatePad,Huawei MatePad,Козлова Ольга Александровна,Бытовая техника,Программный сбой,Челяб.,"ул. Мира, д. 37, кв. 163",+7-923-809-72-78,kozlovaolgaa568@,Выдано клиенту,16,57990,18.04.2024,14.12.2024,SAP ERP,Устройство на диагностике более 5 дней
45,TECH-000045,ASUS VivoBook,ASUS VivoBook,,Портативный компьютер,Механическое повреждение,Новосибирск,,+7-951-201-63-60,popovayuliya285@mail.ru,Выд. клиенту,33,59689,00.00.0000,24.09.2024,CRM Bitrix24,
46,TECH-000046,Sony PlayStation 5,Sony PlayStation 5,Попова Дарья Сергеевна,Телевизионная панель,Не заряжается,Казань,"ул. Ленина, д. 69, кв. 121",телефон отсутствует,popovadaryas243@outlook.com,Ремонт выполняется,21,10183,23.09.2025,17.09.2026,SAP ERP,
47,TECH-000047,Xiaomi Redmi Note 11,Xiaomi Redmi Note 11,Попова Алина Николаевна,Мобильный телефон,Разбит экран,Екатеринбург,"ул. Садовая, д. 30, кв. 65",+7-911-904-95-42,popovaalinan611@mail.ru,Выд. клиенту,29,15891,07.04.2023,26.11.2024,,Устройство на диагностике более 5 дней
48,TECH-000048,Sony PlayStation 5,Sony PlayStation 5,,Бытовая техника,Разбит экран,Воронеж,"ул. Пушкина, д. 129, кв. 155",+7-925-525-53-83,bogdanovakse382@gmail.com,Ожидает запчасти,30,641,25.12.2023,06.08.2026,Excel-выгрузка,
49,TECH-000049,LG OLED55,LG,Воробьёв Виктор Петрович,Телевизионная панель,Не заряжается,Пермь,"ул. Центральная, д. 55, кв. 111",+7-927-223-42-86,vorobevvikto548@yandex.ru,Гот. к выд.,18,43812,18.02.2023,03.01.2024,CRM Bitrix24,
50,TECH-000050,iPhone 13,iPhone 13,Смирнова Анна Александровна,Бытовая техника,Механическое повреждение,Ростов-на-Дону,,+7-948-101-27-10,smirnovaanna98@gmail.com,Принято на диагностику,12,12596,06.02.2024,05.06.2026,Собственная система учёта,Устройство на диагностике более 5 дней
51,TECH-000051,LG OLED55,LG OLED55,Иванов Владимир Сергеевич,Моб. телефон,Разбит экран,категория_5,"ул. Гагарина, д. 142, кв. 167",+7-925-351-76-77,ivanovvladim556@yandex.ru,Ожидает запчасти,20,44743,27.09.2026,20.08.2025,Excel-выгрузка,
52,TECH-000052,iPhone 13,iPhone 13,Алексеев Сергей Иванович,Мобильный телефон,Не включается,Москва,"ул. Ленина, д. 5, кв. 72",+7-952-503-76-35,alekseevserg993@gmail.com,Ремонт выполняется,19,57354,11.11.2023,14.08.2024,SAP ERP,Требуется согласование стоимости
53,TECH-000053,MacBook Air M1,MacBook Air M1,Голубева Ирина Александровна,Мобильный телефон,Механическое повреждение,Санкт-Петербург,"ул. Молодёжная, д. 82, кв. 13",+7-946-240-86-76,golubevairin414@mail.ru,Ожидает запчасти,6,23469,02.08.2024,05.11.2024,Excel-выгрузка,Устройство на диагностике более 5 дней
54,TECH-000054,iPhone 13,iPhone 13,Фёдорова Анна Ивановна,Бытовая техника,Программный сбой,Н.Новгород,"ул. Гагарина, д. 69, кв. 154",+7-955-855-50-48,fedorovaanna423@outlook.com,Готово к выдаче,5,38807,27.03.2024,18.08.2025,CRM Bitrix24,Требуется согласование стоимости
55,TECH-000055,Samsung Galaxy S22,Samsung Galaxy S22,Попова Мария Викторовна,Мобильный телефон,Программный,Ростов-на-Дону,"ул. Мира, д. 33, кв. 151",+7-957-232-71-10,popovamariya681@outlook.com,Ожидает запчасти,14,42804,04.07.2026,03.12.2024,1С:Предприятие,Требуется согласование стоимости
56,TECH-000056,MacBook Air M1,MacBook Air M1,Фёдорова Алина Сергеевна,Мобильный телефон,Не заряжается,Пермь,,+7-920-879-89-75,fedorovaalin739@yandex.ru,Ожид. зч.,32,30938,10.08.2025,21.02.2025,-,Устройство на диагностике более 5 дней
57,TECH-000057,???,iPhone 13,Новиков Кирилл Сергеевич,Портативный компьютер,Разбит экран,Новосибирск,"ул. Мира, д. 21, кв. 91",+7-944-770-31-70,novikovkiril161@mail.ru,Ожид. зч.,23,11333,27.10.2025,10.04.2024,SAP ERP,Замена по программе trade-in
58,TECH-000058,MacBook Air M1,MacBook Air M1,Соколова Мария Дмитриевна,Мобильный телефон,Не включается,###,"ул. Пушкина, д. 124, кв. 9",+7-914-993-19-73,sokolovamari673@yandex.ru,,36,25535,03.11.2024,21.10.2026,1С:Предприятие,Ремонт по гарантии
59,TECH-000059,iPhone 13,iPhone 13,Попов Артём Андреевич,Быт. техн.,Механическое повреждение,Новосибирск,"ул. Победы, д. 110, кв. 119",+7-917-2,popovarteman78@mail.ru,Гот. к выд.,31,-1,05.01.2024,01.03.2024,Excel-выгрузка,Замена по программе trade-in
60,TECH-000060,MacBook Air M1,MacBook Air M1,Семёнов Артём Андреевич,Телевизионная панель,Механическое повреждение,Казань,нет данных(ошибка),+7-919-632-99-58,semenovartem708@gmail.com,Готово к выдаче,17,8688,14.07.2024,11.01.2024,Собственная система учёта,Замена по программе trade-in
61,TECH-000061,Huawei MatePad,Huawei MatePad,Соколова Виктория Сергеевна,Портативный компьютер,Разбит экран,СПб,"ул. Центральная, д. 121, кв. 127",+7-924-542-47-85,sokolovavikt216@yandex.ru,Ожидает запчасти,16,26367,21.08.2023,27.06.2026,SAP ERP,Замена по программе trade-in
62,TECH-000062,Bosch Стиральная машина,Bosch Стиральная машина,Богданов Илья Александрович,Бытовая техника,Программный сбой,Краснодар,"ул. Молодёжная, д. 97, кв. 194",+7-913-708-59-93,bogdanovilya907@gmail.com,Принято на диагностику,30,24799,07.07.2026,24.07.2026,CRM Bitrix24,Требуется согласование стоимости
63,TECH-000063,MacBook Air M1,MacBook Air M1,Смирнова Наталья Александровна,Моб. телефон,Программный сбой,Казань,"ул. Победы, д. 138, кв. 2",+7-954-380-87-57,smirnovanata683@outlook.com,Готово к выдаче,3,14789,23.07.2025,22.04.2024,Собственная система учёта,Ремонт по гарантии
64,TECH-000064,ОШИБКА_ДАННЫХ,ОШИБКА_ДАННЫХ,Алексеев Алексей Петрович,Мобильный телефон,Программный сбой,Казань,"ул. Пушкина, д. 104, кв. 50",+7-919-782-88-54,alekseevalek949@mail.ru,Ожид. зч.,26,,02.08.2025,07.03.2026,Excel-выгрузка,Устройство на диагностике более 5 дней
65,TECH-000065,,Sony PlayStation 5,Кузнецова Алина Александровна,Телевизионная панель,Разбит экран,Нижний Новгород,ул.,+7-957-876-48-21,kuznecovaali893@outlook.com,Готово к выдаче,17,38270,17.05.2026,12.10.2026,Собственная система учёта,Требуется согласование стоимости
66,TECH-000066,Bosch Стиральная машина,Bosch Стиральная машина,Новиков Виктор Андреевич,Мобильный телефон,Механическое,Волгоград,"ул. Мира, д. 28, кв. 140",+7-917-405-76-57,novikovvikto999@mail.ru,Гот,6,56248,19.10.2026,09.04.2025,SAP ERP,Ремонт по гарантии
67,TECH-000067,,Sony PlayStation 5,Виноградова Ксения Сергеевна,Телевизионная панель,Программный сбой,Воронеж,"ул. Спортивная, д. 34, кв. 168",+7-919-268-88-73,vinogradovak792@yandex.ru,Принято на диагностику,5,29747,2024,27.10.2026,CRM Bitrix24,
68,TECH-000068,Huawei MatePad,Huawei MatePad,Петрова Ксения Викторовна,Телевизионная панель,Разбит экран,Влгд,"ул. Центральная, д. 128, кв. 175",+7-939-585-14-55,petrovakseni678@gmail.com,Принято на диагностику,13,30972,03.09.2023,20.11.2026,,Требуется согласование стоимости
69,TECH-000069,ASUS VivoBook,ASUS VivoBook,Павлова Татьяна Ивановна,Телевизионная панель,Механическое повреждение,Мск,"ул. Победы, д. 52, кв. 69",+7-958-709-93-71,pavlovatatya954@gmail.com,Готово к выдаче,16,19565,,22.11.2024,SAP ERP,
70,TECH-000070,Huawei MatePad,Huawei MatePad,Алексеев Алексей Николаевич,Телевизионная панель,Программный,Волгоград,"ул. Советская, д. 45, кв. 18",+7-939-683-22-45,alekseevalek107@mail.ru,Выдано клиенту,24,17362,12.12.2024,03.08.2026,Excel-выгрузка,Ремонт по гарантии
71,TECH-000071,Dell Inspiron,Dell Inspiron,Фёдоров Максим Петрович,Портативный компьютер,Программный сбой,Волгоград,"ул. Ленина, д. 35, кв. 147",+7-926-467-53-97,fedorovmaksi445@gmail.com,Выдано клиенту,30,11776,09.02.2026,10.05.2024,Собственная система учёта,Требуется согласование стоимости
72,TECH-000072,Bosch Стиральная машина,Bosch Стиральная машина,Семёнов Роман Викторович,Бытовая техника,####,Екатеринбург,"ул. Ленина, д. 143, кв. 158",+7-935-168-97-27,semenovroman931@outlook.com,Выдано клиенту,18,18524,25.06.2026,15.02.2025,CRM Bitrix24,Замена
73,TECH-000073,####,Xiaomi Redmi Note 11,Козлов Максим Сергеевич,Портативный компьютер,Механическое повреждение,,"ул. Гагарина, д. 86, кв. 105",+7-931-666-42-65,kozlovmaksim841@outlook.com,Рем. выполн.,30,46776,17.12.2026,16.09.2024,SAP ERP,Требуется согласование стоимости
74,TECH-000074,LG OLED55,-,Лебедева Наталья Петровна,Портативный компьютер,Не заряжается,Казань,"ул. Мира, д. 137, кв. 17",+7-932-618-10-74,lebedevanata604@gmail.com,Выдано клиенту,,ABC,13.11.2026,16.03.2026,CRM Bitrix24,
75,TECH-000075,-,Dell Inspiron,Богданов Кирилл Иванович,Портативный компьютер,Не заряжается,Воронеж,"ул. Спортивная, д. 38, кв. 47",+7-917-956-62-83,bogdanovkiri230@yandex.ru,Готово к выдаче,23,44061,03.07.2024,2025,Excel-выгрузка,
76,TECH-000076,Bosch Стиральная машина,Bosch Стиральная машина,Павлов Илья Сергеевич,Телевизионная панель,Не включается,Казань,"ул. Мира, д. 69, кв. 161",+7-917-273-30-84,pavlovilyase761@gmail.com,Ожидает запчасти,29,1844,21.05.2024,20.10.2026,CRM Bitrix24,Ремонт по гарантии
77,TECH-000077,Bosch Стиральная машина,Bosch Стиральная машина,Морозова Светлана Сергеевна,Портативный компьютер,Не включается,Чел,"ул. Пушкина, д. 74, кв. 159",+7-926-466-88-92,morozovasvet495@outlook.com,Ремонт выполняется,36,8696,05.02.2023,13.10.2024,1С:Предприятие,
78,TECH-000078,Dell Inspiron,Dell Inspiron,Иванов Владимир Александрович,Мобильный телефон,Не включается,Влгд,"ул. Спортивная, д. 48, кв. 120",12345,ivanovvladim595@mail.ru,Ожид. зч.,,25465,01.06.2026,01.06.2025,SAP ERP,Замена по программе trade-in
79,TECH-000079,Samsung Galaxy S22,Samsung Galaxy S22,Попова Алина Николаевна,Бытовая техника,Не включается,Нижний Новгород,"ул. Мира, д. 20, кв. 103",+7-941-309-88-90,,Ожидает запчасти,21,3370,27.08.2026,,Excel-выгрузка,Ремонт по гарантии
80,TECH-000080,Samsung,???,Егоров Илья Иванович,Портативный компьютер,Механическое повреждение,Санкт-Петербург,"ул. Мира, д. 8, кв. 157",+7-945-891-91-99,egorovilyaiv708@yandex.ru,Выд. клиенту,29,57507,11.10.2024,07.08.2024,Excel-выгрузка,
81,TECH-000081,ASUS VivoBook,ASUS VivoBook,Новиков Александр Викторович,категория_5,Не заряжается,Челябинск,"ул. Пушкина, д. 71, кв. 36",+7-926-294-77-39,novikovaleks812@outlook.com,Ремонт выполняется,0,53131,04.08.2023,14.04.2026,SAP ERP,
82,TECH-000082,Samsung Galaxy S22,Samsung Galaxy S22,Петрова Алина Ивановна,Мобильный телефон,Механическое повреждение,Екб,"ул. Победы, д. 89, кв. 67",+7-948-546-84-43,petrovaalina480@gmail.com,Прин. на диагн.,0,31467,25.04.2024,11.10.2025,,Ремонт по гарантии
83,TECH-000083,iPhone 13,iPhone 13,Новиков Алексей Викторович,Бытовая техника,Не включается,Волгоград,"ул. Центральная, д. 144, кв. 155",+7-921-804-94-85,novikovaleks985@yandex.ru,Принято на диагностику,19,30366,06.03.2026,22.10.2026,Собственная система учёта,
84,TECH-000084,Bosch Стиральная машина,,Соколов Андрей Александрович,Портативный компьютер,-,Воронеж,"ул. Ленина, д. 132, кв. 74",+7-937-222-66-54,sokolovandre428@yandex.ru,Ожидает запчасти,36,,21.09.2024,15.11.2026,Собственная система учёта,
85,TECH-000085,Huawei MatePad,Huawei MatePad,Богданова Юлия Сергеевна,Мобильный телефон,Механическое повреждение,Краснодар,"ул. Спортивная, д. 101, кв. 99",+7-939-909-29-66,bogdanovayul529@mail.ru,Ожидает запчасти,1,44102,14.05.2023,25.06.2024,Собственная система учёта,Ремонт по гарантии
86,TECH-000086,Huawei MatePad,Huawei MatePad,Голубева Ирина Дмитриевна,Бытовая техника,Разбит экран,Ека,ул.,+7-950-659-31-88,golubevairin76@mail.ru,Выдано клиенту,24,11763,31.02.2026,23.01.2026,1С:Предприятие,Ремонт по гарантии
87,TECH-000087,Huawei MatePad,Huawei MatePad,Лебедев Павел Иванович,Телевизионная панель,Не,Екб,"ул. Ленина, д. 100, кв. 163",+7-959-488-61-93,lebedevpavel669@gmail.com,Ожидает запчасти,31,22757,09.09.2023,07.03.2026,Собственная система учёта,Ремонт по гарантии
88,TECH-000088,ASUS VivoBook,ASUS VivoBook,ОШИБКА_ДАННЫХ,Бытовая техника,Разбит экран,Самара,"ул. Гагарина, д. 34, кв. 94",,egorovaelena968@yandex.ru,Рем. выполн.,,56983,,19.11.2026,SAP ERP,Устройство на диагностике более 5 дней
89,TECH-000089,iPhone 13,iPhone 13,Новикова Виктория Викторовна,Портативный компьютер,Разбит экран,Волгоград,"ул. Пушкина, д. 147, кв. 142",+7-952-497-69-89,novikovavikt164@gmail.com,Ремонт выполняется,0,24186,вчера,25.08.2025,SAP ERP,Ремонт по гарантии
90,TECH-000090,MacBook Air M1,MacBook Air M1,Козлов Никита Петрович,Портативный компьютер,Разбит экран,Казань,"ул. Центральная, д. 43, кв. 145",+7-915-829-48-17,,Рем. выполн.,27,55650,04.09.2023,24.07.2025,CRM Bitrix24,Устройство на диагностике более 5 дней
91,TECH-000091,LG OLED55,LG OLED55,Егорова Алина Ивановна,Бытовая техника,Не заряжается,Нижний Новгород,"ул. Ленина, д. 124, кв. 151",+7-917-347-94-69,egorovaalina343@mail.ru,Гот. к выд.,7,,28.03.2024,вчера,CRM Bitrix24,Требуется согласование стоимости
92,TECH-000092,LG OLED55,LG OLED55,Павлова Алина Сергеевна,Телевизионная панель,Программный сбой,Крд,"ул. Советская, д. 48, кв. 189",,pavlovaalina289@gmail.com,Ожидает запчасти,25,21854,02.03.2025,07.04.2024,CRM Bitrix24,Ремонт по гарантии
93,TECH-000093,LG OLED55,LG OLED55,Лебедев Виктор Петрович,Мобильный телефон,Механическое повреждение,Нижний Новгород,"ул. Ленина, д. 45, кв. 192",+7-912-996-72-24,lebedevvikto493@yandex.ru,Готово к выдаче,31,8052,04.01.2023,21.05.2025,Excel-выгрузка,Ремонт по гарантии
94,TECH-000094,Huawei MatePad,Huawei MatePad,Богданов Роман Сергеевич,Мобильный телефон,Механическое повреждение,Волгоград,"ул. Центральная, д. 36, кв. 101",+7-932-776-68-52,bogdanovroma178@gmail.com,Выд. клиенту,15,42426,14.08.2024,07.04.2025,1С:Предприятие,Требуется согласование стоимости
95,TECH-000095,Xiaomi Redmi Note 11,Xiaomi Redmi Note 11,Иванова Полина Николаевна,Телевизионная панель,Не включается,Воронеж,"ул. Мира, д. 21, кв. 104",+7-911-628-76-58,ivanovapolin790@yandex.ru,Прин. на диагн.,27,,00.00.0000,27.08.2024,Собственная система учёта,Ремонт по гарантии
96,TECH-000096,Huawei MatePad,Huawei MatePad,Волкова Анна Сергеевна,Телевизионная панель,Не заряжается,Краснодар,"ул. Победы, д. 53, кв. 27",+7-941-283-64-80,volkovaannas978@yandex.ru,Принято на диагностику,22,42779,16.07.2025,19.02.2026,CRM Bitrix24,Ремонт по гарантии
97,TECH-000097,Samsung Galaxy S22,Samsung Galaxy S22,-,Мобильный телефон,Программный сбой,Санкт-Петербург,"ул. Победы, д. 74, кв. 78",+7-958-924-34-85,morozovkiril68@outlook.com,Выдано клиенту,1,32553,11.02.2024,09.04.2024,Собственная система учёта,
98,TECH-000098,MacBook Air M1,MacBook Air M1,Голубева Дарья Сергеевна,Бытовая техника,Механическое,Казань,"ул. Победы, д. 26, кв. 148",+7-952-957-25-34,golubevadary964@yandex.ru,Принято на диагностику,21,34798,25.04.2025,26.05.2025,Собственная система учёта,Устройство на диагностике более 5 дней
99,TECH-000099,Huawei MatePad,Huawei MatePad,Соколов Кирилл Петрович,категория_5,Не заряжается,Волгоград,"ул. Советская, д. 49, кв. 105",+7-947-310-82-10,sokolovkiril307@mail.ru,Готово к выдаче,11,2079,28.09.2023,03.10.2024,CRM Bitrix24,Устройство
100,TECH-000100,Dell Inspiron,Dell Inspiron,Богданов Павел Сергеевич,Моб,Не включается,Новосибирск,ул.,+7-954-337-37-75,bogdanovpave430@mail.ru,Готово к выдаче,21,8696,24.07.2025,11.01.2025,SAP ERP,Требуется согласование стоимости
101,TECH-000101,ASUS VivoBook,ASUS VivoBook,Алексеев Сергей Иванович,Телевизионная панель,Не включается,Влгд,"ул. Молодёжная, д. 124, кв. 21",+7-930-348-45-50,alekseevserg493@gmail.com,Ожид. зч.,0,-1,20.10.2025,03.08.2024,,Ремонт по гарантии
102,TECH-000102,Huawei MatePad,Huawei MatePad,Воробьёва Татьяна Александровна,Бытовая техника,Механическое повреждение,Воронеж,"ул. Садовая, д. 10, кв. 68",+7-914-778-76-62,,Готово к выдаче,12,36415,27.07.2025,22.05.2026,Собственная система учёта,
103,TECH-000103,iPhone 13,iPhone 13,Попова Ольга Викторовна,Портативный компьютер,Механическое повреждение,категория_5,"ул. Победы, д. 56, кв. 48",+7-917-464-86-59,popovaolgavi846@yandex.ru,Гот. к выд.,1,52585,23.01.2025,10.03.2026,SAP ERP,Ремонт по гарантии
104,TECH-000104,Dell Inspiron,Dell Inspiron,Морозова Екатерина Николаевна,Телевизионная панель,Разбит экран,Краснодар,"ул. Советская, д. 20, кв. 85",+7-924-345-74-86,morozovaekat12@outlook.com,Принято на диагностику,2,25062,31.02.2026,22.08.2024,,Требуется согласование стоимости
105,TECH-000105,ASUS VivoBook,ASUS VivoBook,Волкова Ксения Петровна,Телевизионная панель,Программный сбой,Челябинск,"ул. Пушкина, д. 79, кв. 164",+7-923-512-36-30,volkovakseni826@yandex.ru,Ожи,1,15212,28.12.2024,15.07.2025,Excel-выгрузка,
106,TECH-000106,Samsung Galaxy S22,Samsung Galaxy S22,Козлов Павел Сергеевич,Портат. компьютер,Программный сбой,Новосибирск,"ул. Центральная, д. 21, кв. 21",+7-928-180-75-71,ivanov.mail.ru,Ожидает запчасти,31,н/д,10.09.2026,11.07.2024,Собственная система учёта,Замена по программе trade-in
107,TECH-000107,Bosch Стиральная машина,Bosch Стиральная машина,Морозова Виктория Андреевна,Бытовая техника,Разбит экран,Москва,"ул. Мира, д. 123, кв. 26",+7-953-215-19-42,morozovavikt254@yandex.ru,Принято на диагностику,ERROR,5047,25.12.2024,05.08.2026,Excel-выгрузка,Ремонт по гарантии
108,TECH-000108,MacBook Air M1,MacBook Air M1,Лебедева Светлана Дмитриевна,Бытовая техника,Механическое повреждение,Казань,"ул. Ленина, д. 47, кв. 64",+7-935-962-72-41,lebedevasvet822@outlook.com,Ремонт выполняется,27,38460,04.10.2026,18.08.2026,Excel-выгрузка,Ремонт по гарантии
109,TECH-000109,,iPhone 13,Новиков Илья Викторович,Портат. компьютер,Механическое повреждение,Пермь,"ул. Садовая, д. 63, кв. 34",+7-919-195-89-70,novikovilyav1@gmail.com,Ремонт выполняется,32,10060,13.02.2024,01.04.2025,CRM Bitrix24,Устройство на диагностике более 5 дней
110,TECH-000110,Bosch Стиральная машина,Bosch Стиральная машина,Смирнов Кирилл Дмитриевич,Мобильный телефон,Разбит экран,СПб,"ул. Ленина, д. 90, кв. 16",+7-921-428-41-81,smirnovkiril170@mail.ru,Прин. на диагн.,19,19223,19.11.2026,12.10.2025,SAP ERP,
111,TECH-000111,MacBook Air M1,MacBook Air M1,Егорова Ксения Викторовна,Телевизионная панель,Не заряжается,Новосибирск,"ул. Гагарина, д. 18, кв. 136",+7-953-891-11-80,egorovakseni910@gmail.com,Выдано клиенту,21,19861,14.09.2025,18.05.2024,Excel-выгрузка,Ремонт по гарантии
112,TECH-000112,Huawei MatePad,Huawei MatePad,Волков Никита Александрович,Бытовая техника,Не включается,Краснодар,"ул. Мира, д. 13, кв. 158",+7-947-613-49-51,volkovnikita916@yandex.ru,Готово к выдаче,26,6245,09.03.2023,09.08.2024,CRM Bitrix24,Устройство на диагностике более 5 дней
113,TECH-000113,Samsung Galaxy S22,???,Новикова Полина Сергеевна,Телевизионная панель,Разбит экран,Нов,"ул. Ленина, д. 67, кв. 132",+7-917-960-47-79,novikovapoli238@gmail.com,Выдано клиенту,25,58318,18.02.2024,06.10.2025,SAP ERP,
114,TECH-000114,MacBook Air M1,MacBook Air M1,Голубев Сергей Сергеевич,Телевизионная панель,Программный сбой,,"ул. Советская, д. 5, кв. 112",+7-924-664-57-56,golubevserge70@outlook.com,Выдано клиенту,2,35878,08.07.2023,06.05.2026,SAP ERP,
115,TECH-000115,Dell Inspiron,Dell Inspiron,Семёнова Татьяна Сергеевна,Бытовая техника,Разбит экран,Новосибирск,"ул. Центральная, д. 107, кв. 40",+7-918-681-73-74,semenovataty958@yandex.ru,Ожидает запчасти,32,40218,05.09.2023,12.06.2025,CRM Bitrix24,Замена по программе trade-in
116,TECH-000116,Xiaomi Redmi Note 11,Xiaomi Redmi Note 11,Петров Максим Александрович,Портативный компьютер,Механическое повреждение,Каз,"ул. Молодёжная, д. 89, кв. 40",+7-944-106-73-14,petrovmaksim745@outlook.com,Готово к выдаче,4,34623,17.06.2023,23.09.2025,CRM Bitrix24,Требуется
117,TECH-000117,Dell Inspiron,Dell Inspiron,Алексеева Мария Ивановна,Портативный компьютер,Не заряжается,###,"ул. Спортивная, д. 24, кв. 108",+7-931-416-34-43,alekseevamar474@outlook.com,Принято на диагностику,31,15522,19.11.2024,03.11.2024,CRM Bitrix24,
118,TECH-000118,Samsung Galaxy S22,Samsung Galaxy S22,Богданов Дмитрий Александрович,Моб. телефон,Разбит экран,Ворнж,"ул. Садовая, д. 11, кв. 93",+7-951-245-11-63,,Готово к выдаче,8,43749,10.04.2025,09.01.2025,Собственная система учёта,
119,TECH-000119,iPhone 13,iPhone 13,Семёнов Дмитрий Петрович,Портативный компьютер,Не включается,Челябинск,"ул. Пушкина, д. 77, кв. 124",+7-918-976-93-27,semenovdmitr446@outlook.com,Ожидает запчасти,15,38030,31.02.2026,18.03.2024,CRM Bitrix24,Замена по программе trade-in
120,TECH-000120,LG OLED55,LG OLED55,Попов Кирилл Петрович,,Не заряжается,Краснодар,"ул. Победы, д. 89, кв. 156",+7-922-639-82-73,popovkirillp155@outlook.com,Гот. к выд.,6,40371,16.10.2026,24.02.2026,Excel-выгрузка,
121,TECH-000121,Dell Inspiron,Dell Inspiron,Алексеева Алина Николаевна,Мобильный телефон,Не включается,Крд,"ул. Пушкина, д. 128, кв. 102",+7-920-706-66-93,alekseevaali587@gmail.com,Ожидает запчасти,28,49260,24.07.2023,26.08.2024,1С:Предприятие,Ремонт по гарантии
122,TECH-000122,Xiaomi Redmi Note 11,Xiaomi Redmi Note 11,Павлова Татьяна Андреевна,Мобильный телефон,Механическое повреждение,Самара,"ул. Ленина, д. 29, кв. 196",+7-959-968-90-55,нет_почты,Прин. на диагн.,18,24000,03.04.2024,07.02.2026,SAP ERP,Требуется
123,TECH-000123,Dell Inspiron,Dell Inspiron,Голубев Егор Николаевич,Бытовая техника,Программный сбой,Ростов-на-Дону,"ул. Молодёжная, д. 82, кв. 77",+7-919-162-87-78,golubevegorn387@outlook.com,Гот. к выд.,18,23052,02.08.2023,04.04.2025,Собственная система учёта,Ремонт по гарантии
124,TECH-000124,ASUS VivoBook,ASUS VivoBook,Смирнов Максим Александрович,Портативный компьютер,Не включается,Казань,"ул. Ленина, д. 24, кв. 102",+7-940-394-49-36,,Прин. на диагн.,14,21806,11.09.2024,10.03.2026,1С:Предприятие,Замена по программе trade-in
125,TECH-000125,Huawei MatePad,Huawei MatePad,Воробьёв Кирилл Андреевич,Мобильный телефон,Разбит экран,Новосиб.,"ул. Гагарина, д. 65, кв. 103",+7-921-806-44-66,vorobevkiril191@mail.ru,Принято на диагностику,30,54213,05.01.2026,2025,CRM Bitrix24,Замена по программе trade-in
126,TECH-000126,Bosch Стиральная машина,Bosch Стиральная машина,####,Мобильный телефон,Механическое повреждение,Казань,"ул. Гагарина, д. 34, кв. 3",+7-945-716-60-83,vorobevilyad520@gmail.com,Неизвестная категория,23,,10.12.2026,09.02.2026,SAP ERP,Устройство на диагностике более 5 дней
127,TECH-000127,Bosch Стиральная машина,Bosch Стиральная машина,Алексеева Анна Андреевна,Телевизионная панель,Программный сбой,Москва,"ул. Победы, д. 139, кв. 186",+7-952-201-22-85,alekseevaann142@gmail.com,Ремонт выполняется,26,7597,25.08.2024,08.06.2025,SAP ERP,Требуется согласование стоимости
128,TECH-000128,ASUS VivoBook,ASUS VivoBook,Смирнов Никита Сергеевич,Телевизионная панель,Разбит экран,Пермь,"ул. Молодёжная, д. 137, кв. 89",+7-945-533-97-44,smirnovnikit198@yandex.ru,Принято на диагностику,7,18044,07.10.2025,05.12.2026,1С:Предприятие,Замена по программе trade-in
129,TECH-000129,Dell Inspiron,Dell Inspiron,Лебедев Виктор Викторович,Телевизионная панель,Не включается,,"ул. Советская, д. 83, кв. 25",+7-934-129-89-75,lebedevvikto765@gmail.com,Принято на диагностику,16,24435,07.09.2025,,Собственная система учёта,Замена по программе trade-in
130,TECH-000130,iPhone 13,iPhone 13,Алексеева Ирина Дмитриевна,Портат. компьютер,Механическое повреждение,СПб,"ул. Гагарина, д. 18, кв. 136",,alekseevairi507@outlook.com,категория_5,36,2570,01.10.2025,06.09.2025,SAP ERP,####
131,TECH-000131,MacBook Air M1,MacBook Air M1,Кузнецов Егор Иванович,Мобильный телефон,Программный сбой,Пермь,"ул. Советская, д. 16, кв. 45",+7-933-665-40-59,petrov@@mail..ru,Выдано клиенту,9,44583,13.01.2025,17.12.2024,CRM Bitrix24,Устройство на диагностике более 5 дней
132,TECH-000132,Sony PlayStation 5,Sony PlayStation 5,Кузнецова Ольга Петровна,Телевизионная панель,Механическое повреждение,Новосибирск,"ул. Советская, д. 135, кв. 114",+7-935-572-82-76,kuznecovaolg646@,Готово к выдаче,19,-1,03.04.2024,11.03.2026,SAP ERP,Замена по программе trade-in
133,TECH-000133,LG OLED55,LG OLED55,Иванов Кирилл Александрович,Быт. техн.,Механическое повреждение,Неизвестная категория,"ул. Центральная, д. 102, кв. 44",+7-921-390-25-49,ivanovkirill633@mail.ru,Выд. клиенту,6,48437,11.03.2023,26.08.2024,Собственная система учёта,Устройство на диагностике более 5 дней
134,TECH-000134,MacBook Air M1,MacBook Air M1,Козлов Роман Викторович,Мобильный телефон,,Сам,"ул. Ленина, д. 111, кв. 123",+7-956-852-97-29,kozlovromanv687@yandex.ru,Выдано клиенту,8,30225,14.05.2023,25.07.2026,Excel-выгрузка,Замена по программе trade-in
135,TECH-000135,Dell Inspiron,Dell Inspiron,Виноградов Никита Андреевич,Быт. техн.,Не заряжается,Краснодар,"ул. Садовая, д. 122, кв. 134",+7-954-943-92-74,vinogradovni724@outlook.com,Рем. выполн.,32,4736,09.10.2024,16.06.2025,Excel-выгрузка,Ремонт по гарантии
136,TECH-000136,Xiaomi Redmi Note 11,Xiaomi Redmi Note 11,Попов Дмитрий Николаевич,Бытовая техника,Механическое повреждение,не указано(ошибка),ОШИБКА_ДАННЫХ,+7-952-490-78-21,popovdmitrii436@outlook.com,Ожид. зч.,0,5790,18.05.2026,19.01.2026,1С:Предприятие,Ремонт по гарантии
137,TECH-000137,MacBook Air M1,N/A,Богданов Максим Петрович,Портативный компьютер,Разбит экран,Волгоград,"ул. Ленина, д. 110, кв. 167",+7-952-549-21-49,bogdanovmaks893@outlook.com,Готово к выдаче,3,13091,17.03.2023,26.10.2025,1С:Предприятие,Требуется согласование стоимости
138,TECH-000138,Xiaomi Redmi Note 11,Xiaomi Redmi Note 11,,Портат. компьютер,Не заряжается,Вол,"ул. Садовая, д. 78, кв. 58",+7-955-650-64-34,golubevvladi880@yandex.ru,Ремонт выполняется,10,5151,22.01.2026,15.01.2025,SAP ERP,Замена по программе trade-in
139,TECH-000139,Huawei MatePad,Huawei MatePad,Воробьёв Илья Николаевич,Мобильный телефон,Разбит экран,Самара,"ул. Молодёжная, д. 69, кв. 33",+7-945-986-76-66,vorobevilyan53@outlook.com,Ожидает запчасти,15,9895,25.09.2026,15.07.2025,Собственная система учёта,Ремонт по гарантии
140,TECH-000140,Samsung Galaxy S22,Samsung Galaxy S22,Егоров,Мобильный телефон,Не заряжается,Челяб.,"ул. Молодёжная, д. 36, кв. 35",+7-920-188-43-68,egorovvladim106@mail.ru,Выд. клиенту,22,8967,12.07.2026,01.04.2024,Excel-выгрузка,Замена по программе trade-in
141,TECH-000141,Dell Inspiron,Dell Inspiron,Волкова Екатерина Николаевна,Телевизионная панель,Программный сбой,Пермь,"ул. Победы, д. 91, кв. 109",+7-943-787-27-51,volkovaekate162@gmail.com,Гот. к выд.,ABC,57397,25.09.2023,11.11.2025,1С:Предприятие,Замена по программе trade-in
142,TECH-000142,Huawei MatePad,Huawei MatePad,Петрова Татьяна Александровна,Мобильный телефон,Механическое повреждение,Нижний Новгород,"ул. Садовая, д. 72, кв. 92",+7-937-400-90-76,petrovatatya230@mail.ru,Ожидает запчасти,25,,03.02.2026,10.07.2025,1С:Предприятие,Устройство на диагностике более 5 дней
143,TECH-000143,Huawei MatePad,Huawei MatePad,Соколов Андрей Сергеевич,Портативный компьютер,Не заряжается,Екб,"ул. Садовая, д. 101, кв. 30",+7-952-642-25-66,sokolovandre125@yandex.ru,категория_5,14,н/д,06.12.2023,17.07.2024,1С:Предприятие,
144,TECH-000144,MacBook Air M1,нет данных(ошибка),Попов Дмитрий Николаевич,Бытовая техника,Не включается,Воронеж,ул.,+7-945-656-72-98,popovdmitrii257@yandex.ru,Прин. на диагн.,2,52189,08.05.2024,01.05.2024,SAP,Ремонт по гарантии
145,TECH-000145,ASUS VivoBook,ASUS VivoBook,Козлова Ольга Александровна,Моб. телефон,Механическое повреждение,Санкт-Петербург,"ул. Советская, д. 122, кв. 147",телефон отсутствует,kozlovaolgaa986@gmail.com,Прин. на диагн.,28,17186,22.03.2024,2026-13-45,Собственная система учёта,
146,TECH-000146,LG OLED55,LG OLED55,Кузнецов Александр Александрович,Портат. компьютер,Не включается,Смр,"ул. Мира, д. 57, кв. 172",+7-922-375-15-67,kuznecovalek271@mail.ru,Ремонт выполняется,27,44614,06.04.2026,19.06.2025,CRM Bitrix24,Устройство на диагностике более 5 дней
147,TECH-000147,Huawei MatePad,Huawei MatePad,Козлов Алексей Викторович,ТВ-панель,Механическое,Челябинск,"ул. Садовая, д. 115, кв. 162",+7-954-847-84-84,kozlovalekse249@,Ремонт выполняется,15,34687,28.07.2026,19.03.2025,Excel-выгрузка,Устройство на диагностике более 5 дней
148,TECH-000148,Xiaomi Redmi Note 11,Xiaomi Redmi Note 11,Морозова Наталья Дмитриевна,Бытовая техника,Не заряжается,Екб,"ул. Спортивная, д. 109, кв. 124",+7-939-470-38-62,morozovanata878@yandex.ru,Прин. на диагн.,0,9785,24.04.2026,24.09.2025,1С:Предприятие,Ремонт по гарантии
149,TECH-000149,Dell Inspiron,Dell Inspiron,Петрова Екатерина Сергеевна,Телевизионная панель,Программный сбой,Новосиб.,ул.,+7-910-816-70-94,petrovaekate38@outlook.com,Ремонт выполняется,4,17716,25.05.2026,27.06.2025,1С:Предприятие,Ремонт по гарантии
150,TECH-000150,ASUS VivoBook,ASUS VivoBook,Попова Дарья Андреевна,Телевизионная панель,Программный сбой,Смр,"ул. Спортивная, д. 145, кв. 58",+7-917-6,popovadaryaa333@outlook.com,Ожид. зч.,12,6211,14.01.2026,07.09.2025,Excel-выгрузка,???
151,TECH-000151,Sony PlayStation 5,Sony PlayStation 5,Егорова Дарья Ивановна,Бытовая техника,Механическое повреждение,Казань,"ул. Гагарина, д. 133, кв. 98",+7-925-829-16-78,egorovadarya330@yandex.ru,Ремонт выполняется,2,1721,08.05.2025,27.07.2024,Excel-выгрузка,Ремонт по гарантии
152,TECH-000152,ASUS VivoBook,ASUS VivoBook,Воробьёв Егор Сергеевич,Портативный компьютер,Разбит экран,Нижний Новгород,"ул. Ленина, д. 112, кв. 112",+7-955-530-12-61,vorobevegors46@gmail.com,Гот. к выд.,16,25607,17.08.2024,14.12.2026,Excel-выгрузка,Требуется согласование стоимости
153,TECH-000153,Huawei MatePad,Huawei MatePad,Лебедев Сергей Дмитриевич,Портат. компьютер,Программный сбой,Новосибирск,"ул. Садовая, д. 118, кв. 130",+7-913-572-67-59,ivanov.mail.ru,Ожидает запчасти,34,16283,22.04.2023,03.11.2026,CRM Bitrix24,ОШИБКА_ДАННЫХ
154,TECH-000154,Dell Inspiron,Dell Inspiron,Попова Ирина Ивановна,ТВ-панель,Механическое повреждение,Ворнж,,+7-945-617-98-99,popovairinai128@outlook.com,Принято на диагностику,,39101,09.06.2025,02.05.2024,SAP ERP,Устройство на диагностике более 5 дней
155,TECH-000155,Samsung Galaxy S22,Samsung Galaxy S22,Соколов Павел Викторович,Телевизионная панель,Механическое повреждение,Москва,"ул. Садовая, д. 19, кв. 194",+7-941-963-99-74,sokolovpavel612@outlook.com,Гот. к выд.,много,,18.09.2024,14.04.2025,1С:Предприятие,Устройство на диагностике более 5 дней
156,TECH-000156,Samsung Galaxy S22,Samsung Galaxy S22,ОШИБКА_ДАННЫХ,Портативный компьютер,Не,Краснодар,"ул. Советская, д. 84, кв. 35",+7-930-613-17-16,lebedevaelen939@mail.ru,Выдано клиенту,27,,02.09.2023,18.10.2024,Excel-выгрузка,Требуется согласование стоимости
157,TECH-000157,MacBook Air M1,MacBook Air M1,Егорова Алина Ивановна,Телевизионная панель,Механическое повреждение,Екатеринбург,"ул. Центральная, д. 56, кв. 82",+7-913-193-14-36,egorovaalina12@mail.ru,Готово к выдаче,6,45778,25.09.2025,07.08.2026,1С:Предприятие,Ремонт по гарантии
158,TECH-000158,Bosch Стиральная машина,Bosch Стиральная машина,Новиков Андрей Дмитриевич,Портативный компьютер,Разбит экран,###,"ул. Садовая, д. 45, кв. 39",,novikovandre671@gmail.com,Ожид. зч.,7,21388,21.06.2023,28.09.2024,SAP ERP,Устройство на диагностике более 5 дней
159,TECH-000159,Huawei MatePad,N/A,Фёдорова Ирина Петровна,,Не включается,Казань,"ул. Молодёжная, д. 8, кв. 33",+7-917-324-76-64,fedorovairin825@,Принято на диагностику,6,47991,10.10.2024,16.10.2026,SAP ERP,Требуется согласование стоимости
160,TECH-000160,Dell Inspiron,Dell Inspiron,Попова Ольга Александровна,ТВ-панель,Разбит экран,Нижний Новгород,"ул. Ленина, д. 134, кв. 45",+7-941-391-58-23,popovaolgaal435@mail.ru,Ожидает запчасти,19,15830,16.11.2024,20.01.2024,1С:Предприятие,нет данных(ошибка)
161,TECH-000161,Bosch Стиральная машина,Bosch Стиральная машина,,Портативный компьютер,Механическое повреждение,Москва,"ул. Пушкина, д. 26, кв. 4",+7-951-387-16-59,fedorovmaksi223@yandex.ru,Принято на диагностику,17,31064,07.08.2026,24.01.2024,Собственная система учёта,Ремонт по гарантии
162,TECH-000162,Sony PlayStation 5,Sony PlayStation 5,Смирнов,Телевизионная панель,Механическое повреждение,Пермь,"ул. Победы, д. 55, кв. 10",+7-943-737-63-69,smirnovartem401@gmail.com,Ремонт выполняется,4,53176,25.06.2025,23.11.2024,CRM Bitrix24,Замена по программе trade-in
163,TECH-000163,Xiaomi Redmi Note 11,Xiaomi Redmi Note 11,Иванова Екатерина Андреевна,Бытовая техника,Не включается,Пер,"ул. Молодёжная, д. 86, кв. 69",+7-924-620-47-42,ivanovaekate982@mail.ru,Ремонт выполняется,27,15259,25.11.2024,06.07.2026,CRM Bitrix24,Замена по программе trade-in
164,TECH-000164,Sony PlayStation 5,Sony PlayStation 5,12345XYZ,Пор,Программный сбой,Екатеринбург,"ул. Победы, д. 54, кв. 86",+7-918-819-95-31,нет_почты,Готово к выдаче,16,57696,14.08.2023,25.07.2025,,12345XYZ
165,TECH-000165,Sony PlayStation 5,Sony PlayStation 5,Морозова Алина Викторовна,Портативный компьютер,???,Н.Новгород,"ул. Пушкина, д. 148, кв. 87",+7-957-170-67-65,morozovaalin171@gmail.com,Ожидает запчасти,15,12473,18.04.2026,18.09.2025,Excel-выгрузка,Замена по программе trade-in
166,TECH-000166,Samsung,Samsung Galaxy S22,Волков Александр Николаевич,Портативный компьютер,Программный сбой,Москва,"ул. Молодёжная, д. 10, кв. 142",+7-939-768-24-37,volkovaleksa761@mail.ru,Выд. клиенту,29,ERROR,02.09.2025,17.01.2024,CRM Bitrix24,Ремонт по гарантии
167,TECH-000167,ОШИБКА_ДАННЫХ,Sony PlayStation 5,Иванов Владимир Сергеевич,Портативный компьютер,Программный сбой,Краснодар,"ул. Победы, д. 125, кв. 137",+7-936-1,ivanovvladim263@,Ремонт выполняется,13,49715,17.11.2023,14.10.2025,Excel-выгрузка,Устройство на диагностике более 5 дней
168,TECH-000168,-,iPhone 13,Новиков Артём Андреевич,Мобильный телефон,Программный сбой,Челябинск,"ул. Гагарина, д. 13, кв. 120",+7-952-624-16-33,novikovartem714@yandex.ru,Готово к выдаче,14,37629,,24.09.2026,Собственная система учёта,
169,TECH-000169,LG OLED55,,Морозов Илья Петрович,Бытовая техника,Механическое повреждение,Екатеринбург,12345XYZ,+7-955-447-19-14,morozovilyap549@gmail.com,Ремонт выполняется,31,36572,27.10.2025,02.07.2026,1С:Предприятие,Устройство на диагностике более 5 дней
170,TECH-000170,ASUS VivoBook,ASUS VivoBook,Виноградов Дмитрий Иванович,Моб. телефон,Не заряжается,Нов,"ул. Ленина, д. 126, кв. 121",+7-942-652-43-39,vinogradovdm671@gmail.com,Прин. на диагн.,6,35411,20.05.2023,25.12.2026,Собственная система учёта,
171,TECH-000171,LG OLED55,LG OLED55,Соколова Полина Ивановна,ТВ-панель,Разбит экран,Крд,"ул. Центральная, д. 147, кв. 10",+7-930-727-67-38,sokolovapoli762@mail.ru,Готово к выдаче,28,32461,18.01.2023,04.09.2026,CRM Bitrix24,Ремонт по гарантии
172,TECH-000172,LG OLED55,LG OLED55,Новиков Владимир Дмитриевич,Моб. телефон,Не включается,Екатеринбург,"ул. Мира, д. 106, кв. 150",+7-948-499-29-19,novikovvladi588@yandex.ru,Рем. выполн.,12,35330,12.07.2023,05.05.2024,SAP ERP,Требуется согласование стоимости
173,TECH-000173,Xiaomi Redmi Note 11,Xiaomi Redmi Note 11,Соколова Алина Сергеевна,Телевизионная панель,Не включается,Ростов-н/Д,"ул. Пушкина, д. 85, кв. 53",+7-924-658-49-56,sokolovaalin986@yandex.ru,Ожидает запчасти,28,47977,20.02.2025,11.04.2025,Excel-выгрузка,####
174,TECH-000174,Huawei MatePad,Huawei MatePad,Соколова Алина Викторовна,Портативный компьютер,Разбит экран,Волгоград,"ул. Советская, д. 27, кв. 157",+7-932-2,sokolovaalin276@gmail.com,Выдано клиенту,28,35983,17.01.2026,25.05.2025,Excel-выгрузка,Замена по программе trade-in
175,TECH-000175,ASUS VivoBook,ASUS VivoBook,Иванов Никита Иванович,Моб. телефон,Не заряжается,Екатеринбург,ул.,+7-950-353-18-13,ivanovnikita242@yandex.ru,категория_5,4,7671,01.06.2023,25.03.2026,SAP ERP,
176,TECH-000176,Sony PlayStation 5,Sony PlayStation 5,Кузнецова Дарья Николаевна,Мобильный телефон,Программный сбой,Екб,"ул. Победы, д. 86, кв. 198",+7-932-595-74-77,kuznecovadar961@gmail.com,Прин. на диагн.,18,23251,16.05.2026,12.06.2024,Собственная система учёта,Замена по программе trade-in
177,TECH-000177,Huawei MatePad,Huawei MatePad,Голубева Ирина Ивановна,Бытовая техника,Не включается,Ростов-на-Дону,"ул. Советская, д. 78, кв. 69",+7-941-570-82-80,golubevairin241@outlook.com,Рем. выполн.,5,50905,15.10.2023,12.08.2025,CRM Bitrix24,Ремонт по гарантии
178,TECH-000178,ASUS VivoBook,ASUS VivoBook,Семёнова Мария Александровна,Быт. техн.,Не заряжается,###,"ул. Центральная, д. 26, кв. 55",+7-914-359-37-84,semenovamari582@outlook.com,Ремонт выполняется,26,6049,25.09.2024,22.11.2024,Excel-выгрузка,
179,TECH-000179,MacBook Air M1,MacBook Air M1,Алексеев Павел Александрович,Телевизионная панель,Программный сбой,Новосибирск,"ул. Центральная, д. 16, кв. 200",+7-946-754-66-49,alekseevpave269@mail.ru,Прин. на диагн.,31,20682,04.01.2025,22.11.2026,1С:Предприятие,Устройство на диагностике более 5 дней
180,TECH-000180,Bosch Стиральная машина,Bosch Стиральная машина,Козлов Никита Дмитриевич,Телевизионная панель,,Самара,"ул. Мира, д. 114, кв. 82",+7-915-511-44-42,kozlovnikita545@outlook.com,Ожидает запчасти,35,38008,09.12.2025,15.10.2024,12345XYZ,Требуется согласование стоимости
181,TECH-000181,Samsung Galaxy S22,Samsung Galaxy S22,Иванова Ксения Петровна,ТВ-панель,Механическое повреждение,Смр,"ул. Победы, д. 80, кв. 43",+7-912-6,ivanovakseni240@mail.ru,Выд. клиенту,21,7612,16.05.2023,17.02.2025,Excel-выгрузка,Замена по программе trade-in
182,TECH-000182,MacBook Air M1,MacBook Air M1,Егоров Алексей Сергеевич,Бытовая техника,Разбит экран,Ека,"ул. Спортивная, д. 47, кв. 69",+7-915-464-21-40,egorovalekse687@gmail.com,Принято на диагностику,5,ABC,22.10.2025,04.08.2026,CRM Bitrix24,Замена по программе trade-in
183,TECH-000183,ASUS VivoBook,ASUS VivoBook,Новиков Алексей Дмитриевич,Телевизионная панель,Не включается,Краснодар,"ул. Мира, д. 103, кв. 70",+7-945-591-98-70,novikovaleks904@yandex.ru,Выд. клиенту,30,42258,04.06.2026,07.10.2025,Собственная система учёта,Устройство на диагностике более 5 дней
184,TECH-000184,Xiaomi Redmi Note 11,Xiaomi Redmi Note 11,,Бытовая техника,Не включается,Н.Новгород,"ул. Молодёжная, д. 85, кв. 116",+7-915-751-68-38,semenovpavel973@outlook.com,Гот. к выд.,4,24110,21.09.2026,19.03.2025,CRM Bitrix24,Ремонт по гарантии
185,TECH-000185,Sony PlayStation 5,Sony PlayStation 5,Богданов Виктор Дмитриевич,Портативный компьютер,Не включается,Казань,"ул. Советская, д. 130, кв. 44",+7-947-532-36-57,bogdanovvikt775@gmail.com,Ремонт выполняется,10,51768,16.09.2025,16.09.2026,1С:Предприятие,Требуется согласование стоимости
186,TECH-000186,Xiaomi Redmi Note 11,Xiaomi Redmi Note 11,Новиков Владимир Николаевич,Бытовая техника,Не заряжается,СПб,"ул. Молодёжная, д. 29, кв. 169",+7-934-490-89-93,novikovvladi347@gmail.com,Выдано клиенту,19,33670,01.12.2024,03.05.2025,CRM Bitrix24,
187,TECH-000187,Bosch Стиральная машина,Bosch Стиральная машина,,Телевизионная панель,Разбит экран,Волгоград,12345XYZ,12345,morozovaksen940@outlook.com,Рем. выполн.,27,6870,15.11.2023,08.12.2024,Собственная система учёта,Замена по программе trade-in
188,TECH-000188,iPhone 13,iPhone 13,Виноградова,Мобильный телефон,Программный сбой,,N/A,12345,vinogradovam381@outlook.com,Готово к выдаче,30,13477,23.09.2026,14.06.2024,1С:Предприятие,Ремонт по гарантии
189,TECH-000189,Sony PlayStation 5,Sony PlayStation 5,Волков Илья Иванович,Портативный компьютер,Программный сбой,Казань,"ул. Гагарина, д. 53, кв. 58",+7-959-672-38-41,нет_почты,Ожидает запчасти,26,48246,27.07.2026,24.08.2025,???,Замена по программе trade-in
190,TECH-000190,Bosch Стиральная машина,Bosch Стиральная машина,Воробьёва Юлия Александровна,Моб. телефон,Механическое повреждение,Нижний Новгород,"ул. Советская, д. 132, кв. 72",+7-945-482-25-57,vorobevayuli609@outlook.com,Выдано клиенту,6,14273,22.03.2024,10.03.2024,Собственная система учёта,Устройство на диагностике более 5 дней
191,TECH-000191,ASUS VivoBook,???,Соколов Павел Александрович,Портативный компьютер,Разбит экран,Новосибирск,"ул. Советская, д. 108, кв. 28",+7-929-385-38-76,sokolovpavel353@mail.ru,Прин. на диагн.,20,33571,24.11.2025,16.08.2024,Собственная система учёта,Требуется согласование стоимости
192,TECH-000192,ASUS VivoBook,ASUS VivoBook,Павлов Андрей Иванович,Телевизионная панель,Не включается,Нижний Новгород,"ул. Молодёжная, д. 63, кв. 132",+7-921-819-77-32,pavlovandrei173@yandex.ru,Гот. к выд.,,35651,13.09.2023,23.04.2025,1С:Предприятие,Устройство на диагностике более 5 дней
193,TECH-000193,Xiaomi Redmi Note 11,Xiaomi Redmi Note 11,Семёнова Ольга Петровна,Бытовая техника,Программный сбой,Нижний Новгород,"ул. Молодёжная, д. 100, кв. 44",+7-954-873-14-34,semenovaolga421@gmail.com,Гот. к выд.,3,37498,13.05.2025,18.08.2026,Собственная система учёта,Устройство на диагностике более 5 дней
194,TECH-000194,LG OLED55,LG OLED55,Голубев Андрей Иванович,Портативный компьютер,Программный сбой,Влгд,,+7-949-5,golubevandre661@outlook.com,Выдано клиенту,9,37788,,18.12.2026,1С:Предприятие,
195,TECH-000195,Xiaomi Redmi Note 11,Xiaomi Redmi Note 11,Виноградова Елена Петровна,Мобильный телефон,Программный сбой,Воронеж,"ул. Молодёжная, д. 140, кв. 40",+7-917-457-60-51,vinogradovae564@outlook.com,При,10,11735,09.04.2026,09.02.2025,1С:Предприятие,Ремонт по гарантии
196,TECH-000196,MacBook Air M1,MacBook Air M1,12345XYZ,Быт. техн.,Разбит экран,Ростов-на-Дону,"ул. Ленина, д. 25, кв. 134",+7-924-468-70-81,golubevdmitr983@gmail.com,Принято на диагностику,29,1553,03.01.2026,01.06.2025,Excel-выгрузка,Устройство на диагностике более 5 дней
197,TECH-000197,Huawei MatePad,Huawei MatePad,Егорова Наталья Викторовна,Бытовая техника,Не заряжается,категория_5,"ул. Победы, д. 46, кв. 98",+7-954-547-65-60,egorovanatal713@gmail.com,Принято на диагностику,20,57680,вчера,03.10.2026,Собственная система учёта,Ремонт по гарантии
198,TECH-000198,Dell Inspiron,Dell Inspiron,Новикова Юлия Викторовна,Мобильный телефон,Программный сбой,Нижний Новгород,"ул. Советская, д. 134, кв. 142",+7-955-177-77-98,novikovayuli259@mail.ru,Принято на диагностику,0,39334,25.07.2025,26.11.2024,Собственная система учёта,####
199,TECH-000199,ASUS VivoBook,ASUS VivoBook,Попова Мария Сергеевна,Моб. телефон,Программный сбой,Вор,"ул. Садовая, д. 67, кв. 23",+7-931-188-93-61,popovamariya893@outlook.com,Принято на диагностику,31,55336,14.10.2025,22.02.2024,CRM Bitrix24,Замена по программе trade-in
200,TECH-000200,???,ASUS VivoBook,Воробьёв Павел Иванович,Портат. компьютер,Не включается,Воронеж,"ул. Спортивная, д. 127, кв. 98",+7-926-153-34-87,vorobevpavel150@yandex.ru,Гот. к выд.,8,29424,10.02.2025,05.12.2026,1С:Предприятие,Устройство на диагностике более 5 дней
