ID,Код записи,Наименование объекта,Наименование объекта (повтор),Риелтор,Тип объекта,Тип сделки,Город,Адрес,Телефон,Email,Статус сделки,"Площадь, кв.м","Стоимость, руб.",Дата создания записи,Дата последнего обновления,Система-источник,Примечания
1,RE-000001,Офисное помещение,Офисное помещение,Лебедева Юлия Дмитриевна,Квартира,Аренда долгосрочная,Влгд,"ул. Мира, д. 42, кв. 132",+7-942-709-95-24,lebedevayuli774@,Снято с прод.,168,1714949,13.10.2025,14.12.2024,SAP ERP,Требуется юридическая проверка
2,RE-000002,Таунхаус,Таунхаус,Соколова Юлия Александровна,Жилой дом,Продажа,Санкт-Петербург,"ул. Садовая, д. 108, кв. 3",+7-948-163-84-93,sokolovayuli414@mail.ru,Сделка завершена,212,15046885,21.12.2025,12.09.2024,Excel-выгрузка,Возможен торг
3,RE-000003,Дом с земельным участком,Дом с земельным участком,Волков Алексей Андреевич,Квартира,Аренда посуточная,Москва,"ул. Спортивная, д. 10, кв. 69",телефон отсутствует,volkovalekse324@outlook.com,Снято с продажи,199,,28.08.2024,26.08.2026,нет данных(ошибка),Продажа от собственника
4,RE-000004,Офисное помещение,Офисное помещение,Алексеева Виктория Дмитриевна,Коммерческое помещение,Продажа,Москва,"ул. Гагарина, д. 50, кв. 197",+7-956-987-46-54,alekseevavik497@yandex.ru,Аванс получ.,220,22819944,22.03.2026,26.07.2024,Excel-выгрузка,
5,RE-000005,Офисное помещение,Офисное помещение,Семёнова Ирина Ивановна,Квартира,Аренда долгосрочная,Краснодар,"ул. Центральная, д. 142, кв. 158",+7-917-563-59-37,semenovairin157@mail.ru,Снято с продажи,214,9733533,05.09.2023,09.09.2024,Собственная система учёта,Ипотека одобрена банком
6,RE-000006,Таунхаус,,Петрова Дарья Ивановна,Коммерческое помещение,Аренда долгосрочная,Казань,???,+7-915-646-77-72,petrovadarya642@mail.ru,Снято с продажи,257,20497335,12.04.2024,14.10.2024,1С:Предприятие,
7,RE-000007,Офисное помещение,Офисное помещение,нет данных(ошибка),Квартира,Аренда долгосрочная,Новосибирск,"ул. Садовая, д. 25, кв. 77",+7-952-567-84-92,,На просмотре,204,4350802,11.08.2025,02.09.2024,Собственная система учёта,Требуется юридическая проверка
8,RE-000008,Офисное помещение,Офисное помещение,Новикова Юлия Александровна,Жилой дом,Аренда посуточная,Казань,"ул. Мира, д. 16, кв. 66",+7-916-843-23-15,novikovayuli624@outlook.com,На просмотре,116,,11.03.2026,26.05.2026,ОШИБКА_ДАННЫХ,Ипотека одобрена банком
9,RE-000009,1-комнатная квартира,1-комнатная квартира,Лебедева Екатерина Андреевна,Зем,Продажа,Волгоград,"ул. Молодёжная, д. 9, кв. 143",телефон отсутствует,lebedevaekat957@outlook.com,На просмотре,118,18486270,25.07.2025,11.12.2026,Excel-выгрузка,
10,RE-000010,Офисное помещение,Офисное помещение,Павлов Кирилл Сергеевич,Квартира,Продажа,Пермь,"ул. Молодёжная, д. 56, кв. 200",+7-958-488-87-53,pavlovkirill13@mail.ru,В продаже,,18972526,18.07.2023,22.09.2025,SAP ERP,Требуется юридическая проверка
11,RE-000011,Торговое помещение,Торговое помещение,Кузнецов Владимир Дмитриевич,Земельн. уч-к,Аренда посуточная,Екатеринбург,ул.,+7-946-575-41-38,нет_почты,Снято с прод.,220,17593846,16.10.2024,23.08.2025,1С:Предприятие,Ипотека одобрена банком
12,RE-000012,3-комнатная квартира,3-комнатная квартира,Кузнецов Владимир Викторович,Жилой дом,Аренда посуточная,Москва,"ул. Советская, д. 7, кв. 107",+7-948-473-63-88,kuznecovvlad715@gmail.com,Аванс получ.,267,10737730,11.05.2023,16.09.2024,CRM Bitrix24,Продажа от собственника
13,RE-000013,Офисное помещение,Офисное помещение,Виноградов Алексей Викторович,Коммерческое помещение,Продажа,Нижний Новгород,"ул. Победы, д. 150, кв. 46",+7-910-257-23-41,vinogradoval898@gmail.com,Снято с прод.,92,2347714,14.05.2024,17.04.2024,CRM Bitrix24,Возможен торг
14,RE-000014,Таунхаус,Таунхаус,Семёнов Кирилл Андреевич,Коммерческое помещение,Продажа,Воронеж,"ул. Спортивная, д. 66, кв. 32",+7-916-552-40-66,semenovkiril473@mail.ru,Снято с продажи,171,12618658,18.06.2026,,Собственная система учёта,Ипотека одобрена банком
15,RE-000015,Складское,Складское помещение,Лебедева Мария Дмитриевна,###,Аренда долгосрочная,Н.Новгород,"ул. Центральная, д. 138, кв. 152",+7-99-abc-12-34,lebedevamari739@yandex.ru,Сделка завершена,25,16905544,2026-13-45,2026-13-45,Собственная система учёта,
16,RE-000016,Таунхаус,Таунхаус,Иванова Екатерина Петровна,Коммерческое помещение,Продажа,Нижний Новгород,"ул. Советская, д. 58, кв. 25",+7-933-861-82-83,ivanovaekate7@outlook.com,Аванс получен,222,4780512,20.06.2023,25.04.2024,Excel-выгрузка,
17,RE-000017,Таунхаус,Таунхаус,12345XYZ,Квартира,Аренда посуточная,СПб,"ул. Молодёжная, д. 2, кв. 106",+7-927-185-59-59,petrov@@mail..ru,На просм.,190,24882801,14.11.2026,04.02.2024,Собственная система учёта,Продажа от собственника
18,RE-000018,Пентхаус,Пентхаус,Кузнецов Владимир Андреевич,Квартира,Аренда посуточная,Ростов-на-Дону,"ул. Ленина, д. 131, кв. 138",+7-939-407-56-40,kuznecovvlad86@gmail.com,Снято с прод.,245,19053481,17.04.2026,10.09.2025,Excel-выгрузка,Продажа от собственника
19,RE-000019,3-комнатная квартира,3-комнатная квартира,Егорова Дарья Петровна,Коммерческое помещение,Продажа,Екатеринбург,"ул. Победы, д. 89, кв. 132",+7-945-735-15-92,egorovadarya224@gmail.com,На просмотре,98,11196567,12.08.2025,22.08.2026,SAP ERP,
20,RE-000020,Таунхаус,Таунхаус,Фёдоров Артём Петрович,Кварт.,???,Волгоград,"ул. Гагарина, д. 11, кв. 42",+7-929-387-52-94,нет_почты,На просмотре,266,1636833,01.05.2024,21.05.2024,1С:Предприятие,
21,RE-000021,Складское помещение,Складское помещение,,Жилой дом,Аренда посуточная,Пермь,"ул. Молодёжная, д. 143, кв. 112",+7-941-889-97-24,vinogradovat955@gmail.com,Снято с продажи,55,14979338,23.09.2026,12.02.2024,Собственная система учёта,
22,RE-000022,Таунхаус,N/A,ОШИБКА_ДАННЫХ,Коммерческое помещение,Аренда посуточная,Волгоград,"ул. Победы, д. 48, кв. 109",+7-927-119-50-19,smirnovaleks630@outlook.com,Аванс получен,280,19403843,20.02.2024,16.11.2024,SAP ERP,
23,RE-000023,Офисное помещение,Офисное помещение,Морозов Дмитрий Иванович,Жилой дом,Продажа,Казань,"ул. Центральная, д. 88, кв. 162",+7-958-718-23-66,morozovdmitr419@outlook.com,Сделка завершена,174,н/д,15.01.2023,07.01.2024,CRM Bitrix24,Возможен торг
24,RE-000024,Офисное помещение,Офисное помещение,???,Земельн. уч-к,Продажа,Пермь,"ул. Садовая, д. 41, кв. 132",+7-930-769-88-72,bogdanovapol145@mail.ru,В продаже,187,16244550,02.06.2025,17.05.2026,Excel-выгрузка,
25,RE-000025,1-комнатная квартира,1-комнатная квартира,Богданов Никита Петрович,Коммерч. помещ.,Продажа,Казань,ул.,12345,bogdanovniki74@yandex.ru,Сделка завершена,256,-1,15.10.2026,2026-13-45,SAP ERP,
26,RE-000026,Студия,Студия,Иванов Павел Иванович,Квартира,-,Челябинск,"ул. Центральная, д. 138, кв. 166",+7-949-956-45-49,ivanovpaveli378@gmail.com,В продаже,261,1721914,,2025,ОШИБКА_ДАННЫХ,Продажа от собственника
27,RE-000027,Студия,Студия,Фёдорова Мария Дмитриевна,Квартира,Аренда долгосрочная,Краснодар,"ул. Пушкина, д. 53, кв. 182",+7-912-216-39-18,fedorovamari287@yandex.ru,Снято с продажи,259,10074995,16.03.2024,2025,CRM Bitrix24,Ипотека одобрена банком
28,RE-000028,3-комнатная квартира,N/A,Морозов Дмитрий Андреевич,Коммерческое помещение,Продажа,Санкт-Петербург,"ул. Ленина, д. 79, кв. 173",+7-945-633-11-67,morozovdmitr276@gmail.com,не указано(ошибка),271,2349612,06.10.2023,08.07.2025,Excel-выгрузка,
29,RE-000029,Торговое помещение,Торговое помещение,Соколов Кирилл Викторович,Квартира,Аренда посуточная,Казань,"ул. Спортивная, д. 77, кв. 36",,sokolovkiril364@gmail.com,На просмотре,57,9047185,25.01.2024,21.05.2024,1С:Предприятие,Продажа от собственника
30,RE-000030,Студия,Студия,Богданова Ксения Ивановна,Коммерческое помещение,Аренда долгосрочная,Новосиб.,"ул. Спортивная, д. 88, кв. 23",+7-942-503-53-58,bogdanovakse259@mail.ru,В продаже,111,11447861,09.11.2025,28.07.2024,1С:Предприятие,Требуется юридическая проверка
31,RE-000031,Офисное помещение,Офисное помещение,Алексеева Анна Петровна,Коммерч. помещ.,Аренда посуточная,Самара,12345XYZ,+7-920-174-10-63,alekseevaann378@yandex.ru,Сделка завершена,246,8708674,07.09.2026,03.05.2026,CRM Bitrix24,Продажа от собственника
32,RE-000032,1-комнатная квартира,1-комнатная квартира,Морозова Мария Викторовна,Земельн. уч-к,12345XYZ,Москва,"ул. Центральная, д. 27, кв. 27",,morozovamari689@yandex.ru,Снято с продажи,214,12012644,08.11.2026,2026,CRM Bitrix24,Ипотека одобрена банком
33,RE-000033,2-комнатная квартира,2-комнатная квартира,Попова Ксения Александровна,Коммерческое помещение,Продажа,Н.Новгород,"ул. Молодёжная, д. 94, кв. 114",+7-944-379-59-60,popovakseniy148@outlook.com,Сделка завершена,67,7365262,23.03.2023,04.01.2025,CRM Bitrix24,Возможен торг
34,RE-000034,Торговое помещение,Торговое помещение,Козлов Илья Андреевич,Земельный участок,Аренда посуточная,Новосиб.,"ул. Ленина, д. 64, кв. 113",+7-933-284-40-41,kozlovilyaan381@gmail.com,Аванс получен,109,1894347,23.08.2026,04.01.2025,Собственная система учёта,Возможен торг
35,RE-000035,Студия,,Морозова Алина Николаевна,Жил. дом,Аренда посуточная,Ростов-н/Д,"ул. Победы, д. 145, кв. 29",+7-958-432-38-30,morozovaalin432@outlook.com,На просм.,179,15179079,09.02.2025,07.03.2026,Excel-выгрузка,Требуется юридическая проверка
36,RE-000036,####,Дом с земельным участком,Алексеева Ирина Дмитриевна,Жил. дом,Продажа,Пермь,"ул. Советская, д. 136, кв. 66",+7-924-825-62-58,alekseevairi885@mail.ru,В продаже,114,12574126,16.06.2025,22.11.2025,SAP ERP,Требуется юридическая проверка
37,RE-000037,3-комнатная квартира,3-комнатная квартира,Алексеева Татьяна Александровна,Квартира,Продажа,СПб,"ул. Мира, д. 138, кв. 27",+7-946-442-13-56,alekseevatat555@yandex.ru,Аванс получен,132,24721598,,15.01.2024,Собственная система учёта,Требуется юридическая проверка
38,RE-000038,1-комнатная квартира,1-комнатная квартира,Голубева Татьяна Александровна,Земельн. уч-к,Аренда долгосрочная,Новосиб.,"ул. Молодёжная, д. 63, кв. 71",+7-940-746-91-40,golubevataty172@outlook.com,Снято с продажи,137,2540232,07.10.2023,07.07.2024,CRM Bitrix24,
39,RE-000039,Торговое помещение,Торговое помещение,Павлова Ольга Александровна,Жилой дом,Продажа,Волгоград,"ул. Центральная, д. 70, кв. 171",+7-919-816-21-70,pavlovaolgaa713@yandex.ru,Сделка завершена,241,2947827,23.06.2023,03.11.2024,Собственная система учёта,Возможен торг
40,RE-000040,3-комнатная квартира,???,Смирнов Алексей Сергеевич,Квартира,Продажа,Пермь,,+7-942-354-38-89,,Аванс получен,236,5335555,28.07.2024,09.03.2025,1С:Предприятие,Требуется юридическая проверка
41,RE-000041,2-комнатная квартира,2-комнатная квартира,Соколова Наталья Викторовна,Квартира,Аренда долгосрочная,Пермь,"ул. Пушкина, д. 123, кв. 62",+7-945-305-38-37,sokolovanata488@outlook.com,В продаже,243,14803559,24.12.2024,22.01.2026,Собственная система учёта,12345XYZ
42,RE-000042,12345XYZ,Офисное помещение,Волкова Елена Сергеевна,Коммерческое помещение,Аренда посуточная,Нижний Новгород,"ул. Ленина, д. 144, кв. 162",+7-928-609-66-99,volkovaelena19@mail.ru,В продаже,88,15420359,16.12.2025,18.10.2026,Excel-выгрузка,
43,RE-000043,Складское помещение,Складское помещение,Кузнецова Юлия Дмитриевна,Земельный участок,Аренда долгосрочная,Казань,"ул. Ленина, д. 33, кв. 79",+7-944-297-75-82,kuznecovayul893@outlook.com,Сделка завершена,185,6952890,16.11.2026,2025,Excel-выгрузка,Возможен торг
44,RE-000044,Таунхаус,Таунхаус,Алексеев Илья Петрович,Жил. дом,Продажа,Смр,"ул. Садовая, д. 46, кв. 173",+7-957-733-23-35,alekseevilya809@,На просмотре,142,19241688,15.01.2026,27.03.2026,Excel-выгрузка,Ипотека одобрена банком
45,RE-000045,Торговое помещение,Торговое помещение,12345XYZ,Жилой дом,Продажа,Новосиб.,"ул. Пушкина, д. 78, кв. 97",+7-951-940-41-89,popovaalinas894@outlook.com,На просм.,84,,04.10.2026,13.08.2026,Собственная система учёта,Продажа от собственника
46,RE-000046,Студия,Студия,Соколова Елена Николаевна,Квартира,Аренда долгосрочная,Смр,"ул. Спортивная, д. 144, кв. 67",+7-927-703-65-68,sokolovaelen548@gmail.com,,246,4073163,12.08.2026,19.07.2026,SAP ERP,N/A
47,RE-000047,Офисное помещение,Офисное помещение,Богданова Наталья Андреевна,Квартира,Аренда посуточная,Смр,"ул. Садовая, д. 129, кв. 154",+7-958-155-80-20,bogdanovanat327@gmail.com,В продаже,209,10347713,2026-13-45,27.12.2026,,Продажа от собственника
48,RE-000048,3-комнатная квартира,3-комнатная квартира,Морозов Владимир Александрович,Коммерческое помещение,Аренда посуточная,Казань,"ул. Победы, д. 82, кв. 24",+7-929-871-86-56,morozovvladi142@outlook.com,На просм.,66,13203156,11.12.2023,,SAP ERP,Возможен торг
49,RE-000049,Торговое помещение,Торговое помещение,Павлов Владимир Петрович,Земельный участок,Аренда посуточная,Пермь,"ул. Мира, д. 128, кв. 100",+7-939-845-97-38,pavlovvladim312@mail.ru,Снято с прод.,,5731446,27.08.2025,27.06.2026,Excel-выгрузка,Требуется юридическая проверка
50,RE-000050,Офисное помещение,Офисное помещение,Попова Елена Александровна,Земельн. уч-к,Аренда долгосрочная,СПб,"ул. Победы, д. 116, кв. 36",+7-911-284-42-92,popovaelenaa875@mail.ru,Снято с продажи,28,12265023,05.07.2024,19.04.2025,Excel-выгрузка,Возможен торг
51,RE-000051,Таунхаус,Таунхаус,Фёдоров Артём Александрович,Коммерческое помещение,Аренда посуточная,###,"ул. Молодёжная, д. 40, кв. 89",+7-936-798-60-57,fedorovartem535@gmail.com,В продаже,,,02.08.2023,05.09.2025,1С:Предприятие,Требуется юридическая проверка
52,RE-000052,Складское помещение,Складское помещение,Воробьёв Сергей Иванович,###,Аренда долгосрочная,Челябинск,"ул. Победы, д. 36, кв. 68",+7-939-808-99-56,vorobevserge493@,В продаже,н/д,21201643,27.11.2026,18.06.2024,Собственная система учёта,Продажа от собственника
53,RE-000053,2-комнатная квартира,2-комнатная квартира,Соколов Павел Петрович,Коммерч. помещ.,Аренда,###,"ул. Садовая, д. 149, кв. 7",телефон отсутствует,sokolovpavel71@gmail.com,Снято с продажи,88,22213006,07.11.2025,02.06.2024,SAP ERP,Ипотека одобрена банком
54,RE-000054,Таунхаус,,Голубев Дмитрий Андреевич,Квартира,Продажа,Краснодар,"ул. Молодёжная, д. 83, кв. 174",+7-940-659-69-83,golubevdmitr803@outlook.com,В продаже,158,3747038,09.08.2025,19.10.2024,SAP ERP,Возможен торг
55,RE-000055,3-комнатная квартира,3-комнатная квартира,Фёдоров Роман Иванович,Земельный участок,Аренда посуточная,Крд,"ул. Гагарина, д. 146, кв. 47",+7-958-595-37-16,fedorovroman256@outlook.com,Снято с прод.,137,15541144,07.08.2023,11.09.2025,Excel-выгрузка,Продажа от собственника
56,RE-000056,Офисное помещение,Офисное помещение,Воробьёва Алина Александровна,Квартира,Аренда посуточная,Воронеж,"ул. Спортивная, д. 123, кв. 66",+7-947-705-38-66,vorobevaalin459@gmail.com,Снято с продажи,94,17005083,17.12.2023,07.06.2025,1С:Предприятие,Продажа от собственника
57,RE-000057,Торговое помещение,Торговое помещение,ОШИБКА_ДАННЫХ,Жилой дом,,Н.Новгород,"ул. Садовая, д. 75, кв. 103",+7-937-844-24-91,petrovairina456@mail.ru,Сделка завершена,60,14169839,02.04.2024,17.05.2024,CRM Bitrix24,
58,RE-000058,Таунхаус,Таунхаус,Смирнова Полина Андреевна,Жил. дом,Продажа,Волгоград,"ул. Центральная, д. 38, кв. 186",+7-956-465-71-53,smirnovapoli186@yandex.ru,Сделка завершена,105,10993246,17.05.2025,,CRM Bitrix24,Возможен торг
59,RE-000059,Пентхаус,Пентхаус,Кузнецов Егор Дмитриевич,Земельн. уч-к,Аренда посуточная,Рос,"ул. Садовая, д. 93, кв. 25",+7-929-457-17-80,kuznecovegor271@gmail.com,Снято с продажи,54,,31.02.2026,18.07.2025,1С:Предприятие,Требуется юридическая проверка
60,RE-000060,2-комнатная квартира,2-комнатная,Козлов Артём Дмитриевич,Коммерческое помещение,Продажа,Челяб.,"ул. Центральная, д. 5, кв. 172",+7-916-4,kozlovartemd742@yandex.ru,В продаже,170,10396154,11.04.2026,05.06.2026,1С:Предприятие,Требуется юридическая проверка
61,RE-000061,1-комнатная квартира,1-комнатная квартира,Фёдоров Егор Сергеевич,Кварт.,Аренда долгосрочная,Челябинск,"ул. Ленина, д. 90, кв. 126",+7-940-844-28-89,fedorovegors384@outlook.com,На просмотре,127,7713858,12.07.2025,27.04.2025,CRM Bitrix24,
62,RE-000062,Дом с земельным участком,ОШИБКА_ДАННЫХ,Попов Дмитрий Николаевич,Коммерческое помещение,Продажа,Самара,"ул. Спортивная, д. 100, кв. 180",+7-947-982-91-39,popovdmitrii513@yandex.ru,Снято с продажи,149,17231178,19.07.2024,02.08.2026,Excel-выгрузка,Возможен торг
63,RE-000063,Складское помещение,Складское помещение,Голубева Юлия Андреевна,Жилой дом,Аренда посуточная,Пермь,"ул. Советская, д. 137, кв. 163",+7-915-831-58-87,,Аванс получен,45,15530607,17.12.2024,28.07.2026,SAP ERP,Ипотека одобрена банком
64,RE-000064,Таунхаус,Таунхаус,Кузнецова Виктория Андреевна,Коммерческое помещение,Аренда долгосрочная,Ростов-на-Дону,"ул. Молодёжная, д. 89, кв. 38",+7-918-632-82-68,kuznecovavik930@gmail.com,На просмотре,141,21033662,18.09.2026,,1С:Предприятие,Возможен торг
65,RE-000065,Офисное помещение,Офисное помещение,Воробьёв Павел Сергеевич,Земельный участок,Аренда посуточная,,"ул. Спортивная, д. 114, кв. 199",+7-915-390-65-76,vorobevpavel879@outlook.com,###,,16159860,09.06.2026,,SAP ERP,Требуется юридическая проверка
66,RE-000066,Таунхаус,Таунхаус,Новикова Виктория Николаевна,Кварт.,Продажа,Ростов-на-Дону,"ул. Гагарина, д. 142, кв. 154",+7-949-432-51-46,нет_почты,Аванс получен,262,19480873,24.09.2024,01.08.2026,Собственная система учёта,Возможен торг
67,RE-000067,Торговое помещение,Торговое помещение,Виноградова Алина Дмитриевна,Жилой дом,Аренда посуточная,СПб,"ул. Мира, д. 139, кв. 82",+7-945-986-78-52,vinogradovaa838@yandex.ru,На просм.,98,20430129,22.08.2025,13.12.2026,SAP ERP,Требуется юридическая проверка
68,RE-000068,Пентхаус,Пентхаус,Попов Павел Викторович,Земельн. уч-к,Продажа,Москва,"ул. Садовая, д. 2, кв. 13",+7-912-137-40-98,popovpavelvi26@,Сделка завершена,154,ABC,21.07.2024,01.01.2026,Собственная система учёта,Требуется юридическая проверка
69,RE-000069,1-комнатная квартира,1-комнатная квартира,Виноградов Максим Александрович,Земельный участок,Аренда посуточная,Ворнж,"ул. Гагарина, д. 78, кв. 168",+7-956-388-67-42,vinogradovma973@outlook.com,На просмотре,,14111240,02.05.2026,08.07.2025,Собственная система учёта,Продажа от собственника
70,RE-000070,Студия,Студия,Егорова Юлия Андреевна,Неизвестная категория,Аренда долгосрочная,Пермь,"ул. Победы, д. 81, кв. 197",+7-929-900-70-11,egorovayuliy920@outlook.com,В продаже,268,17284226,10.06.2023,04.08.2024,CRM Bitrix24,
71,RE-000071,Таунхаус,Таунхаус,Голубева Виктория Александровна,Кварт.,N/A,Челябинск,"ул. Молодёжная, д. 37, кв. 21",+7-931-613-75-70,golubevavikt86@yandex.ru,Аванс получен,179,23063388,08.11.2023,04.04.2026,N/A,Возможен торг
72,RE-000072,Студия,Студия,Волкова Анна Андреевна,не указано(ошибка),Продажа,Москва,"ул. Садовая, д. 24, кв. 48",+7-953-609-49-87,volkovaannaa609@yandex.ru,В продаже,41,732385,05.02.2023,25.05.2026,1С:Предприятие,Требуется юридическая проверка
73,RE-000073,Складское помещение,Складское помещение,Новиков Сергей Николаевич,Земельный участок,Аренда посуточная,Челябинск,"ул. Центральная, д. 147, кв. 167",+7-99-abc-12-34,novikovserge545@mail.ru,На ,221,17662988,09.06.2023,18.04.2024,CRM Bitrix24,
74,RE-000074,2-комнатная квартира,2-комнатная квартира,Виноградова Екатерина Александровна,Коммерч. помещ.,####,Пермь,"ул. Мира, д. 141, кв. 167",+7-914-595-10-93,vinogradovae120@mail.ru,Аванс получен,73,19775852,01.08.2026,24.05.2025,SAP ERP,Возможен торг
75,RE-000075,Дом с земельным участком,Дом с земельным участком,Виноградова Дарья Сергеевна,Квартира,Аренда долгосрочная,Ворнж,"ул. Советская, д. 143, кв. 145",+7-917-390-56-56,vinogradovad362@mail.ru,Сделка завершена,173,22020030,05.01.2024,14.05.2025,SAP ERP,Возможен торг
76,RE-000076,Таунхаус,Таунхаус,Воробьёва Ирина Викторовна,Жилой дом,Аренда посуточная,Нов,"ул. Гагарина, д. 148, кв. 48",+7-959-393-27-98,vorobevairin805@mail.ru,,,10218715,21.11.2024,23.09.2025,SAP ERP,нет данных(ошибка)
77,RE-000077,3-комнатная квартира,3-комнатная квартира,Смирнова Екатерина Андреевна,Земельный участок,Аренда посуточная,Москва,"ул. Центральная, д. 127, кв. 35",+7-919-381-42-23,нет_почты,Сделка завершена,,6812015,17.08.2024,00.00.0000,SAP,Ипотека одобрена банком
78,RE-000078,Пентхаус,Пентхаус,Иванов Алексей Иванович,Земельный участок,Аренда долгосрочная,Краснодар,"ул. Победы, д. 39, кв. 90",+7-941-271-44-86,ivanovalekse792@yandex.ru,Аванс получен,273,16257439,01.05.2026,2024,Собственная система учёта,Продажа от собственника
79,RE-000079,Дом с земельным участком,Дом с земельным участком,Кузнецов,,нет данных(ошибка),Ворнж,"ул. Гагарина, д. 61, кв. 185",+7-938-109-20-92,kuznecovalek72@gmail.com,Аванс получ.,202,2710260,25.06.2023,16.08.2024,SAP ERP,Продажа от собственника
80,RE-000080,Таунхаус,,Попова Ольга Андреевна,Коммерческое помещение,Аренда посуточная,Воронеж,"ул. Садовая, д. 116, кв. 97",+7-934-262-60-88,popovaolgaan911@mail.ru,Снято с продажи,58,3315635,25.04.2026,13.04.2024,CRM Bitrix24,Ипотека одобрена банком
81,RE-000081,,Студия,Лебедев Артём Александрович,Земельн. уч-к,Продажа,СПб,"ул. Советская, д. 32, кв. 173",+7-958-894-60-81,lebedevartem540@outlook.com,В продаже,140,8843920,04.04.2024,19.05.2025,SAP ERP,
82,RE-000082,Торговое помещение,Торговое помещение,Воробьёв Виктор Дмитриевич,,Продажа,Новосиб.,"ул. Садовая, д. 4, кв. 56",+7-913-594-22-47,vorobevvikto42@outlook.com,В продаже,,21284741,16.09.2025,10.05.2024,1С:Предприятие,Требуется юридическая проверка
83,RE-000083,2-комнатная квартира,2-комнатная квартира,,Кварт.,Продажа,Санкт-Петербург,"ул. Ленина, д. 95, кв. 25",+7-946-494-78-20,golubevaekat753@gmail.com,Сделка завер.,73,816421,13.12.2026,26.04.2025,CRM Bitrix24,Продажа от собственника
84,RE-000084,Студия,Студия,Новиков Максим Андреевич,Жил. дом,Аренда посуточная,Волгоград,"ул. Пушкина, д. 71, кв. 48",+7-946-443-23-57,novikovmaksi560@yandex.ru,Аванс получен,,-1,2026-13-45,11.08.2026,CRM Bitrix24,Продажа от собственника
85,RE-000085,1-комнатная квартира,1-комнатная квартира,Алексеева Светлана Николаевна,Жилой дом,Продажа,Санкт-Петербург,"ул. Советская, д. 1, кв. 160",+7-936-344-66-71,alekseevasve64@gmail.com,В продаже,150,6289238,12.09.2024,02.03.2024,SAP ERP,Возможен торг
86,RE-000086,Студия,Студия,Иванова Дарья Ивановна,Жилой дом,Продажа,Мск,"ул. Победы, д. 8, кв. 69",+7-938-655-27-70,ivanovadarya201@outlook.com,Аванс получен,191,16042577,21.12.2024,22.07.2025,SAP ERP,ОШИБКА_ДАННЫХ
87,RE-000087,Торговое помещение,Торговое помещение,Морозов Павел Андреевич,Коммерч. помещ.,Аренда посуточная,Пермь,"ул. Мира, д. 32, кв. 116",+7-938-352-69-65,morozovpavel15@outlook.com,Сделка завершена,99,12881334,16.08.2024,11.05.2024,Excel-выгрузка,Ипотека одобрена банком
88,RE-000088,Дом с земельным участком,Дом с земельным участком,Алексеева Полина Андреевна,Земельный участок,Аренда долгосрочная,Москва,"ул. Садовая, д. 105, кв. 12",+7-929-622-86-83,alekseevapol6@gmail.com,В продаже,202,,14.10.2025,07.08.2026,Excel-выгрузка,
89,RE-000089,Пентхаус,Пентхаус,Смирнов Артём Дмитриевич,Жилой дом,Аренда долгосрочная,Казань,"ул. Советская, д. 24, кв. 186",+7-934-995-70-57,smirnovartem715@gmail.com,В продаже,121,22600167,20.01.2023,25.09.2024,Собственная система учёта,
90,RE-000090,3-комнатная квартира,3-комнатная квартира,Лебедева Светлана Петровна,Земельный участок,,Пер,"ул. Молодёжная, д. 125, кв. 136",+7-946-783-76-81,lebedevasvet955@mail.ru,В продаже,225,много,04.04.2024,04.03.2025,1С:Предприятие,Возможен торг
91,RE-000091,Офисное помещение,Офисное помещение,Иванов Андрей Николаевич,Коммерческое помещение,Аренда долгосрочная,Воронеж,"ул. Пушкина, д. 1, кв. 118",+7-918-875-21-19,ivanovandrei984@mail.ru,На просмотре,178,20182146,26.07.2026,25.10.2025,SAP ERP,Продажа от собственника
92,RE-000092,2-комнатная квартира,2-комнатная квартира,Лебедев Никита Викторович,Жилой дом,,Санкт-Петербург,"ул. Спортивная, д. 56, кв. 104",+7-923-319-84-52,lebedevnikit962@outlook.com,Аванс получен,258,16412273,16.11.2026,04.07.2026,CRM Bitrix24,Продажа от собственника
93,RE-000093,Торговое помещение,Торговое помещение,Новиков Владимир Сергеевич,Коммерческое помещение,,Санкт-Петербург,"ул. Ленина, д. 16, кв. 148",+7-936-718-14-12,novikovvladi87@gmail.com,Снято с продажи,49,21702047,14.07.2024,14.01.2024,Excel-выгрузка,Продажа от собственника
94,RE-000094,2-комнатная квартира,2-комнатная квартира,Петров Максим Дмитриевич,Кварт.,Аренда посуточная,Челябинск,"ул. Пушкина, д. 94, кв. 30",+7-953-9,petrovmaksim271@yandex.ru,Сделка завер.,249,7929590,04.01.2023,01.12.2024,Excel-выгрузка,Требуется юридическая проверка
95,RE-000095,1-комнатная квартира,1-комнатная квартира,Виноградов Роман Викторович,Земельный участок,Продажа,Челяб.,"ул. Ленина, д. 100, кв. 30",+7-921-958-45-51,vinogradovro362@gmail.com,Неизвестная категория,202,2652830,05.12.2024,05.11.2024,Excel-выгрузка,Продажа от собственника
96,RE-000096,Офисное помещение,Офисное помещение,Богданов Владимир Александрович,Кварт.,Аренда долгосрочная,Ворнж,"ул. Ленина, д. 91, кв. 107",+7-946-866-47-86,bogdanovvlad288@mail.ru,Аванс получен,много,18848844,04.08.2025,07.11.2025,SAP ERP,Требуется юридическая проверка
97,RE-000097,3-комнатная квартира,3-комнатная квартира,Алексеев Андрей Дмитриевич,Коммерческое помещение,Аренда посуточная,Волгоград,"ул. Садовая, д. 80, кв. 57",+7-935-437-65-74,alekseevandr739@gmail.com,Снято с продажи,213,21283264,09.11.2026,01.04.2025,CRM Bitrix24,Продажа от собственника
98,RE-000098,Таунхаус,Таунхаус,Смирнова Ольга Петровна,Коммерч. помещ.,Аренда долгосрочная,Ростов-на-Дону,"ул. Мира, д. 133, кв. 86",+7-914-268-12-57,smirnovaolga39@gmail.com,Аванс получен,275,7137431,21.06.2025,14.08.2026,Собственная система учёта,Возможен торг
99,RE-000099,Офисное помещение,Офисное помещение,Соколов Сергей Дмитриевич,Коммерческое помещение,Аренда посуточная,Ростов-на-Дону,"ул. Ленина, д. 123, кв. 122",+7-945-966-19-81,sokolovserge209@gmail.com,Снято с продажи,130,21166102,15.11.2025,28.09.2026,SAP ERP,Продажа от собственника
100,RE-000100,Торговое помещение,Торговое помещение,Волкова Елена Николаевна,Земельн. уч-к,Аренда долгосрочная,Челяб.,"ул. Пушкина, д. 69, кв. 167",+7-931-318-20-41,volkovaelena492@outlook.com,Снято с продажи,79,7192686,22.03.2026,21.12.2025,Собственная система учёта,Ипотека одобрена банком
101,RE-000101,3-комнатная квартира,3-комнатная квартира,Голубева Полина Николаевна,Квартира,Аренда долгосрочная,Воронеж,"ул. Мира, д. 122, кв. 181",+7-914-905-66-56,golubevapoli669@outlook.com,На просм.,95,5410040,04.07.2024,04.09.2024,SAP ERP,Возможен торг
102,RE-000102,1-комнатная квартира,1-комнатная квартира,Попова Елена Петровна,Жилой дом,Аренда посуточная,Н.Новгород,"ул. Ленина, д. 52, кв. 105",+7-921-595-90-52,popovaelenap159@outlook.com,Снято с продажи,191,5572636,27.12.2024,05.05.2026,Собственная система учёта,Возможен торг
103,RE-000103,3-комнатная квартира,3-комнатная квартира,Волков Андрей Сергеевич,Квартира,Аренда посуточная,,"ул. Молодёжная, д. 7, кв. 124",12345,volkovandrei779@outlook.com,На просм.,53,3807377,,10.03.2026,1С:Предприятие,Возможен торг
104,RE-000104,Торговое помещение,Торговое помещение,Иванов Артём Сергеевич,Земельный участок,Аренда посуточная,Санкт-Петербург,"ул. Победы, д. 114, кв. 183",+7-932-814-77-45,ivanovartems366@outlook.com,Аванс получен,96,18018886,22.01.2023,07.10.2026,1С:Предприятие,
105,RE-000105,Пентхаус,Пентхаус,,Жил. дом,Аренда долгосрочная,Новосиб.,"ул. Гагарина, д. 60, кв. 24",+7-924-346-52-76,vorobevayuli181@outlook.com,Сделка завершена,274,12128144,27.04.2023,2026,1С:Предприятие,Ипотека одобрена банком
106,RE-000106,Дом с земельным участком,Дом с земельным участком,Богданова Полина Ивановна,Квартира,,Москва,"ул. Мира, д. 104, кв. 170",+7-923-251-89-17,bogdanovapol50@mail.ru,Аванс получен,99,3997672,13.10.2024,02.12.2026,Excel-выгрузка,Возможен торг
107,RE-000107,Студия,Студия,Павлов Алексей Иванович,Кварт.,Аренда долгосрочная,Волгоград,"ул. Ленина, д. 99, кв. 33",+7-917-370-14-29,pavlovalekse591@gmail.com,Снято с продажи,ABC,18794926,10.11.2024,04.03.2026,Excel-выгрузка,Требуется юридическая проверка
108,RE-000108,2-комнатная квартира,2-комнатная квартира,Лебедев Максим Дмитриевич,Жилой дом,Аренда посуточная,Воронеж,"ул. Пушкина, д. 24, кв. 94",+7-950-936-33-68,lebedevmaksi385@outlook.com,Аванс получен,198,19621700,08.06.2024,06.05.2024,SAP ERP,Ипотека одобрена банком
109,RE-000109,Складское помещение,Складское помещение,Голубев Алексей Иванович,Жил. дом,Аренда долгосрочная,Казань,"ул. Гагарина, д. 140, кв. 160",+7-936-774-23-76,golubevaleks336@outlook.com,не указано(ошибка),280,19331453,04.09.2024,06.01.2025,Excel-выгрузка,Возможен торг
110,RE-000110,Дом с земельным участком,Дом с земельным участком,Попов Алексей Сергеевич,Коммерч. помещ.,Аренда посуточная,Екб,"ул. Мира, д. 111, кв. 115",+7-918-153-80-39,popovaleksei706@gmail.com,Сделка завершена,60,22828808,14.09.2023,14.03.2024,SAP ERP,
111,RE-000111,2-комнатная квартира,2-комнатная квартира,Павлова Елена Ивановна,Коммерч. помещ.,Продажа,Новосибирск,"ул. Ленина, д. 95, кв. 86",+7-934-773-29-84,pavlovaelena989@outlook.com,Аванс получен,205,20232446,18.04.2024,19.02.2025,Excel-выгрузка,Возможен торг
112,RE-000112,2-комнатная квартира,2-комнатная квартира,Алексеева Юлия Дмитриевна,Коммерческое помещение,Аренда долгосрочная,Воронеж,"ул. Советская, д. 143, кв. 132",+7-928-882-65-83,alekseevayul358@outlook.com,На просмотре,282,10339186,13.04.2026,27.10.2025,нет данных(ошибка),Продажа от собственника
113,RE-000113,Торговое помещение,Торговое помещение,Кузнецов Дмитрий Андреевич,Кварт.,Аренда посуточная,###,"ул. Молодёжная, д. 32, кв. 85",+7-957-740-98-74,kuznecovdmit375@outlook.com,В продаже,,24247824,28.01.2026,06.08.2026,Собственная система учёта,Ипотека одобрена банком
114,RE-000114,1-комнатная квартира,1-комнатная квартира,Павлова Елена Петровна,Земельный участок,,Воронеж,"ул. Победы, д. 71, кв. 9",,pavlovaelena958@mail.ru,В продаже,283,15341666,18.03.2024,13.12.2025,SAP,
115,RE-000115,1-комнатная квартира,1-комнатная квартира,Фёдорова Полина Александровна,Коммерч. помещ.,Аренда посуточная,Екб,"ул. Садовая, д. 4, кв. 90",+7-953-327-44-63,fedorovapoli30@gmail.com,не указано(ошибка),92,10320723,01.04.2023,23.01.2025,CRM Bitrix24,12345XYZ
116,RE-000116,Таунхаус,Таунхаус,Волкова Дарья Николаевна,Жил. дом,Продажа,Ворнж,"ул. Пушкина, д. 133, кв. 154",+7-943-320-70-92,volkovadarya779@outlook.com,На просмотре,271,20242366,14.11.2025,20.09.2024,???,Возможен торг
117,RE-000117,Торговое помещение,Торговое помещение,Голубев Владимир Петрович,Коммерческое помещение,Аренда долгосрочная,Пермь,"ул. Ленина, д. 21, кв. 171",+7-915-756-14-81,golubevvladi897@gmail.com,На просм.,42,3339273,21.11.2026,17.06.2024,Excel-выгрузка,Ипотека одобрена банком
118,RE-000118,2-комнатная квартира,2-комнатная квартира,Петров Александр Сергеевич,Коммерческое помещение,-,Москва,"ул. Ленина, д. 93, кв. 182",+7-950-627-92-46,petrovaleksa247@mail.ru,Аванс получен,171,21284247,19.12.2023,26.12.2025,SAP ERP,Требуется юридическая проверка
119,RE-000119,2-комнатная квартира,2-комнатная квартира,-,Квартира,Продажа,Новосибирск,"ул. Пушкина, д. 66, кв. 157",+7-954-2,morozovataty325@mail.ru,Снято с продажи,62,6886446,04.06.2025,14.11.2024,SAP ERP,Требуется юридическая проверка
120,RE-000120,1-комнатная квартира,1-комнатная квартира,Лебедева Ксения Петровна,Коммерческое помещение,Аренда долгосрочная,Казань,"ул. Садовая, д. 102, кв. 139",+7-913-502-97-61,lebedevaksen789@outlook.com,Аванс получ.,115,1511140,07.08.2026,31.02.2026,1С:Предприятие,Возможен торг
121,RE-000121,Складское помещение,Складское помещение,Семёнова Юлия Андреевна,Земельный участок,Продажа,Самара,"ул. Мира, д. 141, кв. 76",+7-942-172-67-68,semenovayuli341@gmail.com,Аванс получен,285,10260189,14.02.2023,16.02.2025,CRM Bitrix24,Ипотека одобрена банком
122,RE-000122,Складское помещение,Складское помещение,Смирнов,Коммерческое помещение,Продажа,СПб,"ул. Победы, д. 1, кв. 173",+7-946-550-15-71,smirnovmaksi652@mail.ru,В продаже,93,21928001,21.03.2023,20.05.2024,CRM Bitrix24,Ипотека одобрена банком
123,RE-000123,,1-комнатная квартира,Егорова Ксения Дмитриевна,Жилой дом,Продажа,Екатеринбург,"ул. Садовая, д. 107, кв. 45",12345,egorovakseni164@yandex.ru,Снято с прод.,146,1933279,17.08.2023,28.07.2024,Собственная система учёта,Возможен торг
124,RE-000124,2-комнатная квартира,2-комнатная квартира,Новикова Анна Дмитриевна,Квартира,Продажа,,"ул. Ленина, д. 46, кв. 33",+7-932-701-98-22,novikovaanna230@outlook.com,На просмотре,148,11780616,10.12.2024,04.11.2024,1С:Предприятие,Ипотека одобрена банком
125,RE-000125,Офисное помещение,Офисное помещение,Фёдорова Алина Дмитриевна,не указано(ошибка),Аренда посуточная,Крд,,+7-924-155-97-55,fedorovaalin800@yandex.ru,Сделка завер.,ABC,7291490,24.05.2025,21.09.2024,SAP ERP,Ипотека одобрена банком
126,RE-000126,1-комнатная квартира,1-комнатная квартира,Виноградова Мария Александровна,Земельн. уч-к,,Новосибирск,"ул. Пушкина, д. 10, кв. 86",+7-958-745-91-56,vinogradovam571@gmail.com,Сделка завер.,170,9402316,13.03.2025,12.07.2025,1С:Предприятие,Продажа от собственника
127,RE-000127,3-комнатная квартира,3-комнатная квартира,Смирнова Мария Андреевна,Коммерч. помещ.,Продажа,Казань,"ул. Мира, д. 112, кв. 39",+7-945-627-48-45,smirnovamari381@yandex.ru,Сделка завершена,,7882787,18.05.2023,04.09.2024,1С:Предприятие,Возможен торг
128,RE-000128,Торговое помещение,Торговое помещение,Козлов Павел Андреевич,Жил,Аренда посуточная,Ростов-на-Дону,"ул. Мира, д. 63, кв. 6",+7-910-234-15-67,kozlovpavela398@mail.ru,Аванс получен,243,7452817,17.12.2025,2024,Собственная система учёта,Требуется юридическая проверка
129,RE-000129,Складское помещение,Складское помещение,Смирнов Дмитрий Петрович,Квартира,Аренда долгосрочная,Волгоград,"ул. Советская, д. 7, кв. 184",+7-944-928-86-47,smirnovdmitr416@outlook.com,Сделка завершена,95,21307858,27.10.2023,17.08.2026,Собственная система учёта,Возможен торг
130,RE-000130,Офисное помещение,Офисное помещение,Новикова Виктория Андреевна,Коммерч. помещ.,Аренда посуточная,Санкт-Петербург,"ул. Центральная, д. 111, кв. 195",+7-931-163-41-65,novikovavikt170@mail.ru,Неизвестная категория,56,20749509,12.01.2024,05.02.2026,Excel-выгрузка,Требуется юридическая проверка
131,RE-000131,Пентхаус,Пентхаус,Воробьёва Елена Николаевна,Коммерч. помещ.,Аренда долгосрочная,Новосиб.,"ул. Гагарина, д. 78, кв. 163",+7-943-673-26-64,vorobevaelen138@gmail.com,На просмотре,158,7668318,02.05.2023,05.04.2025,SAP ERP,Возможен торг
132,RE-000132,Пентхаус,Пентхаус,Смирнов Никита Александрович,Жилой дом,Аренда долгосрочная,Волгоград,"ул. Пушкина, д. 27, кв. 95",+7-928-401-68-89,smirnovnikit837@gmail.com,Снято с продажи,51,23919269,01.12.2025,01.03.2024,Собственная система учёта,Возможен торг
133,RE-000133,Таунхаус,Таунхаус,Кузнецова Анна Дмитриевна,Земельный участок,Продажа,Нижний Новгород,"ул. Центральная, д. 4, кв. 31",+7-935-891-56-42,kuznecovaann537@mail.ru,На просмотре,278,9643413,22.10.2024,21.04.2026,Excel-выгрузка,Возможен торг
134,RE-000134,2-комнатная квартира,2-комнатная квартира,Смирнов Артём Петрович,Жил. дом,Продажа,Санкт-Петербург,"ул. Пушкина, д. 18, кв. 25",+7-916-146-89-47,smirnovartem683@mail.ru,Аванс получен,225,16367423,2025,20.11.2025,1С:Предприятие,Продажа от собственника
135,RE-000135,Пентхаус,Пентхаус,Морозов Кирилл Александрович,Коммерческое помещение,Продажа,Воронеж,"ул. Мира, д. 24, кв. 107",+7-955-314-37-45,morozovkiril126@mail.ru,,219,8824933,08.02.2024,08.04.2026,Excel-выгрузка,Возможен торг
136,RE-000136,Торговое помещение,Торговое помещение,Богданов Никита Николаевич,Коммерческое помещение,Аренда посуточная,Кра,"ул. Спортивная, д. 129, кв. 52",+7-933-655-72-49,bogdanovniki540@gmail.com,Аванс получ.,117,4551722,25.05.2024,28.08.2024,SAP ERP,
137,RE-000137,2-комнатная квартира,2-комнатная квартира,Павлова Дарья Николаевна,Земельн. уч-к,Аренда посуточная,Москва,"ул. Пушкина, д. 111, кв. 179",+7-959-411-12-16,,Аванс получ.,55,7197614,02.08.2024,09.11.2026,Excel-выгрузка,Возможен торг
138,RE-000138,Торговое помещение,Торговое помещение,Егоров Егор Андреевич,Кварт.,Аренда долгосрочная,Челяб.,"ул. Центральная, д. 108, кв. 23",+7-932-573-46-38,egorovegoran336@gmail.com,В продаже,129,13304943,08.10.2025,04.01.2026,Excel-выгрузка,
139,RE-000139,Дом с земельным участком,Дом с земельным участком,Попова Алина Ивановна,Земельный участок,Аренда посуточная,Волгоград,-,+7-951-602-14-20,popovaalinai627@gmail.com,На просм.,245,19730460,26.01.2023,13.12.2024,Собственная система учёта,Продажа от собственника
140,RE-000140,Дом с земельным участком,Дом с земельным участком,Попова Полина Александровна,Земельный участок,Аренда долгосрочная,Казань,"ул. Ленина, д. 70, кв. 106",+7-925-952-90-65,popovapolina213@gmail.com,В продаже,146,9657863,14.10.2026,16.10.2026,Excel-выгрузка,Требуется юридическая проверка
141,RE-000141,Офисное помещение,Офисное помещение,Павлов Александр Петрович,Кварт.,Продажа,Самара,"ул. Мира, д. 45, кв. 174",+7-945-121-12-28,pavlovaleksa201@gmail.com,В продаже,299,3305001,20.01.2023,24.03.2026,SAP ERP,Возможен торг
142,RE-000142,Студия,Студия,Волков Артём Николаевич,Земельный участок,Продажа,Волгоград,,+7-936-288-95-39,volkovartemn340@outlook.com,Снято с продажи,много,14770431,20.12.2026,03.08.2026,SAP ERP,Продажа от собственника
143,RE-000143,Таунхаус,Таунхаус,Алексеева Ксения Петровна,Коммерческое помещение,Аренда посуточная,Н.Новгород,"ул. Победы, д. 42, кв. 133",+7-944-891-91-30,alekseevakse770@gmail.com,В продаже,294,7908337,24.11.2024,17.08.2025,1С:Предприятие,
144,RE-000144,3-комнатная квартира,3-комнатная квартира,Лебедев Илья Викторович,Коммерческое помещение,Аренда посуточная,Челябинск,"ул. Спортивная, д. 121, кв. 115",+7-919-7,lebedevilyav155@outlook.com,Аванс получен,,20057385,23.11.2024,14.05.2025,Собственная система учёта,Продажа от собственника
145,RE-000145,Студия,Студия,Виноградова Полина Николаевна,Квартира,Аренда долгосрочная,Новосибирск,"ул. Советская, д. 125, кв. 47",+7-942-481-77-37,vinogradovap684@yandex.ru,В продаже,124,ERROR,23.04.2023,16.01.2025,CRM Bitrix24,Продажа от собственника
146,RE-000146,Складское помещение,Складское помещение,Петров Владимир Иванович,Квартира,Продажа,Воронеж,"ул. Садовая, д. 13, кв. 200",+7-934-376-86-15,petrovvladim774@mail.ru,На просмотре,277,18086977,07.08.2023,08.09.2024,1С:Предприятие,Ипотека одобрена банком
147,RE-000147,1-комнатная квартира,1-комнатная квартира,Морозов Никита Дмитриевич,Земельный участок,Продажа,Волгоград,"ул. Советская, д. 105, кв. 96",+7-920-652-89-35,,,ERROR,11203271,10.05.2026,06.09.2025,SAP ERP,Продажа от собственника
148,RE-000148,Дом с земельным участком,Дом с земельным участком,Семёнов Илья Сергеевич,Кварт.,Аренда долгосрочная,Екатеринбург,"ул. Спортивная, д. 56, кв. 72",+7-931-313-12-38,semenovilyas105@gmail.com,Сня,157,13606224,15.09.2026,08.02.2026,Собственная система учёта,Ипотека одобрена банком
149,RE-000149,1-комнатная квартира,1-комнатная квартира,Виноградов Владимир Викторович,Коммерческое помещение,Продажа,Екатеринбург,"ул. Молодёжная, д. 101, кв. 91",+7-943-754-19-88,vinogradovvl176@yandex.ru,В продаже,,много,06.11.2026,06.07.2024,SAP ERP,Продажа от собственника
150,RE-000150,Таунхаус,Таунхаус,Богданова Татьяна Николаевна,Жил. дом,Аренда долгосрочная,Челябинск,"ул. Победы, д. 144, кв. 91",+7-910-661-16-75,bogdanovatat66@outlook.com,В продаже,175,23037402,14.03.2026,11.12.2026,CRM Bitrix24,
151,RE-000151,####,Дом с земельным участком,Волков Дмитрий Иванович,Коммерческое помещение,Аренда долгосрочная,Екатеринбург,"ул. Спортивная, д. 31, кв. 190",+7-911-461-20-10,volkovdmitri374@outlook.com,Сделка завер.,279,18600588,15.11.2026,27.09.2024,CRM Bitrix24,Возможен торг
152,RE-000152,Торговое помещение,Торговое помещение,Воробьёв Владимир Андреевич,Жилой дом,Продажа,Волгоград,"ул. Спортивная, д. 64, кв. 31",+7-957-464-32-41,vorobevvladi675@mail.ru,В продаже,187,3314081,21.07.2026,2025,CRM,Ипотека одобрена банком
153,RE-000153,Студия,Студия,Егоров Андрей Викторович,Земельный участок,Аренда долгосрочная,Казань,####,+7-936-938-47-97,egorovandrei847@gmail.com,Сделка завершена,,,26.12.2024,07.05.2024,SAP ERP,Продажа от собственника
154,RE-000154,1-комнатная квартира,1-комнатная квартира,Смирнов Дмитрий Николаевич,Земельный участок,Продажа,Новосибирск,"ул. Спортивная, д. 86, кв. 193",+7-927-204-29-74,smirnovdmitr691@mail.ru,Снято с прод.,156,21026501,11.01.2024,07.06.2026,SAP ERP,Требуется юридическая проверка
155,RE-000155,1-комнатная квартира,1-комнатная квартира,Семёнова Светлана Николаевна,Квартира,Аренда долгосрочная,,"ул. Мира, д. 78, кв. 82",+7-939-477-37-38,semenovasvet690@gmail.com,В продаже,197,22005554,25.05.2026,14.01.2025,Excel-выгрузка,
156,RE-000156,1-комнатная квартира,1-комнатная квартира,Смирнова Мария Сергеевна,Коммерческое помещение,,Воронеж,"ул. Победы, д. 51, кв. 190",+7-910-598-29-32,smirnovamari344@gmail.com,На просм.,50,11044332,23.03.2026,09.02.2024,Собственная система учёта,
157,RE-000157,Пентхаус,Пентхаус,Волкова Дарья Викторовна,Коммерческое помещение,Аренда посуточная,Ростов-на-Дону,"ул. Садовая, д. 67, кв. 31",+7-922-667-82-26,volkovadarya344@outlook.com,Сделка завершена,22,19110618,13.12.2025,02.03.2026,нет данных(ошибка),
158,RE-000158,,Студия,Виноградов Виктор Петрович,Земельный участок,Аренда посуточная,Челябинск,"ул. Победы, д. 98, кв. 111",+7-940-321-92-22,vinogradovvi647@gmail.com,Снято с прод.,152,4686690,2026,2025,Excel-выгрузка,ОШИБКА_ДАННЫХ
159,RE-000159,Офисное помещение,Офисное помещение,Фёдоров Владимир Александрович,Земельный участок,Аренда долгосрочная,Пермь,####,+7-919-126-37-52,fedorovvladi520@mail.ru,На просм.,216,18147214,14.01.2026,09.09.2025,SAP ERP,
160,RE-000160,Торговое помещение,Торговое помещение,Козлов Дмитрий Викторович,Жилой дом,Аренда посуточная,Челябинск,"ул. Ленина, д. 6, кв. 166",+7-934-710-81-29,kozlovdmitri615@mail.ru,На просмотре,44,5600426,01.06.2025,06.07.2025,SAP ERP,
161,RE-000161,Торговое помещение,Торговое помещение,Воробьёв,Коммерческое помещение,Аренда посуточная,Воронеж,"ул. Победы, д. 26, кв. 164",+7-939-593-44-41,vorobevnikit53@gmail.com,На просмотре,55,21072592,2026,08.07.2024,SAP ERP,
162,RE-000162,Студия,Студия,Виноградов Андрей Иванович,Жил. дом,Аренда долгосрочная,Санкт-Петербург,"ул. Победы, д. 42, кв. 26",+7-923-671-63-71,,Сделка завершена,73,9015536,12.09.2025,01.10.2026,Excel-выгрузка,Требуется юридическая проверка
163,RE-000163,Студия,Студия,???,Коммерческое помещение,Аренда долгосрочная,Краснодар,"ул. Молодёжная, д. 23, кв. 111",+7-920-385-74-45,volkovanatal813@yandex.ru,Снято с прод.,276,21347493,08.12.2024,21.01.2026,SAP ERP,Ипотека одобрена банком
164,RE-000164,Пентхаус,Пентхаус,Виноградова Ольга Викторовна,Кварт.,Продажа,Екатеринбург,"ул. Садовая, д. 101, кв. 117",+7-924-707-69-86,vinogradovao28@outlook.com,В продаже,284,14524548,16.11.2023,10.01.2026,Собственная система учёта,
165,RE-000165,1-комнатная квартира,1-комнатная квартира,Егоров Максим Андреевич,Квартира,Продажа,Самара,"ул. Победы, д. 27, кв. 200",12345,egorovmaksim612@outlook.com,Снято с продажи,121,22987563,22.08.2026,19.04.2024,1С:Предприятие,
166,RE-000166,Таунхаус,Таунхаус,Петров Павел Викторович,Коммерческое помещение,Продажа,Нижний Новгород,"ул. Ленина, д. 31, кв. 38",+7-959-617-32-71,petrovpavelv89@,Аванс получ.,164,5506691,12.03.2023,15.09.2026,1С:Предприятие,Продажа от собственника
167,RE-000167,Офисное помещение,Офисное помещение,Петрова Виктория Сергеевна,Коммерческое помещение,Аренда долгосрочная,Пермь,"ул. Победы, д. 39, кв. 15",+7-947-640-25-47,petrovavikto566@mail.ru,Аванс получен,166,18520845,12.11.2023,02.01.2026,Собственная система учёта,
168,RE-000168,####,Офисное помещение,Виноградов Артём Викторович,Квартира,Аренда,Волгоград,"ул. Спортивная, д. 63, кв. 86",+7-926-227-12-68,vinogradovar458@yandex.ru,На просм.,42,18228998,12.03.2024,13.05.2025,SAP ERP,Ипотека одобрена банком
169,RE-000169,Дом с земельным участком,Дом с земельным участком,Лебедева Светлана Николаевна,Коммерческое помещение,,Ростов-на-Дону,"ул. Садовая, д. 11, кв. 42",+7-925-397-13-72,lebedevasvet185@mail.ru,Сделка завершена,239,24691475,14.11.2024,17.02.2024,Собственная система учёта,Требуется юридическая проверка
170,RE-000170,Студия,Студия,Кузнецова Алина Николаевна,Коммерческое помещение,12345XYZ,Москва,"ул. Спортивная, д. 127, кв. 4",+7-939-744-77-28,kuznecovaali765@gmail.com,Снято с продажи,56,10430440,04.05.2025,13.02.2024,SAP ERP,
171,RE-000171,Торговое помещение,???,Воробьёв Егор Николаевич,Земельный участок,Аренда посуточная,Москва,"ул. Спортивная, д. 107, кв. 184",+7-929-689-58-51,vorobevegorn383@gmail.com,Снято с продажи,42,2346993,22.11.2023,16.01.2026,CRM Bitrix24,Ипотека одобрена банком
172,RE-000172,1-комнатная квартира,1-комнатная квартира,,Коммерческое помещение,Продажа,Казань,"ул. Садовая, д. 17, кв. 79",+7-945-696-73-77,lebedevairin845@yandex.ru,Снято с продажи,н/д,21094500,01.10.2023,15.02.2025,1С:Предприятие,Возможен торг
173,RE-000173,,Пентхаус,Виноградов Роман Александрович,Квартира,Продажа,Екатеринбург,"ул. Гагарина, д. 123, кв. 134",+7-910-723-24-21,vinogradovro874@mail.ru,Аванс получен,276,19088714,16.08.2024,28.06.2024,Excel-выгрузка,Продажа от собственника
174,RE-000174,2-комнатная квартира,2-комнатная квартира,Фёдорова Наталья Викторовна,Коммерческое помещение,Аренда долгосрочная,Краснодар,"ул. Гагарина, д. 21, кв. 187",+7-957-100-62-87,fedorovanata549@mail.ru,Снято с продажи,167,1377242,16.09.2024,22.04.2025,SAP ERP,
175,RE-000175,Торговое помещение,Торговое помещение,Волков Сергей Николаевич,Земельный участок,Аренда долгосрочная,Самара,"ул. Спортивная, д. 92, кв. 57",+7-959-653-36-66,volkovsergei609@outlook.com,На просмотре,185,16391936,25.01.2025,19.08.2025,CRM Bitrix24,Продажа от собственника
176,RE-000176,Торговое помещение,Торговое помещение,Иванова Виктория Сергеевна,Коммерческое помещение,Аренда долгосрочная,Пермь,"ул. Гагарина, д. 131, кв. 6",+7-912-230-42-60,ivanovavikto297@mail.ru,В продаже,89,4790157,01.09.2025,17.11.2025,SAP ERP,
177,RE-000177,Офисное помещение,Офисное помещение,Иванова Ольга Викторовна,Коммерческое помещение,Аренда посуточная,Ростов-на-Дону,"ул. Центральная, д. 35, кв. 180",+7-943-589-78-43,ivanovaolgav811@mail.ru,Неизвестная категория,200,13546724,25.11.2026,13.09.2026,CRM Bitrix24,Возможен торг
178,RE-000178,2-комнатная квартира,2-комнатная квартира,Воробьёв Сергей Сергеевич,Земельный участок,Аренда долгосрочная,Ворнж,"ул. Центральная, д. 48, кв. 195",+7-926-983-42-42,vorobevserge521@yandex.ru,В продаже,,15434918,06.05.2025,20.05.2024,SAP ERP,Требуется юридическая проверка
179,RE-000179,Дом с земельным участком,Дом с земельным участком,Новикова Екатерина Петровна,Земельный участок,Аренда долгосрочная,Нижний Новгород,"ул. Мира, д. 89, кв. 14",+7-954-953-72-89,novikovaekat952@gmail.com,Снято с продажи,180,7076778,13.07.2024,25.06.2024,CRM Bitrix24,
180,RE-000180,Складское помещение,Складское,Фёдорова Светлана Николаевна,,Аренда долгосрочная,Влгд,"ул. Пушкина, д. 143, кв. 124",телефон отсутствует,fedorovasvet530@outlook.com,Аванс получен,211,2645384,17.04.2023,28.06.2025,1С:Предприятие,Возможен торг
181,RE-000181,1-комнатная квартира,1-комнатная квартира,Попова Ксения Александровна,Жил. дом,Продажа,Екб,"ул. Центральная, д. 35, кв. 7",+7-948-473-63-30,popovakseniy831@,В продаже,194,17205583,05.11.2025,19.05.2024,Excel-выгрузка,Ипотека
182,RE-000182,3-комнатная квартира,3-комнатная квартира,Петрова Ольга Ивановна,Земельный участок,Аренда долгосрочная,Ростов-на-Дону,"ул. Центральная, д. 110, кв. 60",12345,petrovaolgai400@outlook.com,В продаже,236,24058317,02.03.2025,05.03.2026,12345XYZ,Ипотека одобрена банком
183,RE-000183,Таунхаус,Таунхаус,12345XYZ,Квартира,Аренда долгосрочная,Пермь,"ул. Пушкина, д. 145, кв. 115",+7-946-664-93-49,kozlovaannan650@outlook.com,Аванс получен,,4338354,14.08.2023,08.02.2026,1С:Предприятие,Требуется юридическая проверка
184,RE-000184,1-комнатная квартира,1-комнатная квартира,Смирнов Артём Николаевич,Коммерческое помещение,Аренда посуточная,не указано(ошибка),"ул. Гагарина, д. 49, кв. 103",+7-917-224-93-64,smirnovartem498@outlook.com,Аванс получен,244,16179077,08.02.2024,09.04.2026,1С:Предприятие,Требуется юридическая проверка
185,RE-000185,Складское помещение,Складское помещение,Попова Елена Петровна,Жилой дом,Аренда посуточная,Пермь,"ул. Советская, д. 86, кв. 188",+7-932-684-70-41,popovaelenap796@yandex.ru,Снято с прод.,218,18920813,16.02.2026,11.08.2026,12345XYZ,Возможен торг
186,RE-000186,Дом с земельным участком,Дом с земельным участком,Воробьёва Екатерина Дмитриевна,Жилой дом,Продажа,Ростов-на-Дону,"ул. Мира, д. 87, кв. 87",+7-948-629-84-33,vorobevaekat465@yandex.ru,Сделка завер.,,6572815,28.04.2024,12.07.2025,SAP ERP,Требуется юридическая проверка
187,RE-000187,Офисное помещение,Офисное помещение,Воробьёва Ольга Сергеевна,Земельный участок,Аренда посуточная,Новосибирск,"ул. Пушкина, д. 25, кв. 1",+7-936-596-55-75,vorobevaolga531@gmail.com,,132,9715301,11.03.2026,02.09.2026,SAP ERP,Требуется юридическая проверка
188,RE-000188,Пентхаус,Пентхаус,Смирнова Ольга Дмитриевна,,Аренда посуточная,Краснодар,"ул. Ленина, д. 47, кв. 198",+7-942-219-32-52,smirnovaolga275@gmail.com,На просм.,199,2173975,08.11.2025,05.05.2025,Excel-выгрузка,Возможен торг
189,RE-000189,1-комнатная квартира,1-комнатная квартира,Морозов Дмитрий Александрович,Квартира,Аренда долгосрочная,Казань,"ул. Пушкина, д. 117, кв. 151",+7-933-305-48-39,morozovdmitr56@yandex.ru,Сделка завершена,216,14676493,09.01.2026,,CRM Bitrix24,Продажа от собственника
190,RE-000190,Пентхаус,Пентхаус,Богданов Владимир Сергеевич,Жилой дом,Продажа,Новосибирск,???,,bogdanovvlad439@gmail.com,Снято с продажи,114,1546185,16.04.2025,10.10.2026,1С:Предприятие,
191,RE-000191,Таунхаус,Таунхаус,Павлова Светлана Дмитриевна,Земельн. уч-к,Аренда долгосрочная,не указано(ошибка),"ул. Садовая, д. 110, кв. 72",,pavlovasvetl373@yandex.ru,,142,18029794,23.08.2025,04.03.2024,CRM Bitrix24,Возможен торг
192,RE-000192,Складское помещение,Складское помещение,Кузнецова Ольга Сергеевна,Жилой дом,Аренда долгосрочная,Челябинск,"ул. Советская, д. 125, кв. 169",+7-955-851-36-86,kuznecovaolg926@yandex.ru,На просм.,204,23328413,27.02.2023,06.03.2026,Excel-выгрузка,Требуется юридическая проверка
193,RE-000193,Пентхаус,Пентхаус,Голубев Роман Александрович,Жилой дом,Продажа,Москва,"ул. Победы, д. 52, кв. 185",+7-941-220-77-14,golubevroman22@yandex.ru,Аванс получ.,141,22550794,22.08.2024,08.06.2025,1С:Предприятие,####
194,RE-000194,Таунхаус,Таунхаус,Фёдоров Илья Николаевич,Жил. дом,Продажа,Санкт-Петербург,"ул. Победы, д. 37, кв. 21",+7-935-544-42-97,fedorovilyan751@gmail.com,Неизвестная категория,188,877832,09.11.2026,16.02.2024,,Продажа от собственника
195,RE-000195,Таунхаус,Таунхаус,Петрова Елена Викторовна,Земельный участок,Аренда долгосрочная,Волгоград,"ул. Победы, д. 128, кв. 95",+7-953-624-34-58,petrovaelena620@gmail.com,На просмотре,299,24506034,25.07.2026,01.02.2026,Excel-выгрузка,Возможен торг
196,RE-000196,1-комнатная квартира,1-комнатная квартира,Соколов Илья Дмитриевич,Жилой дом,Аренда долгосрочная,Пермь,"ул. Победы, д. 64, кв. 186",+7-931-973-39-79,sokolovilyad119@yandex.ru,Снято с прод.,70,1446238,05.05.2026,22.05.2026,CRM Bitrix24,Возможен торг
197,RE-000197,12345XYZ,2-комнатная квартира,Морозова Татьяна Андреевна,Коммерч. помещ.,Аренда долгосрочная,Казань,"ул. Пушкина, д. 30, кв. 2",+7-949-607-57-76,morozovataty747@outlook.com,Сделка завершена,237,22505782,13.10.2026,15.09.2024,1С:Предприятие,
198,RE-000198,Пентхаус,Пентхаус,Алексеева Мария Николаевна,Жилой дом,Аренда долгосрочная,Ростов-на-Дону,"ул. Гагарина, д. 55, кв. 22",+7-939-748-70-14,alekseevamar458@outlook.com,На просмотре,138,22661291,20.11.2023,14.07.2026,Собственная система учёта,Ипотека
199,RE-000199,2-комнатная квартира,,Петров Максим Андреевич,Квартира,Аренда долгосрочная,Казань,"ул. Мира, д. 85, кв. 120",+7-922-207-49-34,petrovmaksim365@mail.ru,Снято с продажи,217,4338129,12.01.2026,22.06.2024,1С:Предприятие,Возможен торг
200,RE-000200,Офисное помещение,Офисное помещение,Лебедев Кирилл Иванович,Кварт.,Аренда долгосрочная,Воронеж,ОШИБКА_ДАННЫХ,+7-916-6,lebedevkiril672@yandex.ru,На просмотре,294,8646865,21.09.2024,01.11.2026,1С:Предприятие,Продажа от собственника
