ID,Код записи,Номер полиса,Номер полиса (повтор),ФИО страхователя,Тип полиса,Категория риска,Город,Адрес,Телефон,Email,Статус страхового случая,"Срок действия полиса, мес.","Страховая премия, руб.",Дата создания записи,Дата последнего обновления,Система-источник,Примечания
1,INS-000001,POL-600598,POL-600598,Кузнецов Владимир Сергеевич,Страхование жизни,Средний,Пермь,"ул. Центральная, д. 5, кв. 113",телефон отсутствует,kuznecovvlad914@yandex.ru,Выпл. произвед.,12,35433,10.02.2024,14.11.2025,Собственная система учёта,Требуется независимая экспертиза
2,INS-000002,POL-820170,POL-820170,Петрова Алина Николаевна,Автогражданская ответственность,Низкий,Краснодар,"ул. Ленина, д. 126, кв. 157",12345,petrovaalina653@mail.ru,Отклонён,23,82714,09.04.2025,28.10.2025,SAP ERP,Полис оформлен онлайн
3,INS-000003,POL-504495,POL-504495,Лебедева Ольга Ивановна,Автогражданская ответственность,Низкий,Екб,"ул. Мира, д. 58, кв. 33",+7-915-129-72-90,нет_почты,На рассмотрении,11,38499,15.03.2026,26.02.2026,CRM Bitrix24,Требуется независимая экспертиза
4,INS-000004,POL-415337,,Воробьёв Сергей Николаевич,Страхование имущества,,Краснодар,"ул. Пушкина, д. 145, кв. 130",+7-937-737-38-50,vorobevserge150@mail.ru,Выпл. произвед.,55,90271,04.01.2025,17.07.2025,,Полис оформлен онлайн
5,INS-000005,POL-559266,POL-559266,Лебедева Ирина Ивановна,Страхование жизни,Высокий,Ростов-на-Дону,"ул. Молодёжная, д. 107, кв. 17",+7-938-742-15-33,lebedevairin875@outlook.com,Отклонён,50,118046,19.12.2025,01.02.2024,Excel-выгрузка,Требуется независимая экспертиза
6,INS-000006,POL-914700,POL-914700,Виноградова Виктория Андреевна,Страхование имущества,Низкий,Смр,"ул. Молодёжная, д. 123, кв. 193",+7-910-207-13-40,нет_почты,Одобрен,60,56381,25.09.2025,20.11.2025,SAP ERP,
7,INS-000007,POL-992595,POL-992595,нет данных(ошибка),Страхование имущества,Низкий,Пермь,"ул. Гагарина, д. 28, кв. 149",+7-938-534-61-45,golubevasvet840@gmail.com,Выплата произведена,55,8513,20.02.2026,09.07.2024,SAP ERP,Полис
8,INS-000008,POL-848475,,Попов Владимир Николаевич,Страх. жизни,Низкий,Казань,12345XYZ,+7-942-125-56-19,popovvladimi844@mail.ru,,20,61273,22.06.2024,10.12.2026,Собственная система учёта,Полис оформлен онлайн
9,INS-000009,POL-944466,POL-944466,Кузнецов Артём Сергеевич,Страхование жизни,Высокий,Краснодар,N/A,+7-928-806-99-10,kuznecovarte33@mail.ru,На рассмотрении,15,106915,16.07.2026,01.07.2024,SAP ERP,Повторное обращение по случаю
10,INS-000010,POL-566147,POL-566147,Егоров Егор Николаевич,Страхование имущества,Средний,Казань,"ул. Гагарина, д. 63, кв. 109",+7-926-929-82-87,,Выпл. произвед.,35,48709,10.03.2023,23.02.2025,CRM Bitrix24,Урегулирование в досудебном порядке
11,INS-000011,POL-463455,POL-463455,Павлова Ксения Сергеевна,Добровольное страхование автотранспорта,Низкий,Крд,"ул. Советская, д. 29, кв. 183",+7-957-856-44-32,pavlovakseni393@gmail.com,Заявлен,13,н/д,18.12.2023,26.08.2024,CRM Bitrix24,Требуется независимая экспертиза
12,INS-000012,POL-749721,POL-749721,Виноградов Андрей Иванович,ОСАГО,Средний,Санкт-Петербург,"ул. Победы, д. 5, кв. 71",+7-943-469-49-75,vinogradovan320@outlook.com,На рассм.,38,,06.12.2023,17.01.2026,Собственная система учёта,Повторное обращение по случаю
13,INS-000013,POL-371607,POL-371607,???,Неизвестная категория,Средний,Нижний Новгород,"ул. Гагарина, д. 79, кв. 145",+7-928-173-79-31,pavlovnikita331@outlook.com,Одобрен,45,29956,23.08.2023,21.05.2024,1С:Предприятие,Полис оформлен онлайн
14,INS-000014,POL-419608,POL-419608,Алексеев Дмитрий Петрович,Страхование имущества,Высокий,Казань,"ул. Молодёжная, д. 68, кв. 118",+7-920-322-65-60,alekseevdmit739@mail.ru,Заявлен,30,54158,16.05.2023,28.03.2024,Excel-выгрузка,
15,INS-000015,POL-813818,POL-813818,Петрова Дарья Николаевна,Страх. жизни,,не указано(ошибка),"ул. Мира, д. 115, кв. 44",+7-927-913-67-97,petrovadarya262@mail.ru,Отклонён,23,32929,03.07.2025,06.11.2026,SAP ERP,Повторное обращение по случаю
16,INS-000016,POL-102633,POL-102633,Петров Максим Сергеевич,Страхование имущества,Средний,Пермь,"ул. Пушкина, д. 135, кв. 32",+7-939-279-61-71,petrovmaksim73@yandex.ru,На рассм.,57,76506,02.05.2024,06.08.2025,1С:Предприятие,Повторное обращение по случаю
17,INS-000017,POL-591848,POL-591848,Павлов Павел Александрович,Добровольное страхование автотранспорта,Высокий,Ростов-на-Дону,"ул. Центральная, д. 18, кв. 80",+7-912-510-29-13,pavlovpavela644@outlook.com,На рассм.,5,59408,,04.08.2026,SAP ERP,Требуется
18,INS-000018,POL-728856,POL-728856,####,Страхование жизни,Средний,Краснодар,"ул. Ленина, д. 6, кв. 8",,petrovviktor196@mail.ru,Одобрен,50,81966,12.03.2023,03.06.2025,1С:Предприятие,
19,INS-000019,POL-779192,POL-779192,Лебедева Екатерина Александровна,Автогражданская ответственность,Высокий,Новосибирск,"ул. Пушкина, д. 6, кв. 82",+7-935-273-62-82,lebedevaekat605@gmail.com,Одобрен,7,76129,07.06.2026,19.09.2026,SAP ERP,
20,INS-000020,POL-571830,???,Иванов Павел Николаевич,Автогражданская ответственность,Средний,Крд,"ул. Молодёжная, д. 58, кв. 27",+7-946-477-83-16,ivanovpaveln350@yandex.ru,Отклонён,50,91734,06.07.2023,,???,Повторное обращение по случаю
21,INS-000021,POL-349843,POL-349843,Попова Алина Николаевна,КАСКО,Высокий,Краснодар,"ул. Центральная, д. 33, кв. 126",+7-936-429-18-99,popovaalinan757@mail.ru,Одобрен,3,22571,24.01.2023,25.11.2025,CRM,Повторное обращение по случаю
22,INS-000022,POL-761821,POL-761821,Алексеев Павел Сергеевич,Страх. жизни,Средний,Челяб.,"ул. Молодёжная, д. 118, кв. 110",+7-925-688-24-69,alekseevpave30@mail.ru,Одобрен,44,33813,28.12.2025,23.01.2024,Excel-выгрузка,Требуется независимая экспертиза
23,INS-000023,POL-629583,POL-629583,Голубев,Добровольное страхование автотранспорта,Низкий,Челябинск,"ул. Молодёжная, д. 21, кв. 191",+7-953-200-43-66,golubevandre313@yandex.ru,Одобрен,35,14714,09.07.2025,вчера,CRM Bitrix24,
24,INS-000024,,POL-801940,Алексеев Андрей Дмитриевич,Стр,Низкий,Воронеж,"ул. Мира, д. 98, кв. 23",+7-925-204-47-75,alekseevandr712@outlook.com,Заявлен,59,98924,04.06.2025,06.07.2025,CRM Bitrix24,Повторное обращение по случаю
25,INS-000025,POL-867215,POL-867215,Лебедева Виктория Петровна,Автогражданская ответственность,Высокий,Казань,"ул. Советская, д. 38, кв. 120",+7-935-535-57-27,lebedevavikt516@outlook.com,Одобрен,,3298,2026-13-45,02.05.2026,1С:Предприятие,Урегулирование в досудебном порядке
26,INS-000026,POL-844030,POL-844030,Новиков Артём Николаевич,Страхование жизни,Высокий,Москва,"ул. Гагарина, д. 71, кв. 162",+7-937-509-63-45,novikovartem48@gmail.com,На рассмотрении,37,75303,24.02.2026,08.10.2026,CRM Bitrix24,Повторное обращение по случаю
27,INS-000027,POL-730304,POL-730304,Попов Егор Андреевич,Страхование имущества,Низкий,Пер,"ул. Пушкина, д. 135, кв. 136",+7-955-147-71-92,,,15,13664,19.03.2025,11.09.2024,1С:Предприятие,Полис оформлен онлайн
28,INS-000028,POL-636743,POL-636743,Попов Дмитрий Николаевич,категория_5,Высокий,Москва,"ул. Садовая, д. 30, кв. 91",+7-948-7,popovdmitrii155@yandex.ru,Одобрен,59,74756,04.11.2024,11.02.2026,Собственная система учёта,нет данных(ошибка)
29,INS-000029,POL-295137,POL-295137,Богданова Светлана Николаевна,Страх. имущ.,Средний,Волгоград,"ул. Спортивная, д. 132, кв. 196",+7-938-272-61-12,bogdanovasve111@outlook.com,Выпл. произвед.,32,108853,26.10.2023,05.06.2025,Собственная система учёта,Урегулирование в досудебном порядке
30,INS-000030,POL-168036,POL-168036,Попова Мария Александровна,Страхование жизни,Низкий,Екб,"ул. Центральная, д. 55, кв. 142",+7-944-386-87-50,popovamariya700@yandex.ru,Одобрен,16,43603,16.10.2025,06.12.2026,Excel-выгрузка,Полис оформлен онлайн
31,INS-000031,POL-705603,POL-705603,Алексеев Андрей Александрович,Страхование имущества,Высокий,Екатеринбург,"ул. Гагарина, д. 99, кв. 20",+7-935-589-58-43,alekseevandr419@gmail.com,Выпл. произвед.,56,64294,18.07.2025,,Excel-выгрузка,
32,INS-000032,POL-851896,POL-851896,Козлов Роман Николаевич,ОСАГО,Средний,,"ул. Гагарина, д. 10, кв. 157",+7-951-918-69-16,kozlovromann654@,Отклонён,51,69694,05.03.2024,22.04.2025,SAP ERP,
33,INS-000033,POL-888535,POL-888535,Морозов Дмитрий Викторович,Страх. имущ.,Низкий,Воронеж,"ул. Пушкина, д. 9, кв. 29",+7-913-688-83-81,morozovdmitr732@outlook.com,Откл.,42,95848,19.08.2025,22.11.2026,1С:Предприятие,Полис оформлен онлайн
34,INS-000034,,POL-845888,Семёнов Александр Николаевич,Добровольное страхование автотранспорта,Средний,,"ул. Центральная, д. 89, кв. 176",+7-912-121-32-82,ivanov.mail.ru,Выпл. произвед.,27,44497,,24.03.2025,1С:Предприятие,Полис оформлен онлайн
35,INS-000035,POL-967343,POL-967343,Смирнова Ирина Ивановна,Добровольное страхование автотранспорта,,Челябинск,"ул. Центральная, д. 40, кв. 2",+7-943-694-69-89,smirnovairin664@mail.ru,Выплата произведена,35,33316,14.02.2026,22.06.2025,Excel-выгрузка,
36,INS-000036,POL-803677,POL-803677,Богданов Никита Сергеевич,Автогражданская ответственность,Средний,Санкт-Петербург,"ул. Мира, д. 148, кв. 87",+7-943-831-76-30,bogdanovniki139@gmail.com,Откл.,42,106010,02.12.2023,02.04.2026,1С:Предприятие,Повторное обращение по случаю
37,INS-000037,POL-601463,POL-601463,Голубева Мария Дмитриевна,Страх. имущ.,Низкий,Волгоград,"ул. Центральная, д. 103, кв. 153",+7-912-848-41-65,golubevamari401@yandex.ru,Одобрен,18,30569,27.03.2024,26.09.2025,Собственная система учёта,Урегулирование в досудебном порядке
38,INS-000038,POL-474419,POL-474419,Воробьёв Павел Сергеевич,Страхование жизни,Низкий,Челябинск,"ул. Центральная, д. 115, кв. 53",+7-911-793-27-35,vorobevpavel47@outlook.com,На рассмотрении,7,56984,17.01.2025,12.06.2025,1С:Предприятие,Полис оформлен онлайн
39,INS-000039,POL-330388,POL-330388,Попова Екатерина Александровна,Страхование имущества,Низкий,Ворнж,ул.,+7-942-664-80-68,popovaekater609@gmail.com,Одобр.,17,118116,04.04.2024,03.02.2026,SAP ERP,Повторное обращение по случаю
40,INS-000040,POL-783264,POL-783264,Козлова Татьяна Дмитриевна,ОСАГО,Высокий,Пермь,"ул. Спортивная, д. 114, кв. 90",+7-958-525-77-38,kozlovatatya412@yandex.ru,Отклонён,2,36583,2025,15.09.2026,Excel-выгрузка,Требуется независимая экспертиза
41,INS-000041,POL-410039,POL-410039,Егорова Полина Викторовна,Страхование имущества,Средний,Смр,"ул. Гагарина, д. 34, кв. 54",+7-913-296-13-76,egorovapolin961@gmail.com,Выплата произведена,15,73431,12.01.2026,14.08.2025,,Повторное обращение по случаю
42,INS-000042,POL-263914,POL-263914,Новикова Мария Петровна,Добровольное страхование автотранспорта,Низкий,Екб,"ул. Мира, д. 35, кв. 42",+7-938-661-17-75,novikovamari11@mail.ru,Выплата произведена,36,67716,02.12.2026,09.05.2024,SAP ERP,
43,INS-000043,POL-763162,POL-763162,Семёнова Алина Петровна,Добровольное страхование автотранспорта,Высокий,Пермь,"ул. Советская, д. 75, кв. 90",+7-922-501-51-38,semenovaalin607@gmail.com,Откл.,36,96973,13.12.2025,22.09.2026,CRM Bitrix24,
44,INS-000044,POL-978995,POL-978995,Петрова Ирина Викторовна,Добровольное страхование автотранспорта,Средний,Самара,"ул. Садовая, д. 106, кв. 106",12345,petrovairina25@gmail.com,Отклонён,1,2971,08.01.2024,25.05.2025,1С:Предприятие,Повторное обращение по случаю
45,INS-000045,POL-761014,####,Павлова Алина Андреевна,КАСКО,Средний,Казань,,+7-927-156-39-22,pavlovaalina659@yandex.ru,На рассм.,34,26266,26.11.2026,06.05.2025,Собственная система учёта,Урегулирование в досудебном порядке
46,INS-000046,POL-279414,POL-279414,Волкова Полина Дмитриевна,Страхование жизни,Высокий,Челябинск,"ул. Победы, д. 110, кв. 85",+7-935-943-52-78,volkovapolin420@gmail.com,Выплата произведена,45,17882,11.07.2023,08.07.2025,Excel-выгрузка,
47,INS-000047,POL-862973,POL-862973,Новиков Максим Викторович,Страхование жизни,Высокий,Новосиб.,"ул. Мира, д. 113, кв. 12",+7-934-757-46-83,novikovmaksi155@gmail.com,Откл.,,12653,12.06.2026,2024,CRM Bitrix24,Полис оформлен онлайн
48,INS-000048,,POL-557839,-,Страхование жизни,Средний,Вол,"ул. Мира, д. 34, кв. 101",+7-936-345-50-10,volkovartemd806@gmail.com,Откл.,1,44902,24.12.2023,21.09.2025,Excel-выгрузка,Полис оформлен онлайн
49,INS-000049,POL-527263,нет данных(ошибка),,Добровольное страхование автотранспорта,Низкий,Екб,"ул. Садовая, д. 62, кв. 92",+7-937-265-72-37,sokolovanata97@outlook.com,Заявлен,,12347,24.01.2024,10.01.2025,SAP ERP,Урегулирование в досудебном порядке
50,INS-000050,POL-954767,POL-954767,Виноградов Артём Сергеевич,Добровольное страхование автотранспорта,Высокий,Пермь,"ул. Ленина, д. 17, кв. 198",+7-915-312-46-79,vinogradovar432@yandex.ru,Одобр.,47,45035,18.03.2023,2026-13-45,CRM Bitrix24,Урегулирование в досудебном порядке
51,INS-000051,ОШИБКА_ДАННЫХ,POL-633134,Воробьёва Дарья Викторовна,Страхование жизни,Низкий,Нижний Новгород,"ул. Молодёжная, д. 60, кв. 156",+7-940-128-87-11,vorobevadary340@yandex.ru,Одобрен,52,97188,19.11.2024,20.01.2025,Excel-выгрузка,Урегулирование в досудебном порядке
52,INS-000052,POL-130358,POL-130358,Попов Илья Петрович,Добровольное страхование автотранспорта,Низкий,Краснодар,"ул. Советская, д. 44, кв. 150",+7-955-586-93-63,popovilyapet998@mail.ru,Заявлен,57,33383,25.09.2023,08.04.2026,Excel-выгрузка,Урегулирование в досудебном порядке
53,INS-000053,POL-846135,POL-846135,Новикова Алина Сергеевна,Страхование жизни,Высокий,Екатеринбург,"ул. Садовая, д. 21, кв. 108",+7-929-464-39-70,novikovaalin446@outlook.com,,17,15725,08.02.2023,06.05.2025,SAP ERP,
54,INS-000054,POL-623747,POL-623747,Голубев Артём Дмитриевич,,Высокий,###,"ул. Гагарина, д. 115, кв. 94",+7-929-198-16-84,golubevartem838@gmail.com,Выпл. произвед.,29,-1,11.09.2026,05.05.2026,1С:Предприятие,Полис оформлен онлайн
55,INS-000055,POL-494302,POL-494302,N/A,Страхование имущества,Средний,Екатеринбург,"ул. Пушкина, д. 131, кв. 83",+7-926-250-13-82,sokolovdmitr910@outlook.com,Заявл.,,,09.09.2026,17.11.2026,CRM Bitrix24,
56,INS-000056,POL-691846,POL-691846,Морозов Максим Сергеевич,ОСАГО,Низкий,Волгоград,"ул. Советская, д. 107, кв. 41",+7-947-834-37-79,нет_почты,Выпл. произвед.,30,60086,24.09.2026,04.04.2025,CRM Bitrix24,Урегулирование в досудебном порядке
57,INS-000057,ОШИБКА_ДАННЫХ,POL-114040,Новиков Илья Андреевич,,Высокий,Пермь,"ул. Победы, д. 7, кв. 167",+7-922-994-85-66,novikovilyaa232@outlook.com,Заявл.,17,116267,10.08.2023,17.10.2024,Собственная система учёта,
58,INS-000058,POL-649734,POL-649734,Егорова Светлана Андреевна,Автогражданская ответственность,Высокий,Крд,"ул. Советская, д. 101, кв. 122",+7-928-520-96-35,egorovasvetl687@yandex.ru,Заявлен,16,39894,15.07.2025,26.03.2024,N/A,Полис оформлен онлайн
59,INS-000059,POL-683131,POL-683131,Голубев Артём Александрович,Страхование имущества,Высокий,Москва,"ул. Советская, д. 137, кв. 54",+7-928-945-34-11,golubevartem634@outlook.com,Заявлен,51,33957,12.12.2025,24.05.2025,1С:Предприятие,Полис оформлен онлайн
60,INS-000060,POL-572019,POL-572019,Фёдорова Елена Александровна,Страхование жизни,Высокий,Санкт-Петербург,"ул. Гагарина, д. 44, кв. 27",+7-945-728-77-12,fedorovaelen678@yandex.ru,На рассмотрении,28,30012,03.01.2023,18.09.2024,1С:Предприятие,
61,INS-000061,POL-815763,POL-815763,Егоров Никита Иванович,Добровольное страхование автотранспорта,Высокий,Волгоград,"ул. Советская, д. 31, кв. 147",+7-916-754-31-32,egorovnikita431@outlook.com,Откл.,23,50495,18.04.2025,2024,CRM Bitrix24,Урегулирование в досудебном порядке
62,INS-000062,POL-599799,POL-599799,Фёдорова Ксения Петровна,Добровольное страхование автотранспорта,Средний,Самара,"ул. Молодёжная, д. 137, кв. 182",,fedorovaksen566@mail.ru,Одобр.,58,103494,25.02.2024,28.05.2026,Excel-выгрузка,
63,INS-000063,POL-924671,POL-924671,Лебедев Никита Иванович,Добровольное страхование автотранспорта,Высокий,Екатеринбург,"ул. Ленина, д. 63, кв. 143",+7-933-856-43-68,lebedevnikit530@yandex.ru,Выплата произведена,54,50577,04.03.2025,24.05.2024,SAP ERP,
64,INS-000064,POL-462807,POL-462807,Голубев Никита Александрович,Страх. имущ.,Высокий,Пермь,ул.,+7-951-859-11-29,golubevnikit100@mail.ru,Выплата произведена,49,116295,03.09.2023,15.01.2025,CRM Bitrix24,
65,INS-000065,POL-381567,POL-381567,Лебедева Юлия Дмитриевна,ОСАГО,Низкий,Москва,"ул. Центральная, д. 7, кв. 93",+7-99-abc-12-34,lebedevayuli492@outlook.com,На рассмотрении,53,27888,09.02.2026,21.10.2024,Excel-выгрузка,
66,INS-000066,POL-718442,POL-718442,Соколова Мария Сергеевна,Автогражданская ответственность,Низкий,Волгоград,"ул. Победы, д. 77, кв. 73",+7-912-655-25-41,sokolovamari830@outlook.com,На ,46,ABC,24.07.2026,27.02.2024,1С:Предприятие,Урегулирование в досудебном порядке
67,INS-000067,POL-165715,,Козлова Алина Ивановна,Страхование жизни,Средний,Санкт-Петербург,"ул. Советская, д. 6, кв. 111",+7-940-713-20-36,kozlovaalina571@yandex.ru,Одобрен,15,94313,13.12.2025,03.11.2024,Собственная система учёта,Урегулирование в досудебном порядке
68,INS-000068,POL-564526,POL-564526,Соколов Владимир Николаевич,Автогражданская ответственность,Средний,Воронеж,"ул. Гагарина, д. 53, кв. 115",+7-942-700-52-97,sokolovvladi54@gmail.com,Одобр.,32,87788,19.08.2026,25.03.2024,1С:Предприятие,
69,INS-000069,POL-964032,POL-964032,Морозов Роман Дмитриевич,Страхование имущества,Средний,,"ул. Победы, д. 141, кв. 171",+7-927-605-25-36,morozovroman670@outlook.com,Выпл. произвед.,ERROR,35236,18.07.2024,17.03.2024,1С:Предприятие,Повторное обращение по случаю
70,INS-000070,POL-606673,POL-606673,Иванов Дмитрий Викторович,Добровольное страхование автотранспорта,Высокий,Пермь,"ул. Мира, д. 85, кв. 106",+7-921-610-81-36,ivanovdmitri812@mail.ru,На рассм.,15,107967,20.03.2025,20.11.2026,CRM Bitrix24,Полис оформлен онлайн
71,INS-000071,POL-367013,POL-367013,Фёдорова Светлана Ивановна,Страхование имущества,Низкий,Екатеринбург,"ул. Ленина, д. 17, кв. 135",+7-931-118-67-91,нет_почты,Заявлен,40,50426,20.11.2025,15.08.2026,1С:Предприятие,Урегулирование в досудебном порядке
72,INS-000072,POL-323439,POL-323439,Павлова Виктория Дмитриевна,Страхование жизни,Низкий,Новосибирск,"ул. Спортивная, д. 22, кв. 34",+7-913-388-58-49,pavlovavikto302@gmail.com,Отклонён,9,63081,07.02.2025,16.10.2026,SAP ERP,Полис
73,INS-000073,POL-525475,POL-525475,####,Страхование жизни,Средний,Казань,"ул. Ленина, д. 92, кв. 177",+7-939-421-30-10,kozlovavikto915@outlook.com,На рассмотрении,49,42109,04.04.2026,08.02.2026,,Требуется независимая экспертиза
74,INS-000074,POL-332401,POL-332401,Смирнова Юлия Андреевна,,Низкий,Воронеж,"ул. Мира, д. 111, кв. 6",+7-940-491-28-59,smirnovayuli31@gmail.com,Отк,20,113755,14.04.2023,01.05.2026,Excel-выгрузка,
75,INS-000075,POL-571846,POL-571846,Семёнов Алексей Сергеевич,не указано(ошибка),Высокий,Санкт-Петербург,"ул. Гагарина, д. 28, кв. 10",+7-938-288-58-49,semenovaleks967@yandex.ru,Отклонён,12,43821,02.07.2023,27.10.2026,Excel-выгрузка,Урегулирование в досудебном порядке
76,INS-000076,POL-583353,POL-583353,???,КАСКО,Средний,Нижний Новгород,,+7-948-719-96-49,egorovdmitri334@mail.ru,Отклонён,5,117443,16.09.2023,27.02.2026,Excel-выгрузка,Полис оформлен онлайн
77,INS-000077,POL-136777,POL-136777,Лебедева Светлана Сергеевна,КАСКО,Низкий,Челябинск,"ул. Советская, д. 35, кв. 53",+7-932-218-46-29,lebedevasvet766@yandex.ru,Одобрен,51,ERROR,23.05.2025,10.03.2024,####,
78,INS-000078,POL-822243,POL-822243,Виноградов Максим Андреевич,Автогражданская ответственность,Средний,Краснодар,"ул. Гагарина, д. 98, кв. 141",+7-943-858-32-70,vinogradovma820@mail.ru,Выпл. произвед.,27,88738,24.01.2025,24.02.2024,CRM Bitrix24,Полис оформлен онлайн
79,INS-000079,POL-150828,POL-150828,Петрова Светлана Андреевна,Автогражданская ответственность,Высокий,Пермь,"ул. Центральная, д. 70, кв. 163",+7-953-240-72-43,petrovasvetl543@gmail.com,Выплата произведена,39,ERROR,24.07.2023,23.09.2026,Собственная система учёта,Требуется независимая экспертиза
80,INS-000080,POL-783421,POL-783421,Морозов Егор Сергеевич,Страх. жизни,Низкий,Пермь,"ул. Победы, д. 6, кв. 75",+7-914-227-81-51,morozovegors411@gmail.com,Одобрен,31,57586,18.01.2023,27.09.2024,Собственная система учёта,Требуется независимая экспертиза
81,INS-000081,POL-371687,POL-371687,Фёдоров Александр Александрович,Страхование жизни,Высокий,Новосибирск,"ул. Победы, д. 65, кв. 92",+7-952-493-35-34,fedorovaleks157@gmail.com,Одобр.,59,25395,11.02.2026,24.09.2026,CRM Bitrix24,Полис оформлен онлайн
82,INS-000082,POL-638879,POL-638879,Петрова Ксения Викторовна,Страхование жизни,Низкий,Новосибирск,"ул. Ленина, д. 110, кв. 97",+7-945-142-34-90,petrovakseni933@outlook.com,###,11,55132,24.02.2025,11.04.2025,CRM Bitrix24,Полис оформлен онлайн
83,INS-000083,POL-301657,POL-301657,Лебедева Анна Николаевна,Добровольное страхование автотранспорта,Высокий,Москва,"ул. Ленина, д. 1, кв. 177",+7-926-604-63-61,lebedevaanna979@gmail.com,Одобр.,39,105573,17.07.2024,25.09.2024,Excel-выгрузка,Требуется независимая экспертиза
84,INS-000084,POL-143122,ОШИБКА_ДАННЫХ,Петрова Екатерина Викторовна,Добровольное страхование автотранспорта,Низкий,Екатеринбург,"ул. Молодёжная, д. 49, кв. 30",+7-926-4,petrovaekate942@outlook.com,Заявлен,24,25155,12.12.2024,04.06.2025,Собственная система учёта,Полис оформлен онлайн
85,INS-000085,12345XYZ,POL-621254,Павлов Илья Дмитриевич,Страх. жизни,Средний,Пермь,"ул. Садовая, д. 16, кв. 199",+7-927-266-91-24,pavlovilyadm20@mail.ru,категория_5,58,57611,23.02.2024,07.03.2026,SAP ERP,нет данных(ошибка)
86,INS-000086,-,POL-546458,Богданов Сергей Петрович,Добровольное страхование автотранспорта,Низкий,Воронеж,"ул. Пушкина, д. 134, кв. 154",+7-913-409-45-82,bogdanovserg976@gmail.com,На рассмотрении,27,,12.05.2026,22.01.2025,CRM Bitrix24,Полис оформлен онлайн
87,INS-000087,POL-790434,POL-790434,Морозова Ольга Александровна,Страх. имущ.,Низкий,Новосиб.,"ул. Пушкина, д. 27, кв. 39",+7-941-327-36-46,morozovaolga49@gmail.com,Одобрен,58,51668,07.06.2024,10.09.2026,Excel-выгрузка,Полис оформлен онлайн
88,INS-000088,POL-280765,POL-280765,Попов Максим Сергеевич,Страх. жизни,Высокий,Москва,"ул. Центральная, д. 32, кв. 60",+7-930-946-70-86,popovmaksims419@outlook.com,Выпл. произвед.,48,81659,11.04.2025,26.10.2025,SAP ERP,Повторное обращение по случаю
89,INS-000089,POL-933756,POL-933756,Семёнов Андрей Викторович,Страхование имущества,Низкий,Н.Новгород,"ул. Спортивная, д. 99, кв. 116",,semenovandre468@yandex.ru,Заявлен,43,49208,16.12.2024,02.04.2024,1С:Предприятие,Полис оформлен онлайн
90,INS-000090,POL-245346,POL-245346,####,Страхование жизни,Низкий,Санкт-Петербург,"ул. Советская, д. 84, кв. 163",+7-935-707-45-72,semenovataty173@mail.ru,Откл.,32,30835,02.06.2026,07.12.2025,CRM Bitrix24,Повторное обращение по случаю
91,INS-000091,POL-809769,POL-809769,Голубев Александр Николаевич,Автогражданская ответственность,Низкий,Ростов-на-Дону,"ул. Садовая, д. 64, кв. 172",+7-920-546-28-15,golubevaleks679@yandex.ru,Заявлен,47,23476,19.01.2024,14.09.2024,1С:Предприятие,Требуется независимая экспертиза
92,INS-000092,POL-117398,POL-117398,Богданова Ирина Андреевна,Автогражданская ответственность,Средний,Сам,"ул. Победы, д. 101, кв. 172",+7-925-335-99-56,bogdanovairi930@yandex.ru,Отклонён,34,114887,07.12.2025,05.11.2024,SAP ERP,12345XYZ
93,INS-000093,POL-833394,POL-833394,-,КАСКО,Низкий,Ростов-на-Дону,"ул. Пушкина, д. 1, кв. 51",+7-911-841-59-72,volkovasvetl62@,Выпл. произвед.,48,80017,23.10.2023,31.02.2026,SAP ERP,Урегулирование в досудебном порядке
94,INS-000094,POL-785383,POL-785383,Фёдоров Павел Александрович,Страхование имущества,Средний,Ростов-на-Дону,####,+7-912-467-98-65,fedorovpavel144@gmail.com,Выплата произведена,22,118719,07.07.2024,02.10.2025,SAP ERP,Требуется независимая экспертиза
95,INS-000095,POL-387162,POL-387162,Семёнов Александр Викторович,Страхование жизни,Средний,Ростов-на-Дону,"ул. Молодёжная, д. 19, кв. 63",+7-910-330-12-62,semenovaleks109@mail.ru,Выплата произведена,21,51989,07.08.2026,18.09.2024,SAP ERP,Требуется независимая экспертиза
96,INS-000096,POL-917938,POL-917938,Богданов Илья Андреевич,Автогражданская ответственность,Средний,Казань,"ул. Гагарина, д. 6, кв. 184",+7-931-865-57-47,bogdanovilya530@yandex.ru,Заявлен,11,75025,18.12.2025,09.10.2024,CRM Bitrix24,
97,INS-000097,POL-139431,ОШИБКА_ДАННЫХ,Морозова Анна Дмитриевна,Добровольное страхование автотранспорта,Средний,Пермь,"ул. Ленина, д. 54, кв. 86",+7-929-285-51-91,morozovaanna877@gmail.com,Выплата произведена,ABC,68541,,09.07.2024,SAP ERP,Полис оформлен онлайн
98,INS-000098,POL-326106,POL-326106,Богданова Екатерина Николаевна,Страхование жизни,Низкий,Казань,"ул. Центральная, д. 74, кв. 136",12345,bogdanovaeka217@gmail.com,Заявлен,12,92527,06.06.2025,2025,Собственная система учёта,Требуется независимая экспертиза
99,INS-000099,POL-500886,POL-500886,Морозов Алексей Александрович,Автогражданская ответственность,Высокий,Пермь,"ул. Ленина, д. 59, кв. 191",+7-915-567-97-42,morozovaleks30@outlook.com,Одобр.,6,104722,15.12.2026,08.07.2026,1С:Предприятие,Полис оформлен онлайн
100,INS-000100,POL-624301,POL-624301,Егоров Александр Викторович,Страхование жизни,Низкий,Екатеринбург,"ул. Садовая, д. 24, кв. 78",+7-952-926-40-50,egorovaleksa206@outlook.com,На рассм.,23,97678,11.02.2023,09.03.2025,1С:Предприятие,Урегулирование в досудебном порядке
101,INS-000101,POL-864834,POL-864834,Соколов Никита Викторович,Страх. имущ.,Низкий,Москва,"ул. Спортивная, д. 37, кв. 42",+7-937-488-56-92,sokolovnikit768@yandex.ru,На рассмотрении,58,87705,10.05.2023,06.04.2026,Собственная система учёта,
102,INS-000102,POL-919083,POL-919083,Фёдоров Илья Дмитриевич,Автогражданская ответственность,Средний,Екб,,+7-958-674-50-92,fedorovilyad989@mail.ru,На рассмотрении,10,24068,20.11.2025,21.06.2024,Excel-выгрузка,Урегулирование в досудебном порядке
103,INS-000103,POL-533044,POL-533044,Алексеев Егор Иванович,Автогражданская ответственность,Средний,Санкт-Петербург,"ул. Ленина, д. 69, кв. 144",+7-942-489-74-84,alekseevegor352@outlook.com,Отклонён,5,91240,17.07.2025,22.12.2025,Excel-выгрузка,Требуется независимая экспертиза
104,INS-000104,POL-628382,POL-628382,Иванова Мария Дмитриевна,Добровольное страхование автотранспорта,Высокий,Воронеж,"ул. Мира, д. 111, кв. 116",+7-950-348-90-87,ivanovamariy126@outlook.com,На рассмотрении,52,83863,16.04.2026,06.08.2026,Excel-выгрузка,Требуется независимая экспертиза
105,INS-000105,нет данных(ошибка),POL-112147,Морозова Ольга Александровна,Страхование имущества,Низкий,Воронеж,"ул. Центральная, д. 11, кв. 132",+7-931-910-20-68,petrov@@mail..ru,Отклонён,22,93188,22.11.2023,01.02.2025,-,Полис оформлен онлайн
106,INS-000106,POL-768999,POL-768999,Богданова Екатерина Викторовна,Добровольное страхование автотранспорта,Низкий,Воронеж,"ул. Спортивная, д. 111, кв. 24",+7-949-305-97-75,bogdanovaeka796@mail.ru,Зая,31,73524,вчера,2026-13-45,Excel-выгрузка,N/A
107,INS-000107,нет данных(ошибка),POL-245792,####,Страхование жизни,Низкий,Казань,"ул. Советская, д. 41, кв. 27",+7-927-215-80-20,нет_почты,Выплата произведена,31,91898,16.02.2023,27.05.2026,1С:Предприятие,Требуется независимая экспертиза
108,INS-000108,POL-754196,POL-754196,Соколова Анна Андреевна,Страх. имущ.,Низкий,Воронеж,-,+7-923-655-14-12,sokolovaanna133@outlook.com,Выплата произведена,9,28962,23.06.2026,2025,Собственная система учёта,Повторное обращение по случаю
109,INS-000109,-,POL-397059,Павлов Алексей Николаевич,Добровольное страхование автотранспорта,Низкий,Ростов-н/Д,"ул. Ленина, д. 65, кв. 45",+7-916-593-29-56,pavlovalekse755@gmail.com,Заявл.,7,34879,05.02.2026,08.02.2025,Собственная система учёта,Повторное обращение по случаю
110,INS-000110,POL-447899,POL-447899,Павлов Максим Дмитриевич,Страх. жизни,Средний,Самара,"ул. Мира, д. 60, кв. 84",+7-923-631-93-84,pavlovmaksim582@mail.ru,Откл.,50,84299,10.10.2025,,ОШИБКА_ДАННЫХ,Требуется независимая экспертиза
111,INS-000111,POL-695254,POL-695254,,Автогражданская ответственность,Высокий,Челяб.,"ул. Советская, д. 109, кв. 91",+7-935-181-20-75,ivanovandrei757@outlook.com,Одобрен,н/д,95082,09.12.2026,22.10.2026,1С:Предприятие,Повторное обращение по случаю
112,INS-000112,POL-990467,ОШИБКА_ДАННЫХ,Лебедев Алексей Александрович,Автогражданская ответственность,Средний,,"ул. Спортивная, д. 113, кв. 50",+7-935-980-47-39,lebedevaleks768@gmail.com,Заявлен,,63022,04.12.2023,06.10.2026,Собственная система учёта,Урегулирование в досудебном порядке
113,INS-000113,POL-102945,POL-102945,N/A,Страхование жизни,Низкий,Мск,"ул. Спортивная, д. 28, кв. 188",+7-954-542-56-14,petrovapolin647@gmail.com,###,13,76659,01.06.2023,06.05.2025,1С:Предприятие,
114,INS-000114,POL-435687,POL-435687,Петрова Анна Андреевна,Страхование жизни,Низкий,Ростов-на-Дону,"ул. Победы, д. 57, кв. 53",+7-934-440-64-47,petrovaannaa442@yandex.ru,Выплата произведена,17,85801,15.01.2024,05.05.2025,???,Урегулирование в досудебном порядке
115,INS-000115,POL-273953,POL-273953,Воробьёв Роман Андреевич,Добровольное страхование автотранспорта,Средний,Санкт-Петербург,"ул. Победы, д. 101, кв. 129",+7-945-140-94-68,vorobevroman566@yandex.ru,Одобр.,28,2481,08.08.2023,20.09.2026,SAP,Повторное обращение по случаю
116,INS-000116,POL-778393,POL-778393,Богданова Алина Александровна,Страхование имущества,ОШИБКА_ДАННЫХ,Мск,"ул. Победы, д. 30, кв. 179",+7-956-181-83-36,bogdanovaali770@mail.ru,Одо,21,3434,03.02.2025,17.06.2026,CRM Bitrix24,Требуется независимая экспертиза
117,INS-000117,POL-652619,####,Алексеев Кирилл Петрович,Страхование жизни,Низкий,Волгоград,"ул. Спортивная, д. 143, кв. 164",+7-912-562-24-87,alekseevkiri432@gmail.com,Заявлен,23,18829,23.11.2025,05.07.2026,,Урегулирование в досудебном порядке
118,INS-000118,POL-772925,POL-772925,Козлова Ксения Ивановна,Страхование жизни,Средний,СПб,"ул. Садовая, д. 143, кв. 9",+7-913-731-93-97,kozlovakseni159@outlook.com,Одобрен,59,49879,05.06.2025,28.03.2024,CRM Bitrix24,Повторное обращение по случаю
119,INS-000119,POL-444844,POL-444844,Лебедев Павел Дмитриевич,Страхование имущества,Высокий,Нижний Новгород,"ул. Ленина, д. 69, кв. 83",+7-953-546-74-43,lebedevpavel904@outlook.com,Откл.,,,13.03.2026,10.02.2026,CRM Bitrix24,Требуется независимая экспертиза
120,INS-000120,POL-776791,POL-776791,Семёнова Анна Дмитриевна,Автогражданская ответственность,Средний,Самара,"ул. Спортивная, д. 124, кв. 104",+7-938-423-53-90,semenovaanna833@yandex.ru,,6,8873,,20.09.2025,CRM Bitrix24,Требуется независимая экспертиза
121,INS-000121,POL-325267,POL-325267,,Автогражданская ответственность,12345XYZ,Ростов-н/Д,"ул. Победы, д. 134, кв. 163",+7-915-578-65-10,volkovpaveld486@,Выплата произведена,19,111003,23.07.2026,02.04.2024,CRM Bitrix24,Повторное обращение по случаю
122,INS-000122,POL-863543,POL-863543,Егоров Алексей Сергеевич,Добровольное страхование автотранспорта,Низкий,Екатеринбург,"ул. Победы, д. 4, кв. 103",+7-926-581-27-96,egorovalekse676@mail.ru,Выплата произведена,24,71362,01.07.2026,23.02.2026,CRM Bitrix24,Повторное обращение по случаю
123,INS-000123,POL-348308,POL-348308,Волкова Елена Петровна,ОСАГО,Средний,СПб,12345XYZ,+7-924-305-71-27,volkovaelena83@gmail.com,На рассмотрении,54,31143,19.04.2026,2026,SAP ERP,Полис оформлен онлайн
124,INS-000124,POL-673117,POL-673117,Виноградов Сергей Викторович,Страхование жизни,Низкий,Санкт-Петербург,"ул. Гагарина, д. 95, кв. 115",+7-923-328-44-14,vinogradovse197@gmail.com,На рассмотрении,37,106340,06.11.2023,00.00.0000,CRM Bitrix24,Полис оформлен онлайн
125,INS-000125,POL-521365,POL-521365,Воробьёв Егор Андреевич,Страхование жизни,Низкий,Самара,"ул. Ленина, д. 15, кв. 26",+7-936-301-80-79,vorobevegora486@mail.ru,Отклонён,9,89505,26.01.2024,21.01.2024,CRM Bitrix24,Требуется независимая экспертиза
126,INS-000126,POL-640550,POL-640550,Смирнова Ольга Дмитриевна,Автогражданская ответственность,Низкий,Казань,"ул. Центральная, д. 75, кв. 122",+7-919-936-86-57,нет_почты,Одобр.,60,57007,23.08.2025,23.04.2024,1С:Предприятие,Полис оформлен онлайн
127,INS-000127,POL-936346,POL-936346,Иванова,Автогражданская ответственность,Низкий,Влгд,"ул. Садовая, д. 62, кв. 71",+7-946-539-91-10,ivanovaalina641@outlook.com,Заявл.,25,99692,18.12.2025,06.02.2024,CRM Bitrix24,Повторное обращение по случаю
128,INS-000128,POL-516514,POL-516514,Волкова Анна Петровна,ОСАГО,Высокий,Ворнж,"ул. Мира, д. 16, кв. 34",+7-931-281-72-15,volkovaannap846@outlook.com,Заявл.,9,ABC,22.01.2026,04.12.2025,SAP ERP,Требуется независимая экспертиза
129,INS-000129,POL-362491,POL-362491,Новиков Артём Дмитриевич,Стр,Средний,Пермь,"ул. Садовая, д. 47, кв. 58",+7-914-305-99-78,novikovartem169@gmail.com,Выплата произведена,30,109922,31.02.2026,15.08.2024,CRM Bitrix24,Полис оформлен онлайн
130,INS-000130,POL-994997,,Голубев Андрей Николаевич,Страхование жизни,Средний,Самара,"ул. Молодёжная, д. 77, кв. 3",+7-919-297-11-55,golubevandre663@gmail.com,Одобрен,45,12112,06.02.2024,17.03.2025,CRM Bitrix24,Урегулирование в досудебном порядке
131,INS-000131,POL-895183,POL-895183,Новикова Дарья Ивановна,Автогражданская ответственность,Низкий,Ворнж,"ул. Молодёжная, д. 4, кв. 161",+7-917-387-16-40,,Отклонён,28,79134,08.03.2023,26.11.2025,Excel-выгрузка,
132,INS-000132,POL-210365,POL-210365,Лебедева Елена Андреевна,Автогражданская ответственность,Средний,Челябинск,"ул. Победы, д. 3, кв. 102",+7-921-134-72-11,lebedevaelen461@outlook.com,Выплата произведена,22,12751,23.04.2025,12.07.2024,Собственная система учёта,Урегулирование в досудебном порядке
133,INS-000133,POL-432123,POL-432123,Голубева Виктория Петровна,Страхование имущества,Средний,Самара,"ул. Пушкина, д. 144, кв. 32",+7-950-860-58-15,golubevavikt90@outlook.com,Отклонён,11,99366,14.06.2023,19.04.2025,Excel-выгрузка,Требуется независимая экспертиза
134,INS-000134,POL-577684,POL-577684,Новикова Ирина Андреевна,Автогражданская ответственность,Средний,Москва,"ул. Молодёжная, д. 74, кв. 144",+7-938-178-11-28,novikovairin758@outlook.com,Заявлен,18,81797,24.11.2024,27.07.2026,SAP ERP,Повторное обращение по случаю
135,INS-000135,POL-205286,POL-205286,Новиков Павел Николаевич,Страхование имущества,Низкий,СПб,####,+7-936-959-15-68,novikovpavel578@gmail.com,Выплата произведена,8,14632,2023,03.01.2026,,
136,INS-000136,POL-324841,POL-324841,Попова Елена Викторовна,Неизвестная категория,Низкий,Москва,"ул. Гагарина, д. 138, кв. 60",+7-933-514-26-91,popovaelenav306@mail.ru,На рассмотрении,46,67691,02.01.2025,03.05.2025,CRM Bitrix24,Повторное обращение по случаю
137,INS-000137,POL-507711,POL-507711,Семёнов Роман Дмитриевич,КАСКО,Низкий,Новосиб.,"ул. Ленина, д. 29, кв. 34",+7-919-779-36-27,semenovroman83@outlook.com,На рассм.,10,4469,27.05.2023,23.07.2025,1С:Предприятие,Требуется независимая экспертиза
138,INS-000138,POL-748403,POL-748403,Смирнов Сергей Дмитриевич,Страх. имущ.,Средний,Казань,"ул. Центральная, д. 26, кв. 184",+7-940-813-19-63,smirnovserge428@yandex.ru,Отклонён,58,74595,09.02.2024,13.11.2025,Excel-выгрузка,Урегулирование в досудебном порядке
139,INS-000139,POL-851584,POL-851584,Петров Алексей Сергеевич,Страхование жизни,Низкий,,"ул. Победы, д. 134, кв. 107",+7-916-665-90-58,petrovalekse755@mail.ru,На рассмотрении,20,116398,16.02.2026,03.11.2025,CRM Bitrix24,Полис оформлен онлайн
140,INS-000140,POL-703330,POL-703330,Павлова Юлия Петровна,Страхование имущества,Средний,Смр,"ул. Спортивная, д. 92, кв. 154",+7-940-3,pavlovayuliy676@outlook.com,На рассмотрении,26,47637,16.02.2023,13.10.2026,CRM Bitrix24,
141,INS-000141,POL-186208,POL-186208,Соколов Никита Андреевич,Добровольное страхование автотранспорта,???,Москва,"ул. Гагарина, д. 96, кв. 130",+7-934-267-62-37,sokolovnikit529@mail.ru,Отклонён,39,-1,05.04.2026,2024,,Полис оформлен онлайн
142,INS-000142,POL-349786,POL-349786,Морозов Виктор Сергеевич,Страхование имущества,Средний,Самара,"ул. Советская, д. 82, кв. 110",+7-929-627-10-71,morozovvikto59@gmail.com,Отклонён,9,58884,27.01.2024,20.08.2025,Excel-выгрузка,Урегулирование в досудебном порядке
143,INS-000143,POL-343725,POL-343725,Лебедева Татьяна Андреевна,Страхование имущества,Высокий,Ростов-на-Дону,"ул. Гагарина, д. 42, кв. 73",+7-955-511-45-44,lebedevataty550@yandex.ru,Отклонён,50,103161,27.03.2024,24.02.2024,CRM Bitrix24,Повторное обращение по случаю
144,INS-000144,POL-992558,POL-992558,Иванов Владимир Александрович,Страхование имущества,Низкий,Влгд,"ул. Спортивная, д. 67, кв. 136",+7-936-730-34-52,ivanovvladim305@mail.ru,Выпл. произвед.,23,27196,10.11.2026,25.04.2024,N/A,Требуется независимая экспертиза
145,INS-000145,POL-560400,POL-560400,Соколов Павел Александрович,Добровольное страхование автотранспорта,Средний,Воронеж,"ул. Мира, д. 58, кв. 98",,sokolovpavel787@yandex.ru,Выплата произведена,18,92211,18.05.2024,02.03.2024,1С:Предприятие,
146,INS-000146,POL-734687,,Козлов Дмитрий Викторович,Добровольное страхование автотранспорта,Средний,Влгд,"ул. Гагарина, д. 131, кв. 148",+7-955-623-21-12,kozlovdmitri44@gmail.com,Заявлен,3,,20.12.2023,11.07.2025,Excel-выгрузка,
147,INS-000147,POL-411136,POL-411136,Алексеев Виктор Александрович,Добровольное страхование автотранспорта,Низкий,Казань,"ул. Центральная, д. 22, кв. 198",+7-915-219-68-93,alekseevvikt549@mail.ru,Отклонён,,ERROR,28.03.2024,11.09.2024,SAP ERP,Урегулирование в досудебном порядке
148,INS-000148,POL-976436,POL-976436,Виноградова Светлана Николаевна,Страхование жизни,Средний,Челябинск,"ул. Победы, д. 9, кв. 177",+7-950-997-59-35,vinogradovas259@gmail.com,Отклонён,1,78068,00.00.0000,09.08.2024,1С:Предприятие,Полис оформлен онлайн
149,INS-000149,POL-525900,POL-525900,Морозов Андрей Дмитриевич,ОСАГО,12345XYZ,Санкт-Петербург,"ул. Спортивная, д. 43, кв. 12",+7-942-900-91-49,morozovandre722@mail.ru,На рассм.,10,20888,08.12.2023,16.09.2026,Excel-выгрузка,Полис оформлен онлайн
150,INS-000150,POL-317635,POL-317635,Морозова Ксения Сергеевна,Автогражданская ответственность,Высокий,Н.Новгород,"ул. Молодёжная, д. 25, кв. 37",+7-918-348-84-23,morozovaksen307@yandex.ru,Одобр.,43,96786,10.12.2023,24.01.2026,Excel-выгрузка,Урегулирование в досудебном порядке
151,INS-000151,POL-345916,POL-345916,Фёдоров Максим Сергеевич,Страхование жизни,Средний,Челяб.,"ул. Советская, д. 28, кв. 109",+7-938-645-91-54,fedorovmaksi315@mail.ru,На рассмотрении,32,116226,08.05.2025,20.12.2024,Excel-выгрузка,Урегулирование
152,INS-000152,12345XYZ,POL-371481,Семёнов Никита Сергеевич,Автогражданская ответственность,Низкий,Пермь,"ул. Садовая, д. 127, кв. 6",+7-931-853-32-75,semenovnikit363@gmail.com,На рассмотрении,43,13651,25.06.2023,02.08.2026,Excel-выгрузка,
153,INS-000153,POL-182704,POL-182704,Новикова Дарья Дмитриевна,КАСКО,Высокий,категория_5,"ул. Гагарина, д. 149, кв. 132",+7-914-743-10-75,novikovadary42@outlook.com,Одобр.,18,84072,19.06.2023,11.09.2024,1С:Предприятие,
154,INS-000154,POL-663789,POL-663789,Новиков Дмитрий Иванович,Страх. жизни,Средний,Воронеж,"ул. Победы, д. 55, кв. 62",+7-956-566-22-50,ivanov.mail.ru,Одобрен,-1,31618,10.04.2024,03.05.2024,1С:Предприятие,
155,INS-000155,POL-286547,POL-286547,Алексеева Ксения Дмитриевна,Страхование имущества,Высокий,Ростов-н/Д,"ул. Пушкина, д. 8, кв. 37",+7-920-700-43-92,alekseevakse61@yandex.ru,На рассмотрении,42,20187,10.12.2023,06.08.2026,Собственная система учёта,Полис оформлен онлайн
156,INS-000156,POL-423146,POL-423146,Фёдорова Дарья Николаевна,КАСКО,Высокий,Новосибирск,"ул. Садовая, д. 100, кв. 35",+7-917-344-90-25,fedorovadary82@gmail.com,Выплата произведена,55,6722,21.02.2026,02.09.2025,Собственная система учёта,
157,INS-000157,POL-660956,POL-660956,Воробьёв Алексей Викторович,Страхование имущества,Низкий,Челяб.,"ул. Советская, д. 46, кв. 50",+7-928-762-30-52,vorobevaleks916@mail.ru,На рассмотрении,33,106017,15.02.2026,11.11.2025,Excel-выгрузка,Урегулирование в досудебном порядке
158,INS-000158,POL-167869,POL-167869,Фёдоров Павел Николаевич,Добровольное страхование автотранспорта,Средний,Волгоград,"ул. Ленина, д. 109, кв. 27",+7-946-991-47-38,fedorovpavel531@gmail.com,Одобрен,11,5058,25.09.2025,24.08.2025,1С:Предприятие,
159,INS-000159,POL-459763,POL-459763,Смирнов Роман Сергеевич,Страх. имущ.,Высокий,Нижний Новгород,"ул. Центральная, д. 134, кв. 143",+7-928-316-16-12,smirnovroman712@gmail.com,Заявлен,30,85369,07.06.2024,06.04.2025,SAP ERP,Урегулирование в досудебном порядке
160,INS-000160,POL-364098,POL-364098,12345XYZ,Страх. жизни,Высокий,Ростов-на-Дону,"ул. Мира, д. 35, кв. 144",+7-958-515-10-17,volkovaekate261@yandex.ru,На рассм.,48,23438,13.06.2024,13.05.2024,ОШИБКА_ДАННЫХ,Полис оформлен онлайн
161,INS-000161,POL-437947,,Павлов Артём Андреевич,Автогражданская ответственность,Низкий,СПб,"ул. Центральная, д. 39, кв. 30",+7-916-5,pavlovartema751@gmail.com,Одобрен,11,10254,22.12.2026,03.07.2026,Excel-выгрузка,Полис оформлен онлайн
162,INS-000162,POL-142141,POL-142141,Иванов Владимир Николаевич,Автогражданская ответственность,Высокий,Краснодар,"ул. Советская, д. 146, кв. 50",+7-937-794-60-96,ivanovvladim395@outlook.com,Отклонён,49,18964,17.01.2026,2026-13-45,SAP ERP,
163,INS-000163,POL-630359,POL-630359,Голубева Мария Дмитриевна,Автогражданская ответственность,Низкий,Новосибирск,"ул. Победы, д. 144, кв. 70",+7-932-313-73-73,golubevamari981@outlook.com,На рассм.,19,,2026,03.08.2025,SAP ERP,
164,INS-000164,POL-244957,POL-244957,Кузнецова Анна Андреевна,Страхование имущества,Высокий,Крд,"ул. Центральная, д. 8, кв. 65",+7-923-245-14-79,kuznecovaann726@mail.ru,Одобрен,53,105198,28.09.2026,,,ОШИБКА_ДАННЫХ
165,INS-000165,POL-949199,POL-949199,Виноградова Алина Ивановна,Страхование имущества,Средний,Челябинск,"ул. Советская, д. 51, кв. 191",+7-927-765-57-85,vinogradovaa44@gmail.com,Отклонён,7,103110,23.06.2026,15.05.2024,Excel-выгрузка,
166,INS-000166,POL-344624,POL-344624,Волкова Екатерина Александровна,Добровольное страхование автотранспорта,Низкий,Москва,"ул. Победы, д. 48, кв. 152",+7-931-507-45-30,volkovaekate667@outlook.com,На рассм.,19,104806,31.02.2026,09.04.2024,Excel-выгрузка,Полис оформлен онлайн
167,INS-000167,POL-178115,POL-178115,Иванова Наталья Александровна,Автогражданская ответственность,Низкий,Крд,"ул. Садовая, д. 1, кв. 24",+7-928-345-48-25,ivanovanatal290@yandex.ru,Одобрен,13,114200,15.07.2023,06.03.2025,SAP ERP,Требуется независимая экспертиза
168,INS-000168,POL-344340,POL-344340,Воробьёва Светлана Викторовна,Страх. имущ.,Высокий,Влгд,"ул. Гагарина, д. 58, кв. 25",+7-99-abc-12-34,vorobevasvet66@gmail.com,На рассмотрении,36,30289,26.08.2024,15.12.2024,Собственная система учёта,Повторное обращение по случаю
169,INS-000169,POL-136006,POL-136006,Соколов Максим Николаевич,КАСКО,Средний,категория_5,"ул. Советская, д. 25, кв. 102",+7-935-341-98-28,sokolovmaksi88@gmail.com,,2,68877,16.05.2023,18.12.2026,SAP ERP,Повторное обращение по случаю
170,INS-000170,POL-473531,POL-473531,Виноградов Алексей Сергеевич,Автогражданская ответственность,Высокий,Пермь,"ул. Советская, д. 19, кв. 34",+7-957-363-36-77,vinogradoval806@outlook.com,Заявлен,6,59969,07.10.2026,01.05.2024,CRM Bitrix24,Полис оформлен онлайн
171,INS-000171,POL-662370,POL-662370,Смирнов Виктор Сергеевич,Добровольное страхование автотранспорта,Низкий,Челябинск,"ул. Гагарина, д. 150, кв. 115",+7-929-463-96-86,smirnovvikto358@yandex.ru,Одобрен,2,,25.03.2026,05.05.2026,1С:Предприятие,N/A
172,INS-000172,POL-757477,POL-757477,Лебедева Светлана Андреевна,ОСАГО,Низкий,Смр,"ул. Мира, д. 44, кв. 7",+7-930-226-45-43,lebedevasvet135@gmail.com,Откл.,57,66341,03.08.2025,05.02.2024,Excel-выгрузка,Требуется независимая экспертиза
173,INS-000173,POL-698963,POL-698963,Павлов Виктор Николаевич,Страхование имущества,Низкий,Ростов-н/Д,"ул. Центральная, д. 141, кв. 134",+7-933-862-12-57,pavlovviktor536@mail.ru,Заявлен,57,106942,03.01.2026,03.11.2024,SAP ERP,Повторное обращение по случаю
174,INS-000174,,POL-799467,Петрова Виктория Ивановна,Добровольное страхование автотранспорта,Высокий,Неизвестная категория,"ул. Центральная, д. 44, кв. 147",+7-940-407-19-30,нет_почты,Выплата произведена,10,117899,07.03.2024,08.03.2025,CRM Bitrix24,Требуется независимая экспертиза
175,INS-000175,POL-828055,POL-828055,Семёнов Никита Александрович,Автогражданская ответственность,Высокий,Волгоград,"ул. Молодёжная, д. 141, кв. 193",+7-918-882-23-40,semenovnikit275@yandex.ru,На рассмотрении,53,26828,23.05.2026,24.07.2024,CRM Bitrix24,Требуется независимая экспертиза
176,INS-000176,,POL-305328,Соколова Юлия Петровна,Автогражданская ответственность,Низкий,Ростов-на-Дону,"ул. Молодёжная, д. 37, кв. 158",+7-927-292-83-71,sokolovayuli901@yandex.ru,Одобрен,9,25468,07.10.2026,14.12.2025,CRM Bitrix24,
177,INS-000177,POL-141196,POL-141196,Попов Виктор Сергеевич,Страхование жизни,Средний,Новосиб.,"ул. Садовая, д. 131, кв. 136",+7-938-224-46-39,,,44,77468,15.05.2024,02.08.2026,CRM Bitrix24,Требуется независимая экспертиза
178,INS-000178,POL-647007,POL-647007,Петрова Ксения Николаевна,Страхование имущества,Средний,Новосибирск,"ул. Молодёжная, д. 88, кв. 146",+7-954-419-79-91,petrovakseni986@yandex.ru,Отклонён,48,64231,18.01.2024,10.12.2026,,
179,INS-000179,POL-211931,POL-211931,Кузнецова Ксения Александровна,Страхование жизни,Средний,Челябинск,"ул. Спортивная, д. 17, кв. 162",+7-945-653-29-64,kuznecovakse698@outlook.com,Заявлен,31,9640,,26.04.2025,SAP ERP,Требуется независимая экспертиза
180,INS-000180,POL-131510,POL-131510,Павлов Андрей Викторович,Добровольное страхование автотранспорта,Низкий,,"ул. Спортивная, д. 115, кв. 133",+7-921-671-12-69,pavlovandrei237@gmail.com,,54,113671,06.09.2025,2026-13-45,Excel-выгрузка,
181,INS-000181,POL-985823,POL-985823,Козлов Сергей Викторович,Автогражданская ответственность,Средний,не указано(ошибка),"ул. Советская, д. 29, кв. 132",+7-926-691-81-39,kozlovsergei125@gmail.com,На рассмотрении,20,50071,18.01.2026,16.08.2024,,Требуется независимая экспертиза
182,INS-000182,POL-405548,POL-405548,Морозов Илья Петрович,Страхование имущества,Средний,Новосибирск,"ул. Советская, д. 7, кв. 150",+7-933-246-90-70,morozovilyap105@outlook.com,На рассмотрении,много,1771,12.12.2023,31.02.2026,Excel-выгрузка,Урегулирование в досудебном порядке
183,INS-000183,POL-823769,POL-823769,Богданова Мария Сергеевна,Добровольное страхование автотранспорта,Средний,Казань,"ул. Спортивная, д. 121, кв. 138",+7-933-411-55-54,bogdanovamar19@gmail.com,Одобрен,54,15795,25.09.2025,00.00.0000,1С:Предприятие,Урегулирование в досудебном порядке
184,INS-000184,POL-629645,POL-629645,Егорова Алина Александровна,Страхование жизни,Средний,Ворнж,"ул. Спортивная, д. 46, кв. 72",+7-955-3,egorovaalina965@yandex.ru,Выпл. произвед.,,26822,05.09.2023,28.06.2024,Собственная система учёта,Повторное обращение по случаю
185,INS-000185,POL-414281,POL-414281,Морозова Юлия Александровна,Страх. имущ.,Низкий,Казань,"ул. Пушкина, д. 51, кв. 68",+7-941-932-44-72,morozovayuli580@outlook.com,Откл.,34,21230,28.09.2026,10.03.2025,SAP ERP,
186,INS-000186,POL-303648,POL-303648,Петров Андрей Дмитриевич,Страхование жизни,Низкий,,####,+7-912-341-89-35,petrovandrei273@gmail.com,Выплата произведена,47,74408,07.06.2024,05.07.2024,CRM Bitrix24,
187,INS-000187,POL-550920,POL-550920,Петров Алексей Иванович,Добровольное страхование автотранспорта,Высокий,Пермь,"ул. Центральная, д. 56, кв. 193",+7-921-826-92-53,petrovalekse270@gmail.com,Выплата произведена,3,35157,26.12.2023,10.09.2026,####,
188,INS-000188,POL-883268,POL-883268,Соколова Светлана Андреевна,Автогражданская ответственность,Низкий,Казань,"ул. Молодёжная, д. 127, кв. 114",телефон отсутствует,sokolovasvet840@mail.ru,Одобр.,25,116591,16.02.2026,03.01.2026,Excel-выгрузка,Урегулирование в досудебном порядке
189,INS-000189,POL-438895,POL-438895,Голубев Егор Андреевич,Страхование имущества,Низкий,Воронеж,"ул. Спортивная, д. 4, кв. 18",+7-924-312-47-39,golubevegora601@outlook.com,Одобрен,57,51927,19.06.2025,12.05.2025,1С:Предприятие,Повторное обращение по случаю
190,INS-000190,,POL-415817,Семёнов Илья Иванович,Страхование жизни,Средний,Волгоград,"ул. Ленина, д. 2, кв. 60",+7-929-691-87-43,semenovilyai797@mail.ru,Заявлен,21,18247,2024,18.01.2025,SAP ERP,Повторное
191,INS-000191,POL-119069,POL-119069,Егорова Юлия Петровна,КАСКО,Средний,Мск,"ул. Советская, д. 5, кв. 86",+7-99-abc-12-34,egorovayuliy370@,Выпл. произвед.,43,66529,21.05.2026,14.08.2026,Собственная система учёта,Урегулирование в досудебном порядке
192,INS-000192,POL-189740,N/A,Попова Полина Ивановна,Добровольное страхование автотранспорта,Низкий,Челяб.,"ул. Советская, д. 20, кв. 29",+7-950-260-87-81,popovapolina659@yandex.ru,категория_5,49,73574,01.09.2024,04.05.2026,Excel-выгрузка,
193,INS-000193,POL-754840,POL-754840,Фёдоров Артём Петрович,Автогражданская ответственность,Высокий,Ростов-на-Дону,"ул. Советская, д. 43, кв. 148",+7-932-502-73-52,fedorovartem596@gmail.com,На рассмотрении,8,109685,10.12.2026,05.07.2024,Excel-выгрузка,Повторное обращение по случаю
194,INS-000194,POL-979706,POL-979706,Кузнецов Виктор Петрович,Добровольное страхование автотранспорта,Низкий,Влгд,"ул. Садовая, д. 62, кв. 5",+7-929-626-63-68,kuznecovvikt901@yandex.ru,Выплата произведена,33,45404,21.08.2024,17.04.2026,???,Урегулирование в досудебном порядке
195,INS-000195,POL-710207,POL-710207,Соколова Светлана Андреевна,Страхование имущества,Высокий,Мск,"ул. Гагарина, д. 20, кв. 98",+7-926-825-63-64,sokolovasvet104@outlook.com,Выплата произведена,16,37706,18.10.2024,10.03.2025,Собственная система учёта,Требуется независимая экспертиза
196,INS-000196,POL-753322,POL-753322,Воробьёва Анна Николаевна,Добровольное страхование автотранспорта,Низкий,Влгд,нет данных(ошибка),+7-930-231-36-54,vorobevaanna532@outlook.com,Заявлен,19,117437,02.09.2023,12.01.2024,SAP ERP,Повторное обращение по случаю
197,INS-000197,POL-451781,POL-451781,Фёдорова Татьяна Дмитриевна,Страх. имущ.,Низкий,Нижний Новгород,"ул. Мира, д. 142, кв. 176",+7-936-810-85-17,fedorovataty414@gmail.com,На рассмотрении,33,3619,01.01.2025,12.06.2025,CRM,Урегулирование в досудебном порядке
198,INS-000198,POL-256347,POL-256347,Егоров Андрей Александрович,Страхование жизни,Средний,Казань,,+7-945-620-39-41,egorovandrei720@gmail.com,Одобрен,34,2705,20.12.2026,01.04.2025,Собственная система учёта,12345XYZ
199,INS-000199,POL-885616,POL-885616,Алексеев Илья Викторович,Автогражданская ответственность,Высокий,Екб,"ул. Центральная, д. 103, кв. 169",+7-929-856-72-75,alekseevilya234@mail.ru,На рассмотрении,ERROR,3425,10.08.2023,17.03.2025,Excel-выгрузка,
200,INS-000200,POL-210231,POL-210231,Волков Владимир Александрович,Страхование жизни,Высокий,Пермь,"ул. Садовая, д. 55, кв. 94",+7-942-807-71-73,volkovvladim406@outlook.com,На рассмотрении,57,15407,22.02.2026,23.09.2026,Excel-выгрузка,Урегулирование в досудебном порядке
