ID,Код записи,Название композиции,Название композиции (повтор),Исполнитель,Жанр композиции,Тип контента,Город,Адрес,Телефон,Email,Статус подписки,"Длительность, сек.","Доход от прослушиваний, руб.",Дата создания записи,Дата последнего обновления,Система-источник,Примечания
1,MUS-000001,Летели листья,Летели листья,Воробьёва Ксения Дмитриевна,Классич. муз.,Подкаст,Санкт-Петербург,"ул. Садовая, д. 113, кв. 131",+7-99-abc-12-34,vorobevaksen566@gmail.com,Отменена,6018,13319,22.05.2023,04.01.2025,1С:Предприятие,Композиция на паузе
2,MUS-000002,Shape of You,Shape of You,Алексеев Егор Андреевич,Поп-муз.,,Воронеж,"ул. Советская, д. 3, кв. 170",+7-915-982-70-18,alekseevegor41@mail.ru,Отменена,,32996,12.09.2024,15.08.2024,CRM Bitrix24,
3,MUS-000003,Розовое вино,Розовое вино,Голубева Екатерина Викторовна,Хип-хоп,Аудиокнига,Новосибирск,"ул. Победы, д. 25, кв. 187",+7-918-843-30-44,golubevaekat624@gmail.com,Приостановлена,,45096,24.01.2026,07.10.2026,SAP ERP,Правообладатель уточняется
4,MUS-000004,Shape of You,Shape of You,Новиков Роман Николаевич,Классич. муз.,Аудиокнига,Москва,"ул. Спортивная, д. 51, кв. 167",+7-959-487-95-41,novikovroman947@outlook.com,Отмен.,1443,4064,24.08.2025,27.01.2026,SAP ERP,Ограничение по региону
5,MUS-000005,Shape of You,Shape of You,Семёнова Алина Дмитриевна,Популярная музыка,Трек,Челяб.,"ул. Садовая, д. 18, кв. 98",+7-917-302-23-59,semenovaalin841@mail.ru,Пробный период,4911,36956,22.02.2023,12.09.2025,SAP ERP,Правообладатель уточняется
6,MUS-000006,Дожди-пистолеты,Дожди-пистолеты,Петров Максим Александрович,Классическая музыка,,Санкт-Петербург,"ул. Гагарина, д. 12, кв. 129",+7-914-334-41-97,petrovmaksim291@yandex.ru,Активна,6721,9911,19.05.2025,04.01.2025,CRM Bitrix24,Ограничение по региону
7,MUS-000007,Полёт над облаками,Полёт над облаками,Лебедева Ирина Ивановна,Хип-хоп,Трек,Казань,"ул. Ленина, д. 150, кв. 138",+7-941-930-68-64,lebedevairin296@outlook.com,Отменена,3733,5436,27.08.2025,12.03.2024,1С:Предприятие,
8,MUS-000008,Believer,Believer,Петрова Елена Дмитриевна,Популярная музыка,Трек,Ростов-н/Д,"ул. Победы, д. 51, кв. 122",+7-940-436-46-63,petrovaelena572@yandex.ru,Приостановлена,353,25906,вчера,06.12.2024,???,Ограничение по региону
9,MUS-000009,Bohemian Rhapsody,Bohemian Rhapsody,Семёнова Татьяна Викторовна,Классическая музыка,Трек,Казань,"ул. Садовая, д. 92, кв. 66",+7-911-575-94-24,semenovataty588@gmail.com,Активна,4579,39755,06.07.2023,05.06.2024,Собственная система учёта,ОШИБКА_ДАННЫХ
10,MUS-000010,Городок,Городок,Кузнецова Мария Николаевна,Популярная музыка,Аудиокнига,Москва,"ул. Пушкина, д. 100, кв. 139",+7-938-210-54-63,kuznecovamar147@mail.ru,Пробный период,80,27867,15.12.2026,12.06.2024,SAP ERP,Правообладатель уточняется
11,MUS-000011,Uptown Funk,Uptown Funk,Егоров Павел Петрович,Классическая музыка,Подкаст,не указано(ошибка),"ул. Ленина, д. 89, кв. 112",+7-913-451-99-69,egorovpavelp223@yandex.ru,Отменена,н/д,18568,18.05.2026,20.01.2024,N/A,
12,MUS-000012,Show Must Go On,Show Must Go On,Голубев Артём Дмитриевич,Электронная музыка,Аудиокнига,Пермь,"ул. Молодёжная, д. 41, кв. 52",+7-930-208-24-92,golubevartem672@yandex.ru,Пробный период,,17697,18.06.2025,25.10.2024,SAP ERP,Ограничение по региону
13,MUS-000013,Летели листья,Летели листья,Смирнов Дмитрий Андреевич,Поп,Подкаст,Санкт-Петербург,"ул. Центральная, д. 112, кв. 124",+7-942-660-29-40,smirnovdmitr369@gmail.com,Активна,1831,23310,15.03.2024,05.10.2025,CRM Bitrix24,Композиция
14,MUS-000014,Крылья,Крылья,Морозова Екатерина Александровна,Рок-музыка,Аудиокнига,Москва,"ул. Спортивная, д. 122, кв. 143",,morozovaekat678@gmail.com,Приостановлена,2053,43971,17.03.2025,13.09.2024,Excel-выгрузка,Композиция на паузе
15,MUS-000015,Небо,Небо,Воробьёв Павел Иванович,Рок-музыка,Подкаст,Челяб.,"ул. Спортивная, д. 66, кв. 56",+7-922-677-51-93,vorobevpavel746@gmail.com,Отменена,2283,9736,03.04.2024,19.05.2025,1С:Предприятие,
16,MUS-000016,Летели листья,Летели листья,Попов Максим Викторович,Хип-хоп,???,Екатеринбург,"ул. Спортивная, д. 126, кв. 34",+7-940-613-24-88,popovmaksimv913@outlook.com,Пробн. период,,44705,19.05.2026,20.07.2025,???,Правообладатель уточняется
17,MUS-000017,Uptown Funk,Uptown Funk,Новиков Кирилл Александрович,Популярная музыка,Трек,Пермь,"ул. Молодёжная, д. 110, кв. 35",+7-919-157-64-37,novikovkiril412@yandex.ru,Активна,3327,26561,16.03.2023,09.10.2025,SAP ERP,Композиция на паузе
18,MUS-000018,Мотылёк,Мотылёк,Козлов Сергей Петрович,Хип-хоп,Аудиокнига,Москва,ул.,+7-950-661-94-96,kozlovsergei446@mail.ru,Приостановлена,3935,41371,07.03.2026,10.08.2024,SAP ERP,Композиция на паузе
19,MUS-000019,Небо,Небо,Лебедева Юлия Александровна,Электронная музыка,Трек,,"ул. Гагарина, д. 47, кв. 8",+7-935-293-78-66,lebedevayuli464@mail.ru,Активна,2870,39302,17.02.2024,20.07.2024,Excel-выгрузка,Правообладатель уточняется
20,MUS-000020,Uptown Funk,Uptown Funk,Алексеев Виктор Петрович,Электронная музыка,Подкаст,Самара,"ул. Пушкина, д. 22, кв. 92",+7-939-358-79-11,alekseevvikt393@outlook.com,Пробный период,711,28272,2025,12.11.2026,Собственная система учёта,Ограничение по региону
21,MUS-000021,Uptown Funk,Uptown Funk,Петров Дмитрий Андреевич,Хип-хоп,Подкаст,Нижний Новгород,"ул. Садовая, д. 116, кв. 26",+7-934-363-48-54,petrovdmitri694@outlook.com,Активна,6838,9228,26.01.2023,08.04.2025,1С:Предприятие,Правообладатель уточняется
22,MUS-000022,Полёт над облаками,Полёт над облаками,Семёнов Александр Иванович,Электрон. муз.,,Казань,"ул. Мира, д. 75, кв. 145",+7-938-501-56-97,semenovaleks578@mail.ru,Актив.,5881,,19.05.2026,08.11.2026,Собственная система учёта,Ограничение по региону
23,MUS-000023,Shape of You,Shape of You,Алексеева Юлия Петровна,Популярная музыка,Аудиокнига,Нижний Новгород,-,+7-946-556-67-17,,Пробн. период,6626,23084,24.08.2024,12.10.2025,Собственная система учёта,Композиция на паузе
24,MUS-000024,-,Believer,Кузнецова Наталья Александровна,Классическая музыка,Подкаст,Нижний Новгород,"ул. Советская, д. 14, кв. 50",+7-950-276-12-80,kuznecovanat745@mail.ru,Приостановлена,285,5559,18.02.2025,10.12.2025,CRM Bitrix24,Ограничение по региону
25,MUS-000025,Believer,Believer,Павлова Екатерина Александровна,Электрон. муз.,Трек,Пермь,"ул. Спортивная, д. 108, кв. 198",+7-954-938-30-48,pavlovaekate331@,Приостановлена,6582,33787,10.10.2024,04.08.2026,CRM Bitrix24,Правообладатель уточняется
26,MUS-000026,Мотылёк,Мотылёк,Морозов Виктор Сергеевич,Классическая музыка,Подкаст,Волгоград,"ул. Пушкина, д. 55, кв. 123",+7-915-778-47-13,morozovvikto867@yandex.ru,Отмен.,3306,15912,28.09.2023,19.03.2026,1С:Предприятие,Эксклюзивный релиз
27,MUS-000027,Uptown Funk,Uptown Funk,Иванова Наталья Дмитриевна,Электронная музыка,Трек,Санкт-Петербург,"ул. Победы, д. 36, кв. 177",+7-956-917-51-98,ivanovanatal219@mail.ru,Актив.,6892,44147,13.12.2023,28.05.2026,Excel-выгрузка,Композиция на паузе
28,MUS-000028,Blinding Lights,Blinding Lights,Козлов Егор Дмитриевич,Рок-муз.,Подкаст,Крд,"ул. Ленина, д. 74, кв. 181",+7-954-451-99-59,kozlovegordm652@outlook.com,Пробн. период,7080,47591,03.09.2026,04.12.2024,1С:Предприятие,Композиция на паузе
29,MUS-000029,Крылья,Крылья,Смирнов Роман Петрович,Электронная музыка,,Москва,"ул. Молодёжная, д. 68, кв. 200",+7-952-545-35-55,smirnovroman86@mail.ru,Приостановлена,5967,45395,20.02.2023,27.09.2024,SAP ERP,
30,MUS-000030,Летели листья,Летели листья,Козлов Никита Дмитриевич,Рок-музыка,Аудиокнига,Крд,,+7-938-181-97-69,kozlovnikita243@gmail.com,Отменена,много,21412,08.03.2024,08.08.2024,CRM Bitrix24,N/A
31,MUS-000031,Bohemian Rhapsody,Bohemian Rhapsody,Соколов Александр Викторович,Популярная музыка,Аудиокнига,Волгоград,"ул. Гагарина, д. 110, кв. 102",+7-933-244-79-93,sokolovaleks824@yandex.ru,Отмен.,2369,35826,31.02.2026,27.03.2024,CRM Bitrix24,Композиция на паузе
32,MUS-000032,Believer,Believer,Новиков Павел Иванович,Хип-хоп,Подкаст,Ростов-на-Дону,"ул. Пушкина, д. 73, кв. 172",+7-955-187-34-26,novikovpavel744@yandex.ru,Активна,6802,31631,18.01.2023,вчера,Excel-выгрузка,Композиция на паузе
33,MUS-000033,Городок,Городок,Богданова Анна Николаевна,Хип-хоп,Аудиокнига,Пермь,"ул. Мира, д. 91, кв. 156",+7-913-949-65-18,bogdanovaann598@yandex.ru,Пробный период,6212,11319,00.00.0000,17.05.2025,SAP ERP,Правообладатель уточняется
34,MUS-000034,Blinding Lights,Blinding Lights,Смирнова Наталья Петровна,Рок-муз.,Трек,Нижний Новгород,"ул. Мира, д. 16, кв. 130",+7-950-639-92-72,smirnovanata956@,Приостановлена,3343,6422,06.06.2025,10.04.2025,SAP ERP,Ограничение по региону
35,MUS-000035,Полёт над облаками,Полёт над облаками,Егорова Полина Александровна,Популярная музыка,Подкаст,Мск,"ул. Садовая, д. 53, кв. 139",+7-939-693-70-11,egorovapolin817@mail.ru,Приостановлена,5669,585,06.04.2025,16.12.2024,SAP ERP,Правообладатель уточняется
36,MUS-000036,Uptown Funk,Uptown Funk,Егоров Егор Викторович,Электронная музыка,Подкаст,Москва,"ул. Центральная, д. 104, кв. 167",+7-957-645-28-35,egorovegorvi653@mail.ru,Приостан.,,24026,04.07.2026,05.01.2024,CRM Bitrix24,Композиция на паузе
37,MUS-000037,Крылья,-,Новиков Артём Николаевич,Поп-муз.,Трек,Пермь,"ул. Гагарина, д. 109, кв. 155",+7-938-758-18-71,novikovartem177@,Приостановлена,4237,26590,16.03.2025,11.11.2024,Excel-выгрузка,Эксклюзивный релиз
38,MUS-000038,Крылья,Крылья,Фёдоров,Рок-муз.,Подкаст,Ростов-на-Дону,"ул. Победы, д. 27, кв. 21",+7-918-780-26-70,fedorovserge460@gmail.com,Пробный период,594,39565,01.05.2026,04.03.2025,SAP ERP,Ограничение по региону
39,MUS-000039,Небо,Небо,Козлов Владимир Дмитриевич,Хип-хоп,Подкаст,Новосиб.,"ул. Молодёжная, д. 145, кв. 86",+7-958-417-57-67,kozlovvladim789@mail.ru,Отменена,2981,11126,28.02.2026,06.03.2025,1С:Предприятие,Правообладатель уточняется
40,MUS-000040,Bohemian Rhapsody,Bohemian Rhapsody,Голубева Анна Андреевна,Популярная музыка,N/A,Волгоград,"ул. Гагарина, д. 10, кв. 117",+7-911-465-35-42,golubevaanna6@yandex.ru,Пробный период,-1,14937,20.11.2025,16.01.2025,-,
41,MUS-000041,Мотылёк,Мотылёк,Воробьёва Ольга Николаевна,Поп-муз.,Трек,Санкт-Петербург,"ул. Ленина, д. 58, кв. 32",+7-930-429-36-80,нет_почты,Отмен.,996,23209,27.10.2024,,1С:Предприятие,Ограничение по региону
42,MUS-000042,Мотылёк,Мотылёк,Голубев Илья Иванович,Электрон. муз.,Подкаст,Самара,"ул. Советская, д. 24, кв. 45",+7-910-839-85-92,golubevilyai233@yandex.ru,Отменена,6448,,08.01.2026,17.05.2025,1С:Предприятие,Правообладатель уточняется
43,MUS-000043,Крылья,Крылья,Воробьёва Екатерина Андреевна,Поп-муз.,Аудиокнига,Ростов-на-Дону,"ул. Пушкина, д. 16, кв. 123",+7-934-129-19-50,vorobevaekat24@mail.ru,Приостановлена,6239,47730,12.09.2024,17.03.2026,Excel-выгрузка,
44,MUS-000044,Крылья,Крылья,Попов Сергей Петрович,Поп-муз.,Подкаст,не указано(ошибка),"ул. Спортивная, д. 27, кв. 113",+7-947-667-34-14,popovsergeip133@yandex.ru,Пробный период,6219,6777,20.01.2023,27.09.2024,Excel-выгрузка,
45,MUS-000045,Городок,Городок,Соколова Алина Викторовна,Классич. муз.,Подкаст,Пермь,"ул. Молодёжная, д. 52, кв. 94",+7-947-599-29-84,sokolovaalin701@yandex.ru,Активна,6802,12004,17.07.2024,20.03.2026,Excel-выгрузка,Композиция на паузе
46,MUS-000046,Дожди-пистолеты,N/A,Виноградова Виктория Ивановна,Электронная музыка,Подкаст,Пермь,"ул. Мира, д. 73, кв. 166",+7-948-360-87-66,vinogradovav774@gmail.com,Отмен.,7199,37301,27.04.2024,25.07.2025,1С:Предприятие,Эксклюзивный релиз
47,MUS-000047,Shape of You,???,Козлова Наталья Николаевна,Рок-музыка,Трек,Челябинск,"ул. Садовая, д. 4, кв. 69",+7-944-696-10-67,kozlovanatal610@yandex.ru,Пробный период,912,47848,17.03.2024,07.09.2025,SAP ERP,Эксклюзивный релиз
48,MUS-000048,Мотылёк,Мотылёк,Новиков Александр Сергеевич,Электрон. муз.,Подкаст,,"ул. Пушкина, д. 78, кв. 50",+7-959-165-33-25,novikovaleks939@outlook.com,Активна,4837,ABC,07.10.2026,26.11.2026,Excel-выгрузка,
49,MUS-000049,Летели листья,Летели листья,Егорова Елена Сергеевна,Хип-хоп,Подкаст,Москва,"ул. Ленина, д. 124, кв. 101",+7-921-440-83-88,egorovaelena184@outlook.com,Актив.,,39334,03.07.2024,06.05.2026,SAP ERP,Эксклюзивный релиз
50,MUS-000050,Bohemian Rhapsody,Bohemian Rhapsody,Павлов Кирилл Петрович,Электрон. муз.,Подкаст,Пермь,"ул. Садовая, д. 55, кв. 102",+7-923-979-35-41,pavlovkirill610@mail.ru,Пробный период,1679,15721,10.11.2024,01.07.2025,Собственная система учёта,####
51,MUS-000051,ОШИБКА_ДАННЫХ,Shape of You,Попова Виктория Сергеевна,Популярная музыка,,СПб,"ул. Победы, д. 90, кв. 177",+7-913-547-73-55,popovaviktor20@yandex.ru,Активна,5914,34552,08.01.2026,04.03.2026,SAP ERP,Композиция на паузе
52,MUS-000052,Blinding Lights,Blinding Lights,Морозов Андрей Иванович,Хип-хоп,Трек,Пермь,"ул. Молодёжная, д. 88, кв. 43",,morozovandre253@gmail.com,Актив.,2429,5824,09.02.2024,14.06.2025,Excel-выгрузка,Композиция на паузе
53,MUS-000053,Полёт над облаками,Полёт над облаками,Голубева Ирина Петровна,Рок-музыка,Трек,Мск,"ул. Садовая, д. 6, кв. 96",+7-911-780-75-15,golubevairin365@gmail.com,Приостановлена,2298,10023,07.03.2025,18.06.2024,Собственная система учёта,
54,MUS-000054,Городок,Городок,Попов Максим Николаевич,Рок-музыка,Аудиокнига,Нижний Новгород,"ул. Спортивная, д. 113, кв. 54",+7-944-499-63-60,popovmaksimn425@mail.ru,Активна,651,2078,10.10.2026,12.12.2026,-,
55,MUS-000055,Небо,Небо,Новикова Ирина Дмитриевна,Электрон. муз.,Подкаст,Казань,"ул. Победы, д. 104, кв. 17",+7-946-980-51-70,novikovairin110@yandex.ru,Отменена,много,34030,25.01.2025,13.12.2024,Excel-выгрузка,Правообладатель уточняется
56,MUS-000056,Небо,Небо,Козлов Андрей Викторович,Рок-музыка,Аудиокнига,Москва,ул.,+7-926-318-29-58,kozlovandrei664@gmail.com,Пробный период,3914,26763,01.06.2023,17.09.2026,SAP ERP,Эксклюзивный релиз
57,MUS-000057,Uptown,Uptown,Фёдоров Виктор Александрович,Классич. муз.,Подкаст,Ростов-н/Д,"ул. Победы, д. 139, кв. 36",+7-944-153-92-68,fedorovvikto512@yandex.ru,Пробный период,3079,35652,10.08.2026,02.09.2024,SAP ERP,
58,MUS-000058,Городок,Городок,-,Рок-музыка,Трек,Казань,"ул. Мира, д. 61, кв. 121",+7-915-851-31-78,volkovdmitri505@yandex.ru,Актив.,397,1310,07.08.2024,27.07.2026,CRM Bitrix24,Правообладатель уточняется
59,MUS-000059,Небо,Небо,Волкова Мария Николаевна,Электронная музыка,Аудиокнига,Санкт-Петербург,"ул. Пушкина, д. 62, кв. 119",+7-919-444-86-74,volkovamariy596@gmail.com,Приостановлена,6382,45517,05.10.2023,19.09.2024,CRM Bitrix24,
60,MUS-000060,Небо,нет данных(ошибка),Петрова Ирина Сергеевна,Классич. муз.,Подкаст,Пермь,"ул. Спортивная, д. 68, кв. 14",+7-936-820-14-60,petrovairina862@outlook.com,Пробный период,3824,2891,07.10.2024,23.07.2026,Собственная система учёта,Правообладатель уточняется
61,MUS-000061,Blinding Lights,Blinding Lights,Семёнов Владимир Дмитриевич,Рок-музыка,Трек,Екб,"ул. Центральная, д. 58, кв. 147",+7-918-261-14-36,semenovvladi478@mail.ru,Приостановлена,220,47601,16.12.2025,31.02.2026,Excel-выгрузка,Эксклюзивный релиз
62,MUS-000062,Shape of You,Shape of You,Петрова Екатерина Сергеевна,Хип-хоп,нет данных(ошибка),Москва,N/A,+7-920-853-95-20,petrovaekate26@outlook.com,,6508,46839,26.02.2023,25.11.2026,Собственная система учёта,Ограничение по региону
63,MUS-000063,ОШИБКА_ДАННЫХ,Мотылёк,Петров Алексей Александрович,Рок-музыка,Аудиокнига,Казань,"ул. Мира, д. 93, кв. 98",+7-944-303-49-36,petrovalekse953@gmail.com,Отмен.,н/д,43496,11.04.2023,07.02.2026,Собственная система учёта,Композиция на паузе
64,MUS-000064,Uptown,Uptown,Попова Екатерина Петровна,Электронная музыка,Подкаст,Крд,"ул. Мира, д. 109, кв. 39",+7-910-258-65-76,popovaekater455@yandex.ru,Активна,2899,,01.05.2023,06.10.2025,SAP ERP,Правообладатель уточняется
65,MUS-000065,Крылья,Крылья,Волков Сергей Дмитриевич,Классич. муз.,Трек,Новосибирск,ОШИБКА_ДАННЫХ,+7-919-417-46-87,volkovsergei816@yandex.ru,Отменена,3211,42307,24.02.2024,02.02.2024,,Композиция на паузе
66,MUS-000066,Небо,Небо,Морозов Александр Дмитриевич,Классич. муз.,Подкаст,Новосиб.,"ул. Пушкина, д. 78, кв. 18",+7-938-582-66-57,morozovaleks238@yandex.ru,Активна,3528,21800,15.05.2026,14.03.2024,1С:Предприятие,Эксклюзивный релиз
67,MUS-000067,Мотылёк,Мотылёк,,Электронная музыка,Трек,Ростов-на-Дону,"ул. Спортивная, д. 74, кв. 178",+7-99-abc-12-34,novikovaleks770@gmail.com,Отмен.,1909,н/д,11.02.2025,11.01.2024,CRM Bitrix24,
68,MUS-000068,Дожди-пистолеты,Дожди-пистолеты,Семёнов Илья Сергеевич,Электронная музыка,Трек,Пермь,"ул. Спортивная, д. 42, кв. 184",12345,semenovilyas872@outlook.com,Отменена,4334,22765,27.03.2023,08.08.2025,Собственная система учёта,Эксклюзивный релиз
69,MUS-000069,Blinding Lights,Blinding Lights,Павлова Дарья Николаевна,Рок-музыка,Аудиокнига,Крд,"ул. Советская, д. 125, кв. 65",+7-912-830-30-56,pavlovadarya177@gmail.com,Приостановлена,5805,2078,21.04.2023,05.04.2025,ОШИБКА_ДАННЫХ,Композиция на паузе
70,MUS-000070,Uptown Funk,Uptown Funk,Богданов Кирилл Андреевич,Рок-муз.,Подкаст,Санкт-Петербург,"ул. Молодёжная, д. 102, кв. 10",+7-941-590-34-76,bogdanovkiri403@outlook.com,Отменена,1598,30418,23.12.2026,13.12.2026,Excel-выгрузка,Эксклюзивный релиз
71,MUS-000071,Bohemian Rhapsody,,Семёнова Ксения Дмитриевна,Рок-музыка,Трек,Москва,"ул. Спортивная, д. 38, кв. 60",+7-99-abc-12-34,semenovaksen855@outlook.com,Отменена,ERROR,10593,13.11.2026,08.03.2025,CRM Bitrix24,Ограничение по региону
72,MUS-000072,нет данных(ошибка),Uptown,Иванов Никита Петрович,Эле,Аудиокнига,Пермь,"ул. Молодёжная, д. 136, кв. 30",+7-945-932-81-19,ivanovnikita331@gmail.com,Отменена,3680,18489,2025,14.10.2026,1С:Предприятие,
73,MUS-000073,Show Must Go On,Show Must Go On,12345XYZ,,Аудиокнига,Ворнж,"ул. Садовая, д. 62, кв. 186",+7-913-711-28-47,sokolovnikit48@gmail.com,Актив.,2551,40777,16.09.2026,02.12.2026,Собственная система учёта,
74,MUS-000074,Believer,Believer,Егоров Дмитрий Сергеевич,Рок-муз.,Трек,Челябинск,"ул. Ленина, д. 12, кв. 190",+7-921-513-21-65,egorovdmitri585@outlook.com,Приостановлена,,49949,06.04.2025,02.06.2026,Excel-выгрузка,Композиция на паузе
75,MUS-000075,Дожди-пистолеты,ОШИБКА_ДАННЫХ,Смирнов Виктор Викторович,Электронная музыка,Трек,Ростов-на-Дону,"ул. Молодёжная, д. 2, кв. 122",+7-921-651-82-94,smirnovvikto334@outlook.com,Пробный период,417,38626,14.07.2024,2026,1С:Предприятие,N/A
76,MUS-000076,,Uptown Funk,Егоров Илья Викторович,Классическая музыка,Подкаст,Екатеринбург,"ул. Садовая, д. 90, кв. 118",+7-933-166-67-21,,Пробный период,1404,20311,24.05.2023,04.10.2026,1С:Предприятие,
77,MUS-000077,Мотылёк,Мотылёк,ОШИБКА_ДАННЫХ,Электрон. муз.,Трек,Мск,"ул. Пушкина, д. 75, кв. 67",+7-916-991-80-24,lebedevaleks434@outlook.com,Пробный период,2843,3775,16.12.2024,02.01.2026,Excel-выгрузка,Композиция на паузе
78,MUS-000078,Городок,Городок,Воробьёв Кирилл Сергеевич,Рок-муз.,Аудиокнига,Самара,"ул. Советская, д. 125, кв. 155",+7-919-117-61-35,vorobevkiril489@mail.ru,Отменена,4822,26818,20.03.2026,13.01.2024,SAP ERP,Ограничение по региону
79,MUS-000079,Небо,Небо,Морозова Юлия Сергеевна,Хип-хоп,Трек,Екб,"ул. Спортивная, д. 110, кв. 60",+7-947-227-61-40,morozovayuli20@outlook.com,Приостан.,1114,31329,07.09.2026,08.11.2025,SAP ERP,Композиция
80,MUS-000080,Uptown,Uptown,Егорова Полина Ивановна,Хип-хоп,,Нижний Новгород,"ул. Гагарина, д. 81, кв. 85",+7-929-245-51-93,egorovapolin354@gmail.com,Пробный период,6517,45283,08.11.2025,18.11.2024,Excel-выгрузка,Правообладатель уточняется
81,MUS-000081,Uptown Funk,Uptown Funk,Алексеева Татьяна Сергеевна,Электрон. муз.,Трек,Краснодар,,телефон отсутствует,alekseevatat600@yandex.ru,Пробный период,3229,26326,12.06.2023,07.11.2026,Excel-выгрузка,
82,MUS-000082,Розовое вино,Розовое вино,Кузнецова Екатерина Викторовна,Хип-хоп,Подкаст,Москва,"ул. Центральная, д. 26, кв. 109",+7-918-566-74-57,kuznecovaeka499@gmail.com,Приостановлена,1240,37455,16.06.2023,12.10.2026,Собственная система учёта,Композиция на паузе
83,MUS-000083,Розовое вино,Розовое вино,Волкова Екатерина Сергеевна,Электронная музыка,N/A,Ростов-н/Д,,+7-947-492-21-86,volkovaekate849@mail.ru,Пробный период,1616,35713,2023,23.11.2026,CRM Bitrix24,Ограничение по региону
84,MUS-000084,Uptown Funk,Uptown Funk,Алексеев Максим Викторович,Рок-муз.,Аудиокнига,Воронеж,"ул. Садовая, д. 102, кв. 130",+7-922-448-25-18,alekseevmaks748@mail.ru,Пробный период,6961,42978,07.10.2025,12.12.2025,Excel-выгрузка,Ограничение по региону
85,MUS-000085,Городок,Городок,Богданова Светлана Викторовна,Рок-музыка,Аудиокнига,Санкт-Петербург,"ул. Спортивная, д. 61, кв. 89",+7-932-766-64-93,bogdanovasve757@gmail.com,Пробный период,5108,8827,00.00.0000,2026-13-45,Excel-выгрузка,
86,MUS-000086,Крылья,Крылья,Смирнова Мария Николаевна,Рок-музыка,Подкаст,Волгоград,"ул. Ленина, д. 65, кв. 44",+7-929-731-38-87,smirnovamari880@outlook.com,Отменена,,17072,01.10.2025,13.01.2024,1С:Предприятие,Ограничение по региону
87,MUS-000087,Розовое вино,Розовое вино,Егорова Екатерина Андреевна,Популярная музыка,Аудиокнига,Самара,"ул. Пушкина, д. 83, кв. 98",+7-954-538-29-51,egorovaekate853@yandex.ru,Пробный период,5217,23526,13.11.2023,13.12.2025,SAP ERP,Ограничение по региону
88,MUS-000088,Небо,Небо,Лебедев Никита Николаевич,Электронная музыка,Трек,Нижний Новгород,"ул. Центральная, д. 116, кв. 182",+7-932-191-56-31,lebedevnikit423@gmail.com,Отменена,1509,ABC,00.00.0000,06.01.2024,1С:Предприятие,Правообладатель уточняется
89,MUS-000089,Shape of You,Shape of You,Иванов Кирилл Николаевич,Классическая музыка,Подкаст,Челяб.,"ул. Центральная, д. 139, кв. 167",+7-925-723-17-20,ivanovkirill718@yandex.ru,Приостановлена,6123,18359,23.04.2023,04.01.2026,1С:Предприятие,Ограничение по региону
90,MUS-000090,Небо,Небо,Соколов Александр Сергеевич,Электронная музыка,Подкаст,Казань,"ул. Ленина, д. 104, кв. 18",+7-943-669-70-27,sokolovaleks220@yandex.ru,Приостановлена,5386,15327,08.04.2023,19.08.2025,-,Ограничение по региону
91,MUS-000091,Розовое вино,Розовое вино,Кузнецова Екатерина Ивановна,Классич. муз.,Трек,Волгоград,"ул. Молодёжная, д. 134, кв. 28",+7-917-742-78-33,kuznecovaeka589@gmail.com,Пробный период,,9964,11.03.2024,21.08.2025,SAP ERP,Композиция на паузе
92,MUS-000092,Полёт над облаками,Полёт над облаками,Воробьёв Артём Андреевич,Электронная музыка,Аудиокнига,Екб,"ул. Победы, д. 65, кв. 20",+7-913-827-35-31,vorobevartem474@outlook.com,Отмен.,7006,39303,14.12.2026,08.02.2024,1С:Предприятие,Эксклюзивный релиз
93,MUS-000093,Мотылёк,Мотылёк,Морозов Андрей Дмитриевич,Популярная музыка,Подкаст,Краснодар,,+7-911-536-38-68,morozovandre406@outlook.com,Активна,6008,17353,28.12.2025,02.10.2026,Excel-выгрузка,Композиция на паузе
94,MUS-000094,Bohemian Rhapsody,Bohemian,Фёдоров Владимир Андреевич,Популярная музыка,Трек,Екатеринбург,"ул. Мира, д. 16, кв. 86",+7-955-900-68-23,fedorovvladi783@outlook.com,Приостановлена,1874,36977,17.12.2023,25.06.2026,Excel-выгрузка,
95,MUS-000095,Дожди-пистолеты,Дожди-пистолеты,Богданова Наталья Николаевна,Классическая музыка,???,Крд,"ул. Молодёжная, д. 38, кв. 193",+7-915-636-72-52,bogdanovanat703@gmail.com,Актив.,5274,28168,01.08.2025,28.03.2026,####,Композиция на паузе
96,MUS-000096,Uptown Funk,Uptown Funk,Семёнова Анна Петровна,Поп-муз.,Трек,Мск,"ул. Победы, д. 121, кв. 110",+7-916-959-79-93,semenovaanna118@mail.ru,Приостановлена,,24455,07.04.2023,06.02.2025,CRM Bitrix24,Эксклюзивный релиз
97,MUS-000097,Uptown Funk,Uptown Funk,Лебедев Егор Андреевич,###,Аудиокнига,Челябинск,ул.,+7-940-975-48-65,lebedevegora990@outlook.com,Пробный период,6102,33962,2026,31.02.2026,####,Эксклюзивный релиз
98,MUS-000098,Дожди-пистолеты,Дожди-пистолеты,Смирнов Сергей Петрович,Классич. муз.,Трек,Воронеж,"ул. Гагарина, д. 40, кв. 142",+7-913-404-46-26,smirnovserge864@gmail.com,###,3153,27632,06.08.2023,20.12.2026,Собственная система учёта,
99,MUS-000099,Uptown Funk,Uptown Funk,Морозов Виктор Викторович,Классическая музыка,Подкаст,###,"ул. Садовая, д. 58, кв. 76",+7-943-284-92-28,morozovvikto489@outlook.com,не указано(ошибка),2146,,,2024,Excel-выгрузка,Ограничение по региону
100,MUS-000100,Полёт над облаками,N/A,ОШИБКА_ДАННЫХ,Популярная музыка,Трек,Санкт-Петербург,"ул. Спортивная, д. 8, кв. 148",+7-923-670-70-93,,Активна,5174,43386,07.08.2025,28.03.2024,CRM Bitrix24,Эксклюзивный релиз
101,MUS-000101,Небо,Небо,####,Хип-хоп,Аудиокнига,Новосиб.,"ул. Советская, д. 72, кв. 27",+7-910-341-43-55,lebedevpavel979@gmail.com,Приостановлена,486,7009,07.06.2025,26.11.2024,,Ограничение по региону
102,MUS-000102,Мотылёк,Мотылёк,Попов Максим Александрович,Популярная музыка,Аудиокнига,Челяб.,"ул. Центральная, д. 63, кв. 123",+7-952-775-65-51,popovmaksima378@gmail.com,Активна,6252,18883,28.12.2025,06.03.2025,1С:Предприятие,Ограничение по региону
103,MUS-000103,Дожди-пистолеты,Дожди-пистолеты,Волкова Екатерина Петровна,Электронная музыка,Трек,Краснодар,"ул. Ленина, д. 46, кв. 156",+7-947-984-85-23,volkovaekate650@yandex.ru,Активна,1097,34198,03.03.2023,22.03.2024,Excel-выгрузка,Композиция на паузе
104,MUS-000104,Blinding Lights,Blinding Lights,Кузнецов Роман Иванович,Классическая музыка,Трек,Краснодар,"ул. Спортивная, д. 39, кв. 114",+7-946-762-97-40,kuznecovroma984@mail.ru,Активна,6556,44411,12.06.2025,18.08.2024,Excel-выгрузка,12345XYZ
105,MUS-000105,???,Мотылёк,Петрова Дарья Викторовна,Хип-хоп,Аудиокнига,Пермь,"ул. Победы, д. 6, кв. 173",+7-913-218-97-67,petrovadarya955@outlook.com,Пробный период,298,45541,06.08.2023,2025,Собственная система учёта,Эксклюзивный релиз
106,MUS-000106,Uptown,Uptown,Алексеева Виктория Сергеевна,Электронная музыка,Аудиокнига,Нижний Новгород,"ул. Молодёжная, д. 51, кв. 10",+7-956-642-83-64,alekseevavik447@gmail.com,Отменена,1539,18934,04.05.2024,20.05.2024,Собственная система учёта,
107,MUS-000107,Blinding Lights,Blinding Lights,Алексеев Алексей Николаевич,Хип-хоп,-,Казань,"ул. Победы, д. 46, кв. 144",+7-949-915-29-21,alekseevalek743@outlook.com,Отменена,1134,8532,01.05.2024,вчера,Собственная система учёта,Композиция на паузе
108,MUS-000108,Shape of You,N/A,Козлов Владимир Петрович,Электронная музыка,Аудиокнига,Казань,"ул. Победы, д. 57, кв. 35",+7-927-870-58-59,kozlovvladim506@outlook.com,Отмен.,,-1,14.04.2023,08.08.2024,Excel-выгрузка,
109,MUS-000109,Blinding Lights,Blinding Lights,Петров Андрей Андреевич,Электрон. муз.,Подкаст,Смр,"ул. Садовая, д. 118, кв. 193",+7-929-8,petrovandrei143@mail.ru,Пробный период,169,19111,03.02.2024,08.12.2026,1С:Предприятие,Эксклюзивный релиз
110,MUS-000110,Розовое вино,,Алексеева Виктория Викторовна,Популярная музыка,Трек,СПб,"ул. Центральная, д. 147, кв. 42",+7-918-433-64-62,alekseevavik79@gmail.com,Отменена,6486,17400,09.10.2024,26.09.2026,Собственная система учёта,Эксклюзивный релиз
111,MUS-000111,Дожди-пистолеты,Дожди-пистолеты,Петров Виктор Иванович,Хип-хоп,Подкаст,Краснодар,"ул. Ленина, д. 99, кв. 178",+7-948-990-81-44,petrovviktor934@yandex.ru,Приостановлена,5261,38494,28.10.2025,2025,Собственная система учёта,Ограничение по региону
112,MUS-000112,Небо,Небо,Морозова Анна Петровна,Популярная музыка,Трек,Н.Новгород,"ул. Молодёжная, д. 33, кв. 162",+7-938-585-28-10,morozovaanna469@,Приостан.,4509,12911,07.06.2025,01.02.2026,,Правообладатель уточняется
113,MUS-000113,Летели листья,Летели листья,Богданов Максим Дмитриевич,Классич. муз.,Подкаст,Санкт-Петербург,"ул. Советская, д. 48, кв. 178",+7-911-681-99-97,bogdanovmaks210@outlook.com,Приостан.,4482,45086,05.10.2026,20.03.2024,SAP ERP,
114,MUS-000114,Крылья,Крылья,12345XYZ,Электрон. муз.,Аудиокнига,Волгоград,,+7-933-840-70-47,kozlovaelena627@mail.ru,Пробный период,1262,37965,07.06.2023,14.11.2025,1С:Предприятие,
115,MUS-000115,Крылья,Крылья,Семёнова Юлия Петровна,Электронная музыка,Аудиокнига,Волгоград,ул.,+7-953-521-32-36,semenovayuli398@yandex.ru,###,н/д,641,28.08.2024,04.04.2024,SAP ERP,Композиция на паузе
116,MUS-000116,Blinding Lights,Blinding Lights,Кузнецов Виктор Александрович,Популярная музыка,Аудиокнига,Санкт-Петербург,"ул. Ленина, д. 3, кв. 198",+7-910-9,kuznecovvikt50@outlook.com,Отмен.,5563,43081,05.08.2023,06.10.2026,Собственная система учёта,
117,MUS-000117,Believer,Believer,Воробьёв Павел Андреевич,Классич. муз.,Подкаст,Ростов-на-Дону,"ул. Мира, д. 45, кв. 44",+7-911-572-16-67,vorobevpavel75@yandex.ru,Отменена,559,31333,15.12.2025,17.03.2025,CRM Bitrix24,Правообладатель уточняется
118,MUS-000118,Bohemian Rhapsody,Bohemian Rhapsody,Алексеева Татьяна Ивановна,Классическая музыка,нет данных(ошибка),Пермь,"ул. Центральная, д. 102, кв. 61",+7-957-978-67-35,alekseevatat894@yandex.ru,Приостановлена,2109,30469,09.12.2024,17.02.2024,Собственная система учёта,Эксклюзивный релиз
119,MUS-000119,Uptown Funk,Uptown Funk,Кузнецова Екатерина Александровна,Хип-хоп,Аудиокнига,Новосиб.,"ул. Молодёжная, д. 137, кв. 199",+7-943-490-24-52,kuznecovaeka379@gmail.com,Пробный период,2618,4956,22.06.2024,06.10.2026,1С:Предприятие,Правообладатель уточняется
120,MUS-000120,Дожди-пистолеты,Дожди-пистолеты,Виноградов Никита Иванович,Хип-хоп,Подкаст,Волгоград,"ул. Центральная, д. 85, кв. 192",+7-945-906-47-96,vinogradovni795@outlook.com,Отмен.,5227,8356,09.05.2024,26.07.2026,CRM Bitrix24,Ограничение по региону
121,MUS-000121,Shape of You,Shape of You,Смирнова Светлана Петровна,не указано(ошибка),???,Челяб.,"ул. Ленина, д. 135, кв. 31",+7-913-693-19-36,smirnovasvet809@gmail.com,Пробный период,6648,19883,14.10.2024,07.05.2025,1С:Предприятие,Ограничение по региону
122,MUS-000122,Крылья,Крылья,Волкова Юлия Дмитриевна,Хип-хоп,Трек,СПб,"ул. Молодёжная, д. 68, кв. 197",+7-919-149-11-16,volkovayuliy995@mail.ru,Отмен.,5534,44152,15.10.2026,26.09.2024,1С:Предприятие,
123,MUS-000123,Bohemian Rhapsody,Bohemian Rhapsody,Виноградов Владимир Дмитриевич,,,Мск,12345XYZ,+7-913-368-77-43,vinogradovvl420@outlook.com,Отменена,6704,ERROR,16.10.2024,10.07.2024,Excel-выгрузка,
124,MUS-000124,ОШИБКА_ДАННЫХ,Мотылёк,Фёдорова Елена Петровна,Электронная музыка,Трек,Пермь,"ул. Гагарина, д. 63, кв. 93",+7-912-269-82-25,fedorovaelen644@,Пробный период,5374,44749,26.03.2023,06.10.2024,Собственная система учёта,Эксклюзивный релиз
125,MUS-000125,Полёт над облаками,Полёт над облаками,,Популярная музыка,Трек,Ростов-на-Дону,"ул. Ленина, д. 4, кв. 150",+7-935-259-21-56,kozlovatatya775@gmail.com,Актив.,2656,33937,22.12.2026,21.02.2026,Собственная система учёта,Композиция на паузе
126,MUS-000126,Дожди-пистолеты,Дожди-пистолеты,Лебедев Виктор Иванович,Электронная музыка,Трек,Ростов-на-Дону,"ул. Ленина, д. 66, кв. 137",+7-950-513-83-24,lebedevvikto628@yandex.ru,,3540,21596,06.09.2024,08.02.2024,SAP ERP,
127,MUS-000127,Крылья,Крылья,Лебедева Ольга Ивановна,Электрон. муз.,Подкаст,Москва,"ул. Победы, д. 150, кв. 75",+7-954-661-31-98,lebedevaolga627@yandex.ru,Приостановлена,3745,36073,01.06.2024,19.07.2024,CRM Bitrix24,
128,MUS-000128,Небо,Небо,Павлова Мария Дмитриевна,Электронная музыка,Аудиокнига,Москва,"ул. Центральная, д. 47, кв. 112",+7-937-761-92-95,pavlovamariy72@outlook.com,Отменена,1148,43952,05.07.2025,24.07.2025,SAP ERP,Правообладатель уточняется
129,MUS-000129,Летели листья,Летели листья,Егорова Ольга Викторовна,Классическая музыка,Подкаст,Смр,"ул. Победы, д. 132, кв. 6",+7-919-614-92-26,egorovaolgav48@gmail.com,Пробн. период,5660,47993,03.01.2023,06.11.2026,CRM Bitrix24,Правообладатель уточняется
130,MUS-000130,Show Must Go On,-,Егоров Артём Дмитриевич,Хип-хоп,Трек,Новосибирск,"ул. Центральная, д. 44, кв. 100",+7-931-262-94-91,egorovartemd707@mail.ru,Пробный период,3597,22570,09.12.2024,10.10.2024,CRM Bitrix24,Композиция на паузе
131,MUS-000131,Дожди-пистолеты,Дожди-пистолеты,Новикова Юлия Александровна,Популярная музыка,Подкаст,Самара,"ул. Победы, д. 138, кв. 98",+7-914-444-74-42,novikovayuli350@yandex.ru,Активна,2546,40536,00.00.0000,05.11.2026,SAP ERP,Ограничение по региону
132,MUS-000132,ОШИБКА_ДАННЫХ,Летели листья,Голубев Роман Викторович,Хип-хоп,Трек,Мск,"ул. Молодёжная, д. 106, кв. 41",,golubevroman110@yandex.ru,Актив.,1386,3192,08.05.2026,26.03.2026,1С:Предприятие,Эксклюзивный релиз
133,MUS-000133,,Uptown Funk,Петров Роман Дмитриевич,Классическая музыка,Трек,Ростов-на-Дону,"ул. Пушкина, д. 95, кв. 70",+7-928-221-22-32,petrovromand73@gmail.com,Отменена,1789,49155,21.02.2025,01.06.2025,CRM Bitrix24,Ограничение по региону
134,MUS-000134,Shape of You,Shape of You,Кузнецова Мария Дмитриевна,Классич. муз.,Аудиокнига,Новосиб.,,+7-956-824-87-34,kuznecovamar672@yandex.ru,Пробный период,н/д,38053,06.04.2023,24.01.2025,1С:Предприятие,Правообладатель уточняется
135,MUS-000135,Розовое вино,Розовое вино,Кузнецова Виктория Сергеевна,Популярная музыка,Аудиокнига,Челябинск,"ул. Садовая, д. 83, кв. 75",+7-951-278-71-10,kuznecovavik23@yandex.ru,Приостановлена,2689,22411,23.05.2026,20.04.2025,Собственная система учёта,Эксклюзивный релиз
136,MUS-000136,Мотылёк,Мотылёк,Козлова Виктория Андреевна,Популярная музыка,Аудиокнига,Ростов-на-Дону,"ул. Садовая, д. 38, кв. 8",+7-939-551-76-57,kozlovavikto820@yandex.ru,Отмен.,2751,16296,02.12.2024,04.11.2025,12345XYZ,Композиция на паузе
137,MUS-000137,Uptown,Uptown,Фёдоров Виктор Сергеевич,Классич. муз.,Трек,###,"ул. Советская, д. 145, кв. 117",+7-952-3,fedorovvikto121@yandex.ru,Приостановлена,2979,15504,12.02.2023,10.08.2026,Собственная система учёта,Правообладатель уточняется
138,MUS-000138,Городок,Городок,Павлова Виктория Николаевна,Рок-муз.,Аудиокнига,категория_5,"ул. Советская, д. 48, кв. 103",+7-914-394-56-53,pavlovavikto615@mail.ru,Пробный период,2596,18120,08.09.2023,03.06.2025,CRM Bitrix24,
139,MUS-000139,Крылья,Крылья,Богданова Ирина Петровна,Поп-муз.,Аудиокнига,Новосибирск,"ул. Гагарина, д. 111, кв. 54",+7-934-896-92-33,bogdanovairi280@outlook.com,Пробный период,1165,21135,19.04.2025,11.04.2025,1С:Предприятие,Ограничение по региону
140,MUS-000140,Bohemian Rhapsody,Bohemian Rhapsody,Лебедева Алина Викторовна,Электронная музыка,Подкаст,Москва,"ул. Садовая, д. 115, кв. 68",+7-938-521-51-27,lebedevaalin569@,Пробный период,5634,35754,06.04.2025,26.08.2025,Excel-выгрузка,Эксклюзивный релиз
141,MUS-000141,Летели листья,Летели листья,Новиков Сергей Андреевич,Хип-хоп,Трек,Екб,"ул. Победы, д. 7, кв. 105",+7-943-681-71-96,novikovserge303@gmail.com,Приостановлена,3502,36707,15.02.2026,01.10.2025,Собственная система учёта,Композиция
142,MUS-000142,Uptown,Uptown,Богданов Никита Александрович,Классическая музыка,Трек,,"ул. Спортивная, д. 109, кв. 181",+7-933-309-33-18,bogdanovniki656@outlook.com,Активна,4859,7521,26.08.2023,18.11.2025,Excel-выгрузка,Композиция на паузе
143,MUS-000143,N/A,Bohemian Rhapsody,Егорова Ксения Николаевна,Классическая музыка,Аудиокнига,Новосиб.,"ул. Садовая, д. 132, кв. 158",+7-956-409-87-28,egorovakseni690@mail.ru,Приостановлена,4083,24447,02.08.2025,01.05.2026,,
144,MUS-000144,Небо,Небо,Соколова Алина Ивановна,Электронная музыка,Аудиокнига,Екатеринбург,"ул. Молодёжная, д. 10, кв. 33",12345,sokolovaalin898@,Пробный период,2907,4101,05.02.2026,10.06.2026,1С:Предприятие,Эксклюзивный релиз
145,MUS-000145,N/A,Shape,Алексеева Ирина Андреевна,Электронная музыка,Трек,Челябинск,"ул. Ленина, д. 44, кв. 74",+7-914-145-54-31,alekseevairi374@yandex.ru,Отменена,5944,15885,02.01.2024,09.08.2024,1С:Предприятие,Правообладатель уточняется
146,MUS-000146,Розовое вино,Розовое вино,Смирнова Татьяна Николаевна,Классич. муз.,Подкаст,Краснодар,"ул. Ленина, д. 101, кв. 4",+7-921-814-16-19,smirnovataty574@gmail.com,Активна,6400,-1,10.01.2026,23.10.2025,CRM Bitrix24,Ограничение по региону
147,MUS-000147,Show Must Go On,Show Must Go On,Попова Полина Николаевна,Рок-музыка,Подкаст,Воронеж,"ул. Советская, д. 102, кв. 63",+7-921-507-19-76,,Отмен.,6164,687,вчера,16.04.2026,1С:Предприятие,Ограничение по региону
148,MUS-000148,Крылья,Крылья,Волкова Полина Андреевна,Хип-хоп,Подкаст,Санкт-Петербург,"ул. Гагарина, д. 113, кв. 57",+7-917-127-63-34,volkovapolin785@mail.ru,Приостановлена,1052,33933,25.12.2023,22.10.2025,Excel-выгрузка,Ограничение по региону
149,MUS-000149,Shape of You,Shape of You,Соколов Павел Петрович,Популярная музыка,Трек,Воронеж,"ул. Гагарина, д. 31, кв. 199",+7-910-128-94-53,sokolovpavel598@mail.ru,Пробный период,,48688,2026-13-45,27.07.2025,Собственная система учёта,Эксклюзивный релиз
150,MUS-000150,Uptown,ОШИБКА_ДАННЫХ,Богданов Максим Викторович,не указано(ошибка),Трек,Крд,,+7-937-583-19-68,bogdanovmaks327@outlook.com,Пробный период,6799,17807,17.04.2026,06.06.2024,1С:Предприятие,Композиция на паузе
151,MUS-000151,Небо,N/A,Петров Кирилл Николаевич,Классическая музыка,Трек,Краснодар,"ул. Садовая, д. 59, кв. 7",телефон отсутствует,petrovkirill109@mail.ru,Активна,6425,10979,16.05.2026,11.11.2024,,Эксклюзивный релиз
152,MUS-000152,,-,Волкова Юлия Ивановна,Классическая музыка,Трек,Ростов-на-Дону,"ул. Гагарина, д. 22, кв. 96",+7-926-357-60-47,volkovayuliy622@outlook.com,Отменена,6561,26187,11.09.2023,10.11.2025,CRM Bitrix24,
153,MUS-000153,Летели листья,Летели листья,Алексеев Максим Александрович,Рок-муз.,Аудиокнига,Нижний Новгород,"ул. Победы, д. 23, кв. 140",+7-951-875-20-74,alekseevmaks836@gmail.com,Пробный период,4245,4407,08.05.2024,07.11.2026,1С:Предприятие,Эксклюзивный релиз
154,MUS-000154,Полёт над облаками,Полёт над облаками,Фёдоров Александр Викторович,Классическая музыка,Аудиокнига,Влгд,"ул. Спортивная, д. 69, кв. 192",+7-953-191-98-99,fedorovaleks416@outlook.com,Приостановлена,,15415,09.11.2023,15.03.2026,CRM Bitrix24,Эксклюзивный релиз
155,MUS-000155,Uptown Funk,Uptown Funk,Лебедев Виктор Иванович,Хип-хоп,Аудиокнига,Москва,"ул. Мира, д. 18, кв. 105",+7-945-250-19-79,lebedevvikto261@outlook.com,Акт,7182,25489,05.10.2025,02.03.2026,Excel-выгрузка,Ограничение по региону
156,MUS-000156,Мотылёк,Мотылёк,Алексеев Павел Иванович,Рок-музыка,Трек,Вол,"ул. Гагарина, д. 150, кв. 65",+7-946-389-57-22,alekseevpave648@yandex.ru,не указано(ошибка),4941,35550,21.11.2025,25.09.2026,SAP ERP,Правообладатель уточняется
157,MUS-000157,Летели листья,Летели листья,Петрова Дарья Петровна,Популярная музыка,Аудиокнига,Челяб.,"ул. Советская, д. 5, кв. 171",+7-921-187-55-61,petrovadarya107@mail.ru,Пробный период,6113,38483,вчера,20.06.2025,Собственная система учёта,Композиция на паузе
158,MUS-000158,Uptown Funk,Uptown Funk,,Электронная музыка,Трек,Мск,"ул. Молодёжная, д. 138, кв. 31",+7-910-902-63-85,,Пробный период,,28968,24.11.2024,08.05.2026,SAP ERP,Правообладатель уточняется
159,MUS-000159,Uptown,Uptown,Иванов Дмитрий Сергеевич,Рок-музыка,Подкаст,Челябинск,"ул. Центральная, д. 13, кв. 72",+7-940-839-27-95,ivanovdmitri817@mail.ru,Пробн. период,1612,33962,2023,07.12.2026,Excel-выгрузка,Ограничение по региону
160,MUS-000160,Bohemian Rhapsody,Bohemian,Кузнецова Юлия Петровна,Классическая музыка,Трек,Волгоград,"ул. Гагарина, д. 26, кв. 13",+7-943-860-21-45,kuznecovayul46@gmail.com,Пробный период,210,27050,06.09.2025,22.03.2025,1С:Предприятие,Композиция на паузе
161,MUS-000161,Uptown,N/A,Козлова,Классическая музыка,Трек,Неизвестная категория,"ул. Центральная, д. 24, кв. 66",+7-959-260-54-48,,Пробн. период,1922,3358,16.03.2026,03.04.2026,CRM Bitrix24,Композиция на паузе
162,MUS-000162,Дожди-пистолеты,Дожди-пистолеты,Егорова Виктория Ивановна,Популярная музыка,Аудиокнига,Н.Новгород,"ул. Молодёжная, д. 92, кв. 101",+7-917-363-31-96,egorovavikto829@outlook.com,Отменена,5311,47878,08.06.2023,19.12.2024,CRM Bitrix24,Эксклюзивный релиз
163,MUS-000163,Believer,Believer,Иванов Александр Андреевич,Хип-хоп,Подкаст,Самара,"ул. Мира, д. 85, кв. 125",+7-929-396-38-43,ivanovaleksa565@yandex.ru,Активна,7133,42296,10.09.2023,22.12.2025,CRM Bitrix24,
164,MUS-000164,Городок,Городок,Соколова Дарья Александровна,###,Трек,Челябинск,"ул. Гагарина, д. 46, кв. 169",+7-944-576-24-20,sokolovadary293@outlook.com,Отм,,44514,21.04.2024,25.04.2025,CRM Bitrix24,Эксклюзивный релиз
165,MUS-000165,Мотылёк,Мотылёк,Волков Сергей Андреевич,Хип-хоп,Подкаст,Новосибирск,"ул. Пушкина, д. 2, кв. 45",+7-954-578-78-62,volkovsergei698@gmail.com,Отменена,370,,31.02.2026,03.09.2026,1С:Предприятие,Ограничение по региону
166,MUS-000166,Мотылёк,Мотылёк,Воробьёв Артём Николаевич,Популярная музыка,,Самара,"ул. Садовая, д. 87, кв. 95",+7-99-abc-12-34,ivanov.mail.ru,Отменена,ABC,41761,01.11.2023,11.10.2026,Excel-выгрузка,Эксклюзивный релиз
167,MUS-000167,,Uptown,Богданов Виктор Александрович,Популярная музыка,Аудиокнига,Екб,"ул. Спортивная, д. 71, кв. 52",+7-928-708-40-77,bogdanovvikt943@outlook.com,Активна,1942,,08.05.2025,2026,Собственная система учёта,Ограничение по региону
168,MUS-000168,Небо,Небо,Алексеева Татьяна Андреевна,Электронная музыка,Аудиокнига,Нижний Новгород,"ул. Молодёжная, д. 79, кв. 82",+7-940-4,alekseevatat912@yandex.ru,Актив.,7103,,25.04.2024,27.11.2026,Excel-выгрузка,
169,MUS-000169,Дожди-пистолеты,Дожди-пистолеты,Морозов Александр Дмитриевич,Электрон. муз.,Подкаст,Ворнж,"ул. Садовая, д. 64, кв. 194",+7-913-214-95-86,morozovaleks714@mail.ru,Отменена,2459,49232,04.04.2026,24.02.2024,CRM Bitrix24,
170,MUS-000170,Believer,Believer,Смирнова Мария Александровна,Хип-хоп,Трек,Ворнж,"ул. Молодёжная, д. 38, кв. 151",+7-930-219-27-91,smirnovamari698@gmail.com,Активна,4887,11662,20.09.2023,2024,1С:Предприятие,
171,MUS-000171,Крылья,Крылья,Алексеев Максим Андреевич,Популярная музыка,Трек,Волгоград,"ул. Спортивная, д. 13, кв. 178",+7-926-574-98-31,alekseevmaks744@outlook.com,Активна,138,15623,12.09.2023,28.04.2024,CRM Bitrix24,Композиция на паузе
172,MUS-000172,Небо,Небо,Алексеева Полина Андреевна,Популярная музыка,Трек,Нижний Новгород,"ул. Молодёжная, д. 87, кв. 132",+7-930-473-56-13,alekseevapol845@yandex.ru,Приостановлена,1939,48105,10.01.2026,27.02.2024,1С:Предприятие,???
173,MUS-000173,Shape of You,Shape of You,Петрова Наталья Ивановна,Популярная музыка,Трек,Нижний Новгород,"ул. Победы, д. 32, кв. 36",+7-934-824-64-44,petrovanatal569@outlook.com,Приостановлена,2519,44342,24.08.2024,02.02.2025,Собственная система учёта,Ограничение по региону
174,MUS-000174,Uptown Funk,Uptown Funk,Морозова Наталья Викторовна,Рок-муз.,Аудиокнига,Самара,"ул. Центральная, д. 28, кв. 69",+7-943-629-19-94,morozovanata306@yandex.ru,Активна,много,31908,28.10.2023,03.10.2024,####,Правообладатель уточняется
175,MUS-000175,Городок,Городок,Кузнецов Роман Иванович,Классич. муз.,Трек,не указано(ошибка),"ул. Ленина, д. 11, кв. 116",+7-949-674-55-19,kuznecovroma785@yandex.ru,Активна,4431,3845,19.04.2025,19.07.2026,CRM Bitrix24,Правообладатель уточняется
176,MUS-000176,Мотылёк,Мотылёк,Воробьёв Артём Андреевич,Электронная музыка,Трек,Санкт-Петербург,"ул. Центральная, д. 95, кв. 37",+7-924-132-35-57,vorobevartem427@yandex.ru,Активна,1552,17936,13.10.2026,22.04.2025,SAP ERP,Правообладатель уточняется
177,MUS-000177,Believer,Believer,Павлова Виктория Сергеевна,Рок-музыка,Трек,Самара,"ул. Мира, д. 102, кв. 136",+7-920-395-22-84,pavlovavikto338@outlook.com,Пробный период,1772,8971,19.01.2025,24.10.2024,SAP ERP,Ограничение по региону
178,MUS-000178,Мотылёк,Мотылёк,Иванов Егор Андреевич,Рок-муз.,Трек,Ростов-н/Д,"ул. Победы, д. 105, кв. 71",+7-915-653-25-59,ivanovegoran213@yandex.ru,Активна,4900,10828,16.01.2026,27.11.2026,Excel-выгрузка,
179,MUS-000179,Bohemian Rhapsody,Bohemian Rhapsody,Иванов Виктор Петрович,Рок-музыка,Аудиокнига,Смр,"ул. Гагарина, д. 66, кв. 35",+7-947-688-84-16,ivanovviktor206@outlook.com,Отмен.,4037,29655,28.10.2024,08.11.2024,CRM Bitrix24,Композиция на паузе
180,MUS-000180,-,Крылья,Виноградов Артём Андреевич,Рок-музыка,Трек,Челябинск,"ул. Пушкина, д. 59, кв. 12",+7-915-599-19-82,vinogradovar859@mail.ru,Актив.,3364,21113,23.12.2023,27.12.2025,SAP ERP,Композиция на паузе
181,MUS-000181,,Uptown,Фёдорова Елена Петровна,Электронная музыка,Трек,Ростов-на-Дону,"ул. Пушкина, д. 45, кв. 115",+7-924-124-53-54,fedorovaelen118@yandex.ru,Приостановлена,1064,26934,05.11.2023,04.09.2024,CRM Bitrix24,
182,MUS-000182,Bohemian Rhapsody,Bohemian Rhapsody,Виноградов Илья Викторович,Хип-хоп,Аудиокнига,Москва,"ул. Ленина, д. 20, кв. 108",+7-938-674-12-66,vinogradovil623@yandex.ru,Приостановлена,3313,41529,25.04.2024,25.02.2026,CRM Bitrix24,Правообладатель уточняется
183,MUS-000183,Мотылёк,Мотылёк,Богданова Татьяна Николаевна,Популярная музыка,Трек,Ростов-на-Дону,"ул. Садовая, д. 129, кв. 179",+7-949-968-71-28,bogdanovatat318@outlook.com,Приостан.,3149,ERROR,13.07.2024,06.07.2024,Собственная система учёта,Правообладатель уточняется
184,MUS-000184,Believer,Believer,Богданов Андрей Петрович,Классическая музыка,Трек,Санкт-Петербург,"ул. Спортивная, д. 134, кв. 34",12345,bogdanovandr103@yandex.ru,Отмен.,6919,33092,23.10.2025,23.11.2024,1С:Предприятие,Ограничение по региону
185,MUS-000185,Uptown,Uptown,Попов Александр Викторович,Рок-муз.,Трек,Самара,"ул. Пушкина, д. 142, кв. 75",+7-911-458-84-85,popovaleksan262@,Отмен.,256,38882,13.12.2024,13.01.2025,SAP,
186,MUS-000186,Uptown,Uptown,Лебедева Алина Петровна,Хип-хоп,Подкаст,Санкт-Петербург,,+7-943-284-62-20,lebedevaalin165@yandex.ru,Приостановлена,700,много,25.12.2023,17.07.2026,Excel-выгрузка,Правообладатель уточняется
187,MUS-000187,Летели,???,Фёдорова Виктория Александровна,Хип-хоп,Подкаст,Казань,"ул. Победы, д. 20, кв. 111",+7-942-849-16-48,fedorovavikt353@mail.ru,Активна,5799,40187,06.12.2024,06.08.2025,Собственная система учёта,нет данных(ошибка)
188,MUS-000188,Дожди-пистолеты,Дожди-пистолеты,Морозов,Рок-музыка,Трек,Москва,"ул. Пушкина, д. 127, кв. 12",+7-924-909-25-83,morozovvladi710@,Активна,3146,19796,,18.06.2024,SAP,Ограничение по региону
189,MUS-000189,Полёт над облаками,Полёт над облаками,N/A,Электрон. муз.,ОШИБКА_ДАННЫХ,Нижний Новгород,"ул. Советская, д. 125, кв. 51",+7-940-170-94-26,petrovromann407@gmail.com,Активна,837,717,21.08.2025,27.09.2025,SAP ERP,Ограничение по региону
190,MUS-000190,Мотылёк,Мотылёк,Попов Владимир Николаевич,Классич. муз.,Аудиокнига,Челябинск,"ул. Ленина, д. 27, кв. 118",+7-942-674-22-39,popovvladimi643@gmail.com,Приостановлена,1811,8910,28.09.2023,2026-13-45,SAP ERP,Эксклюзивный релиз
191,MUS-000191,Uptown Funk,,Фёдоров Илья Викторович,Классич. муз.,Подкаст,Самара,####,+7-946-893-18-98,fedorovilyav48@yandex.ru,Активна,1872,21589,06.05.2024,17.10.2024,CRM Bitrix24,Правообладатель уточняется
192,MUS-000192,Мотылёк,Мотылёк,Кузнецова Светлана Викторовна,Рок-музыка,Подкаст,Нижний Новгород,"ул. Победы, д. 135, кв. 113",12345,kuznecovasve131@outlook.com,Пробн. период,3635,27785,06.10.2026,19.12.2025,1С:Предприятие,Композиция на паузе
193,MUS-000193,Полёт над облаками,Полёт,Лебедев Сергей Дмитриевич,Классическая музыка,Аудиокнига,Пермь,"ул. Пушкина, д. 110, кв. 40",+7-925-931-77-40,lebedevserge648@outlook.com,Пробный период,3383,37873,01.06.2023,00.00.0000,SAP ERP,Композиция на паузе
194,MUS-000194,Blinding Lights,Blinding Lights,???,Электронная музыка,Подкаст,Екатеринбург,"ул. Спортивная, д. 85, кв. 47",+7-926-968-61-90,morozovaleks196@outlook.com,Пробный период,724,25559,2026-13-45,01.09.2024,Excel-выгрузка,Ограничение по региону
195,MUS-000195,Мотылёк,Мотылёк,Волков Павел Дмитриевич,Поп-муз.,Трек,Екб,"ул. Гагарина, д. 118, кв. 69",+7-926-719-70-91,volkovpaveld41@gmail.com,Актив.,2529,34329,24.02.2024,02.09.2026,Собственная система учёта,Правообладатель уточняется
196,MUS-000196,Bohemian Rhapsody,Bohemian Rhapsody,Смирнов Павел Николаевич,Неизвестная категория,Подкаст,Екатеринбург,"ул. Победы, д. 116, кв. 69",+7-910-111-91-22,smirnovpavel160@yandex.ru,Отмен.,1880,15234,25.01.2023,25.10.2024,CRM Bitrix24,
197,MUS-000197,Blinding Lights,Blinding Lights,Виноградова Юлия Александровна,Хип-хоп,Трек,Краснодар,"ул. Садовая, д. 34, кв. 10",+7-912-466-52-13,vinogradovay990@gmail.com,Отменена,5055,5983,22.12.2026,21.10.2025,SAP ERP,Правообладатель уточняется
198,MUS-000198,####,Розовое вино,Соколов Сергей Сергеевич,Поп-муз.,Подкаст,Самара,"ул. Садовая, д. 47, кв. 137",+7-910-791-81-20,sokolovserge183@outlook.com,Актив.,3899,15738,06.01.2023,27.02.2025,CRM Bitrix24,Композиция на паузе
199,MUS-000199,Мотылёк,Мотылёк,Попова Светлана Викторовна,Рок-музыка,Аудиокнига,Нижний Новгород,"ул. Пушкина, д. 57, кв. 111",+7-937-439-28-17,popovasvetla109@gmail.com,Активна,6184,11571,01.09.2026,27.04.2024,1С:Предприятие,Правообладатель уточняется
200,MUS-000200,Мотылёк,Мотылёк,Алексеев Никита Александрович,Популярная музыка,Аудиокнига,Челябинск,"ул. Гагарина, д. 62, кв. 53",+7-954-679-57-23,alekseevniki549@outlook.com,Актив.,6055,4243,03.04.2025,05.12.2024,CRM Bitrix24,
