ID,Код записи,Название фильма/сериала,Название фильма/сериала (повтор),Режиссёр,Жанр,Тип контента,Город,Адрес,Телефон,Email,Статус аренды,"Продолжительность, мин.","Стоимость аренды, руб.",Дата создания записи,Дата последнего обновления,Система-источник,Примечания
1,VID-000001,Мандалорец,Мандалорец,Семёнов Сергей Дмитриевич,Комед.,Сериал,Санкт-Петербург,"ул. Центральная, д. 66, кв. 31",+7-925-473-98-92,,Аренд.,233,9,01.09.2026,10.03.2024,1С:Предприятие,
2,VID-000002,Форрест Гамп,Форрест Гамп,Павлова Ольга Сергеевна,Мультфильм,Фильм,Нижний Новгород,"ул. Центральная, д. 87, кв. 80",+7-944-120-10-28,pavlovaolgas277@mail.ru,Про,147,84,18.01.2026,02.07.2026,1С:Предприятие,Эксклюзив платформы
3,VID-000003,Игра престолов,Игра престолов,Соколов Максим Андреевич,Мультфильм,Документальный фильм,Челябинск,"ул. Ленина, д. 140, кв. 159",+7-956-900-53-28,sokolovmaksi642@mail.ru,Аренд.,211,59,02.10.2025,26.01.2026,1С:Предприятие,
4,VID-000004,Форрест Гамп,Форрест Гамп,Фёдорова Елена Дмитриевна,Драма,Документальный фильм,Рос,"ул. Центральная, д. 102, кв. 19",+7-944-219-81-31,fedorovaelen681@yandex.ru,Арендовано,23,355,19.02.2024,24.10.2024,Собственная система учёта,Доступно в HD
5,VID-000005,Игра престолов,Игра престолов,Волкова Мария Петровна,Боевик,Фильм,Влгд,"ул. Советская, д. 17, кв. 85",+7-952-608-67-10,volkovamariy232@outlook.com,Просмотрено,20,38,вчера,05.11.2026,Собственная система учёта,
6,VID-000006,Друзья,Друзья,Петрова Ксения Андреевна,Комедия,Сериал,Екб,"ул. Ленина, д. 140, кв. 73",+7-957-155-74-64,petrovakseni42@yandex.ru,Просм.,122,394,11.11.2025,11.09.2026,Excel-выгрузка,
7,VID-000007,Друзья,Друзья,Петров Егор Петрович,Мультф.,Документальный фильм,Новосибирск,"ул. Садовая, д. 108, кв. 172",+7-916-812-78-86,petrovegorpe814@yandex.ru,Аренд.,164,79,19.02.2024,05.09.2026,Excel-выгрузка,Есть субтитры
8,VID-000008,Игра престолов,Игра престолов,Воробьёв Никита Николаевич,Неизвестная категория,Фильм,Ворнж,"ул. Мира, д. 40, кв. 59",+7-937-199-64-60,нет_почты,Просмотрено,83,493,19.11.2026,25.01.2026,SAP ERP,
9,VID-000009,Бесславные ублюдки,Бесславные ублюдки,Волков Виктор Иванович,Документальный фильм,Документальный фильм,Самара,"ул. Победы, д. 52, кв. 167",+7-916-240-36-47,volkovviktor339@mail.ru,категория_5,142,173,09.02.2023,27.12.2026,SAP ERP,Доступно в HD
10,VID-000010,Бригада,Бригада,Воробьёв Егор Андреевич,Комедия,Сериал,Самара,"ул. Центральная, д. 21, кв. 43",+7-922-277-25-31,vorobevegora370@outlook.com,Аренд.,240,293,27.05.2024,16.09.2025,CRM Bitrix24,Эксклюзив платформы
11,VID-000011,Чернобыль,Чернобыль,N/A,Документальный фильм,Фильм,Новосиб.,"ул. Победы, д. 10, кв. 14",+7-953-429-35-72,golubevataty664@,Аренд.,78,16,2023,27.11.2025,CRM Bitrix24,Доступно в HD
12,VID-000012,Мандалорец,Мандалорец,Егорова Екатерина Николаевна,Мультф.,Фильм,Ворнж,"ул. Центральная, д. 25, кв. 98",+7-939-257-87-63,egorovaekate229@mail.ru,Просрочено,32,288,07.11.2025,09.04.2026,Собственная система учёта,Есть субтитры
13,VID-000013,-,Друзья,Голубев Артём Николаевич,Фантастика,Сериал,Екатеринбург,"ул. Советская, д. 17, кв. 100",+7-940-985-19-91,golubevartem404@gmail.com,Просрочено,49,418,24.04.2024,26.03.2026,Excel-выгрузка,Есть
14,VID-000014,Бесславные ублюдки,Бесславные ублюдки,Виноградова Ксения Андреевна,Документальный фильм,Сериал,Краснодар,"ул. Спортивная, д. 87, кв. 48",+7-934-386-88-27,vinogradovak685@gmail.com,Возвращено,114,378,12.12.2024,03.05.2024,Excel-выгрузка,Доступно в HD
15,VID-000015,Тёмный рыцарь,Тёмный рыцарь,Егорова Полина Андреевна,Мультфильм,Сериал,Влгд,"ул. Советская, д. 146, кв. 92",+7-915-595-98-44,egorovapolin642@gmail.com,Арендовано,222,272,03.09.2025,24.03.2024,Excel-выгрузка,Эксклюзив платформы
16,VID-000016,Секс в большом городе,Секс в большом городе,Новикова Мария Николаевна,Комедия,Сериал,,"ул. Советская, д. 114, кв. 144",+7-950-704-28-60,novikovamari295@gmail.com,Возвращено,60,251,22.02.2026,31.02.2026,CRM Bitrix24,Есть субтитры
17,VID-000017,Игра престолов,Игра престолов,Козлова Ольга Андреевна,Комед.,Фильм,Екатеринбург,,+7-956-859-39-59,kozlovaolgaa602@mail.ru,Арендовано,224,111,08.11.2025,20.07.2024,1С:Предприятие,Эксклюзив платформы
18,VID-000018,Метод,Метод,Богданов Никита Андреевич,Драма,Сериал,Новосибирск,"ул. Ленина, д. 26, кв. 20",+7-945-899-95-57,bogdanovniki559@yandex.ru,Просроч.,224,249,00.00.0000,,CRM Bitrix24,Доступно в HD
19,VID-000019,Форрест Гамп,Форрест Гамп,Павлова Дарья Александровна,Комедия,Фильм,Волгоград,"ул. Молодёжная, д. 138, кв. 70",+7-924-208-20-90,pavlovadarya610@gmail.com,Аренд.,225,215,13.05.2023,08.10.2025,,
20,VID-000020,Тёмный рыцарь,Тёмный рыцарь,Козлов Алексей Иванович,Документальный фильм,Документальный фильм,СПб,"ул. Ленина, д. 86, кв. 30",+7-951-981-90-57,kozlovalekse746@mail.ru,Просм.,86,315,23.08.2023,06.09.2024,SAP ERP,Ограничение 18+
21,VID-000021,Секс в большом городе,Секс в большом городе,Воробьёв Артём Александрович,Докум. фильм,Сериал,Санкт-Петербург,"ул. Победы, д. 61, кв. 50",12345,vorobevartem198@mail.ru,Просм.,45,233,07.06.2024,16.10.2024,1С:Предприятие,
22,VID-000022,Слово пацана,Слово пацана,Попова Елена Сергеевна,Документальный фильм,Фильм,Екатеринбург,ОШИБКА_ДАННЫХ,+7-926-759-65-12,popovaelenas960@mail.ru,Просрочено,30,436,26.01.2024,13.09.2024,CRM Bitrix24,
23,VID-000023,Тёмный рыцарь,Тёмный рыцарь,Фёдоров Павел Сергеевич,Фантастика,Документальный фильм,Влгд,"ул. Пушкина, д. 34, кв. 166",+7-943-798-87-99,fedorovpavel513@mail.ru,Возвр.,217,350,20.01.2026,18.11.2024,Собственная система учёта,???
24,VID-000024,Ходячие мертвецы,Ходячие мертвецы,Воробьёв Артём Сергеевич,Документальный фильм,Документальный фильм,Новосибирск,"ул. Молодёжная, д. 94, кв. 33",+7-948-206-84-35,vorobevartem381@mail.ru,Просрочено,143,350,09.02.2025,06.08.2026,Excel-выгрузка,Эксклюзив платформы
25,VID-000025,Бесславные ублюдки,Бесславные ублюдки,Новикова Елена Николаевна,Дра,Фильм,Мск,"ул. Спортивная, д. 113, кв. 197",+7-935-675-81-42,novikovaelen599@mail.ru,Аренд.,69,109,23.08.2023,24.09.2024,1С:Предприятие,Есть субтитры
26,VID-000026,Бригада,Бригада,Кузнецова Ксения Ивановна,Боевик,Сериал,Н.Новгород,"ул. Молодёжная, д. 84, кв. 57",+7-924-728-96-92,kuznecovakse876@mail.ru,Просроч.,26,108,23.11.2026,04.12.2024,1С:Предприятие,Есть субтитры
27,VID-000027,Шерлок,Шерлок,Семёнова Ольга Андреевна,Боевик,Фильм,Челябинск,,+7-915-288-49-88,semenovaolga33@yandex.ru,Возвращено,-1,174,2025,10.01.2025,1С:Предприятие,
28,VID-000028,Бумажный дом,Бумажный дом,Голубев Павел Викторович,Боевик,Фильм,Краснодар,"ул. Центральная, д. 4, кв. 149",+7-942-772-35-73,golubevpavel160@yandex.ru,Аренд.,167,480,20.01.2023,08.08.2024,Собственная система учёта,Доступно в HD
29,VID-000029,Друзья,Друзья,Козлов Кирилл Петрович,Комед.,####,Волгоград,"ул. Центральная, д. 145, кв. 11",+7-923-813-97-39,kozlovkirill974@yandex.ru,Просмотрено,106,348,26.11.2024,2024,1С:Предприятие,Доступно в HD
30,VID-000030,Игра престолов,,Кузнецова Екатерина Николаевна,Документальный фильм,Сериал,Краснодар,"ул. Гагарина, д. 52, кв. 7",+7-952-787-80-59,kuznecovaeka395@mail.ru,Возвращено,210,469,16.08.2024,19.06.2024,SAP ERP,Эксклюзив платформы
31,VID-000031,Чернобыль,Чернобыль,Кузнецов Владимир Сергеевич,Фантастика,,Волгоград,"ул. Гагарина, д. 145, кв. 174",+7-932-779-94-69,kuznecovvlad925@yandex.ru,Просрочено,105,171,15.03.2023,26.07.2026,Excel-выгрузка,Доступно в HD
32,VID-000032,Слово пацана,Слово пацана,Павлова Дарья Викторовна,,Фильм,Крд,"ул. Пушкина, д. 134, кв. 156",+7-917-581-28-75,pavlovadarya274@outlook.com,Возвращено,108,41,22.05.2023,03.12.2024,CRM Bitrix24,Есть субтитры
33,VID-000033,Чернобыль,Чернобыль,Фёдорова Анна Дмитриевна,Документальный фильм,Документальный фильм,Воронеж,"ул. Мира, д. 121, кв. 19",+7-913-559-34-17,fedorovaanna350@gmail.com,Возвращено,97,448,08.11.2023,03.09.2026,Excel-выгрузка,Доступно в HD
34,VID-000034,Ходячие мертвецы,Ходячие мертвецы,12345XYZ,Документальный фильм,Фильм,Казань,"ул. Центральная, д. 78, кв. 36",+7-926-459-74-78,sokolovanata132@yandex.ru,Просрочено,210,347,22.12.2023,09.04.2025,CRM Bitrix24,Есть субтитры
35,VID-000035,Чернобыль,Чернобыль,Попов Егор Сергеевич,Драма,Фильм,Екб,"ул. Спортивная, д. 14, кв. 170",+7-943-911-69-58,popovegorser166@outlook.com,Возвр.,92,500,04.10.2025,06.10.2025,CRM Bitrix24,
36,VID-000036,Игра престолов,Игра престолов,Кузнецов Роман Николаевич,Боевик,Документальный фильм,Ростов-на-Дону,"ул. Гагарина, д. 73, кв. 118",+7-930-864-68-43,kuznecovroma632@mail.ru,Просрочено,222,57,13.09.2026,15.12.2024,Excel-выгрузка,Ограничение 18+
37,VID-000037,Секс в большом городе,Секс в большом городе,Козлов Владимир Николаевич,Фантастика,Документальный фильм,Волгоград,"ул. Ленина, д. 114, кв. 192",+7-920-468-21-11,kozlovvladim217@gmail.com,Возвращено,220,432,09.09.2026,26.07.2025,Собственная система учёта,Эксклюзив платформы
38,VID-000038,Игра престолов,Игра престолов,Иванова Дарья Николаевна,Драма,Сериал,Неизвестная категория,"ул. Спортивная, д. 145, кв. 143",+7-936-192-40-91,ivanovadarya770@yandex.ru,Просрочено,26,263,26.05.2023,09.01.2026,SAP ERP,Доступно в HD
39,VID-000039,Тёмный рыцарь,Тёмный рыцарь,Павлова Мария Андреевна,Драма,Документальный фильм,Воронеж,"ул. Пушкина, д. 48, кв. 4",+7-923-546-59-67,pavlovamariy271@mail.ru,Просмотрено,28,35,11.11.2026,06.07.2025,Собственная система учёта,Ограничение 18+
40,VID-000040,Слово пацана,Слово пацана,Голубева Ксения Петровна,Документальный фильм,Фильм,Краснодар,,+7-917-522-46-33,golubevaksen125@outlook.com,Неизвестная категория,216,178,20.02.2026,06.11.2024,нет данных(ошибка),Ограничение 18+
41,VID-000041,Ходячие мертвецы,Ходячие мертвецы,Семёнов Максим Викторович,Документальный фильм,Документальный фильм,Ростов-на-Дону,"ул. Садовая, д. 60, кв. 19",+7-940-383-79-30,semenovmaksi387@outlook.com,Арендовано,218,29,20.05.2023,01.03.2026,CRM Bitrix24,Есть
42,VID-000042,,Шерлок,Виноградова Татьяна Викторовна,Фантаст.,Сериал,СПб,"ул. Садовая, д. 96, кв. 20",+7-936-488-96-35,vinogradovat678@gmail.com,Просмотрено,112,167,19.04.2025,03.05.2026,Excel-выгрузка,Доступно в HD
43,VID-000043,Слово пацана,Слово пацана,,не указано(ошибка),,Санкт-Петербург,,+7-920-168-28-46,sokolovairin679@yandex.ru,Просм.,24,301,2024,07.08.2026,####,
44,VID-000044,Игра престолов,Игра престолов,Попов Максим Петрович,Мультфильм,,Казань,"ул. Гагарина, д. 39, кв. 155",+7-920-332-95-14,popovmaksimp255@mail.ru,,175,41,14.03.2023,10.06.2026,CRM Bitrix24,Доступно в HD
45,VID-000045,Ходячие мертвецы,Ходячие мертвецы,Павлов Егор Дмитриевич,Фантаст.,Документальный фильм,Н.Новгород,,+7-931-353-89-40,pavlovegordm178@gmail.com,Просрочено,93,28,17.09.2023,27.11.2025,Собственная система учёта,Доступно в HD
46,VID-000046,Форрест Гамп,Форрест Гамп,Иванов Владимир Петрович,Боевик,Фильм,Новосиб.,"ул. Молодёжная, д. 64, кв. 102",+7-922-824-77-95,ivanovvladim998@mail.ru,Просм.,37,9,27.03.2026,23.04.2024,1С:Предприятие,
47,VID-000047,Остаться в живых,Остаться в живых,Павлова Дарья Ивановна,Драма,Фильм,Казань,"ул. Ленина, д. 107, кв. 60",+7-952-407-71-99,pavlovadarya122@mail.ru,Просмотрено,122,119,16.03.2025,26.08.2026,Excel-выгрузка,Ограничение 18+
48,VID-000048,Чернобыль,Чернобыль,Фёдорова Наталья Андреевна,Мультфильм,Фильм,Воронеж,"ул. Центральная, д. 17, кв. 58",+7-918-716-96-71,fedorovanata974@gmail.com,Просмотрено,207,381,16.06.2024,13.11.2024,1С:Предприятие,Доступно в HD
49,VID-000049,Шерлок,Шерлок,Иванова Полина Николаевна,Докум. фильм,####,Москва,"ул. Молодёжная, д. 134, кв. 79",+7-929-312-54-21,ivanovapolin571@mail.ru,Просроч.,195,283,18.11.2024,26.09.2025,SAP ERP,Доступно в HD
50,VID-000050,Чернобыль,Чернобыль,Иванова Екатерина Ивановна,###,Фильм,Неизвестная категория,"ул. Мира, д. 86, кв. 164",+7-948-441-81-87,ivanovaekate644@yandex.ru,Просрочено,131,354,11.10.2023,00.00.0000,Собственная система учёта,
51,VID-000051,Друзья,,Воробьёва Ксения Викторовна,Фантастика,Сериал,Ростов-на-Дону,"ул. Советская, д. 124, кв. 45",+7-928-337-79-16,vorobevaksen674@gmail.com,Арендовано,184,463,14.08.2024,21.06.2025,1С:Предприятие,Эксклюзив платформы
52,VID-000052,Бесславные ублюдки,N/A,Козлов Андрей Николаевич,Мультф.,Фильм,Крд,"ул. Советская, д. 72, кв. 192",+7-955-638-37-10,kozlovandrei454@yandex.ru,Арендовано,63,,12.12.2025,24.05.2026,CRM Bitrix24,Доступно в HD
53,VID-000053,Метод,Метод,Голубева Мария Николаевна,Драма,Фильм,Влгд,"ул. Садовая, д. 34, кв. 132",+7-915-985-90-14,golubevamari243@gmail.com,Просмотрено,64,364,07.12.2023,08.02.2024,1С:Предприятие,
54,VID-000054,Слово пацана,Слово пацана,Семёнов Александр Викторович,Драма,Документальный фильм,Челябинск,,+7-943-653-46-71,semenovaleks716@mail.ru,Возвращено,154,302,12.09.2026,вчера,1С:Предприятие,???
55,VID-000055,Мандалорец,Мандалорец,,Мультфильм,Фильм,СПб,"ул. Советская, д. 82, кв. 156",+7-915-275-82-30,pavlovaannaa125@yandex.ru,Аренд.,137,438,14.07.2025,21.10.2026,SAP ERP,Эксклюзив платформы
56,VID-000056,Мандалорец,Мандалорец,Смирнов Илья Сергеевич,Драма,Фильм,Челяб.,"ул. Советская, д. 141, кв. 143",+7-918-770-70-82,smirnovilyas936@outlook.com,,41,125,27.04.2026,27.11.2024,Excel-выгрузка,Эксклюзив платформы
57,VID-000057,Игра престолов,Игра престолов,Павлов Алексей Дмитриевич,###,Документальный фильм,Ворнж,"ул. Ленина, д. 73, кв. 173",+7-942-421-79-47,pavlovalekse679@gmail.com,Просмотрено,49,35,27.10.2024,07.05.2025,SAP ERP,Ограничение 18+
58,VID-000058,Игра престолов,Игра престолов,Смирнов Максим Петрович,Бое,Документальный фильм,Краснодар,"ул. Мира, д. 6, кв. 157",+7-934-128-72-60,smirnovmaksi747@mail.ru,Возвращено,231,333,12.07.2025,13.02.2024,CRM Bitrix24,
59,VID-000059,Слово пацана,Слово пацана,Алексеева Дарья Петровна,Драма,Фильм,Казань,"ул. Молодёжная, д. 137, кв. 196",+7-928-570-98-12,alekseevadar278@mail.ru,Возвращено,29,259,07.11.2024,18.12.2025,CRM Bitrix24,
60,VID-000060,Шерлок,Шерлок,Егорова Виктория Андреевна,Докум. фильм,Сериал,Пермь,"ул. Советская, д. 42, кв. 89",,egorovavikto807@yandex.ru,Арендовано,132,482,19.01.2024,23.02.2024,Собственная система учёта,Доступно в HD
61,VID-000061,Друзья,-,Павлова Полина Александровна,Комедия,Документальный фильм,Екатеринбург,"ул. Молодёжная, д. 24, кв. 94",+7-931-380-28-64,pavlovapolin162@mail.ru,Просрочено,,202,03.06.2023,03.11.2026,Собственная система учёта,Есть субтитры
62,VID-000062,Друзья,Друзья,Новиков Александр Андреевич,Боевик,Сериал,Н.Новгород,"ул. Молодёжная, д. 84, кв. 159",+7-915-986-37-21,novikovaleks826@outlook.com,Просмотрено,150,435,28.03.2023,18.11.2026,Excel-выгрузка,Доступно в HD
63,VID-000063,Метод,Метод,Богданов Никита Александрович,Мул,Фильм,Нижний Новгород,"ул. Садовая, д. 133, кв. 87",+7-926-462-73-49,bogdanovniki472@gmail.com,Просмотрено,160,405,25.11.2023,10.06.2024,SAP,####
64,VID-000064,Игра престолов,Игра престолов,Фёдорова Екатерина Дмитриевна,Мультфильм,Сериал,Смр,"ул. Центральная, д. 90, кв. 94",+7-952-424-58-71,fedorovaekat621@outlook.com,Возвращено,55,15,01.10.2025,27.01.2026,Собственная система учёта,Ограничение 18+
65,VID-000065,Остаться в живых,,Новиков Андрей Николаевич,Комедия,Сериал,Ростов-на-Дону,"ул. Победы, д. 94, кв. 175",+7-932-884-18-88,novikovandre918@outlook.com,Арендовано,232,251,25.09.2023,24.04.2024,1С:Предприятие,Есть субтитры
66,VID-000066,Секс в большом городе,Секс в большом городе,Богданов Илья Дмитриевич,Документальный фильм,Сериал,,"ул. Гагарина, д. 125, кв. 114",+7-952-656-72-16,bogdanovilya129@yandex.ru,категория_5,184,371,02.05.2025,16.08.2024,CRM Bitrix24,Есть субтитры
67,VID-000067,Бригада,Бригада,Фёдоров Роман Александрович,Документальный фильм,Фильм,Ростов-на-Дону,"ул. Гагарина, д. 28, кв. 144",+7-914-714-81-85,fedorovroman976@yandex.ru,Возвращено,27,333,18.08.2026,22.06.2025,CRM Bitrix24,
68,VID-000068,Метод,Метод,Павлов,Боевик,Документальный фильм,Ворнж,"ул. Спортивная, д. 81, кв. 70",+7-949-907-64-70,pavlovsergei976@mail.ru,Просроч.,24,271,26.07.2023,27.08.2025,CRM Bitrix24,Ограничение 18+
69,VID-000069,Секс в большом городе,Секс в большом городе,Смирнова Анна Андреевна,Комедия,Документальный фильм,Новосибирск,"ул. Победы, д. 8, кв. 177",+7-946-148-30-34,smirnovaanna463@mail.ru,Возвращено,20,409,20.12.2025,18.07.2024,SAP ERP,Есть субтитры
70,VID-000070,,Тёмный рыцарь,Богданов Александр Петрович,Боевик,Фильм,Екб,,+7-945-730-61-48,bogdanovalek167@yandex.ru,Про,217,423,02.10.2025,27.08.2024,Собственная система учёта,Есть субтитры
71,VID-000071,Тёмный рыцарь,Тёмный рыцарь,Морозов Виктор Петрович,не указано(ошибка),Сериал,Москва,"ул. Садовая, д. 14, кв. 105",+7-925-700-27-94,morozovvikto248@yandex.ru,Просмотрено,ERROR,447,25.07.2026,06.07.2025,1С:Предприятие,Есть субтитры
72,VID-000072,Остаться в живых,Остаться в живых,Воробьёва Дарья Николаевна,Бое,Сериал,Москва,"ул. Центральная, д. 143, кв. 68",+7-952-935-86-10,vorobevadary755@yandex.ru,Просрочено,112,310,14.08.2023,04.03.2024,SAP,Есть субтитры
73,VID-000073,Игра престолов,Игра престолов,Виноградов Максим Андреевич,Докум. фильм,Фильм,Ростов-на-Дону,"ул. Молодёжная, д. 133, кв. 106",+7-954-2,vinogradovma136@mail.ru,Просроч.,138,176,01.04.2025,17.09.2026,CRM Bitrix24,Ограничение 18+
74,VID-000074,Бумажный дом,Бумажный дом,,Фантастика,Документальный фильм,Казань,"ул. Садовая, д. 116, кв. 152",+7-911-774-42-56,kuznecovvikt437@gmail.com,Возвращено,228,97,08.12.2026,23.12.2026,1С:Предприятие,Эксклюзив платформы
75,VID-000075,Форрест Гамп,Форрест Гамп,Морозова Татьяна Сергеевна,Фантаст.,Сериал,Краснодар,"ул. Победы, д. 85, кв. 22",+7-929-909-58-22,morozovataty682@yandex.ru,Неизвестная категория,ERROR,413,17.06.2026,26.09.2024,Excel-выгрузка,
76,VID-000076,Чернобыль,Чернобыль,Кузнецов Павел Андреевич,Боевик,Фильм,Самара,"ул. Молодёжная, д. 79, кв. 39",+7-932-727-23-52,kuznecovpave206@gmail.com,Просмотрено,168,243,24.09.2025,18.01.2026,Excel-выгрузка,Эксклюзив платформы
77,VID-000077,Бригада,Бригада,Егоров Александр Дмитриевич,Документальный фильм,Документальный фильм,Н.Новгород,"ул. Советская, д. 76, кв. 87",+7-915-603-83-95,egorovaleksa583@yandex.ru,Просрочено,156,248,05.12.2026,18.02.2026,Собственная система учёта,
78,VID-000078,Ходячие мертвецы,,Егоров,Драма,Сериал,Челяб.,"ул. Гагарина, д. 131, кв. 100",+7-928-840-12-91,egorovilyaiv847@yandex.ru,Просмотрено,61,120,25.10.2025,26.07.2024,Собственная система учёта,Доступно в HD
79,VID-000079,Метод,Метод,Новиков Максим Дмитриевич,Комедия,Документальный фильм,Воронеж,"ул. Садовая, д. 57, кв. 37",+7-928-4,,Просрочено,226,83,17.01.2025,14.08.2026,SAP ERP,Эксклюзив платформы
80,VID-000080,Ходячие мертвецы,Ходячие мертвецы,Волкова Светлана Викторовна,Мультфильм,Документальный фильм,Екб,"ул. Ленина, д. 13, кв. 112",+7-948-636-53-81,volkovasvetl830@outlook.com,Арендовано,239,453,,2026-13-45,SAP ERP,Ограничение 18+
81,VID-000081,Слово пацана,Слово пацана,Соколова Дарья Андреевна,Драма,Сериал,Новосиб.,"ул. Победы, д. 10, кв. 131",+7-917-479-41-42,sokolovadary215@mail.ru,Арендовано,205,53,06.08.2026,15.01.2025,CRM Bitrix24,
82,VID-000082,Друзья,Друзья,Лебедев Кирилл Иванович,Боевик,Фильм,Пермь,"ул. Победы, д. 109, кв. 38",+7-923-985-77-73,lebedevkiril706@mail.ru,Просрочено,191,400,07.04.2023,06.10.2025,,Ограничение 18+
83,VID-000083,Мандалорец,Мандалорец,нет данных(ошибка),Докум. фильм,Фильм,Краснодар,"ул. Молодёжная, д. 94, кв. 194",+7-910-215-93-76,morozovaksen44@gmail.com,Возвращено,83,189,31.02.2026,07.06.2025,Excel-выгрузка,Есть субтитры
84,VID-000084,Слово пацана,Слово пацана,Соколова Полина Александровна,Мультфильм,Фильм,Чел,"ул. Победы, д. 22, кв. 67",+7-916-977-11-50,sokolovapoli167@outlook.com,Возвращено,88,88,,24.04.2024,Собственная система учёта,N/A
85,VID-000085,Чернобыль,Чернобыль,,Драма,Фильм,Казань,ул.,+7-919-865-10-18,egorovairina748@gmail.com,Арендовано,182,357,05.02.2025,11.02.2026,1С:Предприятие,Эксклюзив платформы
86,VID-000086,Бригада,Бригада,Воробьёва,Документальный фильм,ОШИБКА_ДАННЫХ,Самара,"ул. Мира, д. 80, кв. 149",+7-957-481-25-33,vorobevanata885@gmail.com,,59,208,22.10.2026,19.02.2026,Собственная система учёта,
87,VID-000087,N/A,Чернобыль,Иванова Наталья Викторовна,Документальный фильм,Документальный фильм,Казань,"ул. Гагарина, д. 132, кв. 44",+7-936-437-50-15,ivanovanatal816@yandex.ru,Возвращено,152,432,04.08.2024,13.05.2026,Excel-выгрузка,Доступно в HD
88,VID-000088,Слово пацана,Слово пацана,Попов Павел Петрович,Драма,Документальный фильм,Смр,"ул. Центральная, д. 80, кв. 168",+7-928-157-19-32,popovpavelpe445@mail.ru,Арендовано,22,439,22.01.2026,11.06.2025,Собственная система учёта,
89,VID-000089,Секс в большом городе,Секс в большом городе,Новикова Ксения Александровна,Документальный фильм,Сериал,Казань,"ул. Пушкина, д. 40, кв. 185",+7-920-176-78-20,novikovaksen261@yandex.ru,Арендовано,22,165,17.01.2026,06.02.2026,CRM Bitrix24,Эксклюзив платформы
90,VID-000090,Чернобыль,Чернобыль,Морозова Дарья Викторовна,Драма,Сериал,Пермь,"ул. Молодёжная, д. 18, кв. 5",+7-935-764-52-13,morozovadary137@outlook.com,Аренд.,222,1,27.10.2024,07.10.2026,SAP ERP,Ограничение 18+
91,VID-000091,Мандалорец,Мандалорец,Соколов Егор Сергеевич,Драма,Фильм,Смр,"ул. Победы, д. 51, кв. 99",+7-926-341-76-62,sokolovegors838@mail.ru,Арендовано,200,123,11.03.2024,17.05.2025,CRM Bitrix24,12345XYZ
92,VID-000092,Бесславные ублюдки,Бесславные ублюдки,Смирнов Илья Иванович,Боевик,Фильм,Ростов-на-Дону,"ул. Мира, д. 33, кв. 148",+7-926-896-54-24,smirnovilyai362@mail.ru,Воз,45,239,25.11.2026,11.08.2025,CRM Bitrix24,Ограничение 18+
93,VID-000093,N/A,Бумажный дом,Павлов Алексей Дмитриевич,Мультфильм,Фильм,Волгоград,"ул. Гагарина, д. 139, кв. 26",+7-910-596-38-34,pavlovalekse510@outlook.com,Просмотрено,205,116,03.10.2024,24.03.2024,CRM Bitrix24,Ограничение 18+
94,VID-000094,Тёмный рыцарь,Тёмный рыцарь,Кузнецова Татьяна Дмитриевна,Комедия,Фильм,Мск,"ул. Центральная, д. 26, кв. 177",+7-941-702-21-68,kuznecovatat996@mail.ru,Просроч.,177,190,14.12.2024,25.08.2026,1С:Предприятие,Есть субтитры
95,VID-000095,Мандалорец,Мандалорец,Воробьёва Юлия Петровна,Фантаст.,Сериал,Каз,"ул. Центральная, д. 104, кв. 121",+7-933-891-16-52,vorobevayuli966@outlook.com,Просрочено,102,357,20.11.2024,16.03.2025,SAP ERP,Ограничение 18+
96,VID-000096,Игра престолов,Игра престолов,Волков Сергей Андреевич,Драма,Сериал,Екатеринбург,"ул. Садовая, д. 67, кв. 82",+7-939-219-22-59,volkovsergei483@yandex.ru,Аренд.,185,428,12.10.2024,07.09.2025,CRM,Ограничение 18+
97,VID-000097,Остаться в живых,Остаться в живых,Павлова Мария Петровна,Мультфильм,,Крд,"ул. Гагарина, д. 26, кв. 19",+7-921-551-29-85,pavlovamariy586@yandex.ru,Возвр.,50,448,25.07.2025,14.08.2024,1С:Предприятие,Есть субтитры
98,VID-000098,Бесславные ублюдки,Бесславные ублюдки,Морозова Дарья Андреевна,Документальный фильм,,Ростов-на-Дону,,+7-914-605-68-79,morozovadary487@mail.ru,Арендовано,223,105,12.05.2023,21.09.2024,Собственная система учёта,Доступно в HD
99,VID-000099,Тёмный рыцарь,Тёмный рыцарь,Фёдорова Татьяна Ивановна,Фантастика,Фильм,Пермь,"ул. Советская, д. 33, кв. 180",+7-932-510-31-89,fedorovataty711@yandex.ru,Просмотрено,81,338,21.02.2026,01.07.2024,CRM Bitrix24,
100,VID-000100,Секс в большом городе,Секс в большом городе,Морозова Алина Сергеевна,Боевик,Документальный фильм,Екб,"ул. Спортивная, д. 32, кв. 134",+7-911-596-39-27,morozovaalin959@mail.ru,Аренд.,185,336,09.02.2026,22.09.2026,SAP ERP,Эксклюзив платформы
101,VID-000101,Тёмный рыцарь,Тёмный рыцарь,Соколов Дмитрий Николаевич,Документальный фильм,,Новосибирск,"ул. Молодёжная, д. 129, кв. 120",+7-934-126-88-42,sokolovdmitr316@outlook.com,Просм.,72,340,12.07.2023,22.11.2025,Excel-выгрузка,Есть субтитры
102,VID-000102,Слово пацана,Слово пацана,Иванова Светлана Петровна,Мультф.,Сериал,Волгоград,"ул. Победы, д. 92, кв. 47",+7-914-419-31-68,ivanovasvetl126@,Просмотрено,100,311,24.01.2023,02.02.2025,Собственная,Эксклюзив платформы
103,VID-000103,Чернобыль,,Смирнова Наталья Петровна,Драма,Сериал,###,"ул. Садовая, д. 14, кв. 87",+7-923-796-98-28,smirnovanata198@gmail.com,Арендовано,33,148,01.11.2026,21.06.2025,Excel-выгрузка,Доступно в HD
104,VID-000104,Остаться в живых,Остаться в живых,Павлов Кирилл Дмитриевич,Фан,Сериал,Пермь,"ул. Центральная, д. 10, кв. 72",+7-924-725-90-22,pavlovkirill932@yandex.ru,Просмотрено,227,149,26.08.2026,17.06.2025,1С:Предприятие,Эксклюзив платформы
105,VID-000105,Остаться в живых,Остаться в живых,Воробьёва Юлия Викторовна,Боевик,Сериал,Воронеж,ул.,+7-955-727-29-52,vorobevayuli876@yandex.ru,Арендовано,99,38,26.03.2023,18.08.2025,нет данных(ошибка),Эксклюзив платформы
106,VID-000106,Метод,Метод,Виноградов Алексей Иванович,Фантаст.,Фильм,Воронеж,"ул. Советская, д. 123, кв. 136",+7-914-199-46-18,vinogradoval94@mail.ru,Возвращено,50,263,13.01.2025,25.06.2024,1С:Предприятие,
107,VID-000107,Форрест Гамп,Форрест Гамп,Павлова Ксения Петровна,Мультфильм,Документальный фильм,Смр,"ул. Молодёжная, д. 131, кв. 159",+7-932-327-90-54,pavlovakseni345@gmail.com,Просрочено,25,480,25.10.2025,20.04.2024,CRM Bitrix24,Доступно в HD
108,VID-000108,Остаться в живых,N/A,Павлов Илья Александрович,Фантастика,Документальный фильм,Смр,"ул. Советская, д. 111, кв. 141",+7-958-281-88-49,pavlovilyaal946@mail.ru,Просм.,,350,13.05.2024,04.10.2026,нет данных(ошибка),Есть субтитры
109,VID-000109,Форрест Гамп,Форрест Гамп,Богданов Александр Андреевич,Документальный фильм,Фильм,Волгоград,"ул. Ленина, д. 104, кв. 125",+7-914-369-55-26,bogdanovalek234@outlook.com,Просм.,190,213,09.10.2023,31.02.2026,CRM Bitrix24,Есть субтитры
110,VID-000110,Тёмный рыцарь,Тёмный рыцарь,Лебедев Кирилл Николаевич,Боевик,Фильм,не указано(ошибка),"ул. Ленина, д. 108, кв. 40",+7-957-369-97-41,lebedevkiril411@yandex.ru,Возвр.,80,477,20.04.2024,24.11.2024,CRM Bitrix24,
111,VID-000111,Метод,Метод,Смирнов Алексей Николаевич,Фантастика,Фильм,###,"ул. Советская, д. 59, кв. 99",+7-920-212-63-82,smirnovaleks536@gmail.com,Возвращено,101,335,,08.12.2024,CRM Bitrix24,Ограничение 18+
112,VID-000112,Бесславные ублюдки,Бесславные ублюдки,Волков Андрей Сергеевич,Боевик,Фильм,Самара,"ул. Ленина, д. 87, кв. 124",+7-923-817-55-72,volkovandrei737@yandex.ru,Просроч.,165,много,01.08.2024,11.10.2025,1С:Предприятие,Ограничение 18+
113,VID-000113,,Чернобыль,???,Документальный фильм,Фильм,,"ул. Ленина, д. 117, кв. 124",+7-922-475-81-44,vorobevaelen649@outlook.com,Просрочено,142,423,13.08.2025,17.02.2024,,Эксклюзив платформы
114,VID-000114,Секс в большом городе,Секс в большом городе,Соколова Юлия Ивановна,Боевик,Фильм,Новосибирск,"ул. Ленина, д. 92, кв. 131",+7-948-880-41-54,sokolovayuli593@mail.ru,Просмотрено,177,238,,15.08.2025,Excel-выгрузка,Эксклюзив платформы
115,VID-000115,Бесславные,Бесславные ублюдки,Новикова Ирина Сергеевна,Фантастика,Сериал,Волгоград,"ул. Гагарина, д. 22, кв. 66",+7-927-419-97-36,novikovairin886@outlook.com,Возвращено,145,-1,28.07.2023,10.06.2024,Excel-выгрузка,Доступно в HD
116,VID-000116,Бригада,Бригада,Фёдоров Виктор Андреевич,Драма,Документальный фильм,Казань,"ул. Спортивная, д. 140, кв. 166",+7-916-418-85-54,fedorovvikto620@yandex.ru,Просмотрено,90,246,13.10.2023,,1С:Предприятие,Эксклюзив
117,VID-000117,Тёмный рыцарь,Тёмный рыцарь,Кузнецова Наталья Викторовна,Комед.,Сериал,Мск,"ул. Ленина, д. 5, кв. 107",+7-949-872-59-98,kuznecovanat438@yandex.ru,Возвращено,108,11,03.05.2025,24.02.2024,Excel-выгрузка,Эксклюзив платформы
118,VID-000118,Чернобыль,####,Попова Виктория Дмитриевна,Фантастика,,Новосибирск,"ул. Пушкина, д. 135, кв. 120",+7-942-515-97-44,popovaviktor351@outlook.com,Аренд.,185,395,13.10.2025,10.09.2025,Собственная система учёта,Есть субтитры
119,VID-000119,Форрест Гамп,Форрест Гамп,Алексеев Владимир Иванович,Драма,Фильм,Новосибирск,"ул. Пушкина, д. 120, кв. 10",+7-938-877-99-97,alekseevvlad579@gmail.com,Просмотрено,102,498,15.06.2024,вчера,Excel-выгрузка,Эксклюзив платформы
120,VID-000120,Секс в большом городе,Секс в большом городе,Воробьёва,Мультф.,Фильм,Ворнж,"ул. Мира, д. 66, кв. 53",+7-912-617-65-59,vorobevairin312@yandex.ru,Арендовано,144,140,00.00.0000,23.10.2025,CRM Bitrix24,Ограничение 18+
121,VID-000121,,Бригада,Павлов Кирилл Сергеевич,Фантастика,Документальный фильм,Ростов-на-Дону,"ул. Гагарина, д. 24, кв. 85",+7-944-896-18-47,pavlovkirill958@,Возвращено,101,417,16.04.2026,06.05.2025,Excel-выгрузка,Ограничение 18+
122,VID-000122,Бумажный дом,Бумажный дом,Петров Виктор Дмитриевич,Комед.,Документальный фильм,Санкт-Петербург,-,+7-917-527-38-20,petrovviktor75@yandex.ru,Арендовано,70,178,15.08.2026,03.02.2025,CRM Bitrix24,Есть субтитры
123,VID-000123,Секс,Секс в большом городе,Новиков Александр Сергеевич,###,Сериал,Москва,"ул. Советская, д. 147, кв. 99",+7-951-951-58-41,novikovaleks156@yandex.ru,Просроч.,125,72,05.06.2023,05.07.2025,CRM,
124,VID-000124,Слово пацана,Слово пацана,Смирнова Ирина Викторовна,Драма,Документальный фильм,Казань,"ул. Центральная, д. 37, кв. 132",+7-913-5,smirnovairin585@gmail.com,Аренд.,118,286,2026,18.03.2026,SAP ERP,Ограничение 18+
125,VID-000125,Метод,Метод,Соколова Елена Николаевна,Ком,Сериал,Волгоград,"ул. Садовая, д. 135, кв. 36",+7-959-371-14-44,sokolovaelen381@yandex.ru,Арендовано,98,310,14.05.2026,19.05.2024,Excel-выгрузка,Ограничение 18+
126,VID-000126,Друзья,N/A,Морозов Илья Викторович,Драма,Сериал,Волгоград,"ул. Победы, д. 111, кв. 4",+7-942-624-47-72,morozovilyav498@mail.ru,Аренд.,48,237,26.04.2026,24.07.2024,Excel-выгрузка,Доступно в HD
127,VID-000127,,Бесславные ублюдки,ОШИБКА_ДАННЫХ,Боевик,Документальный фильм,Нижний Новгород,"ул. Центральная, д. 38, кв. 141",+7-926-191-33-82,alekseevaolg921@gmail.com,Возвращено,105,408,01.01.2024,18.10.2024,CRM Bitrix24,Эксклюзив платформы
128,VID-000128,Друзья,Друзья,Егорова Татьяна Александровна,Комедия,12345XYZ,Крд,####,+7-932-881-19-62,нет_почты,Аренд.,41,237,2026-13-45,06.09.2024,CRM Bitrix24,Есть субтитры
129,VID-000129,Мандалорец,Мандалорец,Кузнецова Алина Викторовна,Мультф.,-,Пермь,"ул. Победы, д. 91, кв. 66",+7-940-215-72-53,kuznecovaali674@gmail.com,Просрочено,32,,2026,03.02.2026,N/A,
130,VID-000130,Игра престолов,Игра престолов,Морозова Елена Андреевна,Драма,Сериал,Мск,"ул. Молодёжная, д. 19, кв. 157",+7-938-655-67-33,morozovaelen660@yandex.ru,не указано(ошибка),136,147,20.08.2026,08.12.2024,Excel-выгрузка,Эксклюзив платформы
131,VID-000131,Метод,Метод,Голубев Дмитрий Иванович,Комедия,Сериал,Пермь,"ул. Центральная, д. 111, кв. 97",,golubevdmitr109@outlook.com,Просрочено,50,287,04.01.2024,27.09.2025,Собственная система учёта,Есть субтитры
132,VID-000132,Форрест Гамп,Форрест Гамп,Волков Илья Николаевич,Боевик,Документальный фильм,Ростов-на-Дону,"ул. Мира, д. 145, кв. 13",+7-920-272-73-86,volkovilyani306@yandex.ru,Просрочено,140,491,23.09.2025,04.06.2026,Собственная система учёта,
133,VID-000133,Шерлок,Шерлок,Козлов Артём Иванович,Драма,Фильм,Екатеринбург,"ул. Центральная, д. 101, кв. 157",+7-922-202-22-72,kozlovartemi805@outlook.com,Просм.,228,161,26.06.2025,13.04.2025,Собственная система учёта,Есть субтитры
134,VID-000134,Ходячие мертвецы,Ходячие мертвецы,Новиков Никита Николаевич,Комедия,Документальный фильм,Екатеринбург,"ул. Советская, д. 63, кв. 107",+7-939-141-31-59,novikovnikit717@mail.ru,Просмотрено,239,255,02.02.2026,06.06.2024,CRM Bitrix24,Есть субтитры
135,VID-000135,Бумажный дом,Бумажный дом,Соколова Татьяна Петровна,Комедия,Фильм,Москва,"ул. Советская, д. 61, кв. 132",+7-946-411-80-12,sokolovataty487@yandex.ru,Просмотрено,122,33,18.02.2023,20.02.2024,Excel-выгрузка,Есть субтитры
136,VID-000136,Чернобыль,Чернобыль,Богданов Александр Дмитриевич,Документальный фильм,Документальный фильм,Новосиб.,-,+7-916-629-65-67,bogdanovalek414@outlook.com,Просрочено,96,292,07.02.2025,20.12.2025,N/A,Ограничение 18+
137,VID-000137,Метод,Метод,,Документальный фильм,Фильм,###,"ул. Советская, д. 118, кв. 115",+7-936-795-99-80,popovapolina903@yandex.ru,,196,207,04.03.2026,24.10.2026,,Эксклюзив платформы
138,VID-000138,Бумажный дом,Бумажный дом,Егорова Елена Викторовна,Комедия,,Пермь,"ул. Садовая, д. 46, кв. 90",+7-955-569-31-96,egorovaelena626@outlook.com,Просрочено,138,458,11.05.2026,22.06.2025,,
139,VID-000139,Остаться в живых,Остаться в живых,Козлов Александр Андреевич,Боевик,Сериал,Екатеринбург,"ул. Пушкина, д. 142, кв. 56",+7-938-882-89-57,kozlovaleksa237@yandex.ru,Просмотрено,ERROR,303,03.12.2026,12.05.2025,1С:Предприятие,???
140,VID-000140,Друзья,Друзья,Смирнова Татьяна Петровна,Фантастика,Фильм,,"ул. Молодёжная, д. 25, кв. 101",+7-928-9,smirnovataty905@yandex.ru,Аренд.,,321,12.02.2026,17.10.2026,1С:Предприятие,Есть субтитры
141,VID-000141,Форрест Гамп,Форрест Гамп,Козлов Максим Александрович,Документальный фильм,Фильм,Воронеж,"ул. Спортивная, д. 54, кв. 194",+7-914-196-13-28,kozlovmaksim828@outlook.com,Возвращено,,489,20.08.2023,22.06.2026,Собственная система учёта,Есть субтитры
142,VID-000142,Мандалорец,Мандалорец,Попова Алина Сергеевна,Драма,Документальный фильм,Казань,"ул. Мира, д. 30, кв. 171",+7-959-647-97-44,popovaalinas944@,Аренд.,226,68,02.03.2025,27.05.2025,CRM Bitrix24,####
143,VID-000143,Тёмный рыцарь,Тёмный рыцарь,Богданов Егор Дмитриевич,Мультф.,Сериал,Пермь,"ул. Садовая, д. 66, кв. 33",+7-932-507-37-66,bogdanovegor769@outlook.com,Просмотрено,157,ABC,06.06.2023,28.06.2026,1С:Предприятие,
144,VID-000144,Мандалорец,Мандалорец,Алексеева Светлана Ивановна,Мультфильм,Сериал,Новосибирск,"ул. Мира, д. 140, кв. 160",+7-911-228-96-98,alekseevasve453@gmail.com,Просмотрено,76,439,17.04.2024,15.08.2026,Excel-выгрузка,
145,VID-000145,-,Друзья,Виноградова Екатерина Александровна,Фантастика,Документальный фильм,Волгоград,"ул. Мира, д. 55, кв. 38",+7-933-436-19-68,,Аренд.,112,295,13.02.2024,21.10.2025,CRM Bitrix24,Эксклюзив платформы
146,VID-000146,Бесславные ублюдки,Бесславные ублюдки,Иванов Алексей Петрович,Мультфильм,Фильм,Самара,"ул. Ленина, д. 136, кв. 162",+7-947-824-42-18,ivanovalekse507@gmail.com,Просмотрено,56,480,,18.04.2026,1С:Предприятие,Доступно в HD
147,VID-000147,Чернобыль,Чернобыль,Алексеев Максим Дмитриевич,Мультфильм,N/A,категория_5,"ул. Гагарина, д. 59, кв. 122",+7-948-202-80-56,alekseevmaks986@gmail.com,Просрочено,137,265,25.03.2025,03.03.2025,Excel-выгрузка,
148,VID-000148,Бесславные ублюдки,Бесславные ублюдки,Волкова Алина Александровна,Фантаст.,Сериал,Екб,нет данных(ошибка),+7-959-886-99-78,,Просмотрено,182,241,02.05.2024,28.11.2024,CRM Bitrix24,Есть субтитры
149,VID-000149,Бригада,Бригада,Павлов Андрей Викторович,Драма,Сериал,Новосибирск,"ул. Гагарина, д. 13, кв. 183",+7-931-866-41-83,pavlovandrei383@mail.ru,Арендовано,88,340,01.09.2025,01.08.2025,Собственная система учёта,Есть субтитры
150,VID-000150,Бригада,Бригада,Воробьёва Алина Андреевна,Комедия,Сериал,Казань,"ул. Спортивная, д. 114, кв. 93",+7-930-704-55-90,vorobevaalin135@mail.ru,Арендовано,218,87,19.11.2026,26.03.2026,1С:Предприятие,Есть субтитры
151,VID-000151,Шерлок,Шерлок,Иванов Александр Андреевич,Комед.,Сериал,Москва,"ул. Центральная, д. 129, кв. 9",+7-915-879-53-60,ivanovaleksa414@mail.ru,Возвращено,188,356,,09.09.2026,Собственная система учёта,Доступно в HD
152,VID-000152,,Друзья,Кузнецов Максим Николаевич,Драма,,Челябинск,"ул. Садовая, д. 21, кв. 9",+7-942-389-64-79,kuznecovmaks681@gmail.com,Просмотрено,105,55,07.09.2026,01.02.2026,Собственная система учёта,Ограничение 18+
153,VID-000153,Тёмный рыцарь,Тёмный рыцарь,Новиков Павел Сергеевич,Драма,Фильм,,"ул. Победы, д. 65, кв. 83",+7-926-188-87-20,novikovpavel819@yandex.ru,Возвращено,220,151,10.12.2025,15.03.2024,CRM Bitrix24,Эксклюзив платформы
154,VID-000154,Бумажный дом,Бумажный дом,Попова Мария Николаевна,Документальный фильм,Документальный фильм,Казань,"ул. Советская, д. 91, кв. 145",+7-947-766-74-57,popovamariya62@,Аренд.,136,240,09.02.2023,05.08.2025,Excel-выгрузка,Ограничение 18+
155,VID-000155,Слово пацана,Слово пацана,Лебедева Екатерина Петровна,Драма,Документальный фильм,Пермь,ул.,+7-940-969-72-93,lebedevaekat360@yandex.ru,Возвращено,195,4,23.12.2025,28.04.2026,-,Ограничение 18+
156,VID-000156,Тёмный рыцарь,,Петров Артём Дмитриевич,Фантаст.,Сериал,Москва,"ул. Спортивная, д. 98, кв. 97",+7-937-2,petrovartemd969@,Просрочено,52,ERROR,04.10.2026,23.02.2025,SAP ERP,Есть субтитры
157,VID-000157,Игра престолов,Игра престолов,Голубева Ольга Петровна,Докум. фильм,Документальный фильм,Краснодар,"ул. Молодёжная, д. 1, кв. 2",+7-949-313-87-20,golubevaolga126@outlook.com,Просрочено,,,02.02.2026,09.12.2025,Собственная система учёта,Ограничение 18+
158,VID-000158,Ходячие мертвецы,Ходячие мертвецы,Воробьёв Артём Сергеевич,Драма,Документальный фильм,Краснодар,"ул. Мира, д. 35, кв. 153",+7-953-7,vorobevartem751@yandex.ru,Арендовано,92,365,01.09.2023,10.08.2024,Собственная система учёта,Есть субтитры
159,VID-000159,Бесславные ублюдки,Бесславные ублюдки,Павлова Мария Дмитриевна,Драма,Документальный фильм,Краснодар,"ул. Мира, д. 57, кв. 36",+7-939-758-46-90,pavlovamariy508@mail.ru,Просм.,210,349,28.05.2023,08.12.2025,Excel-выгрузка,12345XYZ
160,VID-000160,Форрест Гамп,Форрест Гамп,Лебедев Андрей Викторович,Фантаст.,Сериал,Москва,"ул. Победы, д. 67, кв. 15",+7-959-188-57-12,lebedevandre375@yandex.ru,Просмотрено,172,ERROR,31.02.2026,04.05.2026,Собственная система учёта,
161,VID-000161,Остаться в живых,Остаться в живых,Лебедева Светлана Петровна,Мультфильм,Фильм,Челябинск,"ул. Пушкина, д. 94, кв. 18",+7-932-746-89-81,lebedevasvet681@outlook.com,Возвращено,217,,28.04.2026,26.08.2024,,
162,VID-000162,Бесславные ублюдки,Бесславные ублюдки,Кузнецова Ирина Николаевна,Фантаст.,Сериал,Волгоград,"ул. Мира, д. 44, кв. 46",+7-945-496-61-53,kuznecovairi443@mail.ru,категория_5,125,210,28.02.2023,23.10.2026,CRM Bitrix24,Доступно в HD
163,VID-000163,Мандалорец,Мандалорец,Иванов Артём Андреевич,Комедия,Сериал,Краснодар,,+7-918-324-58-77,ivanovartema545@mail.ru,Просмотрено,181,240,27.06.2026,01.10.2025,Excel-выгрузка,Доступно в HD
164,VID-000164,Метод,Метод,Иванов Максим Дмитриевич,Боевик,Фильм,Санкт-Петербург,"ул. Победы, д. 148, кв. 88",+7-934-370-58-14,ivanovmaksim242@yandex.ru,Возвращено,110,,18.03.2024,06.03.2026,Собственная система учёта,Эксклюзив платформы
165,VID-000165,Ходячие мертвецы,Ходячие мертвецы,Кузнецов Павел Николаевич,Комедия,Документальный фильм,,"ул. Спортивная, д. 68, кв. 104",+7-937-688-52-97,kuznecovpave519@mail.ru,Возвращено,47,276,08.11.2025,02.12.2025,Excel-выгрузка,Ограничение 18+
166,VID-000166,Друзья,Друзья,Лебедева Екатерина Сергеевна,Фантастика,Сериал,Екатеринбург,"ул. Победы, д. 7, кв. 140",+7-923-399-12-11,lebedevaekat776@yandex.ru,Аренд.,158,127,25.01.2023,02.12.2025,Собственная система учёта,
167,VID-000167,Метод,Метод,Павлова Ирина Сергеевна,Боевик,Документальный фильм,Казань,"ул. Пушкина, д. 68, кв. 196",+7-929-813-53-51,pavlovairina95@yandex.ru,Арендовано,114,178,17.09.2023,28.04.2025,SAP ERP,Ограничение 18+
168,VID-000168,Бригада,Бригада,Алексеева Юлия Александровна,Комедия,Сериал,Влгд,"ул. Центральная, д. 71, кв. 147",+7-932-681-19-62,alekseevayul11@outlook.com,Возвращено,45,37,09.05.2023,02.12.2026,Excel-выгрузка,Ограничение 18+
169,VID-000169,Игра престолов,Игра престолов,Попов Владимир Викторович,Фантаст.,Фильм,Новосибирск,"ул. Спортивная, д. 20, кв. 190",+7-925-900-12-11,popovvladimi758@mail.ru,Просмотрено,188,ABC,06.06.2026,20.10.2026,SAP ERP,
170,VID-000170,Шерлок,Шерлок,Волкова Татьяна Андреевна,Драма,Сериал,Самара,"ул. Гагарина, д. 58, кв. 190",+7-950-569-18-33,volkovatatya740@outlook.com,,50,471,20.07.2024,23.09.2025,ОШИБКА_ДАННЫХ,Доступно в HD
171,VID-000171,Тёмный рыцарь,Тёмный рыцарь,Воробьёва Ирина Ивановна,Фантастика,Документальный фильм,Новосибирск,"ул. Молодёжная, д. 20, кв. 89",+7-915-144-87-11,vorobevairin38@mail.ru,Просмотрено,55,394,15.09.2025,01.04.2026,Excel-выгрузка,
172,VID-000172,Бригада,Бригада,Семёнова Татьяна Ивановна,Мультф.,Фильм,Москва,"ул. Советская, д. 48, кв. 72",+7-940-193-67-38,semenovataty412@gmail.com,Возвращено,157,215,27.09.2023,06.09.2026,CRM Bitrix24,Есть субтитры
173,VID-000173,Шерлок,Шерлок,Голубева Светлана Александровна,Мультфильм,Фильм,Новосибирск,"ул. Центральная, д. 114, кв. 59",телефон отсутствует,golubevasvet408@mail.ru,Арендовано,207,много,07.03.2026,03.08.2026,Собственная система учёта,Есть субтитры
174,VID-000174,Метод,Метод,Виноградов Максим Александрович,Мультфильм,Документальный фильм,Челяб.,,+7-926-715-67-11,vinogradovma378@outlook.com,Просмотрено,239,446,27.10.2026,2025,SAP ERP,Есть субтитры
175,VID-000175,Чернобыль,Чернобыль,Фёдорова Мария Сергеевна,Комедия,Фильм,Санкт-Петербург,"ул. Молодёжная, д. 23, кв. 80",+7-942-868-20-25,fedorovamari410@outlook.com,Возвр.,100,340,13.08.2024,01.04.2026,Собственная система учёта,Эксклюзив платформы
176,VID-000176,Шерлок,Шерлок,Морозов Владимир Александрович,Комедия,Фильм,Ростов-н/Д,"ул. Пушкина, д. 90, кв. 135",+7-916-919-67-90,morozovvladi847@outlook.com,Просмотрено,52,300,04.12.2025,14.01.2025,1С:Предприятие,Есть субтитры
177,VID-000177,Мандалорец,Мандалорец,Смирнова Дарья Николаевна,Документальный фильм,Фильм,Нижний Новгород,"ул. Мира, д. 61, кв. 6",+7-925-628-84-71,smirnovadary232@outlook.com,Аре,61,197,02.01.2025,11.12.2025,SAP ERP,Доступно в HD
178,VID-000178,Тёмный рыцарь,Тёмный рыцарь,Попова Ольга Сергеевна,Боевик,Сериал,Воронеж,"ул. Победы, д. 25, кв. 32",+7-946-575-31-63,popovaolgase102@yandex.ru,Просрочено,190,88,01.03.2026,21.06.2025,SAP ERP,Доступно в HD
179,VID-000179,Слово пацана,Слово пацана,Морозова Полина Петровна,Драма,Документальный фильм,Ростов-на-Дону,"ул. Советская, д. 109, кв. 37",,petrov@@mail..ru,Просрочено,н/д,452,06.06.2024,07.09.2026,1С:Предприятие,
180,VID-000180,Форрест Гамп,Форрест Гамп,Петрова Виктория Николаевна,Боевик,Фильм,,"ул. Советская, д. 128, кв. 180",+7-928-892-16-39,petrovavikto490@gmail.com,Просрочено,76,99,27.08.2025,20.12.2025,SAP ERP,
181,VID-000181,Друзья,Друзья,Павлов Дмитрий Иванович,Боевик,Фильм,Самара,"ул. Советская, д. 144, кв. 45",+7-952-118-50-29,pavlovdmitri917@outlook.com,Арендовано,22,465,13.09.2023,23.07.2025,SAP ERP,Есть субтитры
182,VID-000182,Слово пацана,Слово пацана,Новиков Роман Сергеевич,Боевик,Документальный фильм,Новосибирск,"ул. Мира, д. 146, кв. 28",+7-953-179-11-61,novikovroman117@mail.ru,Аренд.,193,168,27.01.2024,26.09.2025,CRM Bitrix24,Доступно в HD
183,VID-000183,Бумажный дом,???,Виноградов Никита Викторович,Документальный фильм,Сериал,Челябинск,"ул. Пушкина, д. 78, кв. 138",+7-956-318-12-69,vinogradovni705@gmail.com,Возвращено,155,401,17.11.2025,06.10.2025,CRM Bitrix24,Доступно в HD
184,VID-000184,Друзья,Друзья,Новикова Елена Сергеевна,Боевик,Фильм,Пермь,"ул. Победы, д. 138, кв. 126",+7-912-829-86-66,novikovaelen135@outlook.com,,74,166,22.05.2023,06.10.2024,Excel-выгрузка,Ограничение 18+
185,VID-000185,Бумажный дом,Бумажный дом,Попов Никита Александрович,Боевик,Сериал,Екатеринбург,"ул. Мира, д. 88, кв. 184",+7-939-756-13-34,popovnikitaa899@yandex.ru,Арендовано,33,137,09.12.2026,28.07.2025,Excel-выгрузка,
186,VID-000186,Бригада,Бригада,Алексеева Татьяна Николаевна,Фантастика,Сериал,Мск,"ул. Советская, д. 6, кв. 63",+7-939-952-32-66,alekseevatat949@outlook.com,Просроч.,75,296,20.06.2026,10.09.2026,CRM Bitrix24,Есть субтитры
187,VID-000187,Секс в большом городе,Секс в большом городе,Богданова Светлана Николаевна,Фантастика,Документальный фильм,Москва,"ул. Садовая, д. 75, кв. 3",+7-930-648-93-71,bogdanovasve213@outlook.com,Просрочено,99,341,04.10.2025,22.01.2024,CRM Bitrix24,Доступно в HD
188,VID-000188,Игра престолов,Игра престолов,Новикова,Фантаст.,Документальный фильм,Воронеж,"ул. Садовая, д. 128, кв. 83",+7-950-864-66-43,novikovaolga153@yandex.ru,Просмотрено,30,3,04.05.2025,23.09.2025,Excel-выгрузка,Ограничение 18+
189,VID-000189,Шерлок,Шерлок,Новикова Алина Ивановна,Фантастика,Сериал,Волгоград,"ул. Спортивная, д. 17, кв. 193",+7-930-471-45-75,novikovaalin138@outlook.com,Просмотрено,229,150,08.08.2026,12.08.2026,Excel-выгрузка,Эксклюзив платформы
190,VID-000190,Остаться в живых,####,Голубева,Комед.,Документальный фильм,Краснодар,"ул. Гагарина, д. 69, кв. 97",+7-921-212-65-52,golubevanata34@outlook.com,Аренд.,181,274,03.02.2024,08.12.2026,CRM Bitrix24,Эксклюзив платформы
191,VID-000191,Чернобыль,Чернобыль,Смирнов Владимир Петрович,Боевик,Сериал,не указано(ошибка),"ул. Мира, д. 58, кв. 73",+7-945-275-73-61,smirnovvladi677@outlook.com,Просрочено,239,400,25.02.2025,16.01.2025,1С:Предприятие,
192,VID-000192,Тёмный рыцарь,Тёмный рыцарь,Семёнова Екатерина Ивановна,Боевик,Фильм,Челяб.,ул.,+7-946-707-40-60,semenovaekat475@outlook.com,Арендовано,80,326,20.01.2025,05.01.2025,Excel-выгрузка,Ограничение 18+
193,VID-000193,Секс в большом городе,Секс в большом городе,Богданов Виктор Петрович,Драма,Фильм,Краснодар,"ул. Спортивная, д. 98, кв. 179",+7-946-915-64-95,bogdanovvikt74@outlook.com,Возвращено,173,440,14.01.2024,06.05.2026,CRM Bitrix24,Есть субтитры
194,VID-000194,Метод,Метод,Богданов Александр Дмитриевич,Докум. фильм,Документальный фильм,Санкт-Петербург,"ул. Молодёжная, д. 109, кв. 138",+7-911-728-65-92,bogdanovalek846@gmail.com,не указано(ошибка),22,474,31.02.2026,31.02.2026,CRM Bitrix24,Ограничение 18+
195,VID-000195,Остаться в живых,Остаться в живых,,Мультфильм,Фильм,Краснодар,"ул. Советская, д. 65, кв. 174",+7-941-142-77-11,sokolovaksen813@gmail.com,Просмотрено,176,276,06.01.2026,28.04.2024,SAP ERP,
196,VID-000196,Друзья,Друзья,Лебедев Сергей Александрович,Боевик,Документальный фильм,Ростов-на-Дону,"ул. Садовая, д. 37, кв. 32",+7-950-829-25-17,lebedevserge212@yandex.ru,Арендовано,29,407,18.11.2024,21.09.2024,Excel-выгрузка,
197,VID-000197,Бумажный дом,Бумажный дом,Морозова Светлана Дмитриевна,Драма,Фильм,Пермь,"ул. Молодёжная, д. 78, кв. 13",+7-954-232-30-17,morozovasvet349@yandex.ru,Просрочено,,44,21.01.2023,06.07.2024,-,Доступно в HD
198,VID-000198,Чернобыль,Чернобыль,Волков Виктор Андреевич,Фантастика,Фильм,Нижний Новгород,"ул. Садовая, д. 113, кв. 129",+7-927-620-56-60,volkovviktor992@mail.ru,Просмотрено,163,,вчера,28.08.2024,Excel-выгрузка,Доступно в HD
199,VID-000199,-,Тёмный рыцарь,Алексеев Алексей Николаевич,Драма,Фильм,Самара,"ул. Мира, д. 30, кв. 122",+7-952-309-79-86,alekseevalek94@yandex.ru,Возвр.,126,443,19.02.2023,26.10.2024,Собственная система учёта,Есть субтитры
200,VID-000200,Остаться в живых,Остаться в живых,,,Документальный фильм,Неизвестная категория,"ул. Мира, д. 84, кв. 55",+7-912-539-22-10,lebedevegorn643@gmail.com,Просмотрено,218,480,24.04.2024,26.02.2026,CRM Bitrix24,Доступно в HD
