ID,Код записи,ФИО сотрудника,ФИО сотрудника (повтор),Руководитель отдела,Тип занятости,Отдел,Город,Адрес,Телефон,Email,Статус сотрудника,"Стаж работы, мес.","Оклад, руб.",Дата создания записи,Дата последнего обновления,Система-источник,Примечания
1,HR-000001,???,Новиков Роман Иванович,Егоров Андрей Иванович,Временный сотрудник,Отдел продаж,Ростов-на-Дону,"ул. Ленина, д. 53, кв. 178",+7-931-537-84-63,egorovandrei88@outlook.com,На больничном,74,129347,2026-13-45,23.06.2026,N/A,Оформлен декретный отпуск
2,HR-000002,Кузнецова Полина Сергеевна,Кузнецова Полина Сергеевна,Семёнова Анна Викторовна,Временный сотрудник,Отдел кадров,Челябинск,"ул. Мира, д. 21, кв. 159",+7-948-903-55-78,semenovaanna684@outlook.com,Работает,20,78444,2024,13.01.2026,Excel-выгрузка,
3,HR-000003,Соколова Наталья Андреевна,Соколова Наталья Андреевна,Алексеева Полина Дмитриевна,Совместитель,Производственный отдел,Новосибирск,"ул. Молодёжная, д. 114, кв. 142",+7-940-5,alekseevapol477@yandex.ru,Уволен,56,37360,11.02.2026,05.05.2025,Excel-выгрузка,
4,HR-000004,Лебедева Екатерина Николаевна,Лебедева Екатерина Николаевна,Лебедев Владимир Иванович,Штатный сотрудник,Отдел продаж,Новосиб.,"ул. Мира, д. 50, кв. 140",+7-915-1,lebedevvladi904@gmail.com,Работает,,86927,21.02.2025,11.06.2025,1С:Предприятие,Проходит испытательный срок
5,HR-000005,Соколов Андрей Сергеевич,Соколов Андрей Сергеевич,N/A,Совмест.,Отдел маркетинга,###,,+7-931-169-64-12,pavlovavikto6@gmail.com,Уволен,,93283,12.12.2023,06.08.2024,CRM Bitrix24,
6,HR-000006,Воробьёва Дарья Викторовна,Воробьёва Дарья Викторовна,Богданова Анна Петровна,Стажёр,Производственный отдел,Крд,"ул. Гагарина, д. 146, кв. 189",+7-925-854-12-97,bogdanovaann984@gmail.com,В отпуске,196,193873,23.08.2023,08.01.2024,1С:Предприятие,Оформлен декретный отпуск
7,HR-000007,Петров Владимир Иванович,???,Фёдоров,Совместитель,Отдел маркетинга,Санкт-Петербург,"ул. Победы, д. 85, кв. 159",+7-935-949-16-91,fedorovvikto782@yandex.ru,На больничном,73,116943,02.11.2026,11.06.2026,Собственная система учёта,
8,HR-000008,Алексеева Мария Дмитриевна,Алексеева Мария Дмитриевна,Иванов Алексей Александрович,Стажёр,Отдел кадров,Ростов-на-Дону,,+7-927-668-68-37,ivanovalekse759@gmail.com,В отпуске,34,201034,06.10.2025,18.04.2026,Собственная система учёта,
9,HR-000009,Алексеев Владимир Александрович,Алексеев Владимир Александрович,Иванова Ксения Александровна,Стажёр,Бухгалтерия,Екатеринбург,???,+7-953-379-53-93,ivanovakseni521@outlook.com,Увол.,58,66939,15.07.2023,12.02.2025,1С:Предприятие,N/A
10,HR-000010,Попова Светлана Ивановна,Попова Светлана Ивановна,Соколова Алина Сергеевна,Стажёр,Отдел кадров,Екатеринбург,"ул. Спортивная, д. 132, кв. 58",+7-914-790-54-11,sokolovaalin481@mail.ru,Уволен,180,206422,04.04.2026,09.01.2024,CRM Bitrix24,Дисциплинарное взыскание
11,HR-000011,,Алексеев Кирилл Петрович,нет данных(ошибка),Временный сотрудник,Отдел маркетинга,Ростов-на-Дону,"ул. Гагарина, д. 92, кв. 22",+7-955-290-18-76,egorovalekse150@mail.ru,На больничном,0,107400,06.07.2023,08.05.2026,CRM Bitrix24,Дисциплинарное взыскание
12,HR-000012,Алексеева Екатерина Андреевна,Алексеева Екатерина Андреевна,Воробьёв Дмитрий Александрович,Стажёр,Бухгалтерия,Ростов-н/Д,"ул. Ленина, д. 40, кв. 192",+7-956-618-94-70,vorobevdmitr150@mail.ru,В отп.,31,93193,23.02.2025,12.08.2025,Excel-выгрузка,Оформлен декретный отпуск
13,HR-000013,Попов Александр Андреевич,Попов Александр Андреевич,Богданов Максим Андреевич,Совмест.,Отдел маркетинга,Краснодар,"ул. Советская, д. 28, кв. 179",+7-921-968-41-53,bogdanovmaks140@gmail.com,Работает,221,167243,19.02.2023,16.10.2025,SAP ERP,Кандидат на повышение
14,HR-000014,Богданов Алексей Александрович,Богданов Алексей Александрович,Фёдорова Екатерина Петровна,Совместитель,Отдел кадров,Краснодар,"ул. Садовая, д. 36, кв. 181",+7-927-755-47-92,fedorovaekat446@mail.ru,Уволен,190,59803,24.04.2023,09.10.2026,1С:Предприятие,Оформлен декретный отпуск
15,HR-000015,Семёнов Владимир Сергеевич,Семёнов Владимир Сергеевич,Морозов Илья Сергеевич,Совместитель,Бухгалтерия,Челябинск,"ул. Победы, д. 130, кв. 169",+7-911-463-50-31,нет_почты,На больничном,188,211003,26.10.2023,25.10.2025,Excel-выгрузка,Оформлен декретный отпуск
16,HR-000016,Иванова Светлана Дмитриевна,Иванова Светлана Дмитриевна,Виноградов Александр Викторович,Совместитель,Отдел маркетинга,СПб,"ул. Спортивная, д. 74, кв. 99",+7-950-423-86-49,ivanov.mail.ru,В отпуске,187,42276,09.02.2026,27.04.2026,Excel-выгрузка,Кандидат на повышение
17,HR-000017,Соколова Ольга Викторовна,Соколова Ольга Викторовна,Алексеев Павел Сергеевич,Стажёр,Отдел маркетинга,Ростов-н/Д,"ул. Советская, д. 21, кв. 127",+7-936-218-60-73,alekseevpave937@gmail.com,Работает,191,94601,11.02.2024,03.09.2025,,Проходит испытательный срок
18,HR-000018,Егоров Егор Николаевич,Егоров Егор Николаевич,Петров Александр Андреевич,категория_5,Отдел продаж,Челябинск,"ул. Спортивная, д. 74, кв. 67",+7-934-557-88-56,petrov@@mail..ru,Работает,77,238440,15.11.2026,22.02.2026,SAP ERP,Дисциплинарное взыскание
19,HR-000019,Иванова Екатерина Сергеевна,Иванова Екатерина Сергеевна,Алексеев Александр Сергеевич,Штатный сотрудник,Бухгалтерия,Казань,"ул. Победы, д. 140, кв. 54",+7-956-257-27-11,alekseevalek655@outlook.com,Уволен,204,143231,22.09.2025,22.02.2024,CRM Bitrix24,Оформлен декретный отпуск
20,HR-000020,Соколов Александр Иванович,,Иванова Юлия Дмитриевна,Времен. сотр.,Отдел кадров,Воронеж,"ул. Садовая, д. 105, кв. 54",+7-943-551-77-53,ivanovayuliy616@yandex.ru,Работает,101,146775,25.05.2024,20.02.2026,Excel-выгрузка,Дисциплинарное взыскание
21,HR-000021,Попова Ксения Сергеевна,Попова Ксения Сергеевна,Смирнов Виктор Сергеевич,Совмест.,IT-отдел,Новосибирск,"ул. Молодёжная, д. 55, кв. 15",+7-949-582-55-95,smirnovvikto612@gmail.com,Увол.,151,32977,17.04.2026,24.01.2026,Excel-выгрузка,Кандидат на повышение
22,HR-000022,Воробьёв Сергей Дмитриевич,Воробьёв Сергей Дмитриевич,Виноградов Никита Андреевич,Совместитель,IT-отдел,Нижний Новгород,"ул. Садовая, д. 38, кв. 58",+7-937-871-80-76,vinogradovni71@yandex.ru,В отпуске,130,157423,24.11.2024,27.10.2026,нет данных(ошибка),Проходит испытательный срок
23,HR-000023,,Новикова Елена Николаевна,Виноградова Елена Андреевна,Стажёр,Отдел кадров,Челябинск,"ул. Пушкина, д. 66, кв. 137",+7-937-651-88-93,vinogradovae567@outlook.com,В отп.,220,,26.10.2024,23.07.2024,Excel-выгрузка,Кандидат на повышение
24,HR-000024,Новикова Полина Дмитриевна,Новикова Полина Дмитриевна,Виноградова Наталья Николаевна,Стажёр,IT-отдел,,"ул. Советская, д. 68, кв. 176",+7-920-251-37-78,vinogradovan425@yandex.ru,Увол.,15,236524,14.04.2023,09.01.2026,CRM Bitrix24,Дисциплинарное взыскание
25,HR-000025,Алексеев Александр Петрович,Алексеев Александр Петрович,Павлов Дмитрий Николаевич,Стажёр,Бухгалтерия,Воронеж,"ул. Советская, д. 20, кв. 65",+7-936-987-81-31,pavlovdmitri512@gmail.com,Работает,,109147,06.04.2026,07.01.2024,Excel-выгрузка,Оформлен декретный отпуск
26,HR-000026,Попова Ирина Александровна,Попова Ирина Александровна,Кузнецова Дарья Николаевна,Временный сотрудник,Отдел маркетинга,Самара,"ул. Ленина, д. 143, кв. 21",+7-932-620-90-87,kuznecovadar822@yandex.ru,В отпуске,173,33352,24.03.2024,03.08.2026,Excel-выгрузка,Проходит испытательный срок
27,HR-000027,,???,Козлов Роман Викторович,Совместитель,Бухгалтерия,Казань,ОШИБКА_ДАННЫХ,+7-913-453-37-34,kozlovromanv759@mail.ru,Работает,92,-1,22.04.2026,07.03.2024,Собственная система учёта,Оформлен декретный отпуск
28,HR-000028,Воробьёва Екатерина Сергеевна,Воробьёва Екатерина Сергеевна,,Штатн. сотр.,Производственный отдел,Самара,"ул. Победы, д. 150, кв. 112",+7-953-772-68-78,ivanovapolin444@mail.ru,В отпуске,229,107279,03.10.2024,23.08.2026,Excel-выгрузка,Проходит испытательный срок
29,HR-000029,Попов Егор Александрович,Попов Егор Александрович,Петров Илья Андреевич,Сов,Отдел маркетинга,Новосибирск,"ул. Мира, д. 122, кв. 3",+7-955-585-95-62,petrovilyaan951@outlook.com,Уволен,89,175263,15.08.2025,17.05.2024,CRM Bitrix24,Проходит испытательный срок
30,HR-000030,Павлов Павел Андреевич,Павлов Павел Андреевич,Козлов Роман Петрович,Совместитель,Производственный отдел,Казань,-,+7-935-546-29-59,kozlovromanp495@mail.ru,В отпуске,96,228788,02.02.2024,17.07.2026,1С:Предприятие,Оформлен декретный отпуск
31,HR-000031,Новикова Наталья Николаевна,Новикова,Новикова Наталья Викторовна,Совмест.,,Ворнж,"ул. Советская, д. 113, кв. 161",+7-937-413-60-81,novikovanata110@yandex.ru,Увол.,30,62031,13.02.2025,12.07.2025,CRM Bitrix24,Оформлен декретный отпуск
32,HR-000032,Новикова Наталья Александровна,Новикова Наталья Александровна,Лебедева Виктория Александровна,Штатный сотрудник,IT-отдел,Волгоград,"ул. Центральная, д. 4, кв. 129",+7-956-694-91-37,lebedevavikt863@mail.ru,Работает,114,46173,10.03.2025,15.11.2025,Excel-выгрузка,Кандидат на повышение
33,HR-000033,Иванов Илья Николаевич,Иванов Илья Николаевич,Алексеев Артём Сергеевич,Стажёр,Производственный отдел,Нижний Новгород,"ул. Молодёжная, д. 14, кв. 37",+7-935-129-85-36,alekseevarte277@mail.ru,В отпуске,22,75520,16.05.2024,10.09.2024,Excel-выгрузка,Оформлен декретный отпуск
34,HR-000034,Козлова Виктория Николаевна,Козлова Виктория Николаевна,Богданова Юлия Петровна,Стажёр,Производственный отдел,Челябинск,"ул. Пушкина, д. 119, кв. 69",+7-946-276-65-99,bogdanovayul114@outlook.com,В отпуске,45,188696,19.09.2023,24.09.2026,SAP ERP,Кандидат на повышение
35,HR-000035,Алексеева Полина Петровна,Алексеева Полина Петровна,Козлов Кирилл Николаевич,Совместитель,Отдел кадров,Санкт-Петербург,"ул. Мира, д. 12, кв. 199",+7-933-662-77-79,kozlovkirill883@yandex.ru,Уволен,36,92943,22.07.2023,22.07.2025,,Дисциплинарное взыскание
36,HR-000036,Морозова Юлия Александровна,Морозова Юлия Александровна,Иванова Юлия Дмитриевна,Совместитель,Бухгалтерия,Ростов-на-Дону,"ул. Ленина, д. 29, кв. 188",+7-942-316-43-48,ivanovayuliy630@mail.ru,В отпуске,41,118007,12.05.2023,01.12.2026,CRM Bitrix24,???
37,HR-000037,Алексеева Дарья Николаевна,Алексеева Дарья Николаевна,Кузнецов Сергей Александрович,Временный сотрудник,Отдел продаж,Санкт-Петербург,"ул. Пушкина, д. 29, кв. 34",+7-951-559-74-13,kuznecovserg166@outlook.com,Работает,8,184240,06.07.2023,26.04.2024,CRM Bitrix24,####
38,HR-000038,Козлов Артём Николаевич,Козлов Артём Николаевич,Павлова Мария Сергеевна,Штатный сотрудник,IT-отдел,Пер,"ул. Спортивная, д. 76, кв. 139",+7-917-199-94-20,pavlovamariy589@yandex.ru,Увол.,217,135659,27.01.2025,28.03.2025,1С:Предприятие,Оформлен декретный отпуск
39,HR-000039,Богданов Алексей Викторович,Богданов Алексей Викторович,Смирнов Егор Викторович,Стажёр,Отдел продаж,Казань,"ул. Пушкина, д. 74, кв. 105",+7-945-870-79-20,petrov@@mail..ru,Работает,26,ABC,08.09.2023,14.09.2024,Собственная система учёта,
40,HR-000040,,Козлова Елена Ивановна,Иванов Илья Андреевич,Времен. сотр.,Отдел продаж,Ростов-на-Дону,"ул. Гагарина, д. 37, кв. 59",+7-931-690-41-65,ivanovilyaan160@outlook.com,В отпуске,146,н/д,01.05.2026,01.09.2026,CRM Bitrix24,Кандидат на повышение
41,HR-000041,Соколова Ирина Викторовна,Соколова Ирина Викторовна,Павлов Егор Николаевич,Времен. сотр.,Отдел маркетинга,Казань,"ул. Мира, д. 124, кв. 42",+7-939-828-76-13,pavlovegorni798@yandex.ru,Уволен,206,68043,25.02.2025,28.09.2026,Excel-выгрузка,Оформлен
42,HR-000042,Попов Виктор Викторович,Попов Виктор Викторович,Козлов Егор Николаевич,Неизвестная категория,Отдел продаж,Нижний Новгород,"ул. Гагарина, д. 99, кв. 123",+7-941-391-77-94,kozlovegorni106@outlook.com,Работает,169,31880,15.08.2025,24.01.2024,Собственная система учёта,-
43,HR-000043,Козлова Наталья Александровна,Козлова Наталья Александровна,Виноградов Павел Дмитриевич,Временный сотрудник,IT-отдел,Краснодар,"ул. Гагарина, д. 96, кв. 73",+7-922-504-55-82,vinogradovpa378@outlook.com,Работ.,1,150089,05.07.2025,06.10.2025,CRM Bitrix24,Дисциплинарное взыскание
44,HR-000044,Морозова Полина Сергеевна,Морозова Полина Сергеевна,Попов Егор Сергеевич,Штатный сотрудник,IT-отдел,Ростов-на-Дону,"ул. Ленина, д. 87, кв. 122",+7-952-727-68-88,popovegorser491@yandex.ru,Работает,33,85786,05.11.2026,07.06.2026,SAP ERP,Проходит испытательный срок
45,HR-000045,Соколова Ксения Сергеевна,Соколова Ксения Сергеевна,Семёнова Наталья Ивановна,Совместитель,Отдел маркетинга,Нижний Новгород,"ул. Пушкина, д. 96, кв. 117",+7-919-932-81-30,semenovanata933@outlook.com,Работает,129,132753,13.10.2026,2025,Excel-выгрузка,Проходит испытательный срок
46,HR-000046,Виноградов Никита Николаевич,Виноградов Никита Николаевич,Иванова Светлана Дмитриевна,Времен. сотр.,Бухгалтерия,Новосибирск,"ул. Победы, д. 112, кв. 39",+7-920-853-25-99,ivanovasvetl73@outlook.com,На больничном,108,155264,28.11.2025,2024,1С:Предприятие,Оформлен декретный отпуск
47,HR-000047,Лебедев Кирилл Дмитриевич,Лебедев Кирилл Дмитриевич,Кузнецов,Штатный сотрудник,???,Казань,"ул. Победы, д. 128, кв. 95",+7-943-191-91-23,kuznecovmaks228@outlook.com,Уволен,239,183128,13.08.2023,19.11.2025,Собственная система учёта,####
48,HR-000048,Семёнова Ольга Андреевна,Семёнова Ольга Андреевна,Голубев Павел Дмитриевич,Стажёр,Отдел кадров,Крд,"ул. Советская, д. 146, кв. 22",+7-944-779-69-39,golubevpavel826@yandex.ru,На больничном,18,95584,14.05.2025,2026-13-45,,Дисциплинарное взыскание
49,HR-000049,Фёдорова Наталья Александровна,Фёдорова Наталья Александровна,Голубев Владимир Дмитриевич,Ста,Отдел кадров,Казань,"ул. Спортивная, д. 127, кв. 10",+7-939-126-49-53,golubevvladi573@gmail.com,В отпуске,31,86658,10.11.2025,16.10.2026,SAP ERP,
50,HR-000050,Лебедева Полина Викторовна,Лебедева Полина Викторовна,Воробьёв Андрей Иванович,Штатный сотрудник,IT-отдел,Самара,"ул. Победы, д. 84, кв. 88",+7-952-720-32-33,vorobevandre714@mail.ru,На больничном,102,ERROR,16.09.2024,28.12.2026,1С:Предприятие,Кандидат на повышение
51,HR-000051,Фёдоров Алексей Андреевич,Фёдоров Алексей Андреевич,Воробьёва Виктория Дмитриевна,Совместитель,Отдел кадров,Москва,"ул. Садовая, д. 63, кв. 41",+7-951-304-28-39,vorobevavikt606@gmail.com,Работает,186,132702,28.11.2026,15.01.2024,SAP ERP,Дисциплинарное взыскание
52,HR-000052,Лебедев Андрей Сергеевич,Лебедев Андрей Сергеевич,Павлов Егор Дмитриевич,Штатн. сотр.,Отдел продаж,Нижний Новгород,"ул. Садовая, д. 104, кв. 83",+7-941-648-32-89,pavlovegordm468@gmail.com,Увол.,,много,15.01.2025,03.09.2024,1С:Предприятие,Проходит испытательный срок
53,HR-000053,Петров Павел Николаевич,Петров Павел Николаевич,Соколова Мария Андреевна,Стажёр,Отдел кадров,Казань,"ул. Центральная, д. 41, кв. 126",+7-932-759-57-51,sokolovamari464@outlook.com,Работает,123,235324,03.10.2023,14.11.2026,1С:Предприятие,Дисциплинарное взыскание
54,HR-000054,Богданов Виктор Николаевич,Богданов Виктор Николаевич,Павлова Алина Александровна,Стажёр,Отдел кадров,Ростов-на-Дону,"ул. Центральная, д. 94, кв. 143",+7-911-920-92-84,pavlovaalina915@gmail.com,В отп.,175,31056,07.04.2023,19.06.2026,1С:Предприятие,Дисциплинарное взыскание
55,HR-000055,Смирнова Наталья Дмитриевна,Смирнова Наталья Дмитриевна,Лебедева Виктория Сергеевна,Стажёр,Отдел продаж,Москва,"ул. Гагарина, д. 70, кв. 109",+7-928-110-58-38,lebedevavikt628@gmail.com,Работает,166,90622,02.10.2023,12.03.2026,1С:Предприятие,Кандидат на повышение
56,HR-000056,Морозова Анна Николаевна,Морозова Анна Николаевна,Смирнова Полина Андреевна,Временный сотрудник,Производственный отдел,Санкт-Петербург,"ул. Молодёжная, д. 120, кв. 36",+7-937-636-93-71,smirnovapoli873@outlook.com,В отп.,,25077,24.12.2026,21.04.2026,CRM Bitrix24,Оформлен декретный отпуск
57,HR-000057,Алексеева Мария Ивановна,Алексеева Мария Ивановна,Егорова Ольга Дмитриевна,Времен. сотр.,IT-отдел,Екб,"ул. Садовая, д. 120, кв. 177",+7-99-abc-12-34,egorovaolgad519@yandex.ru,Уволен,,88508,14.03.2024,24.08.2026,Excel-выгрузка,Проходит испытательный срок
58,HR-000058,Петров Сергей Иванович,Петров,Егоров Сергей Дмитриевич,Времен. сотр.,Отдел маркетинга,Волгоград,"ул. Садовая, д. 108, кв. 3",+7-953-415-67-69,egorovsergei934@yandex.ru,В отп.,124,210516,17.03.2025,17.12.2026,CRM Bitrix24,Кандидат на повышение
59,HR-000059,Фёдорова Елена Петровна,Фёдорова Елена Петровна,Воробьёва Полина Александровна,Стажёр,Отдел маркетинга,Москва,"ул. Спортивная, д. 143, кв. 161",+7-940-160-91-69,vorobevapoli903@mail.ru,Работает,195,189787,17.12.2025,27.04.2026,SAP ERP,Оформлен декретный отпуск
60,HR-000060,Волков Егор Николаевич,Волков Егор Николаевич,Голубев Роман Викторович,Совместитель,Отдел продаж,Москва,"ул. Садовая, д. 47, кв. 27",+7-947-205-46-37,golubevroman180@mail.ru,Раб,136,186319,26.08.2026,04.10.2024,Собственная система учёта,Кандидат на повышение
61,HR-000061,Воробьёв Владимир Дмитриевич,Воробьёв Владимир Дмитриевич,Богданова Светлана Петровна,Стажёр,IT-отдел,Казань,"ул. Победы, д. 56, кв. 34",+7-920-595-13-80,bogdanovasve846@outlook.com,На больничном,129,,24.02.2026,08.12.2024,Excel-выгрузка,Дисциплинарное взыскание
62,HR-000062,Алексеев Никита Дмитриевич,Алексеев Никита Дмитриевич,Кузнецова Екатерина Ивановна,Стажёр,нет данных(ошибка),Краснодар,N/A,+7-930-717-73-73,kuznecovaeka960@mail.ru,На больн.,101,122644,15.04.2026,15.01.2025,1С:Предприятие,Кандидат на повышение
63,HR-000063,Соколов Кирилл Дмитриевич,Соколов Кирилл Дмитриевич,Волкова Татьяна Сергеевна,Совмест.,Производственный отдел,Москва,"ул. Пушкина, д. 106, кв. 88",+7-957-645-74-65,volkovatatya590@yandex.ru,В отпуске,23,72476,15.09.2025,23.01.2026,Собственная система учёта,Дисциплинарное взыскание
64,HR-000064,Егорова Елена Дмитриевна,Егорова Елена Дмитриевна,Семёнова,Сов,Отдел продаж,Воронеж,"ул. Гагарина, д. 102, кв. 75",+7-940-939-41-81,semenovanata980@outlook.com,Работает,143,52144,24.07.2024,17.02.2026,1С:Предприятие,Дисциплинарное взыскание
65,HR-000065,Петрова Полина Петровна,Петрова Полина Петровна,,Штатный сотрудник,Производственный отдел,Мск,"ул. Мира, д. 116, кв. 174",+7-930-209-65-68,vinogradovan802@outlook.com,В отпуске,75,226700,20.07.2024,01.12.2026,CRM Bitrix24,Оформлен декретный отпуск
66,HR-000066,ОШИБКА_ДАННЫХ,Петрова Ольга Дмитриевна,Волкова Ольга Сергеевна,Неизвестная категория,,Краснодар,"ул. Садовая, д. 39, кв. 146",+7-920-520-52-66,volkovaolgas945@mail.ru,Уволен,229,62946,01.04.2023,02.05.2025,SAP ERP,
67,HR-000067,Семёнова Дарья Николаевна,Семёнова Дарья Николаевна,Кузнецов Артём Александрович,Стажёр,Отдел маркетинга,Казань,"ул. Мира, д. 45, кв. 63",+7-941-521-70-70,kuznecovarte511@yandex.ru,Работает,ABC,143952,11.06.2026,01.03.2026,SAP ERP,Оформлен декретный отпуск
68,HR-000068,,Семёнова Мария Николаевна,Петров Никита Иванович,Стажёр,Бухгалтерия,Самара,"ул. Молодёжная, д. 65, кв. 16",+7-933-731-10-91,petrovnikita271@gmail.com,Работает,179,169548,24.04.2024,31.02.2026,CRM,Кандидат на повышение
69,HR-000069,Попов Павел Иванович,Попов Павел Иванович,Егоров Павел Николаевич,Стажёр,Производственный отдел,Санкт-Петербург,"ул. Молодёжная, д. 36, кв. 48",+7-910-298-43-58,egorovpaveln236@gmail.com,На больничном,64,155436,03.12.2026,25.07.2026,1С:Предприятие,Оформлен декретный отпуск
70,HR-000070,Семёнова Ирина Андреевна,-,Новиков Кирилл Николаевич,Стажёр,Отдел кадров,Краснодар,"ул. Мира, д. 33, кв. 80",+7-935-196-95-51,novikovkiril47@outlook.com,В отпуске,121,59531,19.09.2023,01.10.2024,CRM Bitrix24,Кандидат на повышение
71,HR-000071,Кузнецова Юлия Андреевна,Кузнецова Юлия Андреевна,12345XYZ,Штатный сотрудник,Производственный отдел,Воронеж,"ул. Советская, д. 146, кв. 15",+7-946-648-77-10,bogdanovvikt175@yandex.ru,На больн.,227,102429,14.09.2024,21.05.2026,SAP ERP,Оформлен декретный отпуск
72,HR-000072,Морозова Екатерина Петровна,Морозова Екатерина Петровна,Павлова Дарья Дмитриевна,Стажёр,IT-отдел,Новосибирск,ул.,+7-949-347-48-68,pavlovadarya591@mail.ru,Увол.,89,49257,03.05.2024,26.08.2026,####,Оформлен декретный отпуск
73,HR-000073,Волков Андрей Александрович,Волков Андрей Александрович,Козлова Елена Александровна,Штатн. сотр.,Отдел маркетинга,Новосиб.,"ул. Гагарина, д. 36, кв. 139",+7-931-100-98-28,kozlovaelena470@gmail.com,Работает,92,68855,08.07.2026,13.07.2026,Собственная система учёта,Дисциплинарное взыскание
74,HR-000074,Воробьёв Кирилл Александрович,Воробьёв Кирилл Александрович,Богданов Александр Андреевич,Стажёр,Бухгалтерия,Волгоград,"ул. Ленина, д. 119, кв. 108",+7-946-473-35-61,bogdanovalek191@yandex.ru,В отпуске,135,174554,07.09.2026,19.07.2024,Excel-выгрузка,Кандидат на повышение
75,HR-000075,####,Семёнов Артём Викторович,Смирнова Юлия Андреевна,Стажёр,IT-отдел,Крд,"ул. Победы, д. 8, кв. 124",+7-936-464-86-55,,Работает,14,180139,19.04.2025,31.02.2026,Собственная система учёта,Дисциплинарное взыскание
76,HR-000076,Петров Илья Андреевич,Петров Илья Андреевич,Волкова Елена Сергеевна,Стажёр,Отдел продаж,Казань,"ул. Мира, д. 73, кв. 86",+7-944-925-89-32,volkovaelena31@outlook.com,В отп.,164,209494,26.07.2023,17.01.2026,Excel-выгрузка,Проходит испытательный срок
77,HR-000077,Соколов Артём Дмитриевич,Соколов Артём Дмитриевич,Козлов Дмитрий Александрович,Временный сотрудник,Отдел продаж,Пермь,"ул. Молодёжная, д. 92, кв. 42",+7-914-461-60-97,kozlovdmitri914@mail.ru,На больн.,97,176740,11.04.2026,14.03.2026,Собственная система учёта,Кандидат на повышение
78,HR-000078,Смирнова Елена Николаевна,Смирнова Елена Николаевна,Голубева Дарья Викторовна,Стажёр,,Нижний Новгород,"ул. Мира, д. 28, кв. 151",+7-946-392-72-52,golubevadary924@outlook.com,В отпуске,181,87422,08.10.2026,08.03.2024,SAP ERP,Дисциплинарное взыскание
79,HR-000079,ОШИБКА_ДАННЫХ,Кузнецова Полина Александровна,Голубев,Временный сотрудник,Отдел кадров,Новосиб.,"ул. Молодёжная, д. 48, кв. 153",+7-920-874-22-27,ivanov.mail.ru,Работает,100,186851,2025,05.07.2026,Excel-выгрузка,Кандидат на повышение
80,HR-000080,Виноградов Андрей Петрович,Виноградов Андрей Петрович,N/A,Совмест.,Отдел кадров,Самара,,+7-954-666-33-36,semenovaanna963@outlook.com,В отп.,209,33738,2026,28.08.2025,,
81,HR-000081,Богданов Сергей Дмитриевич,Богданов Сергей Дмитриевич,Волков Кирилл Иванович,Совместитель,IT-отдел,Санкт-Петербург,ул.,+7-937-958-86-57,volkovkirill131@mail.ru,В отпуске,210,131605,13.10.2026,19.11.2026,Собственная система учёта,Кандидат на повышение
82,HR-000082,Егоров,Егоров Дмитрий Николаевич,Фёдорова Светлана Николаевна,Времен. сотр.,,СПб,"ул. Гагарина, д. 83, кв. 103",+7-938-341-92-79,fedorovasvet133@outlook.com,Уволен,124,102976,27.06.2024,11.07.2025,Собственная система учёта,
83,HR-000083,Павлова Дарья Сергеевна,Павлова Дарья Сергеевна,Козлов Кирилл Викторович,Совместитель,Производственный отдел,Н.Новгород,"ул. Спортивная, д. 20, кв. 98",+7-953-207-59-21,kozlovkirill840@yandex.ru,Увол.,106,161615,05.09.2023,06.10.2024,SAP ERP,Оформлен декретный отпуск
84,HR-000084,Воробьёв Андрей Сергеевич,Воробьёв Андрей Сергеевич,Соколова Дарья Сергеевна,Штатный сотрудник,Бухгалтерия,Челябинск,"ул. Спортивная, д. 64, кв. 140",+7-933-610-35-56,sokolovadary36@gmail.com,На больничном,56,172532,12.06.2026,28.02.2025,нет данных(ошибка),Дисциплинарное взыскание
85,HR-000085,Козлов Артём Николаевич,Козлов Артём Николаевич,Воробьёва Наталья Николаевна,Штатный сотрудник,IT-отдел,не указано(ошибка),"ул. Ленина, д. 46, кв. 74",+7-99-abc-12-34,vorobevanata910@yandex.ru,Неизвестная категория,25,73804,16.03.2024,06.04.2025,Excel-выгрузка,Проходит испытательный срок
86,HR-000086,Соколов Дмитрий Александрович,,Воробьёва Светлана Александровна,Неизвестная категория,Бухгалтерия,Нижний Новгород,-,+7-938-236-90-30,vorobevasvet355@gmail.com,На больничном,ABC,106710,07.07.2026,10.09.2024,Собственная система учёта,Проходит испытательный срок
87,HR-000087,Смирнов Роман Андреевич,Смирнов Роман Андреевич,Попов Андрей Андреевич,Совместитель,Отдел кадров,Самара,"ул. Победы, д. 63, кв. 179",+7-941-912-56-11,popovandreia736@yandex.ru,Работает,217,188206,05.04.2023,04.05.2025,нет данных(ошибка),Проходит испытательный срок
88,HR-000088,Соколов Павел Николаевич,Соколов Павел Николаевич,N/A,Временный сотрудник,Отдел маркетинга,Екатеринбург,"ул. Советская, д. 125, кв. 152",+7-925-589-10-78,volkovavikto203@outlook.com,В отп.,149,,10.03.2025,,Excel-выгрузка,Проходит испытательный срок
89,HR-000089,Лебедев Дмитрий Сергеевич,N/A,Волков Дмитрий Николаевич,Совместитель,Бухгалтерия,Казань,"ул. Победы, д. 6, кв. 4",+7-914-919-89-98,volkovdmitri527@outlook.com,На больн.,221,137011,15.04.2026,27.07.2025,1С:Предприятие,Дисциплинарное взыскание
90,HR-000090,Кузнецова Юлия Николаевна,нет данных(ошибка),Семёнова Мария Викторовна,Стажёр,Бухгалтерия,Нижний Новгород,"ул. Ленина, д. 32, кв. 182",+7-929-149-57-92,semenovamari919@yandex.ru,На больн.,н/д,83071,31.02.2026,,Собственная система учёта,Проходит испытательный срок
91,HR-000091,Воробьёв Артём Александрович,####,Егорова Алина Александровна,Временный сотрудник,Бухгалтерия,Самара,"ул. Молодёжная, д. 61, кв. 7",+7-958-814-38-32,egorovaalina121@outlook.com,На больн.,54,167470,вчера,01.12.2025,Excel-выгрузка,Кандидат на повышение
92,HR-000092,Иванова Светлана Николаевна,Иванова Светлана Николаевна,Фёдоров Максим Петрович,Временный сотрудник,Отдел продаж,Екатеринбург,"ул. Пушкина, д. 109, кв. 26",+7-952-174-73-41,fedorovmaksi210@outlook.com,На больничном,232,113151,04.04.2026,28.06.2025,Собственная система учёта,Проходит испытательный срок
93,HR-000093,Виноградов Дмитрий Иванович,Виноградов Дмитрий Иванович,Голубев Александр Иванович,Временный сотрудник,IT-отдел,Краснодар,"ул. Ленина, д. 86, кв. 13",+7-927-918-81-39,golubevaleks72@outlook.com,Работает,173,63312,28.12.2023,04.04.2025,SAP ERP,N/A
94,HR-000094,Морозова Ольга Андреевна,Морозова Ольга Андреевна,Волкова Анна Петровна,Времен. сотр.,Производственный отдел,Новосибирск,"ул. Мира, д. 56, кв. 134",+7-950-834-32-96,volkovaannap294@gmail.com,На больничном,41,188813,26.05.2024,26.05.2025,Excel-выгрузка,Проходит испытательный срок
95,HR-000095,Павлова Светлана Викторовна,Павлова Светлана Викторовна,Голубева Виктория Викторовна,Стажёр,Отдел продаж,Санкт-Петербург,"ул. Центральная, д. 43, кв. 12",+7-948-416-46-10,golubevavikt50@yandex.ru,###,212,30749,20.06.2025,04.03.2025,SAP ERP,Кандидат на повышение
96,HR-000096,Воробьёв Илья Николаевич,Воробьёв Илья Николаевич,Попова Мария Александровна,Совмест.,Отдел продаж,Воронеж,"ул. Ленина, д. 5, кв. 187",12345,popovamariya157@yandex.ru,Работает,24,85067,01.04.2024,06.12.2025,SAP ERP,Оформлен декретный отпуск
97,HR-000097,Воробьёва Наталья Дмитриевна,Воробьёва Наталья Дмитриевна,Воробьёв Илья Сергеевич,,IT-отдел,Воронеж,ул.,,vorobevilyas951@gmail.com,Работает,100,50561,26.01.2024,12.07.2024,,Оформлен декретный отпуск
98,HR-000098,Семёнов Александр Викторович,Семёнов Александр Викторович,Смирнов Никита Дмитриевич,Временный сотрудник,IT-отдел,Ростов-на-Дону,"ул. Мира, д. 29, кв. 124",+7-915-787-38-27,smirnovnikit723@yandex.ru,В отп.,н/д,213079,17.07.2023,12.09.2026,1С:Предприятие,Кандидат на повышение
99,HR-000099,Семёнов Максим Дмитриевич,Семёнов Максим Дмитриевич,Фёдоров Павел Сергеевич,Временный сотрудник,Бухгалтерия,Воронеж,"ул. Победы, д. 30, кв. 101",телефон отсутствует,fedorovpavel59@mail.ru,###,147,149837,14.05.2025,14.06.2024,,Проходит испытательный срок
100,HR-000100,Лебедев Александр Николаевич,Лебедев Александр Николаевич,Волкова Мария Николаевна,Штатн. сотр.,Отдел маркетинга,Чел,ул.,+7-929-191-68-79,volkovamariy50@,Увол.,17,214374,01.02.2024,09.02.2025,Собственная система учёта,Кандидат на повышение
101,HR-000101,Богданова Ксения Сергеевна,Богданова Ксения Сергеевна,Богданова Алина Ивановна,Штатный сотрудник,Производственный отдел,Нижний Новгород,"ул. Гагарина, д. 15, кв. 18",+7-956-684-16-12,bogdanovaali989@outlook.com,На больничном,191,104245,20.04.2026,13.01.2025,1С:Предприятие,Дисциплинарное взыскание
102,HR-000102,,Виноградов Дмитрий Петрович,Волков Дмитрий Петрович,Временный сотрудник,ОШИБКА_ДАННЫХ,Воронеж,нет данных(ошибка),+7-932-243-20-35,volkovdmitri616@yandex.ru,Работает,9,,20.07.2026,16.05.2026,SAP ERP,
103,HR-000103,Семёнов Виктор Петрович,Семёнов Виктор Петрович,Семёнова Ирина Андреевна,Штатный сотрудник,Отдел кадров,Казань,"ул. Молодёжная, д. 37, кв. 20",+7-954-871-11-42,semenovairin953@outlook.com,Уволен,26,137432,14.03.2026,08.04.2026,CRM Bitrix24,Оформлен декретный отпуск
104,HR-000104,Попова Татьяна Дмитриевна,Попова Татьяна Дмитриевна,Егоров Кирилл Андреевич,Штатн. сотр.,Отдел маркетинга,Волгоград,"ул. Молодёжная, д. 10, кв. 26",+7-932-458-56-14,egorovkirill372@mail.ru,На больничном,238,225142,11.09.2024,21.02.2024,Собственная,Проходит испытательный срок
105,HR-000105,Морозов Артём Петрович,Морозов Артём Петрович,Фёдорова Ксения Ивановна,Совместитель,Отдел кадров,Пермь,"ул. Мира, д. 114, кв. 48",+7-916-716-19-52,fedorovaksen718@outlook.com,В отпуске,224,232517,18.01.2023,15.09.2025,CRM Bitrix24,Дисциплинарное взыскание
106,HR-000106,,Новиков Никита Дмитриевич,Морозова Ксения Андреевна,Временный сотрудник,Производственный отдел,Волгоград,"ул. Центральная, д. 22, кв. 193",+7-919-173-40-70,morozovaksen306@mail.ru,На больн.,153,213361,07.10.2023,15.03.2024,Собственная система учёта,
107,HR-000107,Смирнов Андрей Иванович,Смирнов,Смирнов Владимир Сергеевич,Штатн. сотр.,Производственный отдел,Новосибирск,"ул. Молодёжная, д. 28, кв. 12",+7-950-670-52-22,smirnovvladi633@mail.ru,Уволен,,135919,09.12.2026,16.07.2026,1С:Предприятие,Кандидат на повышение
108,HR-000108,ОШИБКА_ДАННЫХ,Морозова Ольга Александровна,Волкова Наталья Ивановна,Штатный сотрудник,####,Челябинск,"ул. Пушкина, д. 59, кв. 165",+7-935-565-94-24,volkovanatal139@gmail.com,В отпуске,164,63938,23.05.2026,25.07.2024,Собственная система учёта,Проходит испытательный срок
109,HR-000109,Павлов Владимир Николаевич,Павлов Владимир Николаевич,Смирнов Никита Николаевич,Штатный сотрудник,Бухгалтерия,Ростов-на-Дону,"ул. Гагарина, д. 90, кв. 111",+7-955-297-29-10,smirnovnikit602@mail.ru,категория_5,17,176863,21.10.2023,20.06.2025,Excel-выгрузка,Дисциплинарное взыскание
110,HR-000110,Попов Никита Иванович,Попов Никита Иванович,Новиков Дмитрий Иванович,Совместитель,Отдел маркетинга,Челябинск,"ул. Молодёжная, д. 132, кв. 79",+7-931-596-46-82,novikovdmitr126@gmail.com,В отпуске,179,116132,15.11.2023,16.01.2024,1С:Предприятие,Дисциплинарное взыскание
111,HR-000111,Алексеева Ксения Андреевна,Алексеева Ксения Андреевна,Егоров Павел Андреевич,Совместитель,Отдел продаж,Казань,"ул. Садовая, д. 11, кв. 4",+7-921-884-59-56,egorovpavela96@mail.ru,Работает,158,248673,22.06.2023,22.09.2025,Собственная система учёта,Оформлен декретный отпуск
112,HR-000112,Козлова Светлана Викторовна,Козлова Светлана Викторовна,Лебедева Виктория Петровна,Совмест.,нет данных(ошибка),Нижний Новгород,"ул. Центральная, д. 116, кв. 5",+7-911-895-74-27,lebedevavikt971@outlook.com,В отп.,149,28113,07.01.2023,26.11.2025,Excel-выгрузка,Оформлен декретный отпуск
113,HR-000113,Виноградов Артём Сергеевич,Виноградов Артём Сергеевич,Попов Владимир Петрович,Временный сотрудник,Бухгалтерия,Новосиб.,"ул. Советская, д. 11, кв. 30",+7-941-584-15-17,,На больничном,185,148580,11.07.2025,08.12.2024,CRM Bitrix24,Кандидат на повышение
114,HR-000114,Соколова Елена Викторовна,Соколова Елена Викторовна,Козлов Сергей Андреевич,Совместитель,Производственный отдел,Ростов-н/Д,"ул. Победы, д. 124, кв. 112",+7-914-140-45-13,kozlovsergei553@gmail.com,Уволен,26,236810,04.11.2025,23.10.2024,CRM Bitrix24,Проходит испытательный срок
115,HR-000115,Павлов Кирилл Иванович,Павлов Кирилл Иванович,Новикова Татьяна Сергеевна,Стажёр,Отдел кадров,Казань,"ул. Ленина, д. 81, кв. 102",+7-950-399-18-65,novikovataty57@gmail.com,На больн.,222,140008,10.11.2023,09.08.2024,Собственная система учёта,Проходит испытательный срок
116,HR-000116,Волков Павел Николаевич,Волков Павел Николаевич,Виноградова Мария Александровна,,Бухгалтерия,Казань,"ул. Пушкина, д. 106, кв. 98",+7-935-5,vinogradovam14@gmail.com,На больн.,202,206791,25.02.2026,14.09.2026,,
117,HR-000117,Попова Полина Ивановна,Попова Полина Ивановна,Фёдоров Кирилл Викторович,Штатный сотрудник,Бухгалтерия,Пермь,"ул. Гагарина, д. 83, кв. 35",+7-953-133-33-34,fedorovkiril439@outlook.com,Работает,151,51318,28.03.2024,14.11.2026,Excel-выгрузка,
118,HR-000118,Соколова Юлия Ивановна,Соколова Юлия Ивановна,Петров Роман Сергеевич,Совместитель,Бухгалтерия,Волгоград,"ул. Мира, д. 121, кв. 172",,petrovromans246@outlook.com,В отпуске,99,92924,05.03.2026,07.06.2024,CRM Bitrix24,
119,HR-000119,Богданов Павел Сергеевич,Богданов Павел Сергеевич,Лебедева Юлия Николаевна,Стажёр,Производственный отдел,Екатеринбург,"ул. Садовая, д. 122, кв. 104",+7-913-946-40-27,lebedevayuli896@mail.ru,На больничном,129,181303,25.03.2023,05.05.2026,CRM Bitrix24,
120,HR-000120,Виноградова Анна Ивановна,Виноградова Анна Ивановна,Фёдоров Никита Викторович,Стажёр,Отдел маркетинга,Пермь,"ул. Мира, д. 53, кв. 38",+7-927-933-39-39,fedorovnikit876@outlook.com,На больничном,126,44559,16.12.2026,21.01.2024,CRM Bitrix24,Проходит испытательный срок
121,HR-000121,Смирнов Сергей Петрович,Смирнов Сергей Петрович,Морозова Ксения Дмитриевна,Сов,Бухгалтерия,Москва,"ул. Пушкина, д. 136, кв. 88",+7-958-682-23-97,morozovaksen98@yandex.ru,В отп.,11,80791,12.06.2026,15.10.2026,Excel-выгрузка,####
122,HR-000122,Фёдорова Алина Дмитриевна,Фёдорова Алина Дмитриевна,Соколов Владимир Александрович,Совместитель,Бухгалтерия,Нижний Новгород,"ул. Молодёжная, д. 9, кв. 10",+7-959-688-79-69,sokolovvladi471@outlook.com,В отпуске,175,118519,09.05.2026,21.05.2026,Собственная система учёта,Дисциплинарное взыскание
123,HR-000123,Фёдорова Юлия Викторовна,Фёдорова Юлия Викторовна,Павлова Юлия Александровна,Совместитель,Отдел маркетинга,Пермь,"ул. Центральная, д. 12, кв. 112",+7-955-8,pavlovayuliy669@gmail.com,На больничном,228,130993,26.01.2026,31.02.2026,Собственная система учёта,Оформлен декретный отпуск
124,HR-000124,Волкова Наталья Дмитриевна,Волкова,Петров Артём Александрович,Временный сотрудник,Производственный отдел,,"ул. Центральная, д. 81, кв. 162",+7-922-571-92-41,petrovartema364@yandex.ru,Работает,178,206681,18.08.2025,09.11.2025,Собственная система учёта,Кандидат на повышение
125,HR-000125,Голубев Сергей Иванович,Голубев Сергей Иванович,Богданова Ксения Ивановна,Штатный сотрудник,Отдел продаж,Москва,"ул. Победы, д. 117, кв. 156",+7-937-401-79-39,bogdanovakse761@gmail.com,На больничном,18,55422,08.04.2025,14.07.2025,Excel-выгрузка,
126,HR-000126,Смирнова,Смирнова Екатерина Ивановна,Попова Татьяна Сергеевна,Стажёр,IT-отдел,Казань,"ул. Центральная, д. 105, кв. 42",+7-953-343-86-70,popovatatyan940@yandex.ru,Раб,230,195125,11.02.2023,08.03.2024,Собственная система учёта,Кандидат на повышение
127,HR-000127,Егорова Наталья Петровна,Егорова Наталья Петровна,Лебедева Мария Николаевна,Штатный сотрудник,Отдел кадров,Нижний Новгород,"ул. Ленина, д. 25, кв. 32",+7-920-788-81-51,lebedevamari501@mail.ru,Уволен,151,48742,14.08.2025,10.11.2024,Собственная система учёта,Проходит испытательный срок
128,HR-000128,Морозова Дарья Ивановна,Морозова Дарья Ивановна,Богданов Кирилл Александрович,Стажёр,Отдел продаж,Екб,"ул. Советская, д. 122, кв. 184",+7-945-151-24-43,bogdanovkiri733@yandex.ru,На больн.,84,112596,22.10.2023,10.05.2025,SAP ERP,Оформлен декретный отпуск
129,HR-000129,Попова Ирина Викторовна,Попова Ирина Викторовна,Морозова Светлана Сергеевна,Стажёр,Отдел кадров,Казань,"ул. Садовая, д. 52, кв. 176",+7-948-234-99-26,morozovasvet932@yandex.ru,Уволен,67,129764,2026,15.12.2026,SAP ERP,Кандидат на повышение
130,HR-000130,Алексеев Максим Николаевич,Алексеев Максим Николаевич,Петров Андрей Викторович,Временный сотрудник,Отдел кадров,Казань,####,+7-930-708-60-54,petrovandrei195@mail.ru,Работает,44,239596,,04.12.2025,1С:Предприятие,???
131,HR-000131,Лебедев Алексей Иванович,Лебедев Алексей Иванович,Морозов Кирилл Иванович,категория_5,Отдел кадров,Воронеж,"ул. Центральная, д. 71, кв. 163",+7-917-692-32-43,ivanov.mail.ru,На больничном,156,93627,03.06.2023,05.02.2026,CRM Bitrix24,Проходит испытательный срок
132,HR-000132,Петров Никита Викторович,Петров Никита Викторович,Соколов Александр Сергеевич,Временный сотрудник,Отдел продаж,Казань,"ул. Центральная, д. 85, кв. 107",+7-951-951-11-89,sokolovaleks200@yandex.ru,Уволен,114,89914,14.09.2024,17.08.2025,Excel-выгрузка,Проходит испытательный срок
133,HR-000133,Семёнова Ксения Дмитриевна,Семёнова Ксения Дмитриевна,Новикова Юлия Александровна,Стажёр,Отдел кадров,Новосибирск,"ул. Пушкина, д. 40, кв. 61",+7-918-845-70-30,ivanov.mail.ru,В отпуске,120,164555,19.05.2026,22.04.2024,CRM Bitrix24,N/A
134,HR-000134,Смирнова Светлана Николаевна,Смирнова Светлана Николаевна,Богданов Сергей Петрович,Стажёр,Бухгалтерия,Санкт-Петербург,"ул. Победы, д. 85, кв. 129",+7-949-694-33-55,bogdanovserg903@gmail.com,Работает,47,138306,05.12.2025,03.11.2025,Собственная система учёта,Дисциплинарное взыскание
135,HR-000135,Морозов Дмитрий Викторович,Морозов Дмитрий Викторович,Лебедев Илья Андреевич,Временный сотрудник,Отдел маркетинга,Ростов-на-Дону,"ул. Ленина, д. 41, кв. 9",+7-954-358-10-26,lebedevilyaa72@gmail.com,В отпуске,,115292,19.12.2026,18.05.2025,Собственная система учёта,
136,HR-000136,Фёдоров Никита Дмитриевич,Фёдоров Никита Дмитриевич,Кузнецова Наталья Дмитриевна,Штатный сотрудник,Производственный отдел,Сан,ул.,+7-937-184-61-93,kuznecovanat340@mail.ru,Работ.,127,73295,14.10.2023,14.11.2024,1С:Предприятие,Оформлен декретный отпуск
137,HR-000137,Морозова Екатерина Сергеевна,Морозова Екатерина Сергеевна,Голубев Максим Петрович,не указано(ошибка),Отдел кадров,Н.Новгород,"ул. Мира, д. 9, кв. 149",+7-946-345-53-77,golubevmaksi158@gmail.com,В отпуске,115,98447,09.07.2023,19.02.2025,Собственная система учёта,Проходит испытательный срок
138,HR-000138,Виноградов Роман Дмитриевич,Виноградов Роман Дмитриевич,Волкова Юлия Петровна,Неизвестная категория,,Екатеринбург,"ул. Мира, д. 11, кв. 57",+7-911-196-15-37,volkovayuliy668@yandex.ru,Уволен,0,82408,12.02.2025,20.08.2025,SAP ERP,Проходит испытательный срок
139,HR-000139,Новикова Светлана Сергеевна,Новикова Светлана Сергеевна,Лебедева Ксения Петровна,Штатный сотрудник,Отдел продаж,Пермь,"ул. Победы, д. 100, кв. 149",12345,lebedevaksen958@gmail.com,Работает,223,,15.01.2025,27.07.2025,Собственная система учёта,Дисциплинарное взыскание
140,HR-000140,Кузнецова Виктория Петровна,Кузнецова Виктория Петровна,Морозова Татьяна Ивановна,Стажёр,IT-отдел,Краснодар,"ул. Ленина, д. 56, кв. 108",+7-950-575-92-28,morozovataty63@yandex.ru,Работ.,232,147616,09.06.2023,26.11.2025,1С:Предприятие,Дисциплинарное взыскание
141,HR-000141,Волкова Ольга Николаевна,Волкова Ольга Николаевна,Соколова Юлия Петровна,Совместитель,IT-отдел,Мск,"ул. Ленина, д. 111, кв. 176",+7-949-579-99-74,sokolovayuli807@outlook.com,На больничном,136,172971,22.01.2023,28.09.2026,Excel-выгрузка,Оформлен декретный отпуск
142,HR-000142,Соколов Алексей Александрович,Соколов,Соколов Андрей Александрович,Штатный сотрудник,Производственный отдел,Нижний Новгород,"ул. Гагарина, д. 149, кв. 198",+7-936-683-84-77,sokolovandre473@gmail.com,В отп.,138,203629,,04.09.2024,,
143,HR-000143,Алексеев Александр Николаевич,Алексеев Александр Николаевич,Кузнецов Кирилл Сергеевич,Стажёр,Отдел маркетинга,Ворнж,"ул. Пушкина, д. 13, кв. 32",+7-958-656-87-94,kuznecovkiri990@mail.ru,На больничном,54,159180,16.10.2024,14.04.2024,1С:Предприятие,Кандидат на повышение
144,HR-000144,Семёнова Ирина Петровна,Семёнова Ирина Петровна,Волкова Екатерина Дмитриевна,Совместитель,Производственный отдел,Нижний Новгород,"ул. Мира, д. 124, кв. 173",+7-949-793-80-43,volkovaekate222@yandex.ru,В отпуске,25,194901,23.05.2023,06.10.2024,CRM Bitrix24,Оформлен декретный отпуск
145,HR-000145,Егорова Елена Николаевна,Егорова Елена Николаевна,-,Временный сотрудник,Отдел маркетинга,Челябинск,"ул. Ленина, д. 44, кв. 129",+7-916-175-60-72,morozovserge988@gmail.com,Работ.,220,58754,25.01.2024,24.12.2026,Собственная система учёта,Проходит испытательный срок
146,HR-000146,Петров Артём Петрович,Петров Артём Петрович,Павлова Анна Андреевна,Совмест.,Бухгалтерия,Н.Новгород,"ул. Спортивная, д. 36, кв. 189",+7-932-485-25-31,pavlovaannaa241@gmail.com,В отпуске,52,55699,06.04.2023,18.01.2024,CRM Bitrix24,Кандидат на повышение
147,HR-000147,Алексеева Ксения Дмитриевна,Алексеева Ксения Дмитриевна,12345XYZ,Совмест.,Отдел маркетинга,Санкт-Петербург,"ул. Советская, д. 98, кв. 15",+7-951-230-87-23,semenovpavel117@outlook.com,Уволен,много,163398,13.08.2025,16.05.2024,CRM Bitrix24,
148,HR-000148,Богданова Дарья Дмитриевна,Богданова Дарья Дмитриевна,Петрова Екатерина Дмитриевна,Стажёр,Отдел кадров,Краснодар,ул.,+7-911-312-19-16,petrovaekate450@yandex.ru,Уволен,62,54052,01.05.2026,11.08.2026,SAP ERP,-
149,HR-000149,Иванов Владимир Александрович,,Лебедева Елена Николаевна,Штатн. сотр.,Отдел маркетинга,Нижний Новгород,"ул. Садовая, д. 130, кв. 78",+7-929-849-78-85,lebedevaelen654@gmail.com,Уволен,57,46088,17.09.2026,27.09.2025,SAP ERP,Проходит испытательный срок
150,HR-000150,Павлов Алексей Сергеевич,Павлов Алексей Сергеевич,12345XYZ,Стажёр,нет данных(ошибка),Челяб.,"ул. Молодёжная, д. 57, кв. 166",+7-947-470-36-95,smirnovdmitr751@yandex.ru,Работает,26,107278,02.04.2023,10.08.2024,Excel-выгрузка,Дисциплинарное взыскание
151,HR-000151,Богданов Никита Викторович,Богданов Никита Викторович,Павлова Ирина Сергеевна,Временный сотрудник,Отдел кадров,Санкт-Петербург,"ул. Пушкина, д. 60, кв. 72",+7-919-627-65-63,pavlovairina626@mail.ru,В отп.,179,222601,26.01.2023,24.10.2024,Собственная система учёта,Оформлен декретный отпуск
152,HR-000152,Фёдоров Максим Андреевич,Фёдоров Максим Андреевич,Лебедев Сергей Иванович,Штатный сотрудник,Производственный отдел,Воронеж,"ул. Победы, д. 57, кв. 102",,lebedevserge968@gmail.com,Уволен,209,36264,01.04.2025,21.03.2026,CRM Bitrix24,
153,HR-000153,Волков Андрей Дмитриевич,Волков Андрей Дмитриевич,Богданов Дмитрий Дмитриевич,Стажёр,Бухгалтерия,Пермь,"ул. Спортивная, д. 35, кв. 173",+7-918-223-64-10,bogdanovdmit580@mail.ru,Работает,182,,24.01.2023,16.08.2024,CRM Bitrix24,Кандидат
154,HR-000154,Смирнова Ольга Николаевна,Смирнова Ольга Николаевна,Соколова Алина Викторовна,Совместитель,Отдел маркетинга,Екатеринбург,"ул. Спортивная, д. 127, кв. 72",+7-937-846-83-56,sokolovaalin130@outlook.com,В отпуске,126,109723,27.09.2025,02.03.2024,SAP ERP,нет данных(ошибка)
155,HR-000155,Новиков Артём Андреевич,Новиков Артём Андреевич,Морозов Максим Андреевич,Штатн. сотр.,Отдел маркетинга,Воронеж,"ул. Советская, д. 5, кв. 95",+7-958-763-28-99,morozovmaksi931@outlook.com,В отп.,67,141884,19.09.2023,05.03.2024,SAP ERP,
156,HR-000156,Козлов Владимир Петрович,Козлов Владимир Петрович,Голубева Татьяна Николаевна,###,IT-отдел,Воронеж,"ул. Ленина, д. 140, кв. 71",+7-927-396-44-14,golubevataty467@yandex.ru,Работает,14,246338,19.08.2024,21.06.2026,Excel-выгрузка,Кандидат на повышение
157,HR-000157,####,Богданова Анна Сергеевна,Лебедев Егор Викторович,Совместитель,Отдел кадров,Пермь,"ул. Победы, д. 136, кв. 21",+7-914-936-59-63,lebedevegorv832@gmail.com,Увол.,158,70323,18.01.2026,13.01.2024,SAP ERP,Проходит испытательный срок
158,HR-000158,Волкова Екатерина Дмитриевна,Волкова Екатерина Дмитриевна,Павлов Сергей Иванович,Совместитель,IT-отдел,Челяб.,"ул. Пушкина, д. 15, кв. 65",+7-912-857-61-83,pavlovsergei332@gmail.com,Увол.,87,191871,28.02.2026,18.11.2025,Excel-выгрузка,Дисциплинарное взыскание
159,HR-000159,Петров Виктор Иванович,Петров Виктор Иванович,Алексеева Мария Дмитриевна,Времен. сотр.,Отдел кадров,Пермь,"ул. Мира, д. 46, кв. 104",+7-944-351-18-75,alekseevamar833@yandex.ru,В отпуске,61,202722,26.02.2025,18.12.2024,CRM Bitrix24,Оформлен декретный отпуск
160,HR-000160,Богданова Ольга Викторовна,Богданова Ольга Викторовна,Алексеев Илья Дмитриевич,Стажёр,Отдел кадров,Челябинск,"ул. Советская, д. 129, кв. 168",+7-952-228-42-81,alekseevilya216@gmail.com,На больн.,134,199513,05.08.2023,21.02.2024,Excel-выгрузка,Оформлен декретный отпуск
161,HR-000161,Петров Владимир Дмитриевич,Петров Владимир Дмитриевич,Попова Полина Александровна,Стажёр,Бухгалтерия,не указано(ошибка),"ул. Советская, д. 66, кв. 38",+7-959-104-54-18,popovapolina463@outlook.com,не указано(ошибка),222,71630,15.04.2026,05.01.2024,CRM Bitrix24,Оформлен декретный отпуск
162,HR-000162,Лебедев Владимир Андреевич,Лебедев Владимир Андреевич,Смирнов Сергей Викторович,Времен. сотр.,Отдел продаж,Волгоград,"ул. Спортивная, д. 130, кв. 66",+7-915-430-10-83,smirnovserge763@mail.ru,В отп.,104,49953,07.04.2023,2025,Собственная система учёта,Проходит испытательный срок
163,HR-000163,Иванов Артём Дмитриевич,Иванов Артём Дмитриевич,Морозов Александр Андреевич,Штатн. сотр.,Отдел кадров,Нижний Новгород,"ул. Победы, д. 115, кв. 97",+7-952-997-27-36,,В отпуске,99,209195,03.10.2023,04.04.2025,1С:Предприятие,
164,HR-000164,Алексеев Андрей Александрович,Алексеев Андрей Александрович,Богданов Андрей Сергеевич,Времен. сотр.,Производственный отдел,,"ул. Молодёжная, д. 23, кв. 96",+7-930-992-92-99,bogdanovandr454@yandex.ru,На больничном,228,56291,01.04.2023,21.12.2024,1С:Предприятие,Проходит испытательный срок
165,HR-000165,Фёдоров Никита Сергеевич,???,Смирнова Татьяна Викторовна,Стажёр,Бухгалтерия,Пермь,"ул. Молодёжная, д. 107, кв. 52",+7-958-856-52-46,smirnovataty231@mail.ru,Уволен,47,102650,20.09.2023,25.12.2025,CRM Bitrix24,Проходит испытательный срок
166,HR-000166,Семёнов Виктор Дмитриевич,Семёнов Виктор Дмитриевич,Новикова Ксения Андреевна,Штатн. сотр.,Отдел продаж,Москва,"ул. Садовая, д. 35, кв. 39",+7-927-460-13-32,novikovaksen884@gmail.com,Работает,46,176992,07.12.2026,10.05.2026,SAP ERP,Кандидат на повышение
167,HR-000167,Козлов Виктор Дмитриевич,,Павлова Ирина Дмитриевна,Временный сотрудник,Производственный отдел,Самара,нет данных(ошибка),телефон отсутствует,pavlovairina267@gmail.com,На больничном,ABC,83582,11.09.2024,18.06.2025,CRM,Дисциплинарное взыскание
168,HR-000168,Волков Дмитрий Сергеевич,Волков Дмитрий Сергеевич,Павлова Екатерина Дмитриевна,Штатный сотрудник,,Новосибирск,"ул. Ленина, д. 48, кв. 29",+7-939-982-73-17,pavlovaekate55@yandex.ru,На больничном,68,90824,19.11.2025,13.01.2025,SAP ERP,
169,HR-000169,Богданов Алексей Дмитриевич,Богданов Алексей Дмитриевич,Волкова Наталья Николаевна,Совместитель,IT-отдел,Мск,"ул. Советская, д. 73, кв. 6",+7-956-411-10-25,volkovanatal644@mail.ru,В отпуске,194,106215,06.07.2026,12.05.2024,Excel-выгрузка,
170,HR-000170,Кузнецова Юлия Александровна,Кузнецова Юлия Александровна,Морозов Александр Петрович,Стажёр,Производственный отдел,Екатеринбург,"ул. Спортивная, д. 46, кв. 129",+7-922-981-87-26,morozovaleks853@gmail.com,В отпуске,134,н/д,16.04.2023,22.01.2025,Excel-выгрузка,Дисциплинарное взыскание
171,HR-000171,Воробьёва Татьяна Александровна,Воробьёва Татьяна Александровна,Кузнецова Юлия Александровна,Штатн. сотр.,Отдел продаж,Смр,"ул. Центральная, д. 104, кв. 33",+7-953-494-92-40,kuznecovayul937@outlook.com,В отп.,163,27525,22.02.2023,03.10.2024,Собственная система учёта,Оформлен декретный отпуск
172,HR-000172,Лебедев Виктор Иванович,Лебедев Виктор Иванович,Волкова Юлия Дмитриевна,Совместитель,Отдел кадров,Казань,"ул. Садовая, д. 42, кв. 127",+7-922-378-86-26,volkovayuliy267@gmail.com,Уволен,204,197730,07.11.2025,20.10.2026,SAP ERP,Оформлен декретный отпуск
173,HR-000173,Фёдорова Ксения Петровна,Фёдорова Ксения Петровна,Морозова Елена Дмитриевна,Штатный сотрудник,Отдел маркетинга,Москва,"ул. Победы, д. 109, кв. 89",+7-929-487-39-63,morozovaelen88@gmail.com,Уволен,104,191808,12.06.2025,24.05.2026,CRM Bitrix24,Дисциплинарное взыскание
174,HR-000174,Голубева Полина Дмитриевна,Голубева Полина Дмитриевна,12345XYZ,Штатный сотрудник,Бухгалтерия,Челяб.,"ул. Ленина, д. 21, кв. 131",+7-916-845-33-38,golubevilyaa703@gmail.com,На больничном,172,134233,18.06.2026,06.02.2026,CRM Bitrix24,
175,HR-000175,Воробьёв,нет данных(ошибка),Фёдоров Артём Петрович,Временный сотрудник,Бухгалтерия,Смр,"ул. Садовая, д. 72, кв. 29",+7-952-256-41-24,fedorovartem385@gmail.com,Работает,17,185941,09.04.2024,2026,CRM Bitrix24,Дисциплинарное взыскание
176,HR-000176,Петров Павел Николаевич,Петров Павел Николаевич,,Штатн. сотр.,Отдел маркетинга,Краснодар,"ул. Ленина, д. 136, кв. 19",+7-933-492-49-40,pavlovakseni100@yandex.ru,Работает,150,73144,08.04.2023,04.10.2024,Собственная система учёта,Кандидат на повышение
177,HR-000177,Новиков Илья Иванович,Новиков Илья Иванович,Петрова Алина Андреевна,Штатный сотрудник,Бухгалтерия,Вор,"ул. Победы, д. 105, кв. 32",+7-915-324-75-94,petrovaalina683@mail.ru,На больничном,188,,14.03.2026,вчера,Собственная система учёта,Кандидат на повышение
178,HR-000178,Алексеев Роман Викторович,Алексеев Роман Викторович,Смирнов Кирилл Викторович,Стажёр,Бухгалтерия,Ростов-н/Д,"ул. Спортивная, д. 106, кв. 42",+7-932-624-58-63,smirnovkiril199@outlook.com,Работает,64,216437,13.11.2026,18.02.2026,1С:Предприятие,Проходит испытательный срок
179,HR-000179,Иванова Алина Викторовна,Иванова Алина Викторовна,Егоров Александр Николаевич,Штатный сотрудник,Отдел маркетинга,Новосибирск,"ул. Садовая, д. 118, кв. 147",+7-926-193-48-75,egorovaleksa31@mail.ru,В отпуске,7,63166,23.09.2025,14.08.2026,SAP ERP,Дисциплинарное взыскание
180,HR-000180,Соколов Сергей Андреевич,Соколов Сергей Андреевич,Павлов Владимир Дмитриевич,категория_5,Бухгалтерия,,"ул. Спортивная, д. 16, кв. 6",+7-940-742-18-20,pavlovvladim454@outlook.com,На больничном,211,158659,27.03.2023,18.02.2026,Собственная система учёта,Проходит испытательный срок
181,HR-000181,Воробьёв Павел Александрович,Воробьёв Павел Александрович,Иванова Юлия Ивановна,Стажёр,Отдел продаж,Екатеринбург,"ул. Мира, д. 29, кв. 23",+7-941-908-61-86,ivanovayuliy110@yandex.ru,Работает,8,84385,01.11.2023,13.03.2024,Excel-выгрузка,
182,HR-000182,Семёнова Ирина Александровна,Семёнова Ирина Александровна,Семёнов Павел Иванович,Совмест.,Отдел продаж,,"ул. Спортивная, д. 122, кв. 106",+7-914-302-76-60,semenovpavel831@mail.ru,Уволен,5,55484,06.05.2026,24.01.2026,Excel-выгрузка,Проходит испытательный срок
183,HR-000183,Новикова Ольга Викторовна,Новикова Ольга Викторовна,Воробьёв Алексей Иванович,Совмест.,-,###,"ул. Пушкина, д. 149, кв. 8",+7-945-753-71-81,vorobevaleks73@mail.ru,На больничном,128,158717,01.09.2025,02.05.2024,Собственная система учёта,Кандидат на повышение
184,HR-000184,Смирнова,Смирнова Виктория Сергеевна,Иванова,Временный сотрудник,Отдел кадров,Неизвестная категория,"ул. Победы, д. 15, кв. 95",+7-945-145-95-81,ivanovairina110@mail.ru,На больн.,94,199751,21.06.2025,20.05.2024,1С:Предприятие,Проходит испытательный срок
185,HR-000185,Воробьёв Владимир Николаевич,Воробьёв Владимир Николаевич,Новиков Артём Иванович,Совместитель,Бухгалтерия,Челябинск,"ул. Гагарина, д. 35, кв. 127",+7-928-426-20-93,petrov@@mail..ru,Уволен,61,35377,08.10.2025,07.06.2024,1С:Предприятие,Кандидат на повышение
186,HR-000186,Козлов Максим Андреевич,Козлов Максим Андреевич,Лебедев Павел Андреевич,Временный сотрудник,Производственный отдел,,ул.,+7-930-903-20-50,lebedevpavel671@yandex.ru,Работает,193,136367,26.04.2024,16.08.2026,CRM Bitrix24,Кандидат на повышение
187,HR-000187,Воробьёва Алина Андреевна,Воробьёва Алина Андреевна,Попова Ксения Дмитриевна,Совмест.,Отдел маркетинга,Воронеж,нет данных(ошибка),+7-945-317-64-49,popovakseniy364@yandex.ru,Работает,,142696,17.12.2023,11.08.2026,Excel-выгрузка,Дисциплинарное взыскание
188,HR-000188,Голубева Полина Петровна,Голубева Полина Петровна,Соколов Артём Александрович,Временный сотрудник,Отдел продаж,Ворнж,???,+7-910-982-17-89,sokolovartem557@gmail.com,На больн.,1,175534,04.12.2023,07.11.2025,CRM Bitrix24,Проходит испытательный срок
189,HR-000189,Петров Павел Андреевич,Петров Павел Андреевич,Семёнов Андрей Александрович,Штатн. сотр.,Отдел кадров,Челябинск,"ул. Гагарина, д. 66, кв. 95",+7-940-172-32-90,semenovandre506@outlook.com,Уволен,43,163464,24.08.2023,02.01.2024,Собственная система учёта,Кандидат на повышение
190,HR-000190,Павлов Андрей Иванович,####,Петрова Юлия Петровна,Временный сотрудник,Отдел маркетинга,Н.Новгород,"ул. Гагарина, д. 93, кв. 81",,petrovayuliy90@outlook.com,Работает,103,228866,23.08.2025,10.01.2026,1С:Предприятие,Оформлен декретный отпуск
191,HR-000191,Морозов Владимир Викторович,Морозов Владимир Викторович,Морозова Татьяна Дмитриевна,Временный сотрудник,Производственный отдел,Нижний Новгород,"ул. Победы, д. 51, кв. 121",+7-930-599-35-87,morozovataty140@gmail.com,Увол.,97,42681,20.10.2023,26.09.2025,CRM Bitrix24,Проходит испытательный срок
192,HR-000192,Козлов Павел Дмитриевич,Козлов Павел Дмитриевич,Лебедева Екатерина Петровна,Штатный сотрудник,Бухгалтерия,Новосиб.,"ул. Спортивная, д. 148, кв. 189",+7-919-976-96-72,lebedevaekat745@mail.ru,Работает,231,104062,07.10.2026,06.05.2025,CRM Bitrix24,Дисциплинарное взыскание
193,HR-000193,Алексеева Виктория Николаевна,Алексеева Виктория Николаевна,Попов Егор Андреевич,Временный сотрудник,Отдел,Воронеж,"ул. Центральная, д. 132, кв. 159",+7-959-486-91-21,popovegorand81@gmail.com,На больничном,72,138742,10.05.2026,21.04.2025,Excel-выгрузка,Кандидат на повышение
194,HR-000194,12345XYZ,Соколова Ирина Сергеевна,Петров Алексей Андреевич,Совместитель,Отдел продаж,,"ул. Молодёжная, д. 86, кв. 99",+7-939-127-92-30,petrovalekse249@outlook.com,Увол.,,129575,20.05.2023,21.09.2026,1С:Предприятие,Проходит испытательный срок
195,HR-000195,Фёдорова Татьяна Александровна,Фёдорова,Виноградова,Штатный сотрудник,Бухгалтерия,Пермь,"ул. Центральная, д. 112, кв. 199",+7-938-282-73-15,vinogradovay976@outlook.com,В отпуске,232,45453,21.11.2026,25.07.2024,1С:Предприятие,Кандидат на повышение
196,HR-000196,Новиков Дмитрий Викторович,####,Иванова Полина Викторовна,Штатн. сотр.,Производственный отдел,,,+7-954-649-82-96,ivanovapolin81@yandex.ru,На больничном,21,121087,10.09.2025,26.02.2026,SAP ERP,
197,HR-000197,Новиков Илья Петрович,Новиков Илья Петрович,Алексеева Дарья Александровна,Стажёр,Бухгалтерия,Нижний Новгород,"ул. Мира, д. 113, кв. 89",+7-911-393-65-56,alekseevadar472@gmail.com,На больн.,23,105068,01.03.2024,26.02.2024,,
198,HR-000198,Голубева Елена Викторовна,Голубева Елена Викторовна,Павлова Ольга Сергеевна,Временный сотрудник,Отдел кадров,Пермь,"ул. Центральная, д. 124, кв. 19",+7-919-964-31-86,pavlovaolgas875@mail.ru,Уволен,234,195069,06.01.2023,26.06.2026,SAP ERP,
199,HR-000199,Соколов Сергей Андреевич,Соколов Сергей Андреевич,Кузнецова Алина Ивановна,,Отдел продаж,Казань,"ул. Ленина, д. 64, кв. 61",+7-918-819-70-21,kuznecovaali969@outlook.com,Уволен,200,137573,27.05.2026,07.07.2024,SAP ERP,Проходит испытательный срок
200,HR-000200,Фёдорова Елена Петровна,Фёдорова Елена Петровна,Воробьёва Ольга Николаевна,Стажёр,Отдел кадров,Пермь,"ул. Пушкина, д. 132, кв. 139",+7-912-653-97-71,vorobevaolga767@yandex.ru,Уво,16,72532,06.02.2026,00.00.0000,CRM Bitrix24,
