ID,Код записи,Наименование товарной позиции,Наименование товарной позиции (повтор),Ответственный кладовщик,Тип товара,Единица хранения,Город,Адрес,Телефон,Email,Статус остатка,Остаток на складе,"Цена за единицу, руб.",Дата создания записи,Дата последнего обновления,Система-источник,Примечания
1,WMS-000001,Кирпич керамический,Кирпич керамический,Морозов Павел Николаевич,Тов. огранич. срока,Паллета,Челяб.,"ул. Спортивная, д. 30, кв. 162",+7-916-745-47-29,morozovpavel690@gmail.com,,4127,30728,02.01.2025,12.01.2026,Excel-выгрузка,Требуется пересчёт остатков
2,WMS-000002,Труба ПВХ,Труба ПВХ,Егоров Андрей Николаевич,Товар с ограниченным сроком хранения,Штука,Самара,"ул. Центральная, д. 14, кв. 119",+7-945-625-83-62,egorovandrei543@mail.ru,Заказан у поставщика,2614,10162,20.03.2024,06.11.2025,CRM Bitrix24,Позиция под реализацию
3,WMS-000003,Плитка керамическая,Плитка керамическая,Фёдорова Елена Дмитриевна,Штучный товар,Паллета,Ростов-на-Дону,,,fedorovaelen892@gmail.com,В наличии,9891,19160,01.02.2024,25.12.2025,1С:Предприятие,Позиция под реализацию
4,WMS-000004,Гипсокартон,Гипсокартон,Алексеев Сергей Петрович,Весовой товар,Упаковка,Самара,"ул. Пушкина, д. 118, кв. 147",+7-952-919-61-46,petrov@@mail..ru,В наличии,77,40385,18.08.2025,2025,1С:Предприятие,N/A
5,WMS-000005,Металлопрофиль,ОШИБКА_ДАННЫХ,Павлова Екатерина Ивановна,,Погонный метр,Вор,"ул. Ленина, д. 52, кв. 166",+7-922-320-23-66,pavlovaekate413@yandex.ru,В нал.,3027,13911,17.08.2026,26.05.2025,Excel-выгрузка,Требуется пересчёт остатков
6,WMS-000006,Плитка,Плитка керамическая,Голубева Виктория Сергеевна,Весовой товар,Паллета,Казань,"ул. Центральная, д. 150, кв. 87",+7-945-398-33-91,golubevavikt536@yandex.ru,Резерв,3308,28060,16.07.2025,11.11.2026,SAP ERP,Товар с истекающим сроком годности
7,WMS-000007,Кирпич керамический,Кирпич керамический,Лебедева Ирина Ивановна,Партионный товар,Паллета,Новосибирск,"ул. Мира, д. 48, кв. 173",+7-947-827-70-67,lebedevairin300@yandex.ru,Резерв,707,13522,27.06.2026,11.08.2026,SAP ERP,Товар с истекающим сроком годности
8,WMS-000008,Плитка,Плитка керамическая,Смирнов Максим Андреевич,Вес,####,Нижний Новгород,"ул. Ленина, д. 55, кв. 116",+7-921-278-85-18,smirnovmaksi402@gmail.com,Списан,1247,21686,,21.06.2025,CRM Bitrix24,Позиция под реализацию
9,WMS-000009,Труба ПВХ,Труба ПВХ,Попова Мария Сергеевна,Штучный товар,Упаковка,Ростов-на-Дону,"ул. Садовая, д. 59, кв. 59",+7-953-498-50-29,popovamariya532@mail.ru,Заказан у поставщика,7937,24397,01.11.2025,06.08.2024,Excel-выгрузка,Товар с истекающим сроком годности
10,WMS-000010,Краска фасадная,Краска фасадная,Семёнов Максим Андреевич,Штучный товар,Штука,Екб,"ул. Центральная, д. 79, кв. 147",+7-931-735-61-61,semenovmaksi803@yandex.ru,###,3713,9269,23.05.2025,12.10.2026,Собственная система учёта,Резерв под заказ
11,WMS-000011,Краска фасадная,ОШИБКА_ДАННЫХ,Павлов Павел Дмитриевич,Товар с ограниченным сроком хранения,Штука,Новосибирск,ул.,+7-952-482-31-23,pavlovpaveld146@outlook.com,Заказан у поставщика,6124,25344,04.11.2026,22.07.2024,Собственная система учёта,Требуется пересчёт остатков
12,WMS-000012,Кабель ВВГ,Кабель ВВГ,Фёдоров Кирилл Сергеевич,Штучный товар,Погонный метр,Крд,"ул. Спортивная, д. 5, кв. 114",+7-912-757-85-98,fedorovkiril394@mail.ru,В нал.,4139,45373,16.05.2025,03.07.2025,1С:Предприятие,
13,WMS-000013,Доска обрезная,Доска обрезная,Иванова Дарья Дмитриевна,Штучный товар,Упаковка,Ростов-на-Дону,"ул. Спортивная, д. 44, кв. 169",+7-934-838-62-88,ivanovadarya617@yandex.ru,Заказан у поставщика,423,48948,22.10.2024,01.03.2026,1С:Предприятие,Товар с истекающим сроком годности
14,WMS-000014,Гипсокартон,Гипсокартон,Смирнов Сергей Андреевич,Весовой товар,Штука,Н.Новгород,"ул. Центральная, д. 25, кв. 52",+7-958-850-32-45,smirnovserge616@yandex.ru,Резерв,6508,15676,16.05.2026,05.10.2025,Excel-выгрузка,Требуется пересчёт остатков
15,WMS-000015,Труба ПВХ,Труба ПВХ,Попов Андрей Викторович,Товар с ограниченным сроком хранения,Штука,Волгоград,"ул. Ленина, д. 70, кв. 127",+7-915-569-64-85,popovandreiv827@outlook.com,В наличии,3325,14474,,06.01.2025,CRM Bitrix24,Резерв под заказ
16,WMS-000016,Доска обрезная,Доска обрезная,Воробьёва Виктория Петровна,Весовой товар,Упаковка,Санкт-Петербург,"ул. Садовая, д. 4, кв. 26",+7-948-363-29-81,vorobevavikt847@outlook.com,Резерв,7062,14818,12.12.2023,26.03.2024,ОШИБКА_ДАННЫХ,ОШИБКА_ДАННЫХ
17,WMS-000017,Доска обрезная,Доска обрезная,Фёдорова Наталья Петровна,Товар с ограниченным сроком хранения,Погонный метр,Екб,"ул. Садовая, д. 14, кв. 32",+7-924-514-76-42,fedorovanata384@outlook.com,Заказан у поставщика,1874,3906,05.10.2026,13.08.2024,SAP ERP,ОШИБКА_ДАННЫХ
18,WMS-000018,Саморезы универсальные,Саморезы универсальные,Воробьёва Ксения Дмитриевна,Штучный товар,Штука,Краснодар,"ул. Центральная, д. 134, кв. 30",+7-953-328-66-96,vorobevaksen407@mail.ru,В наличии,9378,31366,02.12.2024,03.02.2025,SAP ERP,
19,WMS-000019,Труба ПВХ,Труба ПВХ,Семёнова Полина Андреевна,Товар с ограниченным сроком хранения,Штука,Краснодар,"ул. Победы, д. 83, кв. 145",+7-938-832-74-32,semenovapoli263@mail.ru,В наличии,2416,31345,05.10.2025,вчера,Excel-выгрузка,Требуется пересчёт остатков
20,WMS-000020,Утеплитель минераловатный,Утеплитель минераловатный,,Партионный товар,Штука,Пермь,"ул. Пушкина, д. 69, кв. 89",+7-958-8,kozlovaalina953@outlook.com,Резерв,9997,20487,20.12.2023,01.08.2025,CRM Bitrix24,Требуется пересчёт остатков
21,WMS-000021,Доска обрезная,Доска обрезная,Смирнов Илья Александрович,Тов. огранич. срока,Погонный метр,Казань,"ул. Победы, д. 26, кв. 195",+7-940-666-73-25,smirnovilyaa943@yandex.ru,Заказ. у поставщ.,8553,995,02.01.2023,04.10.2025,SAP ERP,Позиция под реализацию
22,WMS-000022,Труба ПВХ,Труба ПВХ,Егоров Егор Николаевич,Партионный товар,Упаковка,Крд,"ул. Мира, д. 27, кв. 94",+7-947-463-97-67,egorovegorni978@outlook.com,Списан,2562,6495,04.02.2023,05.07.2026,1С:Предприятие,Резерв под заказ
23,WMS-000023,Кабель ВВГ,Кабель ВВГ,Фёдоров Егор Петрович,Штучный товар,Упаковка,Ворнж,"ул. Садовая, д. 129, кв. 185",+7-957-368-88-60,fedorovegorp41@gmail.com,Заказ. у поставщ.,4320,12790,27.06.2023,17.07.2024,Собственная система учёта,Позиция под реализацию
24,WMS-000024,Профнастил,Профнастил,Воробьёв Роман Дмитриевич,Товар с ограниченным сроком хранения,Погонный метр,Екатеринбург,"ул. Мира, д. 112, кв. 63",+7-912-518-27-67,vorobevroman696@gmail.com,Резерв,2432,40482,2026-13-45,24.02.2024,SAP ERP,Позиция под реализацию
25,WMS-000025,Плитка керамическая,Плитка керамическая,Новиков Егор Викторович,Штучн. тов.,нет данных(ошибка),Пермь,"ул. Победы, д. 78, кв. 53",+7-935-812-48-42,novikovegorv565@gmail.com,В наличии,2205,19206,12.09.2026,05.01.2024,1С:Предприятие,
26,WMS-000026,Плитка керамическая,Плитка керамическая,Новиков Андрей Петрович,Товар с ограниченным сроком хранения,12345XYZ,Неизвестная категория,"ул. Мира, д. 1, кв. 78",+7-958-532-42-72,novikovandre989@yandex.ru,В нал.,2755,688,11.10.2026,20.06.2026,1С:Предприятие,Позиция под реализацию
27,WMS-000027,нет данных(ошибка),Саморезы универсальные,Соколова Мария Сергеевна,Штучн. тов.,Погонный метр,Новосибирск,N/A,,petrov@@mail..ru,Списан,7038,,05.05.2023,27.05.2025,,Требуется пересчёт остатков
28,WMS-000028,Кабель ВВГ,Кабель ВВГ,Егоров Александр Иванович,Партион. тов.,Штука,Москва,"ул. Гагарина, д. 26, кв. 188",,egorovaleksa180@gmail.com,Резерв,6833,18565,13.06.2025,28.06.2024,SAP ERP,Товар с истекающим сроком годности
29,WMS-000029,Доска обрезная,Доска,Иванов Владимир Иванович,Весовой товар,Штука,Нижний Новгород,"ул. Пушкина, д. 24, кв. 104",+7-939-766-32-76,ivanovvladim597@gmail.com,Заказ. у поставщ.,5584,14224,05.11.2025,14.06.2026,1С:Предприятие,Требуется пересчёт остатков
30,WMS-000030,Металлопрофиль,Металлопрофиль,Егоров Дмитрий Сергеевич,Товар с ограниченным сроком хранения,Паллета,Мск,ул.,,egorovdmitri604@yandex.ru,Заказан у поставщика,9516,9177,05.11.2024,16.10.2026,SAP ERP,Требуется пересчёт остатков
31,WMS-000031,Доска обрезная,Доска обрезная,Кузнецова,Тов. огранич. срока,Погонный метр,Нижний Новгород,"ул. Советская, д. 105, кв. 75",+7-946-497-69-72,kuznecovapol85@yandex.ru,Заказан у поставщика,6901,35765,10.03.2024,05.09.2024,1С:Предприятие,
32,WMS-000032,Цемент М500,Цемент М500,,Штучный товар,Паллета,Неизвестная категория,"ул. Пушкина, д. 36, кв. 135",+7-943-900-25-15,smirnovaleks906@mail.ru,Списан,4070,37946,24.10.2024,02.03.2026,1С:Предприятие,Товар с истекающим сроком годности
33,WMS-000033,Плитка керамическая,Плитка керамическая,Павлов Егор Александрович,Весовой товар,Упаковка,Ниж,"ул. Советская, д. 23, кв. 89",+7-99-abc-12-34,pavlovegoral757@gmail.com,В нал.,1384,14962,13.04.2025,24.12.2024,Excel-выгрузка,Требуется пересчёт остатков
34,WMS-000034,Краска фасадная,Краска фасадная,Кузнецов Павел Андреевич,Штучный товар,Упаковка,Санкт-Петербург,"ул. Пушкина, д. 52, кв. 122",+7-937-319-26-52,kuznecovpave759@outlook.com,Резерв,3645,29660,24.11.2024,20.12.2025,нет данных(ошибка),Резерв под заказ
35,WMS-000035,Труба ПВХ,Труба ПВХ,Иванов Владимир Андреевич,Штучный товар,Паллета,Санкт-Петербург,"ул. Ленина, д. 57, кв. 9",+7-910-863-72-62,,В наличии,686,1089,05.04.2026,08.03.2025,SAP ERP,Товар с истекающим сроком годности
36,WMS-000036,,Профнастил,Иванова,Штучный товар,Упаковка,Нижний Новгород,"ул. Центральная, д. 66, кв. 23",+7-952-288-71-53,ivanovamariy241@gmail.com,Списан,6129,41035,28.03.2025,,Собственная система учёта,
37,WMS-000037,Гипсокартон,Гипсокартон,Богданов Александр Андреевич,Товар с ограниченным сроком хранения,Упаковка,Воронеж,"ул. Центральная, д. 109, кв. 159",+7-99-abc-12-34,bogdanovalek585@mail.ru,Резерв,4861,32698,04.01.2025,09.01.2024,CRM Bitrix24,Товар с истекающим сроком годности
38,WMS-000038,Кирпич керамический,Кирпич керамический,Виноградов Алексей Викторович,Весовой товар,Погонный метр,Новосибирск,"ул. Пушкина, д. 65, кв. 54",+7-931-973-83-30,vinogradoval368@outlook.com,Резерв,7182,48065,05.05.2026,08.11.2024,SAP ERP,Требуется пересчёт остатков
39,WMS-000039,Плитка керамическая,Плитка керамическая,???,Штучн. тов.,Штука,Самара,"ул. Молодёжная, д. 19, кв. 27",+7-956-864-48-35,lebedevanata727@yandex.ru,Рез,1046,16757,07.05.2024,17.11.2026,CRM Bitrix24,
40,WMS-000040,Гипсокартон,Гипсокартон,Морозов Виктор Сергеевич,Товар с ограниченным сроком хранения,Упаковка,Москва,"ул. Мира, д. 93, кв. 114",+7-939-694-44-13,morozovvikto333@mail.ru,Списан,9771,1118,15.11.2024,24.04.2024,Собственная система учёта,Требуется
41,WMS-000041,Краска фасадная,Краска фасадная,Козлова,Штучн. тов.,Упаковка,Пермь,"ул. Советская, д. 104, кв. 29",+7-951-181-24-36,kozlovayuliy628@outlook.com,Списан,9383,13680,24.07.2023,25.10.2024,1С:Предприятие,Требуется пересчёт остатков
42,WMS-000042,Профнастил,Профнастил,Попов Алексей Викторович,,Паллета,Казань,"ул. Садовая, д. 121, кв. 112",,popovaleksei273@gmail.com,Заказан у поставщика,2459,4931,15.02.2024,22.06.2024,Собственная система учёта,
43,WMS-000043,Кабель ВВГ,,Морозов Артём Викторович,Товар с ограниченным сроком хранения,Погонный метр,Ростов-н/Д,"ул. Гагарина, д. 60, кв. 15",+7-933-997-17-34,morozovartem341@mail.ru,В наличии,875,3789,вчера,11.03.2026,CRM Bitrix24,Товар с истекающим сроком годности
44,WMS-000044,Кабель ВВГ,Кабель ВВГ,Фёдорова Мария Ивановна,Весовой товар,Упаковка,Санкт-Петербург,"ул. Центральная, д. 127, кв. 193",+7-936-325-40-21,fedorovamari642@mail.ru,Списан,2009,43827,17.07.2025,17.12.2024,Собственная система учёта,Требуется пересчёт остатков
45,WMS-000045,Саморезы,Саморезы универсальные,Алексеев Егор Николаевич,Партионный товар,Упаковка,Москва,"ул. Молодёжная, д. 46, кв. 183",+7-914-572-41-94,alekseevegor706@yandex.ru,Резерв,3837,2492,03.06.2026,19.08.2025,CRM Bitrix24,N/A
46,WMS-000046,Цемент М500,Цемент М500,Козлов Александр Николаевич,Товар с ограниченным сроком хранения,Штука,Челяб.,"ул. Пушкина, д. 126, кв. 195",+7-946-811-18-43,kozlovaleksa189@gmail.com,Заказан у поставщика,2194,,19.02.2024,09.11.2024,1С:Предприятие,Товар с истекающим сроком годности
47,WMS-000047,Кабель ВВГ,Кабель ВВГ,Богданова Ольга Александровна,Шту,Погонный метр,Ростов-н/Д,-,+7-950-9,bogdanovaolg266@gmail.com,В наличии,5546,37661,24.05.2023,21.09.2026,Excel-выгрузка,Товар с истекающим сроком годности
48,WMS-000048,Кабель ВВГ,Кабель ВВГ,N/A,Весовой товар,Упаковка,Волгоград,"ул. Центральная, д. 79, кв. 34",,alekseevaali649@yandex.ru,Резерв,3998,8439,19.07.2023,17.07.2024,Excel-выгрузка,Требуется пересчёт остатков
49,WMS-000049,Кирпич керамический,Кирпич керамический,Волкова,Штучный товар,Упаковка,Воронеж,"ул. Ленина, д. 28, кв. 141",+7-935-761-27-11,volkovavikto694@yandex.ru,Заказ. у поставщ.,,35110,05.05.2025,03.02.2026,Собственная система учёта,
50,WMS-000050,Краска фасадная,Краска фасадная,Фёдоров Никита Сергеевич,Тов. огранич. срока,Погонный метр,Ворнж,"ул. Центральная, д. 41, кв. 102",+7-927-683-47-16,fedorovnikit413@yandex.ru,Заказ. у поставщ.,6302,14534,21.08.2024,10.05.2024,1С:Предприятие,Требуется пересчёт остатков
51,WMS-000051,Профнастил,Профнастил,Воробьёва Виктория Викторовна,Товар с ограниченным сроком хранения,Паллета,Казань,"ул. Советская, д. 8, кв. 179",+7-910-478-32-37,vorobevavikt537@yandex.ru,Заказан у поставщика,4234,15670,23.04.2026,25.05.2024,Собственная система учёта,Требуется пересчёт остатков
52,WMS-000052,Утеплитель,Утеплитель минераловатный,Егорова Полина Петровна,Товар с ограниченным сроком хранения,12345XYZ,Новосибирск,"ул. Ленина, д. 113, кв. 137",+7-937-373-16-87,egorovapolin504@outlook.com,Списан,7564,,04.08.2025,10.12.2026,CRM Bitrix24,Товар с истекающим сроком годности
53,WMS-000053,Краска фасадная,Краска фасадная,Новикова Наталья Дмитриевна,Штучн. тов.,Упаковка,Ростов-н/Д,"ул. Гагарина, д. 53, кв. 5",+7-942-211-41-61,novikovanata844@gmail.com,,6832,45994,11.12.2026,20.04.2025,SAP ERP,Позиция под реализацию
54,WMS-000054,Кирпич керамический,Кирпич керамический,Попова Дарья Петровна,Штучный товар,Паллета,СПб,"ул. Пушкина, д. 26, кв. 185",+7-938-885-19-64,popovadaryap893@mail.ru,Резерв,2251,20425,20.07.2023,27.08.2024,1С:Предприятие,Требуется пересчёт остатков
55,WMS-000055,Доска обрезная,Доска обрезная,Новиков Максим Викторович,Партионный товар,Погонный метр,,"ул. Садовая, д. 83, кв. 6",+7-955-511-35-23,novikovmaksi565@gmail.com,Списан,2143,34522,08.12.2025,08.12.2024,CRM Bitrix24,Требуется пересчёт остатков
56,WMS-000056,Саморезы универсальные,Саморезы,Морозова Светлана Николаевна,Тов. огранич. срока,Погонный метр,Пермь,"ул. Центральная, д. 101, кв. 145",+7-942-279-87-28,,Списан,5158,42106,04.03.2025,06.01.2024,Собственная система учёта,Позиция под реализацию
57,WMS-000057,Металлопрофиль,Металлопрофиль,Иванов Кирилл Андреевич,Весовой товар,Паллета,,"ул. Пушкина, д. 41, кв. 88",+7-929-914-92-62,,Списан,8471,36140,27.02.2024,26.07.2025,CRM Bitrix24,Товар с истекающим сроком годности
58,WMS-000058,Утеплитель минераловатный,Утеплитель минераловатный,Виноградов Виктор Иванович,Штучн. тов.,Паллета,Краснодар,"ул. Садовая, д. 84, кв. 190",+7-941-566-78-45,vinogradovvi704@mail.ru,Заказан у поставщика,3796,22474,27.02.2023,21.10.2024,Собственная система учёта,Товар с истекающим сроком годности
59,WMS-000059,Саморезы универсальные,Саморезы универсальные,Фёдоров Кирилл Викторович,Товар с ограниченным сроком хранения,####,Пермь,"ул. Спортивная, д. 38, кв. 40",+7-940-816-14-84,fedorovkiril757@mail.ru,Списан,6983,288,23.06.2023,31.02.2026,SAP ERP,Резерв под заказ
60,WMS-000060,Труба ПВХ,Труба ПВХ,####,Штучный товар,Штука,Волгоград,"ул. Садовая, д. 111, кв. 151",+7-920-242-32-30,ivanov.mail.ru,Заказ. у поставщ.,2392,38315,16.06.2024,19.09.2025,Собственная система учёта,Товар с истекающим сроком годности
61,WMS-000061,Профнастил,Профнастил,Голубева Полина Ивановна,Тов. огранич. срока,Погонный метр,Смр,"ул. Ленина, д. 115, кв. 73",+7-912-900-64-77,golubevapoli507@mail.ru,Заказан у поставщика,480,25180,11.09.2024,11.11.2026,CRM Bitrix24,Позиция под реализацию
62,WMS-000062,Кабель ВВГ,Кабель ВВГ,Морозова Алина Дмитриевна,Партионный товар,Штука,Самара,ул.,+7-953-770-96-14,morozovaalin605@,В наличии,3917,48007,27.02.2026,13.06.2026,CRM Bitrix24,Требуется пересчёт остатков
63,WMS-000063,Цемент М500,Цемент М500,Кузнецова Ольга Николаевна,Партионный товар,Штука,Пермь,"ул. Молодёжная, д. 121, кв. 34",+7-934-811-27-63,kuznecovaolg941@gmail.com,Списан,1826,27861,02.06.2024,05.04.2024,CRM Bitrix24,Требуется пересчёт остатков
64,WMS-000064,Утеплитель минераловатный,Утеплитель минераловатный,Алексеев Сергей Николаевич,Штучный товар,Штука,Нижний Новгород,"ул. Спортивная, д. 104, кв. 10",+7-947-931-22-97,alekseevserg259@gmail.com,Списан,8540,23396,01.09.2024,15.11.2025,Собственная система учёта,Позиция под реализацию
65,WMS-000065,Цемент М500,Цемент М500,Козлова Виктория Андреевна,Весовой товар,,Нижний Новгород,"ул. Садовая, д. 73, кв. 29",+7-910-694-35-64,kozlovavikto550@mail.ru,Заказан у поставщика,8641,11936,18.02.2023,вчера,SAP ERP,Позиция под реализацию
66,WMS-000066,Металлопрофиль,Металлопрофиль,Павлова Анна Сергеевна,Партионный товар,Погонный метр,Пермь,"ул. Ленина, д. 50, кв. 190",+7-950-415-58-29,pavlovaannas919@yandex.ru,Заказан у поставщика,ERROR,24741,07.09.2026,27.12.2024,CRM Bitrix24,Требуется пересчёт остатков
67,WMS-000067,Цемент М500,Цемент М500,Егорова Алина Андреевна,Штучный товар,Паллета,Воронеж,"ул. Гагарина, д. 128, кв. 121",+7-922-789-47-85,egorovaalina7@mail.ru,Заказан у поставщика,4042,19940,07.02.2024,19.12.2024,Собственная система учёта,Резерв под заказ
68,WMS-000068,Доска обрезная,Доска обрезная,Семёнов Павел Андреевич,Партионный товар,Погонный метр,Крд,"ул. Мира, д. 72, кв. 176",+7-931-724-41-23,semenovpavel22@mail.ru,Рез,2990,40158,19.11.2024,13.01.2025,SAP ERP,
69,WMS-000069,Гипсокартон,Гипсокартон,Виноградов,Весовой товар,Паллета,Нижний Новгород,"ул. Спортивная, д. 33, кв. 184",+7-927-416-32-46,vinogradovse580@mail.ru,Заказан у поставщика,6256,14377,16.04.2026,14.06.2026,CRM Bitrix24,Резерв под заказ
70,WMS-000070,Плитка,Плитка керамическая,Козлов Дмитрий Иванович,Весовой товар,Штука,Санкт-Петербург,"ул. Центральная, д. 139, кв. 106",,kozlovdmitri281@gmail.com,Списан,7462,9918,23.11.2026,27.12.2026,SAP ERP,Товар с истекающим сроком годности
71,WMS-000071,Профнастил,Профнастил,Козлов Илья Иванович,Весовой товар,Погонный метр,Казань,"ул. Гагарина, д. 58, кв. 4",+7-957-227-37-67,kozlovilyaiv559@outlook.com,Заказ. у поставщ.,9119,8261,12.03.2024,05.05.2024,CRM Bitrix24,Резерв под заказ
72,WMS-000072,Утеплитель минераловатный,Утеплитель минераловатный,Иванова Светлана Дмитриевна,Штучн. тов.,Упаковка,,ул.,+7-911-278-21-37,ivanovasvetl101@gmail.com,Резерв,4943,много,25.10.2025,02.12.2026,,Резерв под заказ
73,WMS-000073,Плитка,####,Семёнов Артём Иванович,Товар с ограниченным сроком хранения,Штука,Кра,"ул. Молодёжная, д. 146, кв. 168",+7-929-281-14-59,semenovartem142@,Резерв,8464,31567,11.01.2023,07.01.2024,1С:Предприятие,Резерв под заказ
74,WMS-000074,Кабель ВВГ,Кабель ВВГ,Лебедева Екатерина Андреевна,Штучный товар,Упаковка,Санкт-Петербург,"ул. Молодёжная, д. 18, кв. 56",+7-951-624-77-94,lebedevaekat202@gmail.com,Резерв,348,33257,2025,16.05.2026,1С:Предприятие,Резерв под заказ
75,WMS-000075,Краска фасадная,Краска фасадная,Иванов Алексей Александрович,Товар с ограниченным сроком хранения,Погонный метр,Пермь,"ул. Гагарина, д. 115, кв. 57",+7-941-437-96-97,ivanovalekse1@yandex.ru,В нал.,6808,16926,21.04.2023,21.08.2025,Собственная система учёта,Резерв под заказ
76,WMS-000076,нет данных(ошибка),Кабель ВВГ,Петрова Наталья Викторовна,Весовой товар,Штука,Казань,"ул. Пушкина, д. 10, кв. 158",+7-934-573-85-44,petrovanatal605@gmail.com,Резерв,6599,33340,21.05.2024,28.05.2024,CRM Bitrix24,Требуется пересчёт остатков
77,WMS-000077,???,Гипсокартон,нет данных(ошибка),Весовой товар,Паллета,Ростов-на-Дону,нет данных(ошибка),12345,lebedevdmitr264@gmail.com,Резерв,9106,44196,16.01.2026,07.01.2024,1С:Предприятие,Резерв под заказ
78,WMS-000078,Металлопрофиль,Металлопрофиль,Алексеева Виктория Дмитриевна,Штучный товар,Погонный метр,СПб,"ул. Садовая, д. 78, кв. 140",+7-922-314-31-73,alekseevavik940@yandex.ru,В нал.,8057,35527,02.01.2024,12.07.2025,CRM Bitrix24,Товар с истекающим сроком годности
79,WMS-000079,Кабель,Кабель ВВГ,Попов Илья Сергеевич,Партионный товар,Упаковка,не указано(ошибка),"ул. Советская, д. 131, кв. 143",+7-947-270-43-16,popovilyaser126@mail.ru,В наличии,6622,1028,12.05.2023,20.01.2024,ОШИБКА_ДАННЫХ,Резерв под заказ
80,WMS-000080,Кабель ВВГ,Кабель ВВГ,Семёнов Дмитрий Викторович,Весовой товар,Штука,Новосибирск,"ул. Центральная, д. 127, кв. 98",+7-948-664-57-14,semenovdmitr705@mail.ru,В наличии,7547,много,25.12.2025,01.01.2026,Excel-выгрузка,Позиция под реализацию
81,WMS-000081,Кирпич керамический,Кирпич керамический,Соколова Дарья Андреевна,Товар с ограниченным сроком хранения,Погонный метр,Ростов-на-Дону,"ул. Пушкина, д. 149, кв. 40",+7-939-448-77-32,sokolovadary984@mail.ru,Списан,3979,25203,16.02.2026,15.09.2024,Собственная система учёта,
82,WMS-000082,Утеплитель минераловатный,Утеплитель минераловатный,Воробьёв Максим Александрович,Партионный товар,Упаковка,Ростов-на-Дону,"ул. Центральная, д. 143, кв. 186",+7-918-158-60-20,vorobevmaksi864@outlook.com,Заказан у поставщика,,42420,14.09.2026,13.04.2026,Excel-выгрузка,Требуется пересчёт остатков
83,WMS-000083,Краска фасадная,Краска фасадная,Лебедев Дмитрий Андреевич,Партионный товар,Паллета,Неизвестная категория,"ул. Победы, д. 52, кв. 121",+7-936-156-70-70,lebedevdmitr328@gmail.com,Списан,2434,11303,16.04.2024,06.11.2025,Excel-выгрузка,Резерв под заказ
84,WMS-000084,Саморезы,ОШИБКА_ДАННЫХ,Волков Виктор Петрович,Штучный товар,,Нижний Новгород,"ул. Пушкина, д. 19, кв. 191",+7-955-337-31-16,volkovviktor745@yandex.ru,Резерв,8009,46550,12.11.2025,00.00.0000,Excel-выгрузка,Резерв под заказ
85,WMS-000085,Кирпич керамический,Кирпич керамический,Соколов Илья Дмитриевич,Весовой товар,Штука,Казань,ул.,+7-937-909-26-21,sokolovilyad349@outlook.com,Списан,6802,33018,22.11.2024,12.08.2024,Excel-выгрузка,Резерв под заказ
86,WMS-000086,Плитка керамическая,Плитка керамическая,Соколов Кирилл Дмитриевич,Штучн. тов.,Паллета,Казань,"ул. Центральная, д. 130, кв. 18",+7-930-941-38-75,нет_почты,Заказ. у поставщ.,3682,,21.02.2026,11.10.2025,1С:Предприятие,Требуется пересчёт остатков
87,WMS-000087,Кабель ВВГ,Кабель ВВГ,Иванов Виктор Сергеевич,Партион. тов.,Упаковка,Мск,"ул. Пушкина, д. 92, кв. 119",+7-947-384-68-94,ivanovviktor648@gmail.com,В наличии,6325,15667,15.02.2026,13.10.2024,Excel-выгрузка,Требуется пересчёт остатков
88,WMS-000088,Краска фасадная,Краска фасадная,Новикова Алина Викторовна,Партион. тов.,Упаковка,Казань,"ул. Пушкина, д. 74, кв. 80",+7-939-588-27-42,novikovaalin209@yandex.ru,Заказан у поставщика,4464,16812,25.05.2025,2024,1С:Предприятие,Товар с истекающим сроком годности
89,WMS-000089,Гипсокартон,Гипсокартон,Алексеев Кирилл Сергеевич,Тов. огранич. срока,Погонный метр,Екатеринбург,"ул. Молодёжная, д. 146, кв. 141",+7-919-724-47-27,alekseevkiri76@outlook.com,Резерв,4819,2136,12.04.2024,22.08.2026,Собственная система учёта,Товар с истекающим сроком годности
90,WMS-000090,Плитка керамическая,Плитка керамическая,Виноградова Полина Николаевна,Весовой товар,Погонный метр,Новосибирск,"ул. Победы, д. 119, кв. 28",+7-942-368-88-58,vinogradovap39@yandex.ru,Резерв,9928,39697,19.06.2024,09.04.2026,N/A,
91,WMS-000091,Труба ПВХ,Труба ПВХ,Богданов Виктор Викторович,Штучн. тов.,Упаковка,Казань,"ул. Советская, д. 12, кв. 174",+7-950-970-94-33,bogdanovvikt734@outlook.com,Резерв,9036,25067,15.03.2023,02.04.2025,SAP ERP,Позиция под реализацию
92,WMS-000092,Труба ПВХ,Труба ПВХ,Воробьёва Екатерина Дмитриевна,Тов. огранич. срока,Штука,,"ул. Ленина, д. 92, кв. 135",+7-917-227-34-40,vorobevaekat999@outlook.com,,4374,,02.02.2023,04.04.2025,,
93,WMS-000093,Профнастил,Профнастил,Иванов Александр Александрович,Весовой товар,Погонный метр,Пермь,"ул. Победы, д. 146, кв. 119",+7-911-278-61-35,ivanovaleksa660@gmail.com,Резерв,7859,49493,15.08.2023,04.01.2025,CRM Bitrix24,
94,WMS-000094,Труба ПВХ,,Голубев Илья Сергеевич,Партионный товар,Погонный метр,Новосибирск,"ул. Ленина, д. 113, кв. 57",+7-937-323-63-24,golubevilyas2@gmail.com,Списан,2784,21051,27.05.2024,21.01.2026,Собственная система учёта,Товар с истекающим сроком годности
95,WMS-000095,Утеплитель минераловатный,Утеплитель минераловатный,Фёдоров Никита Викторович,Шту,Паллета,Екатеринбург,"ул. Победы, д. 59, кв. 57",+7-954-667-49-47,fedorovnikit320@outlook.com,В наличии,4010,,вчера,09.08.2026,1С:Предприятие,Требуется пересчёт остатков
96,WMS-000096,Гипсокартон,,Виноградова Анна Петровна,Тов. огранич. срока,Упаковка,###,"ул. Гагарина, д. 73, кв. 136",+7-938-559-51-36,vinogradovaa29@yandex.ru,В наличии,174,ERROR,15.10.2023,22.02.2026,SAP ERP,Резерв под заказ
97,WMS-000097,Цемент М500,Цемент М500,Алексеева Юлия Александровна,Неизвестная категория,Погонный метр,Екб,"ул. Пушкина, д. 14, кв. 35",+7-953-427-16-63,alekseevayul505@yandex.ru,Резерв,7641,3345,12.09.2026,11.01.2025,SAP ERP,Позиция под реализацию
98,WMS-000098,Профнастил,Профнастил,Лебедев Алексей Петрович,Весовой товар,Штука,Екатеринбург,"ул. Советская, д. 34, кв. 36",+7-943-724-43-20,lebedevaleks632@yandex.ru,Списан,6749,,10.06.2024,17.05.2025,Собственная система учёта,Позиция
99,WMS-000099,Профнастил,Профнастил,Богданов Александр Сергеевич,Штучный товар,Погонный метр,Челябинск,"ул. Молодёжная, д. 33, кв. 183",+7-99-abc-12-34,bogdanovalek371@mail.ru,В нал.,1219,,26.03.2023,03.08.2025,1С:Предприятие,Резерв под заказ
100,WMS-000100,ОШИБКА_ДАННЫХ,,Семёнова Ирина Дмитриевна,Партионный товар,Погонный метр,Волгоград,"ул. Садовая, д. 28, кв. 170",+7-952-173-20-80,semenovairin694@outlook.com,Списан,1718,40660,18.01.2024,01.06.2026,1С:Предприятие,Требуется пересчёт остатков
101,WMS-000101,Доска обрезная,Доска обрезная,Морозова Светлана Андреевна,Штучн. тов.,Паллета,Ростов-н/Д,"ул. Победы, д. 13, кв. 131",+7-940-867-17-68,morozovasvet510@outlook.com,Заказан у поставщика,8224,20951,28.06.2025,15.02.2024,1С:Предприятие,Резерв под заказ
102,WMS-000102,Плитка керамическая,Плитка керамическая,Воробьёва Алина Андреевна,Партионный товар,Паллета,Воронеж,"ул. Молодёжная, д. 133, кв. 39",+7-938-554-61-56,vorobevaalin354@gmail.com,В наличии,8354,14416,20.08.2023,12.07.2024,1С:Предприятие,Товар с истекающим сроком годности
103,WMS-000103,Профнастил,Профнастил,Фёдоров Никита Николаевич,Партионный товар,Паллета,Н.Новгород,"ул. Молодёжная, д. 38, кв. 178",+7-953-472-55-65,fedorovnikit354@yandex.ru,Списан,5255,23361,07.05.2024,06.06.2024,1С:Предприятие,
104,WMS-000104,Профнастил,Профнастил,Козлов Илья Андреевич,Товар с ограниченным сроком хранения,Упаковка,Екатеринбург,"ул. Садовая, д. 134, кв. 99",+7-919-186-23-19,ivanov.mail.ru,Списан,9865,н/д,10.04.2025,25.05.2025,SAP ERP,Резерв под заказ
105,WMS-000105,Кирпич керамический,Кирпич керамический,Лебедева Мария Петровна,Весов. тов.,Штука,Новосибирск,"ул. Гагарина, д. 41, кв. 35",+7-930-252-40-48,lebedevamari244@mail.ru,Заказан у поставщика,413,43038,22.07.2025,25.09.2026,CRM Bitrix24,Резерв под заказ
106,WMS-000106,Плитка керамическая,Плитка керамическая,Попова Полина Сергеевна,Штучный товар,Погонный метр,Мос,"ул. Молодёжная, д. 120, кв. 48",+7-913-783-17-12,popovapolina564@outlook.com,В нал.,6287,44543,22.02.2023,24.01.2026,Собственная система учёта,####
107,WMS-000107,Гипсокартон,Гипсокартон,Попов Александр Викторович,Весовой товар,Штука,Волгоград,"ул. Гагарина, д. 25, кв. 91",+7-948-290-20-45,popovaleksan334@outlook.com,Заказан у поставщика,много,11823,06.07.2026,09.10.2026,Excel-выгрузка,Требуется
108,WMS-000108,Металлопрофиль,Металлопрофиль,Богданов Максим Сергеевич,Весовой товар,Упаковка,Нижний Новгород,"ул. Ленина, д. 131, кв. 85",+7-957-217-42-40,bogdanovmaks397@mail.ru,Заказан у поставщика,9470,4473,10.12.2024,10.01.2025,Собственная система учёта,Резерв под заказ
109,WMS-000109,Металлопрофиль,Металлопрофиль,Виноградов Роман Иванович,Товар с ограниченным сроком хранения,Погонный метр,Челябинск,"ул. Молодёжная, д. 64, кв. 75",+7-927-477-32-81,vinogradovro691@mail.ru,Заказан у поставщика,7247,16978,06.12.2023,13.08.2025,Собственная система учёта,-
110,WMS-000110,Цемент М500,Цемент М500,Фёдорова Мария Дмитриевна,Партионный товар,Штука,Пермь,"ул. Центральная, д. 99, кв. 191",+7-918-910-89-90,fedorovamari385@gmail.com,Резерв,7101,29359,15.03.2026,20.03.2024,CRM Bitrix24,Резерв под заказ
111,WMS-000111,N/A,Плитка,Виноградова Екатерина Ивановна,Весов. тов.,Штука,Воронеж,"ул. Садовая, д. 89, кв. 184",+7-911-484-66-29,vinogradovae594@mail.ru,В наличии,1164,5441,23.04.2023,10.08.2024,CRM Bitrix24,
112,WMS-000112,???,Саморезы универсальные,Виноградов Андрей Андреевич,Штучн. тов.,Упаковка,Пермь,"ул. Мира, д. 2, кв. 135",+7-938-628-66-10,vinogradovan269@gmail.com,Заказан у поставщика,6141,40509,13.11.2026,23.04.2024,CRM Bitrix24,
113,WMS-000113,Краска фасадная,Краска фасадная,Фёдоров Никита Дмитриевич,Весовой товар,Штука,Смр,"ул. Советская, д. 24, кв. 95",+7-943-4,fedorovnikit68@outlook.com,Заказ. у поставщ.,2433,39148,08.09.2024,11.02.2024,Собственная система учёта,Товар с истекающим сроком годности
114,WMS-000114,Утеплитель минераловатный,Утеплитель минераловатный,Смирнов Виктор Викторович,Штучный товар,Погонный метр,Волгоград,"ул. Садовая, д. 88, кв. 166",+7-952-407-67-76,smirnovvikto74@gmail.com,В нал.,9871,31567,28.03.2026,03.08.2026,CRM Bitrix24,Требуется пересчёт остатков
115,WMS-000115,Профнастил,,Егорова Светлана Ивановна,Тов. огранич. срока,Штука,Волгоград,"ул. Молодёжная, д. 121, кв. 89",+7-948-712-79-79,egorovasvetl694@,Резерв,7735,41103,22.07.2023,17.01.2026,Excel-выгрузка,Резерв под заказ
116,WMS-000116,Труба ПВХ,Труба ПВХ,Волкова Светлана Николаевна,Товар с ограниченным сроком хранения,Погонный метр,Влгд,"ул. Спортивная, д. 134, кв. 17",+7-942-196-52-99,volkovasvetl392@yandex.ru,Резерв,4770,14320,19.06.2024,02.02.2025,Собственная система учёта,Требуется пересчёт остатков
117,WMS-000117,Гипсокартон,Гипсокартон,Голубев Павел Петрович,Товар с ограниченным сроком хранения,Паллета,Новосибирск,ул.,,golubevpavel983@outlook.com,Резерв,3870,1296,12.04.2024,19.03.2024,Excel-выгрузка,Требуется пересчёт остатков
118,WMS-000118,Кирпич керамический,Кирпич керамический,Смирнова Екатерина Петровна,Партион. тов.,Упаковка,категория_5,ул.,+7-942-832-84-97,smirnovaekat8@yandex.ru,Резерв,8078,27425,03.12.2025,16.08.2024,,Требуется пересчёт остатков
119,WMS-000119,Профнастил,Профнастил,,Штучный товар,Паллета,Воронеж,"ул. Гагарина, д. 15, кв. 48",+7-99-abc-12-34,alekseevilya131@yandex.ru,Списан,1784,9297,02.02.2025,14.02.2024,Excel-выгрузка,Требуется пересчёт остатков
120,WMS-000120,Гипсокартон,Гипсокартон,Виноградов Роман Александрович,Товар с ограниченным сроком хранения,Погонный метр,Челяб.,"ул. Мира, д. 149, кв. 163",+7-944-421-79-78,vinogradovro672@outlook.com,Списан,1237,,12.06.2025,20.06.2024,SAP,Позиция
121,WMS-000121,Кирпич керамический,???,Павлов Илья Викторович,Тов. огранич. срока,Паллета,Воронеж,"ул. Спортивная, д. 100, кв. 196",+7-953-703-84-67,pavlovilyavi747@yandex.ru,Списан,8372,32215,15.09.2024,,Excel-выгрузка,Позиция под реализацию
122,WMS-000122,Труба ПВХ,Труба ПВХ,Иванов Сергей Петрович,Штучный товар,Паллета,Мск,"ул. Победы, д. 111, кв. 124",+7-936-370-71-68,ivanovsergei791@mail.ru,,1501,20576,25.04.2023,20.06.2024,SAP ERP,
123,WMS-000123,Краска фасадная,Краска фасадная,Соколов Павел Викторович,Партион. тов.,Упаковка,Смр,"ул. Садовая, д. 123, кв. 84",+7-921-791-76-73,sokolovpavel284@outlook.com,Списан,3097,н/д,07.05.2026,10.04.2025,Excel-выгрузка,???
124,WMS-000124,Профнастил,Профнастил,Фёдоров Павел Дмитриевич,Партион. тов.,Штука,Ворнж,"ул. Мира, д. 47, кв. 79",+7-935-330-54-98,fedorovpavel98@yandex.ru,Заказан у поставщика,8071,4071,2025,20.10.2025,CRM Bitrix24,-
125,WMS-000125,Краска фасадная,Краска фасадная,N/A,Весовой товар,Упаковка,Краснодар,"ул. Мира, д. 93, кв. 156",+7-914-913-13-64,ivanovaelena558@outlook.com,Заказан у поставщика,4709,45935,15.02.2023,15.02.2026,CRM,Требуется пересчёт остатков
126,WMS-000126,Доска обрезная,Доска обрезная,Алексеева Татьяна Ивановна,Штучн. тов.,Упаковка,Нижний Новгород,"ул. Победы, д. 15, кв. 59",+7-950-616-87-55,alekseevatat45@yandex.ru,Списан,8395,4284,24.07.2024,27.04.2025,CRM Bitrix24,Позиция под реализацию
127,WMS-000127,Краска фасадная,Краска фасадная,Богданов Дмитрий Дмитриевич,Партион. тов.,Погонный метр,Самара,"ул. Спортивная, д. 43, кв. 63",+7-917-860-84-40,bogdanovdmit829@outlook.com,Резерв,9645,1521,2026,02.02.2026,1С:Предприятие,12345XYZ
128,WMS-000128,Плитка керамическая,Плитка керамическая,Богданов Роман Викторович,Штучный товар,Упаковка,Самара,"ул. Советская, д. 42, кв. 11",+7-921-304-70-77,bogdanovroma252@outlook.com,В наличии,1834,19117,03.12.2024,16.02.2026,N/A,Товар с истекающим сроком годности
129,WMS-000129,Утеплитель минераловатный,Утеплитель минераловатный,Виноградова Дарья Николаевна,Партионный товар,Паллета,Москва,"ул. Спортивная, д. 131, кв. 2",+7-941-205-53-31,vinogradovad69@gmail.com,В нал.,-1,,21.08.2025,25.05.2025,1С:Предприятие,Требуется пересчёт остатков
130,WMS-000130,Краска фасадная,Краска фасадная,Иванова Алина Сергеевна,Штучный товар,Погонный метр,Краснодар,"ул. Молодёжная, д. 13, кв. 116",+7-933-253-66-69,,В нал.,,37120,08.01.2023,18.07.2025,ОШИБКА_ДАННЫХ,Товар с истекающим сроком годности
131,WMS-000131,Краска фасадная,Краска фасадная,Егорова Дарья Николаевна,Партионный товар,Штука,Краснодар,"ул. Центральная, д. 109, кв. 38",+7-939-474-65-22,egorovadarya914@yandex.ru,Заказан у поставщика,4309,47821,16.04.2026,18.07.2025,Собственная система учёта,Резерв под заказ
132,WMS-000132,Металлопрофиль,Металлопрофиль,Соколова,Партионный товар,Паллета,Челябинск,"ул. Центральная, д. 95, кв. 42",+7-952-157-46-69,sokolovaolga746@gmail.com,Списан,845,,05.05.2024,23.05.2025,SAP ERP,
133,WMS-000133,Краска фасадная,Краска фасадная,Павлова Полина Ивановна,Партионный товар,Погонный метр,Ростов-на-Дону,,+7-918-529-48-20,pavlovapolin66@gmail.com,Резерв,,28358,22.07.2026,2026-13-45,Собственная система учёта,
134,WMS-000134,Металлопрофиль,Металлопрофиль,Иванова Екатерина Сергеевна,Партионный товар,Паллета,Смр,"ул. Ленина, д. 72, кв. 53",+7-941-666-99-83,ivanovaekate190@gmail.com,В наличии,7187,26139,20.05.2023,2025,CRM Bitrix24,Резерв под заказ
135,WMS-000135,Доска обрезная,Доска обрезная,Новикова Татьяна Викторовна,Партионный товар,Упаковка,Ростов-на-Дону,"ул. Советская, д. 31, кв. 130",+7-919-789-43-27,novikovataty778@gmail.com,В наличии,5964,21634,24.07.2024,09.02.2024,CRM Bitrix24,Товар с истекающим сроком годности
136,WMS-000136,Саморезы универсальные,Саморезы универсальные,Волков Виктор Викторович,Весовой товар,Штука,Ростов-на-Дону,"ул. Ленина, д. 100, кв. 160",+7-940-788-92-98,,Резерв,7600,14925,02.01.2025,12.06.2026,1С:Предприятие,Позиция под реализацию
137,WMS-000137,Кирпич керамический,Кирпич керамический,Кузнецова Мария Сергеевна,Штучный товар,Штука,Самара,"ул. Советская, д. 137, кв. 163",+7-911-437-45-59,kuznecovamar285@gmail.com,Резерв,2947,28161,11.08.2025,24.11.2025,SAP ERP,Резерв под заказ
138,WMS-000138,Кабель ВВГ,Кабель ВВГ,Воробьёва Наталья Викторовна,Штучн. тов.,нет данных(ошибка),Краснодар,"ул. Победы, д. 64, кв. 187",+7-943-959-71-36,vorobevanata922@outlook.com,Списан,3506,30033,,23.04.2025,SAP ERP,Товар с истекающим сроком годности
139,WMS-000139,Краска фасадная,Краска фасадная,Фёдорова Елена Петровна,Штучный товар,Штука,Краснодар,"ул. Советская, д. 97, кв. 44",+7-958-993-72-57,fedorovaelen203@gmail.com,Заказан у поставщика,5991,16316,15.03.2026,24.10.2025,Собственная система учёта,Позиция под реализацию
140,WMS-000140,Гипсокартон,Гипсокартон,Козлова Мария Петровна,Весовой товар,Погонный метр,Санкт-Петербург,"ул. Спортивная, д. 70, кв. 102",+7-947-958-70-80,kozlovamariy823@mail.ru,Заказан у поставщика,6158,16240,15.01.2026,2026,1С:Предприятие,Позиция под реализацию
141,WMS-000141,Кирпич керамический,Кирпич керамический,Кузнецова Виктория Сергеевна,Штучный товар,N/A,Крд,"ул. Спортивная, д. 33, кв. 65",+7-919-564-73-69,kuznecovavik112@mail.ru,Списан,3103,45433,23.02.2026,06.11.2026,CRM Bitrix24,
142,WMS-000142,Плитка керамическая,Плитка керамическая,Виноградов Дмитрий Александрович,Штучный товар,Паллета,Ростов-на-Дону,"ул. Мира, д. 150, кв. 13",+7-931-830-90-17,vinogradovdm214@gmail.com,Списан,6445,20444,23.08.2024,27.05.2025,CRM Bitrix24,Требуется пересчёт остатков
143,WMS-000143,Кабель ВВГ,Кабель ВВГ,Попова Полина Викторовна,Товар с ограниченным сроком хранения,Упаковка,СПб,"ул. Молодёжная, д. 13, кв. 21",+7-942-163-31-22,popovapolina546@mail.ru,В наличии,3598,21036,17.12.2025,31.02.2026,Excel-выгрузка,Товар с истекающим сроком годности
144,WMS-000144,Кирпич керамический,Кирпич керамический,Воробьёва Ольга Ивановна,Партионный товар,Упаковка,Новосибирск,"ул. Спортивная, д. 131, кв. 57",+7-948-412-31-73,vorobevaolga829@outlook.com,Заказ. у поставщ.,6254,13302,10.06.2026,2026-13-45,CRM Bitrix24,Позиция под реализацию
145,WMS-000145,Труба ПВХ,Труба ПВХ,Морозов Алексей Викторович,Товар с ограниченным сроком хранения,####,Санкт-Петербург,"ул. Пушкина, д. 111, кв. 131",+7-919-717-75-80,morozovaleks338@outlook.com,Заказан у поставщика,4052,13240,24.05.2025,06.02.2026,SAP ERP,Резерв под заказ
146,WMS-000146,Краска фасадная,Краска фасадная,Воробьёва Ольга Андреевна,Товар с ограниченным сроком хранения,Штука,Краснодар,"ул. Молодёжная, д. 68, кв. 167",+7-913-277-52-82,vorobevaolga857@outlook.com,Списан,770,28358,18.01.2025,2026-13-45,Собственная система учёта,Позиция под реализацию
147,WMS-000147,Плитка керамическая,Плитка керамическая,Смирнова Наталья Дмитриевна,Партионный товар,Паллета,Волгоград,"ул. Центральная, д. 59, кв. 187",+7-914-667-33-97,ivanov.mail.ru,Резерв,4583,23392,04.03.2025,09.07.2024,SAP ERP,Резерв под заказ
148,WMS-000148,Гипсокартон,Гипсокартон,Павлов Павел Сергеевич,Товар с ограниченным сроком хранения,Упаковка,Екб,"ул. Спортивная, д. 17, кв. 175",+7-918-512-53-68,petrov@@mail..ru,Заказан у поставщика,3267,42111,25.03.2023,04.01.2025,1С:Предприятие,Требуется пересчёт остатков
149,WMS-000149,Краска,Краска фасадная,Виноградов Андрей Петрович,Весовой товар,Упаковка,Челябинск,"ул. Молодёжная, д. 20, кв. 135",+7-948-339-66-71,vinogradovan826@gmail.com,Списан,5055,8706,04.04.2024,19.10.2024,Собственная система учёта,Товар с истекающим сроком годности
150,WMS-000150,Труба ПВХ,Труба ПВХ,Фёдоров Артём Петрович,Весовой товар,,Ростов-на-Дону,"ул. Советская, д. 117, кв. 151",+7-916-366-16-24,fedorovartem992@yandex.ru,Списан,8277,18336,31.02.2026,15.07.2025,Собственная система учёта,Позиция под реализацию
151,WMS-000151,Кабель ВВГ,Кабель ВВГ,Смирнов Сергей Андреевич,Партионный товар,Штука,Казань,"ул. Мира, д. 59, кв. 35",+7-924-489-42-31,smirnovserge841@mail.ru,Списан,2465,18571,13.11.2023,25.10.2025,Excel-выгрузка,Резерв под заказ
152,WMS-000152,Утеплитель минераловатный,,Козлова Татьяна Дмитриевна,категория_5,Погонный метр,Смр,"ул. Мира, д. 44, кв. 87",+7-915-761-76-24,kozlovatatya610@mail.ru,Списан,7046,35453,13.09.2023,10.12.2024,,Требуется пересчёт остатков
153,WMS-000153,Металлопрофиль,Металлопрофиль,Соколова Татьяна Дмитриевна,Товар с ограниченным сроком хранения,Погонный метр,Челяб.,"ул. Мира, д. 83, кв. 180",+7-913-814-10-86,,В наличии,1077,999,07.10.2023,07.09.2026,Собственная,Позиция под реализацию
154,WMS-000154,Плитка керамическая,Плитка керамическая,Лебедев,Товар с ограниченным сроком хранения,Штука,Н.Новгород,"ул. Гагарина, д. 86, кв. 79",+7-941-153-93-86,lebedevvladi954@outlook.com,Списан,6293,3894,01.09.2026,вчера,1С:Предприятие,Резерв под заказ
155,WMS-000155,Металлопрофиль,Металлопрофиль,Фёдоров Никита Иванович,Партионный товар,ОШИБКА_ДАННЫХ,Волгоград,нет данных(ошибка),+7-949-515-98-81,fedorovnikit788@yandex.ru,###,2677,35024,12.10.2026,25.04.2025,CRM Bitrix24,
156,WMS-000156,Металлопрофиль,Металлопрофиль,Волкова Елена Дмитриевна,Весов. тов.,Штука,Воронеж,"ул. Мира, д. 75, кв. 153",+7-918-845-33-45,volkovaelena633@yandex.ru,В наличии,1394,36968,03.05.2025,,Собственная система учёта,Позиция под реализацию
157,WMS-000157,Краска фасадная,Краска фасадная,Попов Артём Александрович,Партионный товар,Упаковка,Нов,"ул. Мира, д. 124, кв. 75",+7-927-375-99-58,popovartemal433@yandex.ru,Резерв,4344,48454,06.06.2025,17.08.2025,Собственная система учёта,
158,WMS-000158,Кабель ВВГ,Кабель ВВГ,Виноградов Роман Андреевич,не указано(ошибка),Паллета,Влгд,"ул. Гагарина, д. 87, кв. 61",+7-921-163-44-18,vinogradovro545@outlook.com,В наличии,185,23729,19.05.2024,07.05.2024,Собственная система учёта,Позиция под реализацию
159,WMS-000159,Краска фасадная,Краска фасадная,Богданова Алина Сергеевна,Товар с ограниченным сроком хранения,Паллета,Новосибирск,"ул. Центральная, д. 129, кв. 184",+7-940-899-44-32,bogdanovaali114@mail.ru,Заказ. у поставщ.,8975,6382,05.08.2024,23.04.2026,ОШИБКА_ДАННЫХ,
160,WMS-000160,Кирпич керамический,Кирпич керамический,Голубев Павел Сергеевич,Штучн. тов.,Упаковка,Челябинск,ОШИБКА_ДАННЫХ,,golubevpavel623@yandex.ru,В наличии,6545,32657,08.05.2024,21.12.2025,1С:Предприятие,
161,WMS-000161,Кирпич керамический,Кирпич керамический,Новикова Наталья Петровна,Партион. тов.,Штука,Самара,"ул. Садовая, д. 112, кв. 175",+7-930-968-30-14,нет_почты,В наличии,3057,8591,22.07.2024,01.09.2026,Собственная система учёта,Позиция под реализацию
162,WMS-000162,Гипсокартон,Гипсокартон,Волков Егор Иванович,Штучный товар,Погонный метр,Краснодар,"ул. Молодёжная, д. 67, кв. 199",+7-921-338-49-90,volkovegoriv796@yandex.ru,Резерв,3201,48979,13.09.2025,14.11.2025,SAP ERP,Позиция под реализацию
163,WMS-000163,Металлопрофиль,Металлопрофиль,Виноградов Дмитрий Дмитриевич,не указано(ошибка),Погонный метр,Ростов-на-Дону,"ул. Центральная, д. 97, кв. 103",+7-953-529-45-24,vinogradovdm420@yandex.ru,Списан,8025,49389,23.07.2024,26.03.2026,Собственная система учёта,Товар с истекающим сроком годности
164,WMS-000164,Плитка керамическая,Плитка керамическая,Попова Татьяна Николаевна,,Погонный метр,Новосибирск,"ул. Победы, д. 104, кв. 189",+7-941-235-67-61,popovatatyan608@mail.ru,Резерв,2092,,06.05.2025,19.01.2026,Собственная система учёта,
165,WMS-000165,Металлопрофиль,Металлопрофиль,Виноградов Илья Викторович,Партионный товар,Паллета,Ворнж,"ул. Победы, д. 6, кв. 155",+7-920-267-35-14,vinogradovil250@outlook.com,Списан,559,19773,10.12.2023,,CRM Bitrix24,Требуется пересчёт остатков
166,WMS-000166,Кирпич керамический,Кирпич керамический,Козлова Наталья Викторовна,Товар с ограниченным сроком хранения,Упаковка,Казань,"ул. Гагарина, д. 86, кв. 58",+7-954-538-92-92,kozlovanatal605@yandex.ru,Резерв,2585,ERROR,18.03.2026,18.06.2026,SAP ERP,Товар с истекающим сроком годности
167,WMS-000167,Утеплитель минераловатный,Утеплитель минераловатный,Виноградова Наталья Николаевна,категория_5,Упаковка,Новосиб.,"ул. Гагарина, д. 112, кв. 108",+7-927-765-20-46,vinogradovan475@outlook.com,Заказ. у поставщ.,1765,6378,27.11.2023,18.07.2025,Excel-выгрузка,Требуется пересчёт остатков
168,WMS-000168,Кабель ВВГ,Кабель ВВГ,Новикова Наталья Дмитриевна,Партионный товар,12345XYZ,Казань,"ул. Спортивная, д. 114, кв. 33",+7-949-320-50-58,novikovanata444@outlook.com,Заказан у поставщика,698,13344,09.02.2026,23.12.2024,Excel-выгрузка,
169,WMS-000169,Профнастил,Профнастил,Новиков Сергей Иванович,Вес,Упаковка,Екатеринбург,"ул. Садовая, д. 134, кв. 137",+7-957-604-15-48,novikovserge441@mail.ru,В нал.,259,45545,24.10.2024,28.03.2026,,Резерв под заказ
170,WMS-000170,N/A,Краска фасадная,Павлов Павел Викторович,Товар с ограниченным сроком хранения,Паллета,Пермь,"ул. Пушкина, д. 124, кв. 171",+7-948-293-85-66,pavlovpavelv773@mail.ru,Списан,3817,24344,00.00.0000,14.01.2025,SAP ERP,Требуется пересчёт остатков
171,WMS-000171,Утеплитель минераловатный,Утеплитель,Лебедев Алексей Иванович,Партион. тов.,Штука,,"ул. Спортивная, д. 6, кв. 122",+7-949-777-23-56,lebedevaleks161@gmail.com,Заказ. у поставщ.,,33170,10.02.2026,15.08.2026,Excel-выгрузка,
172,WMS-000172,Доска обрезная,Доска обрезная,Смирнова Светлана Андреевна,Штучный товар,Упаковка,Челябинск,"ул. Мира, д. 14, кв. 198",+7-946-936-25-17,smirnovasvet332@outlook.com,Списан,2534,17510,12.08.2024,10.03.2024,Собственная система учёта,
173,WMS-000173,Краска фасадная,Краска фасадная,Виноградов Александр Викторович,Весовой товар,Погонный метр,Казань,"ул. Советская, д. 69, кв. 107",,vinogradoval84@gmail.com,Резерв,2910,5921,2026,07.07.2024,1С:Предприятие,
174,WMS-000174,Кабель ВВГ,Кабель ВВГ,Новиков Алексей Дмитриевич,Весовой товар,Погонный метр,Москва,"ул. Советская, д. 12, кв. 82",+7-953-324-91-35,novikovaleks572@yandex.ru,В наличии,2052,48331,10.01.2023,вчера,CRM Bitrix24,Товар с истекающим сроком годности
175,WMS-000175,,Плитка керамическая,Фёдорова,Штучный товар,Паллета,Ростов-н/Д,"ул. Гагарина, д. 89, кв. 191",+7-936-188-30-12,fedorovayuli219@outlook.com,Резерв,2860,45382,09.08.2023,27.07.2024,SAP ERP,Резерв под заказ
176,WMS-000176,Кабель ВВГ,,Голубев Артём Андреевич,Весов. тов.,Упаковка,Челябинск,"ул. Мира, д. 84, кв. 80",телефон отсутствует,golubevartem711@yandex.ru,В нал.,2292,15132,20.03.2024,22.10.2025,CRM Bitrix24,Резерв под заказ
177,WMS-000177,12345XYZ,12345XYZ,Кузнецова Ксения Дмитриевна,Штучный товар,Паллета,Новосибирск,"ул. Мира, д. 38, кв. 89",+7-913-967-85-87,kuznecovakse502@mail.ru,В наличии,5926,26903,11.10.2026,08.08.2024,SAP ERP,
178,WMS-000178,Доска обрезная,Доска обрезная,Голубев Алексей Андреевич,Штучный товар,Штука,Мск,"ул. Спортивная, д. 82, кв. 84",+7-957-138-36-98,ivanov.mail.ru,В нал.,2592,32886,20.10.2023,15.07.2025,CRM Bitrix24,Резерв под заказ
179,WMS-000179,Доска обрезная,Доска обрезная,Голубева Ольга Дмитриевна,Весовой товар,Штука,Пермь,"ул. Победы, д. 30, кв. 109",+7-950-502-49-12,,В нал.,3249,13525,20.08.2026,15.11.2026,CRM Bitrix24,Резерв под заказ
180,WMS-000180,Профнастил,Профнастил,Смирнов Алексей Дмитриевич,Весовой товар,Штука,Казань,"ул. Ленина, д. 109, кв. 40",+7-927-417-10-45,smirnovaleks659@yandex.ru,Списан,3708,35336,21.08.2023,15.04.2026,???,Резерв под заказ
181,WMS-000181,Плитка керамическая,Плитка керамическая,Голубев Андрей Сергеевич,Штучн. тов.,Штука,Пермь,"ул. Мира, д. 70, кв. 160",+7-99-abc-12-34,golubevandre724@mail.ru,Списан,6754,55,27.06.2026,01.11.2025,Собственная система учёта,
182,WMS-000182,Утеплитель минераловатный,Утеплитель минераловатный,Егоров,Штучный товар,Паллета,Казань,"ул. Ленина, д. 37, кв. 136",+7-911-252-44-15,egorovsergei597@mail.ru,Заказ. у поставщ.,1999,21167,09.10.2023,19.08.2025,Excel-выгрузка,Позиция под реализацию
183,WMS-000183,Кирпич керамический,Кирпич керамический,Богданов Илья Викторович,Весовой товар,Паллета,Волгоград,"ул. Центральная, д. 100, кв. 154",+7-99-abc-12-34,bogdanovilya676@outlook.com,Заказ. у поставщ.,4559,15304,25.03.2026,07.08.2025,SAP ERP,Позиция под реализацию
184,WMS-000184,Кирпич керамический,Кирпич керамический,Петров Дмитрий Андреевич,Весовой товар,Упаковка,Нижний Новгород,"ул. Гагарина, д. 58, кв. 56",+7-933-470-95-96,petrovdmitri579@mail.ru,Списан,7058,ERROR,22.04.2026,02.12.2025,CRM Bitrix24,Позиция под реализацию
185,WMS-000185,Гипсокартон,Гипсокартон,Алексеева Ирина Андреевна,Партионный товар,Паллета,Воронеж,"ул. Победы, д. 131, кв. 115",+7-938-184-17-45,alekseevairi634@gmail.com,Списан,9323,35199,21.10.2025,12.03.2024,SAP ERP,Позиция под реализацию
186,WMS-000186,Металлопрофиль,ОШИБКА_ДАННЫХ,Богданов Александр Иванович,Товар с ограниченным сроком хранения,Штука,Смр,"ул. Мира, д. 42, кв. 85",+7-945-172-65-11,bogdanovalek896@gmail.com,не указано(ошибка),4377,24286,13.05.2026,28.06.2025,Собственная система учёта,
187,WMS-000187,Труба ПВХ,Труба ПВХ,Семёнов Никита Петрович,Партионный товар,Упаковка,Нижний Новгород,"ул. Спортивная, д. 46, кв. 12",+7-949-568-75-28,semenovnikit639@gmail.com,В н,4966,45582,19.05.2024,,1С:Предприятие,Товар с истекающим сроком годности
188,WMS-000188,Доска,Доска обрезная,Воробьёва Елена Ивановна,Партионный товар,Штука,Краснодар,"ул. Молодёжная, д. 61, кв. 103",+7-938-926-36-66,vorobevaelen588@outlook.com,Резерв,5733,18958,16.01.2024,28.10.2024,1С:Предприятие,Требуется пересчёт остатков
189,WMS-000189,Утеплитель минераловатный,Утеплитель минераловатный,Новикова Анна Дмитриевна,Весовой товар,Штука,Н.Новгород,"ул. Садовая, д. 85, кв. 120",+7-943-895-41-25,novikovaanna607@outlook.com,Списан,9385,43728,08.03.2024,11.08.2024,CRM Bitrix24,Резерв под заказ
190,WMS-000190,Кабель ВВГ,Кабель ВВГ,Попова Анна Александровна,Товар с ограниченным сроком хранения,Паллета,Воронеж,"ул. Гагарина, д. 6, кв. 80",+7-922-3,popovaannaal105@yandex.ru,Заказан у поставщика,9991,48985,14.01.2025,27.09.2026,нет данных(ошибка),Товар с истекающим сроком годности
191,WMS-000191,Кабель ВВГ,Кабель ВВГ,Семёнов Александр Иванович,Товар с ограниченным сроком хранения,Упаковка,Москва,"ул. Советская, д. 43, кв. 25",+7-927-949-41-96,semenovaleks645@gmail.com,Заказан у поставщика,5626,5038,31.02.2026,14.11.2026,Excel-выгрузка,Товар с истекающим сроком годности
192,WMS-000192,Труба ПВХ,Труба ПВХ,Попова Дарья Викторовна,Штучный товар,Упаковка,Волгоград,"ул. Победы, д. 7, кв. 125",+7-921-599-19-77,popovadaryav784@mail.ru,Заказан у поставщика,6871,42595,07.10.2026,25.09.2026,CRM Bitrix24,
193,WMS-000193,Профнастил,Профнастил,Соколова Елена Викторовна,Тов. огранич. срока,Упаковка,Ростов-на-Дону,,+7-99-abc-12-34,sokolovaelen853@outlook.com,Заказан у поставщика,5189,34359,10.08.2023,09.03.2026,SAP ERP,Требуется пересчёт остатков
194,WMS-000194,Труба ПВХ,Труба ПВХ,Егоров Кирилл Андреевич,Партионный товар,Паллета,Пермь,"ул. Центральная, д. 139, кв. 64",+7-921-514-95-31,egorovkirill618@gmail.com,В наличии,5002,16552,,18.04.2025,Excel-выгрузка,Резерв под заказ
195,WMS-000195,Металлопрофиль,Металлопрофиль,Морозова Светлана Петровна,Тов. огранич. срока,Паллета,Екатеринбург,"ул. Спортивная, д. 4, кв. 85",+7-941-419-90-90,morozovasvet354@gmail.com,Резерв,3134,44792,14.04.2024,24.05.2026,1С:Предприятие,12345XYZ
196,WMS-000196,Кирпич керамический,Кирпич керамический,Иванова Татьяна Андреевна,Штучн. тов.,Паллета,Москва,"ул. Мира, д. 11, кв. 101",+7-914-2,ivanovatatya97@gmail.com,Списан,9364,30088,17.07.2023,15.05.2025,CRM Bitrix24,
197,WMS-000197,Гипсокартон,Гипсокартон,Попов Максим Сергеевич,Весов. тов.,Штука,Новосибирск,"ул. Молодёжная, д. 133, кв. 121",+7-929-229-35-27,popovmaksims136@mail.ru,Резерв,1708,32970,11.05.2025,26.10.2025,SAP ERP,Товар с истекающим сроком годности
198,WMS-000198,Кабель ВВГ,Кабель ВВГ,Попова Анна Ивановна,Партионный товар,Погонный метр,Пермь,"ул. Мира, д. 1, кв. 173",+7-938-183-48-32,popovaannaiv479@mail.ru,В нал.,8407,42688,05.06.2023,25.12.2024,Собственная система учёта,Позиция под реализацию
199,WMS-000199,Цемент М500,Цемент М500,Смирнова Юлия Николаевна,Товар с ограниченным сроком хранения,Погонный метр,Волгоград,"ул. Мира, д. 131, кв. 8",+7-923-466-35-16,smirnovayuli557@outlook.com,Резерв,6030,31459,07.04.2025,24.06.2025,Собственная система учёта,
200,WMS-000200,Саморезы универсальные,Саморезы,Павлова Светлана Сергеевна,Штучн. тов.,Штука,Сан,N/A,+7-941-400-70-88,pavlovasvetl238@outlook.com,Списан,6490,46810,23.11.2023,19.05.2024,CRM Bitrix24,Товар с истекающим сроком годности
