ID,Код записи,Марка и модель автомобиля,Марка и модель автомобиля (повтор),Ответственный менеджер,Класс автомобиля,Тип топлива,Город,Адрес,Телефон,Email,Статус аренды,"Пробег с начала эксплуатации, тыс. км","Стоимость аренды, руб./мин.",Дата создания записи,Дата последнего обновления,Система-источник,Примечания
1,SHARE-000001,Skoda Octavia,Skoda Octavia,Иванов Роман Сергеевич,Комфортный класс,Гибрид,СПб,"ул. Центральная, д. 102, кв. 188",+7-957-126-22-45,ivanovromans150@outlook.com,Заброниров.,ABC,14,23.07.2025,2026,1С:Предприятие,Обнаружены повреждения
2,SHARE-000002,BMW 3 series,BMW,Иванова Наталья Николаевна,Премиальный класс,Дизель,Краснодар,"ул. Молодёжная, д. 120, кв. 175",+7-946-443-15-17,ivanovanatal166@outlook.com,Завершена,70,16,08.06.2024,03.03.2024,Собственная система учёта,N/A
3,SHARE-000003,Kia Rio,Kia Rio,Егорова Алина Николаевна,Эконом,Дизель,Челябинск,"ул. Садовая, д. 141, кв. 190",+7-955-186-32-74,egorovaalina387@mail.ru,Заброниров.,,ERROR,26.06.2025,06.12.2026,1С:Предприятие,
4,SHARE-000004,Chevrolet Niva,Chevrolet Niva,Новиков Егор Иванович,Премиальный класс,Гибрид,Пермь,"ул. Пушкина, д. 79, кв. 145",+7-945-916-50-87,novikovegori127@gmail.com,Забронировано,122,17,17.01.2026,17.07.2026,1С:Предприятие,Полный бак при выдаче
5,SHARE-000005,Nissan Qashqai,Nissan Qashqai,Козлова Светлана Сергеевна,Экономичный класс,Гибрид,Ростов-на-Дону,"ул. Победы, д. 91, кв. 199",+7-99-abc-12-34,kozlovasvetl680@gmail.com,В аренде,123,15,07.09.2024,11.04.2025,SAP ERP,
6,SHARE-000006,BMW 3 series,BMW 3 series,Иванова Юлия Ивановна,Премиальный класс,Гибрид,Самара,"ул. Спортивная, д. 110, кв. 162",+7-948-305-58-21,ivanovayuliy25@mail.ru,Заброниров.,119,7,01.06.2024,23.07.2025,1С:Предприятие,Полный бак при выдаче
7,SHARE-000007,Hyundai Solaris,Hyundai Solaris,,Комфортный класс,Электро,Воронеж,"ул. Садовая, д. 57, кв. 175",+7-950-900-12-49,volkovatatya929@gmail.com,В аренде,106,14,11.11.2023,24.12.2024,SAP ERP,Плановое ТО через 500 км
8,SHARE-000008,Skoda Octavia,Skoda Octavia,Кузнецова Анна Александровна,Премиальный класс,Дизель,Нижний Новгород,"ул. Пушкина, д. 38, кв. 199",+7-956-497-97-20,kuznecovaann770@outlook.com,Завершена,66,9,13.08.2024,03.11.2026,,Требуется мойка
9,SHARE-000009,Ford Focus,Ford Focus,Воробьёва Елена Александровна,Премиум,Бензин,Москва,"ул. Молодёжная, д. 9, кв. 4",+7-931-136-16-90,vorobevaelen713@yandex.ru,На ТО,64,11,07.02.2024,27.03.2024,,-
10,SHARE-000010,Ford Focus,Ford Focus,Егоров Роман Викторович,Экономичный класс,Электро,Воронеж,"ул. Ленина, д. 79, кв. 167",+7-943-723-53-49,egorovromanv619@outlook.com,В аренде,101,14,17.11.2025,18.04.2026,CRM Bitrix24,Требуется мойка
11,SHARE-000011,,Volkswagen Polo,Фёдоров Дмитрий Сергеевич,Комфортный класс,Бензин,Казань,"ул. Мира, д. 125, кв. 82",+7-935-369-96-39,fedorovdmitr783@mail.ru,На техническом обслуживании,33,24,06.09.2025,22.09.2024,CRM Bitrix24,
12,SHARE-000012,Volkswagen Polo,Volkswagen Polo,Богданов Роман Андреевич,не указано(ошибка),Дизель,Казань,"ул. Гагарина, д. 73, кв. 100",+7-929-684-37-41,bogdanovroma319@yandex.ru,В аренде,85,22,22.12.2026,04.01.2026,SAP ERP,Требуется мойка
13,SHARE-000013,Ford Focus,Ford Focus,Семёнов Роман Александрович,Премиальный класс,Гибрид,Самара,"ул. Мира, д. 62, кв. 178",+7-917-562-44-72,semenovroman316@mail.ru,На техническом обслуживании,146,24,01.01.2026,19.02.2025,SAP ERP,Полный бак при выдаче
14,SHARE-000014,Kia Rio,Kia Rio,Попов Сергей Иванович,Премиальный класс,Гибрид,Казань,"ул. Молодёжная, д. 106, кв. 170",+7-953-804-43-84,popovsergeii813@mail.ru,В аренде,97,25,10.11.2023,06.04.2025,SAP ERP,Полный бак при выдаче
15,SHARE-000015,BMW 3 series,ОШИБКА_ДАННЫХ,Морозова Наталья Петровна,Эконом,####,Краснодар,"ул. Садовая, д. 119, кв. 91",+7-951-624-10-16,morozovanata274@mail.ru,Завершена,119,ABC,06.11.2024,04.09.2024,Собственная система учёта,Плановое ТО через 500 км
16,SHARE-000016,,Ford Focus,Иванова Ирина Николаевна,Премиум,Бензин,Самара,"ул. Мира, д. 133, кв. 91",+7-944-877-89-48,ivanovairina954@gmail.com,Забронировано,59,25,13.10.2025,18.03.2024,SAP ERP,Обнаружены повреждения
17,SHARE-000017,Lada,Lada Vesta,Попов Кирилл Иванович,Премиальный класс,Дизель,Неизвестная категория,"ул. Центральная, д. 53, кв. 167",+7-930-904-33-66,popovkirilli648@,Завершена,51,12,21.08.2025,12.03.2026,SAP ERP,Полный бак при выдаче
18,SHARE-000018,Lada Vesta,Lada Vesta,Козлова,Экономичный класс,Бензин,Краснодар,"ул. Ленина, д. 90, кв. 103",+7-943-137-27-77,kozlovakseni211@gmail.com,Завершена,125,8,10.05.2026,2025,1С:Предприятие,Плановое ТО через 500 км
19,SHARE-000019,Chevrolet Niva,Chevrolet Niva,Петров Андрей Иванович,Премиальный класс,-,Крд,"ул. Садовая, д. 16, кв. 73",+7-939-224-69-91,petrovandrei127@,Завершена,98,12,05.05.2025,23.06.2026,SAP ERP,Требуется мойка
20,SHARE-000020,Nissan Qashqai,нет данных(ошибка),Голубев Сергей Сергеевич,Премиальный класс,Дизель,Санкт-Петербург,"ул. Центральная, д. 23, кв. 122",+7-957-265-24-85,golubevserge53@yandex.ru,Завершена,147,5,12.08.2026,21.11.2026,CRM Bitrix24,Обнаружены повреждения
21,SHARE-000021,Nissan Qashqai,Nissan Qashqai,Лебедева Татьяна Николаевна,Премиальный класс,Бензин,Казань,"ул. Ленина, д. 5, кв. 72",+7-958-553-73-85,lebedevataty709@gmail.com,Забронировано,101,23,14.08.2026,04.09.2025,Excel-выгрузка,Полный бак при выдаче
22,SHARE-000022,Ford Focus,Ford Focus,Фёдоров Роман Петрович,Комфортный класс,Гибрид,категория_5,"ул. Спортивная, д. 122, кв. 111",+7-942-207-90-49,fedorovroman404@yandex.ru,На ТО,61,18,08.04.2024,03.05.2024,Собственная система учёта,
23,SHARE-000023,Hyundai Solaris,Hyundai Solaris,Морозов Дмитрий Николаевич,Премиальный класс,Гибрид,Новосибирск,"ул. Спортивная, д. 135, кв. 179",+7-941-216-21-75,morozovdmitr56@gmail.com,Заброниров.,5,9,10.06.2026,18.11.2024,Excel-выгрузка,Плановое ТО через 500 км
24,SHARE-000024,Lada Vesta,Lada Vesta,Богданова Ирина Николаевна,Премиальный класс,Гибрид,Воронеж,"ул. Победы, д. 43, кв. 133",+7-934-470-23-52,bogdanovairi883@gmail.com,Заброниров.,145,15,25.02.2025,23.06.2026,1С:Предприятие,Полный бак при выдаче
25,SHARE-000025,Hyundai Solaris,Hyundai Solaris,Лебедев Виктор Викторович,Экономичный класс,Бензин,Краснодар,"ул. Ленина, д. 115, кв. 25",+7-925-205-41-11,lebedevvikto437@gmail.com,В аренде,103,24,01.03.2026,01.03.2024,CRM Bitrix24,
26,SHARE-000026,Hyundai Solaris,Hyundai Solaris,Волков Дмитрий Александрович,Комфортный класс,Электро,Казань,ул.,+7-938-311-70-47,volkovdmitri5@yandex.ru,На ТО,116,12,05.02.2025,14.08.2026,1С:Предприятие,
27,SHARE-000027,нет данных(ошибка),Chevrolet Niva,Смирнов Алексей Иванович,Премиальный класс,Бензин,Воронеж,"ул. Пушкина, д. 14, кв. 92",,smirnovaleks580@yandex.ru,На техническом обслуживании,47,21,26.06.2024,12.06.2025,SAP ERP,Плановое ТО через 500 км
28,SHARE-000028,Skoda Octavia,Skoda Octavia,Егоров Никита Петрович,Комфортный класс,,Екатеринбург,"ул. Гагарина, д. 100, кв. 76",+7-915-649-95-19,egorovnikita812@yandex.ru,Завершена,112,6,11.03.2023,09.10.2024,Excel-выгрузка,
29,SHARE-000029,BMW 3 series,BMW 3 series,Воробьёва Дарья Ивановна,Экономичный класс,Электро,Екатеринбург,"ул. Садовая, д. 113, кв. 113",+7-920-238-49-32,vorobevadary30@gmail.com,На техническом обслуживании,ERROR,21,13.02.2023,,Excel-выгрузка,Требуется мойка
30,SHARE-000030,Skoda Octavia,Skoda Octavia,Попова Татьяна Викторовна,не указано(ошибка),Гибрид,Челябинск,"ул. Пушкина, д. 1, кв. 73",+7-955-320-85-64,popovatatyan667@gmail.com,На ТО,14,11,17.02.2023,01.04.2024,Собственная система учёта,
31,SHARE-000031,Chevrolet Niva,Chevrolet Niva,Алексеев Роман Дмитриевич,Комфортный класс,Дизель,Москва,"ул. Спортивная, д. 18, кв. 43",+7-953-9,alekseevroma784@yandex.ru,На ТО,99,8,08.06.2025,02.10.2025,SAP ERP,Обнаружены повреждения
32,SHARE-000032,Lada Vesta,Lada Vesta,Егоров,Комфортный класс,Дизель,Ростов-на-Дону,"ул. Спортивная, д. 104, кв. 10",+7-921-498-89-69,egorovandrei230@outlook.com,На ТО,н/д,19,16.04.2024,24.08.2025,Собственная система учёта,Обнаружены повреждения
33,SHARE-000033,Volkswagen Polo,Volkswagen Polo,Егоров Максим Петрович,Экономичный класс,Бензин,Новосибирск,"ул. Спортивная, д. 131, кв. 196",+7-946-1,egorovmaksim201@mail.ru,На ,85,-1,22.11.2024,03.10.2025,SAP ERP,
34,SHARE-000034,Nissan Qashqai,Nissan Qashqai,Воробьёв Кирилл Викторович,Комфортный класс,Гибрид,Санкт-Петербург,"ул. Советская, д. 94, кв. 171",+7-951-134-52-51,vorobevkiril16@yandex.ru,На техническом обслуживании,8,11,22.01.2023,09.06.2026,Собственная система учёта,Плановое ТО через 500 км
35,SHARE-000035,Lada Vesta,Lada Vesta,Петрова Виктория Викторовна,Экономичный класс,Дизель,Волгоград,"ул. Молодёжная, д. 52, кв. 92",+7-935-398-48-40,petrovavikto823@yandex.ru,На техническом обслуживании,125,8,20.02.2023,03.11.2025,SAP ERP,Требуется мойка
36,SHARE-000036,Chevrolet Niva,Chevrolet Niva,Виноградова Наталья Дмитриевна,Эконом,Электро,Екатеринбург,"ул. Мира, д. 34, кв. 116",+7-930-8,vinogradovan377@outlook.com,На техническом обслуживании,112,23,23.08.2024,28.01.2025,Excel-выгрузка,
37,SHARE-000037,Nissan Qashqai,Nissan Qashqai,Богданов Никита Петрович,Премиальный класс,Гибрид,Пермь,"ул. Спортивная, д. 67, кв. 51",+7-923-651-56-42,bogdanovniki590@gmail.com,Завершена,83,19,21.06.2026,19.05.2024,SAP ERP,Полный бак при выдаче
38,SHARE-000038,Chevrolet Niva,Chevrolet Niva,Иванов Дмитрий Николаевич,Комфорт,Гибрид,Нижний Новгород,"ул. Победы, д. 120, кв. 128",+7-914-716-25-93,ivanovdmitri216@yandex.ru,В аренде,16,22,27.05.2024,10.09.2026,Собственная система учёта,Полный бак при выдаче
39,SHARE-000039,Nissan Qashqai,,-,Комфортный класс,Бензин,Екб,"ул. Центральная, д. 139, кв. 86",+7-956-897-80-51,vinogradovvi240@outlook.com,Завершена,94,14,02.02.2024,14.07.2025,Excel-выгрузка,
40,SHARE-000040,Renault Duster,Renault Duster,Попова Анна Петровна,Комфортный класс,ОШИБКА_ДАННЫХ,Ворнж,"ул. Центральная, д. 103, кв. 177",+7-921-128-79-18,popovaannape24@yandex.ru,Завершена,127,21,05.05.2025,10.03.2024,CRM Bitrix24,Обнаружены повреждения
41,SHARE-000041,Lada Vesta,Lada Vesta,Козлов Павел Николаевич,Премиальный класс,Гибрид,Ростов-на-Дону,,,kozlovpaveln822@mail.ru,Завершена,29,12,19.08.2026,08.01.2025,1С:Предприятие,Обнаружены повреждения
42,SHARE-000042,Kia Rio,Kia Rio,Волкова,Премиальный класс,Электро,Самара,"ул. Спортивная, д. 124, кв. 113",+7-919-976-57-48,volkovaelena147@mail.ru,В аренде,61,,,04.05.2024,SAP ERP,Обнаружены повреждения
43,SHARE-000043,BMW 3 series,BMW 3 series,Семёнов Максим Николаевич,Премиальный класс,Гибрид,Новосибирск,"ул. Гагарина, д. 80, кв. 54",+7-936-979-22-58,semenovmaksi445@outlook.com,В аренде,136,24,20.07.2023,28.09.2025,CRM Bitrix24,Требуется мойка
44,SHARE-000044,Volkswagen Polo,Volkswagen Polo,Воробьёва Дарья Петровна,Премиальный класс,Гибрид,Волгоград,"ул. Центральная, д. 34, кв. 41",+7-914-295-13-19,vorobevadary182@outlook.com,В аренде,,25,09.10.2024,21.05.2024,CRM Bitrix24,Требуется мойка
45,SHARE-000045,Hyundai Solaris,Hyundai Solaris,Соколов Владимир Викторович,Комфортный класс,Дизель,Краснодар,"ул. Ленина, д. 27, кв. 200",+7-945-288-26-68,sokolovvladi717@mail.ru,Забронировано,149,5,11.12.2025,10.05.2026,Собственная система учёта,Требуется мойка
46,SHARE-000046,Renault Duster,Renault Duster,Голубев Роман Андреевич,Комфортный класс,Электро,Волгоград,"ул. Центральная, д. 29, кв. 85",+7-924-847-38-50,golubevroman956@yandex.ru,Забронировано,55,11,19.10.2025,01.07.2025,Собственная система учёта,Полный бак при выдаче
47,SHARE-000047,Skoda Octavia,Skoda Octavia,Соколов Павел Викторович,Комфорт,Гибрид,СПб,"ул. Садовая, д. 4, кв. 35",+7-916-431-80-96,,Заброниров.,68,15,16.12.2024,08.10.2026,Собственная система учёта,Плановое ТО через 500 км
48,SHARE-000048,Kia Rio,Kia Rio,Иванова Полина Сергеевна,Премиальный класс,Электро,Смр,"ул. Пушкина, д. 136, кв. 125",+7-927-189-19-18,ivanovapolin726@outlook.com,На техническом обслуживании,149,17,24.03.2025,23.04.2025,CRM Bitrix24,Полный бак при выдаче
49,SHARE-000049,Skoda Octavia,Skoda Octavia,Лебедева Ксения Николаевна,Комфорт,-,Нижний Новгород,"ул. Ленина, д. 21, кв. 55",+7-927-276-81-73,lebedevaksen737@yandex.ru,В аренде,27,10,03.07.2024,08.03.2024,Собственная система учёта,Обнаружены повреждения
50,SHARE-000050,Ford Focus,Ford Focus,Фёдорова Алина Александровна,Экономичный класс,Дизель,Воронеж,"ул. Центральная, д. 65, кв. 116",+7-947-352-32-43,fedorovaalin866@yandex.ru,Завершена,44,12,18.12.2025,21.03.2025,Собственная система учёта,Полный бак при выдаче
51,SHARE-000051,Ford Focus,Ford Focus,Новикова Алина Петровна,Комфортный класс,Дизель,Крд,"ул. Победы, д. 1, кв. 107",+7-923-539-11-58,novikovaalin574@yandex.ru,В аренде,13,15,05.03.2024,26.06.2025,Excel-выгрузка,Полный бак при выдаче
52,SHARE-000052,Nissan Qashqai,Nissan Qashqai,Голубева Елена Ивановна,Комфортный класс,Гибрид,Екатеринбург,"ул. Советская, д. 78, кв. 154",+7-920-713-22-38,golubevaelen80@gmail.com,Завершена,39,22,06.01.2026,2026,N/A,Обнаружены повреждения
53,SHARE-000053,Skoda Octavia,Skoda Octavia,Кузнецов Никита Петрович,Комфортный класс,-,Воронеж,"ул. Спортивная, д. 98, кв. 17",+7-928-754-17-42,kuznecovniki42@gmail.com,В аренде,132,19,31.02.2026,17.05.2025,Собственная система учёта,
54,SHARE-000054,Hyundai Solaris,Hyundai Solaris,Кузнецова Светлана Сергеевна,Премиум,Электро,Смр,"ул. Советская, д. 39, кв. 76",+7-913-562-49-36,kuznecovasve87@outlook.com,Завершена,129,14,10.07.2025,26.04.2025,нет данных(ошибка),Требуется мойка
55,SHARE-000055,Ford Focus,Ford Focus,Семёнов Роман Петрович,Эконом,Гибрид,Самара,"ул. Центральная, д. 15, кв. 198",+7-941-103-39-88,semenovroman54@yandex.ru,На техническом обслуживании,109,9,21.05.2026,17.07.2025,SAP ERP,Полный бак при выдаче
56,SHARE-000056,Renault Duster,Renault Duster,Кузнецова Ольга Александровна,Премиум,Дизель,Смр,"ул. Ленина, д. 143, кв. 99",+7-915-308-77-40,kuznecovaolg252@yandex.ru,Завершена,112,21,02.06.2024,07.01.2024,CRM Bitrix24,Полный бак при выдаче
57,SHARE-000057,Hyundai Solaris,Hyundai Solaris,Богданова Татьяна Николаевна,Экономичный класс,Бензин,Волгоград,"ул. Молодёжная, д. 58, кв. 141",+7-950-115-10-25,ivanov.mail.ru,На техническом обслуживании,14,22,26.08.2023,00.00.0000,Собственная система учёта,Требуется мойка
58,SHARE-000058,BMW 3 series,BMW 3 series,???,Экономичный класс,Электро,Волгоград,"ул. Пушкина, д. 64, кв. 24",+7-936-327-43-16,ivanovapolin636@mail.ru,На ТО,67,15,12.09.2023,09.11.2025,SAP ERP,
59,SHARE-000059,Hyundai,Hyundai Solaris,Новикова Ольга Петровна,Комфортный класс,Электро,Санкт-Петербург,"ул. Гагарина, д. 52, кв. 132",+7-911-3,novikovaolga953@yandex.ru,Забронировано,80,5,09.11.2023,08.03.2024,Excel-выгрузка,Требуется мойка
60,SHARE-000060,Nissan,Nissan Qashqai,Лебедева Полина Ивановна,Комфортный класс,Дизель,Новосибирск,"ул. Мира, д. 96, кв. 63",+7-936-778-83-32,lebedevapoli77@yandex.ru,Заброниров.,81,ERROR,17.12.2023,15.03.2026,SAP ERP,
61,SHARE-000061,Kia Rio,Kia Rio,Морозова Наталья Андреевна,Премиальный класс,Бензин,Казань,"ул. Пушкина, д. 122, кв. 132",+7-928-784-57-19,morozovanata287@gmail.com,В аренде,84,21,05.12.2025,17.06.2025,1С:Предприятие,Обнаружены повреждения
62,SHARE-000062,BMW 3 series,,Смирнов Илья Викторович,Премиальный класс,Дизель,Краснодар,"ул. Садовая, д. 129, кв. 102",,smirnovilyav437@yandex.ru,На техническом обслуживании,44,11,21.04.2025,05.01.2025,1С:Предприятие,
63,SHARE-000063,Ford Focus,Ford Focus,Голубева Мария Ивановна,Эконом,Электро,Мск,нет данных(ошибка),+7-914-607-90-80,golubevamari90@yandex.ru,,73,,26.04.2024,12.05.2024,CRM Bitrix24,Плановое ТО через 500 км
64,SHARE-000064,Kia Rio,Kia Rio,Богданов Александр Дмитриевич,Комфортный класс,Дизель,Волгоград,"ул. Ленина, д. 38, кв. 148",+7-934-728-70-74,bogdanovalek182@gmail.com,На ТО,5,24,06.07.2023,28.02.2024,CRM Bitrix24,Плановое ТО через 500 км
65,SHARE-000065,N/A,Skoda Octavia,Волкова Татьяна Александровна,Премиум,Бензин,Ростов-на-Дону,"ул. Пушкина, д. 148, кв. 64",+7-936-696-40-83,volkovatatya808@yandex.ru,На техническом обслуживании,139,15,10.04.2024,02.11.2024,1С:Предприятие,
66,SHARE-000066,Ford Focus,Ford Focus,Козлова Полина Дмитриевна,Премиум,Дизель,Крд,"ул. Ленина, д. 120, кв. 38",+7-940-189-65-79,kozlovapolin364@yandex.ru,Забронировано,38,24,14.02.2026,25.02.2025,SAP ERP,Обнаружены повреждения
67,SHARE-000067,Renault Duster,Renault Duster,Алексеева Ирина Александровна,Премиум,####,Ростов-на-Дону,"ул. Мира, д. 122, кв. 4",+7-933-798-90-96,alekseevairi879@outlook.com,Завершена,0,17,23.09.2024,02.08.2025,1С:Предприятие,Полный бак при выдаче
68,SHARE-000068,Hyundai Solaris,Hyundai Solaris,Лебедев Роман Викторович,Комфорт,Бензин,Санкт-Петербург,"ул. Советская, д. 4, кв. 146",+7-956-825-65-48,lebedevroman462@outlook.com,На техническом обслуживании,74,9,06.05.2024,12.03.2025,CRM Bitrix24,Обнаружены повреждения
69,SHARE-000069,Chevrolet Niva,Chevrolet,Воробьёв Виктор Петрович,Премиальный класс,Бензин,Санкт-Петербург,"ул. Садовая, д. 124, кв. 91",+7-913-659-24-90,vorobevvikto484@outlook.com,На техническом обслуживании,90,8,06.04.2024,07.06.2025,Собственная,Обнаружены повреждения
70,SHARE-000070,Volkswagen Polo,Volkswagen Polo,???,Экономичный класс,Бензин,Воронеж,"ул. Спортивная, д. 139, кв. 161",+7-915-907-41-79,sokolovaksen140@gmail.com,Завершена,94,7,22.07.2023,15.01.2026,Excel-выгрузка,Обнаружены повреждения
71,SHARE-000071,N/A,Ford Focus,Козлов Сергей Сергеевич,Экономичный класс,Гибрид,Краснодар,"ул. Победы, д. 29, кв. 185",+7-931-187-62-47,kozlovsergei3@yandex.ru,Забронировано,13,13,05.11.2023,09.01.2024,SAP ERP,Полный бак при выдаче
72,SHARE-000072,Nissan Qashqai,Nissan Qashqai,???,Премиальный класс,,Новосибирск,"ул. Спортивная, д. 14, кв. 149",+7-955-337-39-48,lebedevaalin489@yandex.ru,Забронировано,5,16,02.10.2023,15.10.2026,ОШИБКА_ДАННЫХ,
73,SHARE-000073,Kia Rio,Kia Rio,Павлов Алексей Сергеевич,,Электро,Н.Новгород,"ул. Гагарина, д. 65, кв. 169",12345,pavlovalekse336@yandex.ru,Завершена,14,14,27.11.2024,04.06.2025,1С:Предприятие,Плановое ТО через 500 км
74,SHARE-000074,Volkswagen Polo,Volkswagen Polo,Петрова Татьяна Дмитриевна,Комфортный класс,???,Волгоград,"ул. Пушкина, д. 57, кв. 76",+7-912-521-67-67,petrovatatya571@mail.ru,Завершена,67,12,,25.06.2026,1С:Предприятие,Полный бак при выдаче
75,SHARE-000075,Renault Duster,Renault Duster,Воробьёва Елена Дмитриевна,Комфортный класс,Бензин,Пермь,"ул. Садовая, д. 150, кв. 108",телефон отсутствует,vorobevaelen244@outlook.com,Забронировано,75,19,21.04.2026,18.10.2024,SAP ERP,
76,SHARE-000076,Volkswagen Polo,Volkswagen Polo,Голубева Елена Викторовна,Комфортный класс,Гибрид,Санкт-Петербург,"ул. Советская, д. 26, кв. 49",+7-940-6,golubevaelen886@yandex.ru,На ТО,13,6,05.05.2024,18.03.2026,Excel-выгрузка,нет данных(ошибка)
77,SHARE-000077,Renault Duster,Renault Duster,Смирнова Екатерина Петровна,Комфортный класс,Дизель,Казань,ул.,+7-947-506-20-91,,Забронировано,46,21,07.01.2026,07.08.2024,-,Плановое ТО через 500 км
78,SHARE-000078,Nissan Qashqai,Nissan Qashqai,Алексеев Роман Николаевич,Ком,Гибрид,Москва,"ул. Советская, д. 52, кв. 26",+7-926-149-87-90,alekseevroma648@gmail.com,Завершена,9,12,28.11.2026,09.09.2026,1С:Предприятие,
79,SHARE-000079,Hyundai Solaris,Hyundai Solaris,Богданов Сергей Викторович,Ком,Дизель,Ворнж,"ул. Спортивная, д. 9, кв. 186",+7-939-438-90-29,bogdanovserg8@gmail.com,В аренде,123,много,31.02.2026,11.09.2025,1С:Предприятие,Плановое ТО через 500 км
80,SHARE-000080,Volkswagen,Volkswagen Polo,Волков Артём Андреевич,Премиум,Электро,Нижний Новгород,"ул. Гагарина, д. 109, кв. 163",+7-950-812-27-95,volkovartema347@mail.ru,Завершена,63,22,02.04.2025,17.02.2025,,нет данных(ошибка)
81,SHARE-000081,Kia Rio,Kia Rio,Семёнов Павел Александрович,Экономичный класс,Дизель,Пермь,"ул. Советская, д. 45, кв. 20",+7-945-455-37-70,semenovpavel253@mail.ru,Забронировано,124,14,26.08.2024,27.11.2024,CRM Bitrix24,
82,SHARE-000082,Chevrolet Niva,Chevrolet Niva,Егоров Павел Александрович,,Электро,Казань,нет данных(ошибка),+7-949-228-61-36,egorovpavela993@yandex.ru,Завершена,3,12,21.09.2026,13.08.2024,1С:Предприятие,
83,SHARE-000083,Volkswagen Polo,Volkswagen Polo,Иванова Юлия Андреевна,Комфортный класс,Электро,Самара,"ул. Гагарина, д. 11, кв. 96",+7-939-296-65-44,ivanov.mail.ru,Забронировано,90,5,08.08.2024,06.03.2024,SAP ERP,Плановое
84,SHARE-000084,Lada Vesta,Lada Vesta,Морозова Полина Викторовна,Премиум,Бензин,Москва,"ул. Садовая, д. 92, кв. 194",+7-943-463-75-33,morozovapoli241@gmail.com,Неизвестная категория,120,21,09.09.2023,10.09.2025,Собственная система учёта,
85,SHARE-000085,Volkswagen Polo,Volkswagen Polo,Богданова Светлана Андреевна,Комфорт,Гибрид,Вол,"ул. Молодёжная, д. 96, кв. 167",+7-913-884-73-62,bogdanovasve628@gmail.com,,149,20,28.04.2024,06.01.2026,Excel-выгрузка,12345XYZ
86,SHARE-000086,-,BMW,Виноградова Наталья Викторовна,Комфортный класс,Электро,Пермь,"ул. Пушкина, д. 28, кв. 68",+7-949-210-23-61,vinogradovan441@outlook.com,В аренде,11,13,21.05.2023,25.06.2026,SAP ERP,
87,SHARE-000087,Volkswagen Polo,Volkswagen Polo,Попова Екатерина Сергеевна,Комфортный класс,Дизель,Москва,"ул. Гагарина, д. 72, кв. 88",+7-941-659-47-88,popovaekater43@yandex.ru,Завершена,41,7,19.06.2026,12.02.2024,CRM Bitrix24,
88,SHARE-000088,BMW 3 series,BMW 3 series,Богданов Александр Дмитриевич,Экономичный класс,Гибрид,Челябинск,"ул. Молодёжная, д. 90, кв. 12",+7-938-215-89-69,bogdanovalek942@gmail.com,На техническом обслуживании,41,23,25.03.2025,03.03.2026,Excel-выгрузка,Обнаружены повреждения
89,SHARE-000089,BMW 3 series,BMW 3 series,Фёдоров Роман Александрович,Экономичный класс,Дизель,Крд,"ул. Пушкина, д. 18, кв. 38",+7-942-820-46-50,fedorovroman722@yandex.ru,На техническом обслуживании,62,25,07.07.2024,08.08.2025,SAP ERP,Плановое ТО через 500 км
90,SHARE-000090,Lada Vesta,Lada Vesta,Волкова Мария Николаевна,Комфорт,Электро,Екб,"ул. Центральная, д. 127, кв. 88",+7-99-abc-12-34,volkovamariy505@yandex.ru,Забронировано,101,23,28.11.2025,28.06.2025,Собственная система учёта,Обнаружены повреждения
91,SHARE-000091,BMW 3 series,BMW 3 series,Кузнецов Дмитрий Николаевич,Комфорт,Электро,Москва,N/A,+7-913-8,kuznecovdmit380@yandex.ru,Завершена,98,18,01.07.2025,18.03.2024,Excel-выгрузка,Полный бак при выдаче
92,SHARE-000092,Lada Vesta,Lada Vesta,Морозов Артём Викторович,Экономичный класс,Гибрид,Воронеж,"ул. Центральная, д. 136, кв. 39",+7-928-739-79-44,morozovartem304@yandex.ru,Заброниров.,101,15,02.09.2024,08.08.2025,SAP ERP,Обнаружены повреждения
93,SHARE-000093,Kia Rio,Kia Rio,Волков Максим Иванович,Экономичный класс,Гибрид,Мск,"ул. Садовая, д. 60, кв. 91",+7-949-319-98-89,volkovmaksim900@gmail.com,Завершена,9,24,16.03.2026,14.05.2026,Собственная система учёта,
94,SHARE-000094,BMW 3 series,BMW 3 series,Лебедев Павел Александрович,категория_5,Электро,категория_5,"ул. Молодёжная, д. 141, кв. 40",+7-935-988-24-61,lebedevpavel358@yandex.ru,В аренде,,10,24.08.2026,11.08.2025,Excel-выгрузка,Полный бак при выдаче
95,SHARE-000095,Volkswagen Polo,Volkswagen Polo,Смирнов Александр Петрович,Эконом,Бензин,Волгоград,"ул. Спортивная, д. 106, кв. 27",+7-925-811-52-69,smirnovaleks287@outlook.com,Неизвестная категория,7,17,12.04.2024,18.08.2025,SAP ERP,Требуется мойка
96,SHARE-000096,-,Volkswagen Polo,Морозова Екатерина Николаевна,Пре,Бензин,Волгоград,,+7-919-479-45-78,morozovaekat477@gmail.com,Завершена,38,9,18.02.2026,23.02.2025,Собственная система учёта,Полный бак при выдаче
97,SHARE-000097,Kia Rio,Kia,,Премиум,Электро,Санкт-Петербург,"ул. Пушкина, д. 120, кв. 149",12345,golubevairin973@yandex.ru,Заброниров.,33,11,05.03.2023,27.06.2024,1С:Предприятие,Полный бак при выдаче
98,SHARE-000098,Skoda Octavia,Skoda Octavia,Козлова Ольга Викторовна,Премиальный класс,Дизель,Ворнж,"ул. Пушкина, д. 104, кв. 139",+7-916-254-17-84,kozlovaolgav999@gmail.com,В аренде,6,15,25.11.2023,10.09.2025,CRM Bitrix24,
99,SHARE-000099,BMW 3 series,BMW 3 series,Новикова Дарья Петровна,Премиальный класс,Гибрид,Новосибирск,12345XYZ,+7-928-603-25-40,novikovadary399@yandex.ru,Забронировано,ABC,24,12.02.2023,13.08.2025,CRM Bitrix24,Требуется мойка
100,SHARE-000100,Nissan Qashqai,Nissan Qashqai,Иванов Илья Андреевич,Экономичный класс,Гибрид,Санкт-Петербург,"ул. Спортивная, д. 129, кв. 153",+7-912-506-66-39,ivanovilyaan919@outlook.com,На ТО,,,20.07.2024,25.03.2026,Собственная система учёта,Требуется мойка
101,SHARE-000101,Ford Focus,Ford Focus,Попова Анна Дмитриевна,Эконом,Электро,Пермь,"ул. Садовая, д. 76, кв. 78",+7-912-483-39-53,popovaannadm694@yandex.ru,На техническом обслуживании,13,ABC,28.06.2025,08.08.2025,Собственная система учёта,####
102,SHARE-000102,Volkswagen Polo,Volkswagen Polo,Егорова Наталья Николаевна,Комфорт,Бензин,Самара,"ул. Мира, д. 50, кв. 194",+7-922-725-66-35,egorovanatal595@outlook.com,Забронировано,26,19,15.06.2025,09.12.2026,CRM Bitrix24,Требуется мойка
103,SHARE-000103,Ford Focus,Ford Focus,Богданов Александр Александрович,Комфортный класс,Гибрид,Нижний Новгород,"ул. Ленина, д. 63, кв. 84",+7-936-815-95-36,bogdanovalek643@mail.ru,На техническом обслуживании,126,11,25.05.2024,12.07.2025,CRM Bitrix24,Обнаружены повреждения
104,SHARE-000104,Volkswagen Polo,Volkswagen Polo,Павлова Полина Андреевна,Экономичный класс,Гибрид,Екатеринбург,"ул. Мира, д. 95, кв. 59",,pavlovapolin26@mail.ru,Забронировано,146,19,15.12.2024,12.02.2026,Excel-выгрузка,Обнаружены повреждения
105,SHARE-000105,Chevrolet Niva,Chevrolet Niva,Виноградова Полина Сергеевна,Комфортный класс,Дизель,Неизвестная категория,"ул. Советская, д. 45, кв. 144",+7-910-481-95-29,vinogradovap982@gmail.com,На техническом обслуживании,38,10,11.09.2024,,####,
106,SHARE-000106,BMW 3 series,BMW 3 series,Козлова Полина Андреевна,Комфортный класс,Гибрид,Волгоград,"ул. Садовая, д. 126, кв. 119",+7-954-214-31-93,kozlovapolin670@,На ,37,11,07.12.2024,13.02.2024,Excel-выгрузка,
107,SHARE-000107,нет данных(ошибка),Ford Focus,Семёнова Виктория Ивановна,Премиальный класс,Бензин,Волгоград,"ул. Мира, д. 3, кв. 125",+7-927-895-50-46,semenovavikt298@mail.ru,В аренде,144,16,31.02.2026,14.05.2026,CRM Bitrix24,Полный бак при выдаче
108,SHARE-000108,Hyundai Solaris,Hyundai Solaris,,###,Бензин,Воронеж,"ул. Мира, д. 104, кв. 94",+7-942-891-32-58,vorobevaalin747@mail.ru,Забронировано,83,17,26.03.2026,01.04.2026,Excel-выгрузка,Плановое ТО через 500 км
109,SHARE-000109,Volkswagen,Volkswagen Polo,Семёнова Наталья Викторовна,Премиум,ОШИБКА_ДАННЫХ,Воронеж,"ул. Ленина, д. 108, кв. 21",+7-944-231-55-27,semenovanata696@yandex.ru,В аренде,83,10,04.11.2024,26.02.2025,Собственная система учёта,Плановое ТО через 500 км
110,SHARE-000110,Kia Rio,Kia Rio,Новикова Полина Николаевна,Экономичный класс,Дизель,Крд,"ул. Победы, д. 57, кв. 27",+7-927-627-43-14,novikovapoli342@outlook.com,Забронировано,51,13,15.07.2025,22.02.2024,CRM Bitrix24,Обнаружены повреждения
111,SHARE-000111,Chevrolet Niva,Chevrolet Niva,Виноградова Екатерина Петровна,Премиальный класс,Бензин,Санкт-Петербург,"ул. Центральная, д. 27, кв. 75",+7-922-651-54-86,vinogradovae74@outlook.com,###,131,17,21.12.2025,18.11.2025,1С:Предприятие,Плановое ТО через 500 км
112,SHARE-000112,Lada Vesta,Lada Vesta,Фёдоров Дмитрий Александрович,Пре,Дизель,Челяб.,"ул. Победы, д. 139, кв. 134",+7-931-468-27-40,fedorovdmitr669@outlook.com,В аренде,100,8,21.03.2023,05.12.2025,Собственная система учёта,
113,SHARE-000113,Lada Vesta,Lada Vesta,Козлов Максим Сергеевич,Экономичный класс,Бензин,Екатеринбург,"ул. Мира, д. 32, кв. 189",+7-922-701-85-56,kozlovmaksim144@,На техническом обслуживании,92,10,02.06.2025,22.08.2026,CRM Bitrix24,Полный бак при выдаче
114,SHARE-000114,Volkswagen Polo,Volkswagen Polo,Морозова Ксения Дмитриевна,Комфортный класс,Гибрид,Екатеринбург,"ул. Ленина, д. 33, кв. 21",+7-920-877-27-84,morozovaksen179@yandex.ru,Завершена,126,16,21.06.2025,25.02.2024,,
115,SHARE-000115,Ford Focus,,Богданова Мария Викторовна,Неизвестная категория,Электро,Мск,ул.,+7-938-916-61-66,bogdanovamar633@outlook.com,Завершена,16,7,26.10.2024,07.10.2024,Собственная система учёта,Требуется мойка
116,SHARE-000116,Volkswagen Polo,Volkswagen Polo,Соколова Анна Александровна,Комфортный класс,Электро,Самара,"ул. Спортивная, д. 52, кв. 39",+7-958-876-15-12,sokolovaanna247@gmail.com,Неизвестная категория,21,14,05.03.2025,03.10.2026,1С:Предприятие,
117,SHARE-000117,Kia Rio,Kia Rio,Попов Роман Александрович,Комфортный класс,Бензин,Челяб.,"ул. Садовая, д. 54, кв. 69",+7-940-330-62-44,popovromanal141@outlook.com,Завершена,126,17,06.11.2024,26.03.2024,Собственная система учёта,Требуется мойка
118,SHARE-000118,Ford Focus,Ford,ОШИБКА_ДАННЫХ,Комфорт,Гибрид,Новосиб.,"ул. Гагарина, д. 106, кв. 140",+7-917-3,sokolovegors581@,На техническом обслуживании,77,22,26.09.2026,09.12.2026,SAP ERP,Обнаружены повреждения
119,SHARE-000119,BMW 3 series,BMW 3 series,Богданова Мария Николаевна,Премиальный класс,Гибрид,Самара,"ул. Ленина, д. 4, кв. 36",телефон отсутствует,bogdanovamar329@outlook.com,На техническом обслуживании,60,7,08.11.2024,24.05.2025,Собственная система учёта,Плановое ТО через 500 км
120,SHARE-000120,Ford Focus,Ford Focus,Алексеева Полина Сергеевна,Экономичный класс,Дизель,категория_5,"ул. Мира, д. 55, кв. 107",+7-944-967-19-47,alekseevapol836@gmail.com,Завершена,147,8,09.04.2024,12.04.2024,Excel-выгрузка,
121,SHARE-000121,Nissan Qashqai,Nissan Qashqai,Соколов Егор Сергеевич,Комфортный класс,Электро,СПб,"ул. Советская, д. 72, кв. 82",+7-923-828-47-93,sokolovegors304@mail.ru,В аренде,32,17,12.12.2023,19.01.2025,Excel-выгрузка,Полный
122,SHARE-000122,Kia Rio,Kia Rio,Богданова Ксения Николаевна,Экономичный класс,Гибрид,Екатеринбург,"ул. Гагарина, д. 29, кв. 196",+7-930-588-18-62,bogdanovakse128@yandex.ru,На техническом обслуживании,144,24,28.04.2024,26.07.2026,1С:Предприятие,-
123,SHARE-000123,Renault Duster,Renault Duster,Козлова Виктория Дмитриевна,Комфортный класс,Бензин,Екб,"ул. Пушкина, д. 99, кв. 97",+7-930-820-27-10,kozlovavikto597@yandex.ru,На техническом обслуживании,23,20,16.12.2024,04.08.2024,CRM Bitrix24,Плановое ТО через 500 км
124,SHARE-000124,BMW 3 series,BMW 3 series,Лебедева Ксения Александровна,Комфортный класс,Дизель,Санкт-Петербург,"ул. Мира, д. 33, кв. 41",+7-950-884-84-25,lebedevaksen309@gmail.com,На техническом обслуживании,137,12,26.06.2026,24.06.2024,CRM Bitrix24,Полный бак при выдаче
125,SHARE-000125,Ford Focus,Ford Focus,Богданов Владимир Андреевич,Премиальный класс,Бензин,Ростов-н/Д,"ул. Пушкина, д. 10, кв. 168",+7-941-830-45-48,bogdanovvlad758@outlook.com,В аренде,,5,2023,2025,Собственная система учёта,Требуется мойка
126,SHARE-000126,Nissan Qashqai,Nissan Qashqai,Егоров Сергей Викторович,Премиальный класс,Электро,Москва,,+7-952-524-16-47,egorovsergei395@yandex.ru,В аренде,80,11,07.09.2024,15.06.2024,1С:Предприятие,Плановое ТО через 500 км
127,SHARE-000127,Volkswagen Polo,,Воробьёва Светлана Сергеевна,Экономичный класс,Электро,Казань,-,+7-939-254-82-86,vorobevasvet793@gmail.com,На техническом обслуживании,91,17,00.00.0000,04.03.2025,1С:Предприятие,Требуется мойка
128,SHARE-000128,Volkswagen Polo,Volkswagen Polo,Виноградов Андрей Александрович,Комфорт,Дизель,,"ул. Советская, д. 71, кв. 143",+7-914-409-26-22,vinogradovan866@mail.ru,В аренде,69,много,20.04.2024,2025,Собственная система учёта,Требуется мойка
129,SHARE-000129,Hyundai Solaris,Hyundai Solaris,Фёдорова Полина Дмитриевна,Премиальный класс,Гибрид,Нижний Новгород,,+7-910-159-10-34,fedorovapoli559@yandex.ru,В аренде,37,6,28.01.2026,26.08.2026,SAP ERP,Плановое ТО через 500 км
130,SHARE-000130,Volkswagen Polo,Volkswagen Polo,Морозов Егор Александрович,Премиум,???,Казань,"ул. Ленина, д. 20, кв. 148",+7-958-619-95-24,morozovegora872@gmail.com,На техническом обслуживании,99,15,03.09.2025,16.10.2026,SAP ERP,
131,SHARE-000131,BMW 3 series,BMW 3 series,Кузнецов Алексей Иванович,Эконом,Гибрид,СПб,"ул. Победы, д. 28, кв. 23",+7-959-245-31-54,kuznecovalek37@mail.ru,Завершена,95,22,16.09.2025,08.04.2026,SAP ERP,Плановое ТО через 500 км
132,SHARE-000132,Chevrolet Niva,Chevrolet Niva,Егорова Наталья Викторовна,Премиальный класс,Гибрид,Новосибирск,,+7-949-800-98-89,egorovanatal216@outlook.com,Завершена,31,12,15.10.2023,20.03.2025,,Полный бак при выдаче
133,SHARE-000133,Ford Focus,Ford Focus,-,Премиум,Бензин,Самара,"ул. Центральная, д. 136, кв. 138",+7-947-480-35-15,ivanovakseni774@mail.ru,Заброниров.,,17,12.07.2024,,???,Требуется мойка
134,SHARE-000134,Ford Focus,Ford Focus,Павлов Артём Андреевич,Экономичный класс,Дизель,###,"ул. Советская, д. 60, кв. 181",+7-925-419-44-37,pavlovartema897@gmail.com,Завершена,50,22,09.09.2024,вчера,CRM,Обнаружены повреждения
135,SHARE-000135,Nissan Qashqai,Nissan Qashqai,Соколова Светлана Викторовна,Комфорт,Дизель,Н.Новгород,####,+7-910-498-74-26,sokolovasvet660@gmail.com,Заброниров.,83,-1,11.03.2023,2026,1С:Предприятие,Требуется мойка
136,SHARE-000136,Ford Focus,Ford Focus,Попова Светлана Петровна,Премиальный класс,Электро,Пермь,"ул. Гагарина, д. 72, кв. 65",+7-957-131-10-72,popovasvetla907@outlook.com,Забронировано,ERROR,7,10.04.2025,11.02.2024,1С:Предприятие,
137,SHARE-000137,BMW 3 series,BMW 3 series,Морозова Анна Николаевна,Комфортный класс,Дизель,Ростов-н/Д,"ул. Гагарина, д. 128, кв. 124",+7-950-791-44-81,morozovaanna253@gmail.com,Завершена,0,24,25.03.2023,21.02.2025,1С:Предприятие,Требуется мойка
138,SHARE-000138,Lada Vesta,,Павлова Алина Александровна,Премиум,Гибрид,Челябинск,"ул. Спортивная, д. 56, кв. 195",+7-921-640-85-18,нет_почты,В аренде,8,17,14.04.2023,08.09.2025,Excel-выгрузка,Полный бак при выдаче
139,SHARE-000139,Chevrolet Niva,Chevrolet Niva,,Экономичный класс,Бензин,Краснодар,"ул. Гагарина, д. 9, кв. 152",,egorovromans587@outlook.com,Завершена,много,21,09.01.2026,15.07.2025,CRM Bitrix24,Плановое ТО через 500 км
140,SHARE-000140,BMW 3 series,BMW 3 series,Морозова Виктория Петровна,Премиальный класс,Электро,Смр,"ул. Гагарина, д. 76, кв. 132",+7-910-154-25-90,morozovavikt929@mail.ru,Завершена,31,22,22.03.2023,13.07.2024,1С:Предприятие,Обнаружены повреждения
141,SHARE-000141,Renault Duster,Renault Duster,Егоров Илья Александрович,Экономичный класс,Дизель,Воронеж,"ул. Мира, д. 39, кв. 77",+7-941-781-85-68,egorovilyaal218@gmail.com,В аренде,126,15,16.10.2024,14.12.2026,1С:Предприятие,Плановое ТО через 500 км
142,SHARE-000142,Hyundai Solaris,Hyundai,Иванова Наталья Викторовна,Премиальный класс,Дизель,Волгоград,"ул. Мира, д. 84, кв. 48",+7-942-406-94-93,ivanovanatal984@gmail.com,Завершена,90,17,12.12.2026,24.12.2024,???,N/A
143,SHARE-000143,Kia Rio,Kia Rio,Лебедева Мария Андреевна,Комфортный класс,Гибрид,Екатеринбург,"ул. Пушкина, д. 85, кв. 131",+7-954-892-91-19,lebedevamari423@yandex.ru,Заброниров.,117,14,16.01.2023,01.06.2025,1С:Предприятие,Обнаружены повреждения
144,SHARE-000144,Kia Rio,Kia Rio,Смирнова Дарья Александровна,Премиальный класс,Электро,Крд,"ул. Гагарина, д. 142, кв. 84",+7-954-593-13-44,smirnovadary169@gmail.com,Забронировано,117,5,17.02.2025,02.06.2025,Excel-выгрузка,Требуется мойка
145,SHARE-000145,Skoda Octavia,Skoda Octavia,Петрова Елена Александровна,Премиальный класс,,Самара,"ул. Ленина, д. 26, кв. 80",+7-950-430-33-95,petrovaelena780@yandex.ru,Завершена,75,7,2026-13-45,03.06.2026,SAP ERP,Плановое ТО через 500 км
146,SHARE-000146,Chevrolet Niva,Chevrolet Niva,Голубева Ирина Дмитриевна,Экономичный класс,-,Новосиб.,"ул. Молодёжная, д. 113, кв. 100",+7-935-961-63-62,golubevairin951@mail.ru,Заброниров.,92,24,17.07.2025,31.02.2026,1С:Предприятие,
147,SHARE-000147,Renault Duster,Renault Duster,Новиков Александр Иванович,Комфортный класс,Гибрид,Неизвестная категория,-,телефон отсутствует,novikovaleks391@yandex.ru,В аренде,,20,24.02.2025,01.04.2024,SAP ERP,
148,SHARE-000148,Renault Duster,Renault Duster,Семёнова Ксения Дмитриевна,Комфортный класс,Бензин,Ворнж,"ул. Мира, д. 137, кв. 119",+7-913-600-91-78,semenovaksen95@yandex.ru,Заброниров.,47,8,18.09.2023,10.02.2026,Собственная система учёта,Обнаружены повреждения
149,SHARE-000149,Chevrolet Niva,Chevrolet Niva,Богданова Дарья Сергеевна,Экономичный класс,Гибрид,Санкт-Петербург,"ул. Советская, д. 123, кв. 161",+7-941-921-99-47,bogdanovadar211@gmail.com,Забронировано,1,16,05.01.2024,05.03.2026,Excel-выгрузка,Обнаружены
150,SHARE-000150,Skoda Octavia,Skoda Octavia,Кузнецова Юлия Дмитриевна,Комфорт,Гибрид,Казань,"ул. Гагарина, д. 21, кв. 136",+7-941-355-29-20,kuznecovayul556@yandex.ru,В аренде,109,20,31.02.2026,2026,SAP ERP,Плановое ТО через 500 км
151,SHARE-000151,Kia Rio,Kia Rio,Фёдоров Павел Иванович,Экономичный класс,Электро,Новосиб.,"ул. Садовая, д. 19, кв. 189",+7-928-7,fedorovpavel844@mail.ru,Завершена,46,13,27.09.2024,06.12.2026,,
152,SHARE-000152,Hyundai Solaris,Hyundai Solaris,Петрова Мария Викторовна,Эконом,Гибрид,Санкт-Петербург,"ул. Гагарина, д. 56, кв. 184",+7-929-190-44-54,petrovamariy871@gmail.com,Завершена,,15,20.03.2023,08.11.2024,Собственная система учёта,Требуется мойка
153,SHARE-000153,BMW 3 series,BMW 3 series,Семёнов Дмитрий Викторович,Экономичный класс,Дизель,СПб,"ул. Молодёжная, д. 9, кв. 183",+7-927-967-74-77,semenovdmitr720@outlook.com,Завершена,117,17,05.08.2025,24.06.2026,CRM Bitrix24,Полный
154,SHARE-000154,Chevrolet Niva,-,-,Премиум,Гибрид,Ворнж,"ул. Мира, д. 112, кв. 48",+7-935-656-44-80,ivanovdmitri371@yandex.ru,###,123,10,18.01.2025,27.05.2026,Собственная система учёта,
155,SHARE-000155,Skoda Octavia,Skoda Octavia,Голубев Роман Дмитриевич,Комфортный класс,Гибрид,Москва,"ул. Центральная, д. 76, кв. 183",+7-943-191-68-26,golubevroman466@mail.ru,Забронировано,148,8,02.11.2024,06.02.2024,1С:Предприятие,Плановое ТО через 500 км
156,SHARE-000156,Chevrolet Niva,Chevrolet Niva,Голубев Кирилл Николаевич,Комфортный класс,Бензин,Екатеринбург,"ул. Советская, д. 95, кв. 6",+7-910-269-89-73,golubevkiril613@outlook.com,В аренде,138,13,09.04.2026,2025,1С:Предприятие,-
157,SHARE-000157,Volkswagen Polo,Volkswagen Polo,,Эконом,Гибрид,Пермь,"ул. Советская, д. 25, кв. 93",+7-958-394-42-19,lebedevamari27@yandex.ru,На техническом обслуживании,103,17,24.06.2026,,SAP ERP,Требуется мойка
158,SHARE-000158,Lada Vesta,Lada Vesta,Фёдорова Екатерина Сергеевна,Премиум,Бензин,Самара,"ул. Гагарина, д. 37, кв. 7",+7-950-982-33-96,fedorovaekat802@gmail.com,Завершена,135,20,11.12.2026,22.04.2024,CRM Bitrix24,Обнаружены повреждения
159,SHARE-000159,Renault Duster,Renault Duster,Павлова Екатерина Петровна,Экономичный класс,Гибрид,Краснодар,"ул. Центральная, д. 114, кв. 40",+7-913-491-70-58,pavlovaekate510@yandex.ru,Завершена,89,13,12.09.2025,28.03.2026,SAP ERP,Полный бак при выдаче
160,SHARE-000160,Nissan Qashqai,,Богданова Анна Александровна,Эко,Электро,Челяб.,12345XYZ,+7-935-255-27-82,bogdanovaann631@gmail.com,Зав,23,13,08.05.2023,25.11.2025,,Плановое ТО через 500 км
161,SHARE-000161,Ford Focus,Ford Focus,Алексеев Кирилл Андреевич,Экономичный класс,Дизель,Н.Новгород,12345XYZ,+7-929-141-37-80,alekseevkiri67@mail.ru,Забронировано,68,11,12.10.2026,04.02.2024,SAP ERP,
162,SHARE-000162,Chevrolet Niva,Chevrolet Niva,Петрова Виктория Александровна,Премиальный класс,Гибрид,Челяб.,"ул. Центральная, д. 100, кв. 63",+7-937-296-61-97,petrovavikto345@yandex.ru,Забронировано,99,18,24.12.2023,09.07.2024,CRM Bitrix24,
163,SHARE-000163,Hyundai Solaris,Hyundai Solaris,Попов Максим Александрович,Комфортный класс,Дизель,Ворнж,"ул. Центральная, д. 140, кв. 191",+7-926-280-12-96,popovmaksima393@outlook.com,Завершена,43,23,19.01.2023,,CRM Bitrix24,Обнаружены повреждения
164,SHARE-000164,Volkswagen,,Новикова Виктория Петровна,Комфортный класс,Гибрид,Ростов-н/Д,-,+7-942-578-35-93,novikovavikt709@gmail.com,Завершена,122,6,18.05.2025,01.09.2024,,Плановое ТО через 500 км
165,SHARE-000165,Nissan Qashqai,Nissan Qashqai,Попова Виктория Александровна,Эконом,Электро,Новосибирск,"ул. Пушкина, д. 123, кв. 65",+7-954-308-30-83,popovaviktor169@outlook.com,Заброниров.,41,25,24.09.2023,2024,Excel-выгрузка,???
166,SHARE-000166,Lada Vesta,Lada Vesta,Волкова Дарья Ивановна,Премиальный класс,Электро,Екб,"ул. Советская, д. 37, кв. 135",+7-926-841-27-30,,На техническом обслуживании,42,24,01.11.2023,01.02.2025,CRM Bitrix24,Плановое ТО через 500 км
167,SHARE-000167,Kia Rio,####,Павлов Алексей Александрович,Премиальный класс,Гибрид,Пермь,"ул. Советская, д. 10, кв. 88",+7-923-662-27-91,pavlovalekse252@mail.ru,В аренде,114,24,22.12.2025,21.03.2025,Excel-выгрузка,Полный бак при выдаче
168,SHARE-000168,Volkswagen Polo,Volkswagen Polo,Козлова Ксения Ивановна,Комфортный класс,Дизель,Екатеринбург,"ул. Спортивная, д. 140, кв. 29",+7-943-271-24-97,kozlovakseni753@mail.ru,На техническом обслуживании,76,8,2023,19.01.2024,SAP ERP,Плановое ТО через 500 км
169,SHARE-000169,Skoda Octavia,Skoda Octavia,Новикова Юлия Петровна,Эконом,Бензин,Новосибирск,"ул. Центральная, д. 45, кв. 75",+7-940-121-80-26,novikovayuli395@outlook.com,На техническом обслуживании,32,7,08.01.2025,2026,Собственная система учёта,Требуется мойка
170,SHARE-000170,,BMW 3 series,Павлов Илья Андреевич,Премиальный класс,Электро,Новосиб.,"ул. Победы, д. 129, кв. 151",+7-926-601-84-63,pavlovilyaan294@outlook.com,Забронировано,75,15,03.02.2026,25.12.2024,Excel-выгрузка,Требуется мойка
171,SHARE-000171,Chevrolet Niva,Chevrolet Niva,???,Премиум,Бензин,Краснодар,"ул. Победы, д. 2, кв. 60",+7-923-508-42-66,petrov@@mail..ru,Забронировано,122,8,01.01.2025,27.03.2026,Собственная система учёта,Требуется мойка
172,SHARE-000172,Skoda Octavia,Skoda Octavia,Попов Дмитрий Викторович,Экономичный класс,Бензин,Самара,"ул. Садовая, д. 47, кв. 140",+7-927-953-71-20,popovdmitrii106@yandex.ru,На техническом обслуживании,75,9,23.05.2025,01.12.2024,SAP ERP,Полный бак при выдаче
173,SHARE-000173,Lada Vesta,Lada Vesta,Волков Илья Иванович,Экономичный класс,Бензин,СПб,"ул. Ленина, д. 64, кв. 132",+7-958-468-21-74,volkovilyaiv787@yandex.ru,На техническом обслуживании,129,24,28.07.2023,12.11.2025,1С:Предприятие,Полный бак при выдаче
174,SHARE-000174,Renault Duster,Renault Duster,Козлова Наталья Николаевна,Премиальный класс,Гибрид,Нижний Новгород,"ул. Спортивная, д. 65, кв. 177",,kozlovanatal255@outlook.com,Завершена,74,10,27.08.2026,06.04.2024,SAP ERP,Плановое ТО через 500 км
175,SHARE-000175,Hyundai Solaris,Hyundai Solaris,Соколов Илья Николаевич,Премиальный класс,Электро,СПб,"ул. Пушкина, д. 109, кв. 158",+7-926-501-88-27,sokolovilyan708@outlook.com,Завершена,32,17,19.09.2024,08.05.2026,Собственная система учёта,Плановое ТО через 500 км
176,SHARE-000176,Lada Vesta,Lada Vesta,Попов Владимир Сергеевич,Комфорт,Дизель,Нижний Новгород,"ул. Советская, д. 87, кв. 131",+7-916-536-51-33,popovvladimi535@yandex.ru,Завершена,146,,08.03.2026,13.10.2026,Excel-выгрузка,Плановое ТО через 500 км
177,SHARE-000177,Renault Duster,Renault Duster,Егорова Алина Александровна,Экономичный класс,Электро,Москва,"ул. Пушкина, д. 90, кв. 130",+7-949-900-86-84,egorovaalina320@outlook.com,,2,24,02.08.2023,09.08.2024,Собственная система учёта,Требуется мойка
178,SHARE-000178,Kia Rio,Kia Rio,Петрова Полина Ивановна,Премиальный класс,Дизель,СПб,"ул. Молодёжная, д. 31, кв. 19",+7-938-472-19-58,petrovapolin230@yandex.ru,Забронировано,,11,05.03.2025,14.04.2025,12345XYZ,ОШИБКА_ДАННЫХ
179,SHARE-000179,???,Lada Vesta,####,Премиум,Электро,Ростов-на-Дону,"ул. Молодёжная, д. 123, кв. 174",+7-942-376-74-36,pavlovamariy252@outlook.com,Забронировано,11,5,03.10.2025,17.07.2026,1С:Предприятие,Обнаружены повреждения
180,SHARE-000180,BMW 3 series,BMW 3 series,Егорова Екатерина Ивановна,Эконом,Бензин,Санкт-Петербург,"ул. Центральная, д. 38, кв. 175",+7-954-430-22-50,egorovaekate436@outlook.com,Завершена,59,15,28.05.2025,24.07.2025,,Требуется мойка
181,SHARE-000181,Kia Rio,-,Лебедева Светлана Александровна,Премиальный класс,Дизель,Воронеж,"ул. Советская, д. 66, кв. 96",+7-955-167-97-40,lebedevasvet849@gmail.com,В аренде,29,7,24.01.2025,17.02.2024,1С:Предприятие,
182,SHARE-000182,Lada Vesta,Lada Vesta,Алексеева Дарья Дмитриевна,Экономичный класс,Гибрид,Москва,"ул. Гагарина, д. 64, кв. 122",+7-943-420-43-48,alekseevadar546@yandex.ru,На ТО,87,10,04.02.2026,19.11.2026,1С:Предприятие,Требуется мойка
183,SHARE-000183,Volkswagen Polo,Volkswagen Polo,Фёдорова Юлия Александровна,Экономичный класс,Дизель,Самара,"ул. Мира, д. 125, кв. 126",+7-930-898-87-82,fedorovayuli717@yandex.ru,В аренде,12,12,04.12.2023,11.03.2026,CRM Bitrix24,
184,SHARE-000184,####,Nissan Qashqai,,Премиальный класс,Электро,Челябинск,"ул. Центральная, д. 144, кв. 58",+7-948-285-13-47,novikovartem123@yandex.ru,Завершена,124,6,05.03.2025,18.08.2025,Собственная система учёта,Требуется мойка
185,SHARE-000185,Skoda Octavia,Skoda Octavia,Соколов Дмитрий Дмитриевич,Премиальный класс,Гибрид,Пермь,"ул. Гагарина, д. 2, кв. 173",+7-915-531-84-59,sokolovdmitr840@outlook.com,Завершена,56,13,12.08.2025,20.02.2025,SAP ERP,Плановое ТО через 500 км
186,SHARE-000186,Kia Rio,Kia Rio,Егоров Сергей Дмитриевич,Комфортный класс,Гибрид,Новосибирск,"ул. Советская, д. 136, кв. 147",+7-919-795-12-97,egorovsergei623@yandex.ru,В аренде,140,11,04.09.2026,09.01.2025,Собственная система учёта,Требуется мойка
187,SHARE-000187,BMW 3 series,BMW 3 series,Виноградов Сергей Андреевич,Экономичный класс,Бензин,###,"ул. Садовая, д. 83, кв. 168",+7-939-477-84-72,vinogradovse144@gmail.com,На техническом обслуживании,104,12,14.09.2025,18.11.2025,1С:Предприятие,Плановое ТО через 500 км
188,SHARE-000188,####,N/A,Новиков Илья Николаевич,Комфорт,Гибрид,Новосибирск,"ул. Гагарина, д. 127, кв. 27",+7-914-781-94-36,novikovilyan208@mail.ru,категория_5,23,25,10.12.2025,04.10.2024,1С:Предприятие,Обнаружены повреждения
189,SHARE-000189,Chevrolet Niva,Chevrolet Niva,Петрова Виктория Петровна,Комфортный класс,Бензин,Санкт-Петербург,"ул. Молодёжная, д. 19, кв. 172",+7-922-408-55-59,petrovavikto222@mail.ru,Забронировано,117,8,13.08.2024,06.03.2024,1С:Предприятие,Плановое ТО через 500 км
190,SHARE-000190,Renault Duster,Renault Duster,Морозов,Комфортный класс,ОШИБКА_ДАННЫХ,Екатеринбург,"ул. Советская, д. 130, кв. 76",+7-947-737-57-94,morozovartem207@gmail.com,На ТО,136,11,,24.03.2026,1С:Предприятие,Обнаружены повреждения
191,SHARE-000191,Skoda,Skoda Octavia,Егоров Кирилл Викторович,Комфортный класс,Дизель,Самара,"ул. Победы, д. 36, кв. 15",+7-959-991-47-97,egorovkirill780@outlook.com,не указано(ошибка),56,11,10.07.2023,01.03.2024,Excel-выгрузка,Обнаружены повреждения
192,SHARE-000192,Renault Duster,Renault Duster,Голубева Мария Викторовна,Премиальный класс,Гибрид,Казань,"ул. Гагарина, д. 132, кв. 135",+7-943-538-26-37,golubevamari340@gmail.com,Зав,118,16,17.02.2025,20.11.2025,SAP,Полный бак при выдаче
193,SHARE-000193,Kia Rio,Kia Rio,Петров Александр Александрович,Комфорт,Гибрид,Нижний Новгород,"ул. Садовая, д. 2, кв. 44",+7-945-220-91-91,petrovaleksa817@yandex.ru,Завершена,89,8,24.09.2023,05.03.2024,Excel-выгрузка,Обнаружены повреждения
194,SHARE-000194,Hyundai Solaris,Hyundai Solaris,Соколов Владимир Николаевич,Экономичный класс,Электро,Ростов-на-Дону,???,+7-940-422-48-38,нет_почты,Забронировано,19,8,02.07.2026,2024,Excel-выгрузка,Требуется мойка
195,SHARE-000195,Nissan Qashqai,Nissan Qashqai,Фёдоров Владимир Александрович,Премиум,Гибрид,Нижний Новгород,"ул. Гагарина, д. 87, кв. 183",12345,fedorovvladi272@gmail.com,На техническом обслуживании,129,7,16.05.2026,13.01.2024,1С:Предприятие,Плановое ТО через 500 км
196,SHARE-000196,Skoda Octavia,Skoda Octavia,Смирнов Павел Петрович,Премиальный класс,Электро,Новосибирск,"ул. Ленина, д. 74, кв. 60",+7-948-367-86-19,smirnovpavel938@gmail.com,В аренде,145,8,26.08.2026,2026,SAP ERP,Обнаружены повреждения
197,SHARE-000197,Renault Duster,,Волков Роман Александрович,Премиальный класс,Электро,Казань,"ул. Молодёжная, д. 105, кв. 21",+7-937-961-88-94,volkovromana576@mail.ru,Завершена,109,19,17.03.2023,23.05.2025,Excel-выгрузка,-
198,SHARE-000198,Lada Vesta,Lada Vesta,Петрова Светлана Викторовна,Экономичный класс,Гибрид,Волгоград,"ул. Ленина, д. 103, кв. 154",+7-943-482-23-33,petrovasvetl446@gmail.com,Завершена,112,11,2026-13-45,18.11.2025,1С:Предприятие,-
199,SHARE-000199,Volkswagen Polo,Volkswagen Polo,Козлов Максим Иванович,Премиум,???,Пермь,"ул. Садовая, д. 46, кв. 25",+7-917-932-88-13,kozlovmaksim135@mail.ru,Заброниров.,142,20,13.02.2025,18.09.2025,Excel-выгрузка,Плановое ТО через 500 км
200,SHARE-000200,Chevrolet Niva,Chevrolet Niva,Фёдоров Дмитрий Сергеевич,Эконом,Бензин,Воронеж,"ул. Молодёжная, д. 148, кв. 62",+7-946-780-91-64,fedorovdmitr637@outlook.com,категория_5,41,6,2026-13-45,27.11.2026,Excel-выгрузка,Плановое ТО через 500 км
