ID,Код записи,Имя питомца,Имя питомца (повтор),ФИО владельца,Вид животного,Порода,Город,Адрес,Телефон,Email,Статус приёма,"Возраст, лет","Стоимость приёма, руб.",Дата создания записи,Дата последнего обновления,Система-источник,Примечания
1,VET-000001,Тимоша,Тимоша,Петрова Дарья Викторовна,Грызун,Метис,Москва,"ул. Садовая, д. 146, кв. 47",+7-943-292-27-59,ivanov.mail.ru,Запланирован,16,14061,11.09.2025,26.06.2025,1С:Предприятие,
2,VET-000002,Дружок,Дружок,Голубева Татьяна Андреевна,Экзотическое животное,,Новосибирск,"ул. Мира, д. 115, кв. 111",+7-934-351-90-27,golubevataty718@gmail.com,Треб. повт. приём,15,3260,11.10.2026,25.11.2025,CRM Bitrix24,-
3,VET-000003,Симба,Симба,Голубев Алексей Сергеевич,Экзот. животное,Лабрадор,Смр,"ул. Спортивная, д. 97, кв. 142",+7-952-125-78-40,golubevaleks285@gmail.com,Запланирован,17,6877,22.12.2024,18.07.2024,SAP ERP,Первое посещение
4,VET-000004,???,Тигра,Морозова Ольга Сергеевна,Собака,Британская короткошёрстная,Екб,"ул. Советская, д. 73, кв. 15",+7-945-905-60-74,morozovaolga596@yandex.ru,Проведён,17,3994,01.06.2024,22.06.2026,SAP ERP,Первое посещение
5,VET-000005,Барсик,Барсик,Лебедева Мария Андреевна,Собака,Мейн-кун,Волгоград,"ул. Центральная, д. 57, кв. 183",+7-948-369-85-64,lebedevamari332@gmail.com,Требуется повторный приём,2,2628,09.12.2026,26.01.2024,1С:Предприятие,Первое посещение
6,VET-000006,Барсик,Барсик,Козлов Егор Николаевич,Кошка,Метис,Н.Новгород,"ул. Советская, д. 92, кв. 111",+7-917-730-56-87,kozlovegorni208@outlook.com,Отменён,10,2925,06.03.2026,04.11.2026,,Стерилизация выполнена
7,VET-000007,Ася,Ася,Смирнов Илья Николаевич,Грызун,Британская короткошёрстная,Краснодар,"ул. Центральная, д. 112, кв. 39",12345,smirnovilyan780@gmail.com,Требуется повторный приём,13,13633,15.05.2026,16.07.2025,CRM Bitrix24,Стерилизация выполнена
8,VET-000008,Люся,Люся,Воробьёва Юлия Александровна,Собака,Британская короткошёрстная,Екб,"ул. Советская, д. 125, кв. 65",+7-946-866-96-67,vorobevayuli481@yandex.ru,Заплан.,9,1441,24.12.2024,02.11.2026,CRM Bitrix24,Требуется ревакцинация
9,VET-000009,Ася,Ася,Голубева Ксения Петровна,Экзотическое животное,Британская короткошёрстная,Ниж,"ул. Пушкина, д. 110, кв. 65",+7-959-811-61-85,golubevaksen232@mail.ru,Тре,4,8690,2025,14.12.2025,1С:Предприятие,Первое посещение
10,VET-000010,Марта,Марта,N/A,Птица,Метис,Пермь,"ул. Пушкина, д. 87, кв. 93",+7-917-370-74-25,novikovaelen293@gmail.com,Тре,3,1500,26.12.2024,20.07.2026,Excel-выгрузка,Стерилизация выполнена
11,VET-000011,Ася,Ася,Егоров Максим Викторович,Грызун,Лабрадор,###,"ул. Спортивная, д. 40, кв. 136",+7-935-183-39-73,egorovmaksim248@mail.ru,Отмен.,7,,00.00.0000,27.06.2026,Excel-выгрузка,
12,VET-000012,Люся,Люся,####,Кошка,Немецкая овчарка,Москва,"ул. Центральная, д. 79, кв. 154",+7-930-957-78-35,kuznecovegor661@gmail.com,не указано(ошибка),3,5814,10.03.2025,25.07.2024,Собственная система учёта,
13,VET-000013,Кеша,ОШИБКА_ДАННЫХ,Смирнов Павел Дмитриевич,Птица,Немецкая овчарка,не указано(ошибка),"ул. Молодёжная, д. 82, кв. 71",+7-930-128-50-33,smirnovpavel568@yandex.ru,Запланирован,11,7680,09.05.2025,07.02.2024,Собственная система учёта,Требуется ревакцинация
14,VET-000014,Барсик,Барсик,Морозов Сергей Николаевич,Экзотическое животное,Лабрадор,Крд,"ул. Пушкина, д. 36, кв. 176",телефон отсутствует,morozovserge803@yandex.ru,Треб. повт. приём,0,14560,15.02.2023,12.04.2024,Собственная система учёта,Первое посещение
15,VET-000015,Симба,Симба,Виноградова Алина Ивановна,Собака,Британская короткошёрстная,Москва,"ул. Спортивная, д. 99, кв. 78",+7-946-735-56-90,vinogradovaa373@mail.ru,Отменён,6,12016,10.10.2025,21.01.2024,CRM Bitrix24,Первое
16,VET-000016,Белка,ОШИБКА_ДАННЫХ,Павлова Полина Сергеевна,Грызун,Британская короткошёрстная,Влгд,"ул. Спортивная, д. 42, кв. 108",+7-921-510-20-58,pavlovapolin634@gmail.com,Требуется повторный приём,16,11525,14.10.2025,07.11.2026,Собственная система учёта,Требуется ревакцинация
17,VET-000017,Тигра,Тигра,Попов Артём Петрович,Собака,Лабрадор,Волгоград,"ул. Молодёжная, д. 9, кв. 97",+7-940-258-80-40,popovartempe552@yandex.ru,Запланирован,н/д,5949,08.03.2023,05.05.2025,Excel-выгрузка,Хронический пациент
18,VET-000018,Барсик,Барсик,Виноградов Максим Сергеевич,Экзотическое животное,Британская короткошёрстная,Крд,"ул. Мира, д. 49, кв. 3",+7-957-581-50-10,vinogradovma5@gmail.com,Требуется повторный приём,6,11308,27.02.2023,07.07.2026,1С:Предприятие,Первое посещение
19,VET-000019,Марта,N/A,Богданов Алексей Сергеевич,Птица,Немецкая овчарка,Москва,"ул. Спортивная, д. 7, кв. 187",+7-913-130-33-40,bogdanovalek208@outlook.com,Отменён,14,9270,22.03.2023,25.01.2026,1С:Предприятие,Хронический пациент
20,VET-000020,Марта,Марта,Фёдорова Виктория Дмитриевна,Кошка,Британская короткошёрстная,Ростов-на-Дону,"ул. Советская, д. 140, кв. 179",+7-942-649-51-78,fedorovavikt690@,Провед.,14,14069,16.04.2024,22.01.2026,1С:Предприятие,Стерилизация выполнена
21,VET-000021,Мухтар,,Павлова,Собака,####,Санкт-Петербург,"ул. Победы, д. 109, кв. 125",+7-958-404-36-15,нет_почты,Отменён,16,,03.12.2023,07.07.2025,Excel-выгрузка,Первое посещение
22,VET-000022,Мухтар,Мухтар,Воробьёва Алина Дмитриевна,Птица,Немецкая овчарка,Пермь,"ул. Центральная, д. 27, кв. 73",+7-959-938-10-41,vorobevaalin308@outlook.com,Запланирован,12,14855,15.05.2024,13.03.2024,Excel-выгрузка,
23,VET-000023,Мухтар,Мухтар,Новиков Дмитрий Николаевич,Экзотическое животное,Мейн-кун,Ростов-на-Дону,"ул. Садовая, д. 112, кв. 89",+7-936-579-17-15,novikovdmitr887@gmail.com,Провед.,5,н/д,21.07.2024,25.04.2026,1С:Предприятие,Первое посещение
24,VET-000024,Мурка,Мурка,Голубева Ольга Андреевна,Собака,Британская короткошёрстная,Новосибирск,"ул. Садовая, д. 123, кв. 104",+7-945-235-21-41,golubevaolga535@yandex.ru,Проведён,4,6655,20.02.2024,23.06.2025,Excel-выгрузка,Хронический пациент
25,VET-000025,Мурка,Мурка,Смирнов Алексей Дмитриевич,Грызун,Немецкая овчарка,Екб,"ул. Пушкина, д. 66, кв. 127",+7-927-672-98-77,smirnovaleks780@outlook.com,Треб. повт. приём,2,11055,26.01.2025,23.03.2026,1С:Предприятие,
26,VET-000026,Кеша,Кеша,Виноградов Кирилл Сергеевич,Экзотическое животное,Той-терьер,Пермь,"ул. Советская, д. 76, кв. 186",+7-928-641-80-98,vinogradovki498@yandex.ru,Отменён,ERROR,13214,14.08.2025,21.08.2025,Excel-выгрузка,Первое посещение
27,VET-000027,Тимоша,Тимоша,Попов Илья Викторович,Экзотическое животное,Немецкая овчарка,Самара,"ул. Ленина, д. 67, кв. 125",+7-928-567-24-95,popovilyavik318@yandex.ru,Проведён,8,14436,06.06.2025,19.02.2024,SAP ERP,Хронический пациент
28,VET-000028,Белка,Белка,Виноградова Дарья Александровна,Кошка,Метис,Казань,"ул. Ленина, д. 105, кв. 136",+7-919-260-11-67,vinogradovad970@gmail.com,Отменён,9,,03.03.2025,2025,CRM Bitrix24,Первое посещение
29,VET-000029,Кеша,Кеша,Новикова Мария Викторовна,Кошка,Британская короткошёрстная,Казань,"ул. Спортивная, д. 103, кв. 53",+7-910-451-51-59,novikovamari934@mail.ru,Заплан.,6,8229,06.07.2026,10.11.2026,Excel-выгрузка,Стерилизация выполнена
30,VET-000030,Мухтар,Мухтар,Воробьёва Ирина Александровна,Грызун,Лабрадор,Самара,"ул. Пушкина, д. 76, кв. 90",+7-937-246-75-38,vorobevairin253@outlook.com,Запланирован,12,4608,25.02.2025,26.03.2024,SAP ERP,Первое посещение
31,VET-000031,Ася,Ася,Воробьёва Наталья Петровна,Собака,Немецкая овчарка,Екатеринбург,"ул. Пушкина, д. 104, кв. 163",+7-957-293-87-83,vorobevanata553@mail.ru,Проведён,0,10123,17.06.2023,03.10.2024,Excel-выгрузка,Хронический пациент
32,VET-000032,Мухтар,Мухтар,Лебедева Наталья Ивановна,Гры,Мейн-кун,Москва,"ул. Советская, д. 93, кв. 3",+7-928-815-82-59,lebedevanata577@yandex.ru,Отменён,4,8709,11.07.2026,24.09.2025,1С:Предприятие,Стерилизация выполнена
33,VET-000033,Мурка,ОШИБКА_ДАННЫХ,Семёнов Андрей Иванович,Собака,Мейн-кун,Екатеринбург,"ул. Садовая, д. 57, кв. 189",+7-911-363-52-60,semenovandre651@outlook.com,,6,4531,23.02.2023,05.02.2026,Собственная система учёта,Хронический пациент
34,VET-000034,Симба,Симба,N/A,Экзотическое животное,Метис,Волгоград,"ул. Мира, д. 64, кв. 23",+7-932-316-87-58,popovsergeia106@gmail.com,Запланирован,,6572,03.03.2023,23.02.2024,SAP ERP,Требуется ревакцинация
35,VET-000035,N/A,Тигра,Иванов Никита Викторович,Грызун,Британская короткошёрстная,,"ул. Ленина, д. 120, кв. 157",+7-956-126-57-87,ivanovnikita995@outlook.com,Проведён,15,10735,08.03.2023,28.01.2024,1С:Предприятие,Хронический пациент
36,VET-000036,Ася,Ася,Егорова Екатерина Андреевна,Птица,Мейн-кун,СПб,"ул. Ленина, д. 72, кв. 164",+7-924-876-45-19,egorovaekate985@outlook.com,Требуется повторный приём,15,5926,14.04.2025,07.11.2024,CRM Bitrix24,Хронический пациент
37,VET-000037,Шарик,Шарик,Кузнецова Татьяна Викторовна,Птица,Немецкая овчарка,Волгоград,"ул. Молодёжная, д. 127, кв. 9",+7-933-169-87-27,kuznecovatat288@yandex.ru,Требуется повторный приём,,11155,07.03.2024,01.06.2026,-,
38,VET-000038,Люся,,Попов Андрей Александрович,Экзотическое животное,Мейн-кун,Новосиб.,"ул. Советская, д. 30, кв. 99",+7-948-898-66-33,popovandreia966@gmail.com,Проведён,7,4361,2023,08.09.2024,SAP ERP,
39,VET-000039,Ася,Ася,Фёдорова Ксения Александровна,Кошка,Метис,Москва,"ул. Центральная, д. 59, кв. 144",+7-932-237-11-37,fedorovaksen286@yandex.ru,Запланирован,15,3931,28.08.2025,01.03.2026,CRM Bitrix24,Стерилизация выполнена
40,VET-000040,Симба,Симба,Воробьёва Дарья Ивановна,Экзотическое животное,Мейн-кун,Екб,"ул. Советская, д. 145, кв. 196",+7-939-843-74-67,vorobevadary744@gmail.com,Треб. повт. приём,15,14687,12.04.2024,21.12.2024,SAP ERP,Стерилизация выполнена
41,VET-000041,Кеша,Кеша,Морозов,Птица,Британская,Краснодар,"ул. Спортивная, д. 106, кв. 6",+7-915-948-71-12,morozovvladi971@outlook.com,Провед.,1,12599,01.07.2024,03.07.2025,1С:Предприятие,Требуется ревакцинация
42,VET-000042,Граф,Граф,Семёнов Владимир Николаевич,Экзотическое животное,Британская короткошёрстная,Казань,"ул. Центральная, д. 94, кв. 159",+7-928-755-90-95,semenovvladi326@mail.ru,Заплан.,-1,10764,08.01.2024,24.06.2024,ОШИБКА_ДАННЫХ,
43,VET-000043,Мухтар,12345XYZ,Морозов Егор Викторович,Грызун,Метис,Екатеринбург,"ул. Советская, д. 130, кв. 94",+7-952-630-30-48,morozovegorv535@gmail.com,Отменён,12,5471,03.01.2023,18.02.2025,SAP ERP,####
44,VET-000044,Дружок,Дружок,Иванов Илья Дмитриевич,Собака,Лабрадор,Санкт-Петербург,"ул. Спортивная, д. 149, кв. 135",+7-925-154-78-26,ivanovilyadm774@outlook.com,Требуется повторный приём,4,2881,24.12.2024,04.12.2024,CRM Bitrix24,Первое посещение
45,VET-000045,Дружок,Дружок,Морозов,Экзотическое животное,Мейн-кун,Ростов-н/Д,"ул. Спортивная, д. 82, кв. 126",+7-933-857-36-13,morozovmaksi514@gmail.com,Запланирован,1,5095,21.11.2023,23.07.2025,Excel-выгрузка,Требуется ревакцинация
46,VET-000046,Мухтар,Мухтар,,Птица,Метис,Казань,"ул. Советская, д. 92, кв. 27",+7-944-4,petrovvladim372@outlook.com,Заплан.,8,3629,18.05.2023,09.11.2026,Excel-выгрузка,Стерилизация выполнена
47,VET-000047,нет данных(ошибка),Марта,Павлов Павел Александрович,Собака,Лабрадор,Волгоград,"ул. Ленина, д. 100, кв. 90",+7-922-682-39-83,pavlovpavela179@outlook.com,Отмен.,4,6421,17.03.2026,15.03.2025,Собственная система учёта,Стерилизация выполнена
48,VET-000048,Граф,Граф,Семёнов Илья Викторович,Грызун,Немецкая овчарка,Ростов-на-Дону,"ул. Садовая, д. 27, кв. 77",+7-936-986-20-67,semenovilyav319@mail.ru,Отменён,9,4007,2025,27.12.2024,SAP ERP,
49,VET-000049,Дружок,Дружок,Павлова Ксения Сергеевна,Птица,Британская короткошёрстная,Волгоград,"ул. Ленина, д. 70, кв. 41",+7-953-466-79-45,,Заплан.,9,10100,16.07.2026,27.03.2026,Excel-выгрузка,Хронический пациент
50,VET-000050,Граф,Граф,Смирнов Артём Петрович,Собака,Метис,Пермь,"ул. Советская, д. 84, кв. 69",+7-915-917-65-27,ivanov.mail.ru,Проведён,3,2214,18.09.2025,09.04.2024,1С:Предприятие,Требуется ревакцинация
51,VET-000051,Симба,Симба,Соколов Алексей Петрович,Экзот. животное,Британская короткошёрстная,Нижний Новгород,"ул. Победы, д. 95, кв. 173",+7-953-152-90-69,sokolovaleks555@gmail.com,Провед.,14,13473,01.04.2026,21.06.2026,1С:Предприятие,Требуется ревакцинация
52,VET-000052,Граф,Граф,Виноградов Никита Александрович,Грызун,Лабрадор,Санкт-Петербург,"ул. Пушкина, д. 87, кв. 78",+7-99-abc-12-34,vinogradovni38@gmail.com,Запланирован,14,1710,15.06.2024,18.04.2026,Собственная система учёта,Первое посещение
53,VET-000053,-,Люся,Соколов Роман Александрович,Кошка,Мейн-кун,Челябинск,"ул. Молодёжная, д. 49, кв. 103",+7-939-791-14-41,sokolovroman622@,Требуется повторный приём,6,4725,16.04.2026,09.08.2026,CRM Bitrix24,
54,VET-000054,Белка,Белка,Богданов,Птица,12345XYZ,Ростов-на-Дону,"ул. Спортивная, д. 134, кв. 142",+7-916-951-84-80,bogdanovarte556@mail.ru,Отменён,10,2283,07.06.2025,09.11.2025,1С:Предприятие,Требуется ревакцинация
55,VET-000055,Кеша,Кеша,Алексеева Светлана Андреевна,Грызун,Метис,Екб,"ул. Молодёжная, д. 56, кв. 67",+7-952-785-84-24,alekseevasve47@yandex.ru,Треб. повт. приём,13,10375,17.02.2025,11.03.2026,SAP ERP,Требуется ревакцинация
56,VET-000056,Белка,Белка,Егоров Владимир Дмитриевич,Экзот. животное,Мейн-кун,СПб,"ул. Пушкина, д. 47, кв. 78",,egorovvladim530@,Отменён,17,12883,13.09.2026,02.04.2024,CRM Bitrix24,Стерилизация выполнена
57,VET-000057,Граф,Граф,Богданов Дмитрий Сергеевич,Собака,Лабрадор,Волгоград,"ул. Гагарина, д. 52, кв. 173",+7-950-956-94-72,bogdanovdmit907@mail.ru,Отменён,4,14434,10.08.2026,27.09.2026,1С:Предприятие,Стерилизация
58,VET-000058,Мурка,Мурка,Попов Александр Петрович,Кошка,Той-терьер,Казань,"ул. Победы, д. 96, кв. 192",+7-942-850-55-44,popovaleksan137@mail.ru,,1,ABC,04.11.2026,21.09.2025,Excel-выгрузка,Стерилизация выполнена
59,VET-000059,Кеша,Кеша,Козлова Алина Петровна,Кошка,Той-терьер,Санкт-Петербург,"ул. Садовая, д. 74, кв. 160",+7-928-938-50-65,kozlovaalina463@gmail.com,Отменён,,4576,2026-13-45,01.07.2026,SAP ERP,Хронический пациент
60,VET-000060,Рекс,Рекс,Богданов Алексей Сергеевич,Птица,Той-терьер,Нижний Новгород,"ул. Садовая, д. 1, кв. 84",+7-927-777-41-55,bogdanovalek338@mail.ru,Запланирован,3,ABC,07.12.2023,21.08.2024,Собственная система учёта,Хронический пациент
61,VET-000061,Симба,Симба,Соколов Дмитрий Викторович,Собака,Немецкая овчарка,Волгоград,"ул. Садовая, д. 52, кв. 188",+7-925-461-73-78,sokolovdmitr188@gmail.com,Отменён,17,8143,26.06.2023,14.02.2026,1С:Предприятие,Стерилизация выполнена
62,VET-000062,Мухтар,Мухтар,Козлов Кирилл Петрович,Собака,Британская короткошёрстная,Волгоград,"ул. Советская, д. 139, кв. 198",+7-910-426-61-35,kozlovkirill157@outlook.com,Требуется повторный приём,10,-1,05.10.2025,17.10.2024,1С:Предприятие,Хронический пациент
63,VET-000063,Тигра,Тигра,Петров Егор Николаевич,Экзот. животное,Британская короткошёрстная,Новосибирск,"ул. Садовая, д. 123, кв. 140",+7-946-712-55-51,petrovegorni914@yandex.ru,Проведён,11,6767,02.09.2023,2026,Excel-выгрузка,N/A
64,VET-000064,Тимоша,Тимоша,Воробьёв Кирилл Николаевич,Собака,Британская короткошёрстная,Самара,"ул. Центральная, д. 74, кв. 113",+7-921-510-84-14,vorobevkiril914@,Провед.,1,2230,02.08.2024,20.11.2024,Excel-выгрузка,-
65,VET-000065,Симба,Симба,Волкова Дарья Ивановна,Собака,Метис,Самара,"ул. Гагарина, д. 110, кв. 86",+7-938-254-14-46,volkovadarya132@yandex.ru,Треб. повт. приём,18,824,04.12.2024,19.08.2025,1С:Предприятие,
66,VET-000066,Марта,ОШИБКА_ДАННЫХ,Козлова Ольга Викторовна,Птица,Метис,Воронеж,"ул. Садовая, д. 104, кв. 118",+7-932-309-65-33,kozlovaolgav24@mail.ru,Треб. повт. приём,0,6353,вчера,15.11.2024,Собственная система учёта,Требуется ревакцинация
67,VET-000067,Марта,Марта,Морозова Мария Петровна,Птица,Лабрадор,Екатеринбург,"ул. Спортивная, д. 81, кв. 177",+7-947-772-48-87,morozovamari869@yandex.ru,Отменён,1,5935,13.11.2023,07.05.2026,,Стерилизация выполнена
68,VET-000068,N/A,Граф,12345XYZ,Собака,Британская короткошёрстная,Санкт-Петербург,"ул. Садовая, д. 102, кв. 40",+7-952-859-63-96,sokolovasvet90@outlook.com,Треб. повт. приём,17,11813,28.05.2026,01.01.2024,SAP ERP,Первое посещение
69,VET-000069,Кеша,Кеша,Лебедев,Птица,Британская короткошёрстная,Екатеринбург,"ул. Центральная, д. 124, кв. 28",+7-931-334-62-91,lebedevserge870@yandex.ru,Заплан.,15,7951,27.01.2024,06.03.2025,1С:Предприятие,Стерилизация выполнена
70,VET-000070,Шарик,Шарик,Воробьёва Дарья Николаевна,Кошка,Немецкая овчарка,Челябинск,"ул. Спортивная, д. 87, кв. 99",+7-924-923-50-45,,Отменён,0,4673,05.04.2025,16.12.2024,Собственная система учёта,Хронический пациент
71,VET-000071,N/A,Тимоша,Семёнова Ирина Николаевна,Экзот. животное,Британская короткошёрстная,Казань,"ул. Гагарина, д. 2, кв. 35",+7-952-948-99-61,semenovairin303@mail.ru,Отменён,16,,23.02.2025,25.10.2026,1С:Предприятие,Хронический пациент
72,VET-000072,Ася,Ася,Алексеев Роман Николаевич,Кошка,Метис,Челяб.,"ул. Пушкина, д. 127, кв. 181",+7-912-144-95-45,alekseevroma676@outlook.com,Проведён,8,10953,06.10.2024,16.10.2026,Собственная система учёта,Стерилизация выполнена
73,VET-000073,Граф,12345XYZ,Воробьёва Ксения Андреевна,Экзот. животное,Метис,Волгоград,"ул. Центральная, д. 35, кв. 168",+7-946-696-76-41,vorobevaksen404@yandex.ru,Запланирован,10,7456,22.04.2026,18.08.2026,,
74,VET-000074,Тигра,Тигра,Волкова Виктория Александровна,Собака,Той-терьер,СПб,"ул. Садовая, д. 34, кв. 81",+7-935-188-30-77,volkovavikto624@yandex.ru,Отменён,10,6339,04.03.2023,2026,Собственная система учёта,Требуется ревакцинация
75,VET-000075,Граф,Граф,Козлова Татьяна Петровна,Собака,Той-терьер,Челябинск,"ул. Победы, д. 73, кв. 96",,kozlovatatya678@outlook.com,Требуется повторный приём,0,10318,26.09.2024,24.01.2024,CRM Bitrix24,Требуется ревакцинация
76,VET-000076,Ася,Ася,Богданов Егор Сергеевич,Грызун,Лабрадор,Нижний Новгород,"ул. Победы, д. 143, кв. 153",+7-946-921-42-72,bogdanovegor551@outlook.com,,13,614,13.06.2024,21.01.2024,Excel-выгрузка,Хронический пациент
77,VET-000077,Барсик,Барсик,Новикова Елена Ивановна,Птица,Лабрадор,Челяб.,,+7-958-788-58-99,novikovaelen16@gmail.com,Отмен.,,2130,13.02.2026,03.05.2026,1С:Предприятие,Хронический пациент
78,VET-000078,Мурка,Мурка,Богданов Кирилл Александрович,Собака,Британская короткошёрстная,Москва,-,+7-935-775-44-81,bogdanovkiri173@yandex.ru,Запланирован,5,-1,07.03.2025,2025,1С:Предприятие,
79,VET-000079,Мухтар,Мухтар,Воробьёва Юлия Ивановна,Грызун,Той-терьер,Пермь,"ул. Садовая, д. 122, кв. 187",+7-919-176-26-13,vorobevayuli654@gmail.com,Требуется повторный приём,6,7736,02.10.2023,14.10.2025,1С:Предприятие,???
80,VET-000080,N/A,Барсик,Воробьёва Алина Андреевна,Птица,Метис,Пермь,"ул. Пушкина, д. 108, кв. 87",+7-951-328-75-69,vorobevaalin423@yandex.ru,Отмен.,15,5397,вчера,11.08.2025,SAP ERP,Хронический пациент
81,VET-000081,Марта,Марта,Морозова Мария Петровна,Экзотическое животное,Той-терьер,Екатеринбург,"ул. Садовая, д. 16, кв. 162",+7-911-422-96-62,morozovamari2@gmail.com,Запланирован,5,10483,05.12.2026,23.08.2025,Собственная система учёта,
82,VET-000082,Барсик,Барсик,Соколов Никита Петрович,Птица,####,Ростов-на-Дону,"ул. Победы, д. 78, кв. 110",+7-925-387-55-17,sokolovnikit536@yandex.ru,Отменён,5,12451,23.08.2025,12.07.2026,CRM Bitrix24,Стерилизация выполнена
83,VET-000083,Марта,Марта,Богданов Владимир Дмитриевич,Кошка,Лабрадор,Краснодар,"ул. Центральная, д. 128, кв. 182",+7-933-561-63-86,bogdanovvlad817@yandex.ru,Запланирован,8,7486,09.01.2026,20.01.2025,-,Первое посещение
84,VET-000084,Ася,Ася,Павлов Сергей Иванович,Гры,Метис,Краснодар,"ул. Молодёжная, д. 56, кв. 130",+7-917-613-71-39,,Провед.,16,7050,16.04.2023,25.11.2026,SAP ERP,Первое посещение
85,VET-000085,Мурка,Мурка,Павлова Светлана Сергеевна,Птица,Той-терьер,Краснодар,"ул. Спортивная, д. 111, кв. 116",+7-955-276-31-89,pavlovasvetl324@outlook.com,Запланирован,8,9024,14.09.2025,13.12.2026,Excel-выгрузка,
86,VET-000086,Тимоша,-,Смирнова Анна Андреевна,Грызун,Метис,Нижний Новгород,"ул. Победы, д. 68, кв. 77",+7-932-367-55-73,,,16,14986,27.07.2024,21.05.2026,CRM Bitrix24,Стерилизация выполнена
87,VET-000087,Рекс,Рекс,Кузнецов Кирилл Дмитриевич,Птица,Британская короткошёрстная,Казань,"ул. Советская, д. 83, кв. 8",+7-921-364-21-43,kuznecovkiri439@outlook.com,Проведён,9,1818,18.11.2023,22.07.2024,Собственная система учёта,Хронический пациент
88,VET-000088,Шарик,Шарик,Алексеева Елена Николаевна,Неизвестная категория,Мейн-кун,Влгд,"ул. Ленина, д. 111, кв. 39",+7-930-797-87-26,alekseevaele275@mail.ru,Запланирован,1,1332,22.04.2025,18.03.2024,Excel-выгрузка,Первое посещение
89,VET-000089,Мурка,Мурка,Фёдоров Роман Иванович,Экзотическое животное,Той-терьер,Новосиб.,"ул. Центральная, д. 20, кв. 164",+7-954-462-48-81,fedorovroman580@mail.ru,Проведён,,7274,01.09.2024,17.11.2026,1С:Предприятие,Требуется ревакцинация
90,VET-000090,Шарик,Шарик,Волков Максим Дмитриевич,Грызун,Лабрадор,Смр,"ул. Гагарина, д. 69, кв. 72",+7-920-972-90-47,volkovmaksim921@outlook.com,Проведён,11,7067,20.07.2024,16.09.2026,1С:Предприятие,Требуется ревакцинация
91,VET-000091,Барсик,Барсик,Морозова Елена Сергеевна,Собака,Той-терьер,Воронеж,"ул. Советская, д. 3, кв. 73",+7-923-451-94-28,morozovaelen202@mail.ru,Отмен.,12,6396,15.07.2024,28.09.2025,CRM Bitrix24,Хронический
92,VET-000092,Люся,Люся,Виноградов Егор Андреевич,Гры,N/A,Пермь,,+7-928-151-20-68,vinogradoveg350@yandex.ru,Запланирован,5,7427,03.11.2025,23.06.2024,1С:Предприятие,Первое посещение
93,VET-000093,Граф,Граф,Голубева Ксения Николаевна,Собака,Той-терьер,Екатеринбург,"ул. Ленина, д. 129, кв. 171",+7-915-187-97-20,golubevaksen759@yandex.ru,Проведён,9,12359,04.11.2023,19.05.2026,SAP ERP,
94,VET-000094,Рекс,Рекс,Волкова Татьяна Викторовна,Экзотическое животное,Мейн-кун,Воронеж,"ул. Пушкина, д. 34, кв. 7",,volkovatatya995@mail.ru,Треб. повт. приём,17,5306,2023,07.07.2024,SAP ERP,Стерилизация выполнена
95,VET-000095,Шарик,Шарик,Виноградова Алина Ивановна,Собака,Метис,Воронеж,"ул. Садовая, д. 146, кв. 22",+7-938-723-46-29,vinogradovaa4@mail.ru,Запланирован,11,14072,27.05.2026,25.01.2025,CRM Bitrix24,Требуется ревакцинация
96,VET-000096,Марта,,Новикова Виктория Ивановна,Птица,Мейн-кун,Воронеж,"ул. Молодёжная, д. 134, кв. 101",+7-917-227-53-17,novikovavikt808@gmail.com,Заплан.,16,584,07.02.2025,24.06.2025,SAP ERP,Первое посещение
97,VET-000097,Ася,Ася,Соколов Сергей Дмитриевич,Собака,Мейн-кун,Н.Новгород,"ул. Советская, д. 44, кв. 73",+7-923-932-12-71,sokolovserge931@yandex.ru,Отменён,4,14902,09.02.2025,07.06.2024,1С:Предприятие,Стерилизация выполнена
98,VET-000098,Граф,Граф,Богданова Полина Андреевна,Собака,Метис,Екатеринбург,"ул. Мира, д. 96, кв. 122",+7-947-874-21-10,bogdanovapol531@yandex.ru,Требуется повторный приём,2,11989,25.05.2024,14.07.2024,1С:Предприятие,Первое посещение
99,VET-000099,Граф,Граф,Иванов Сергей Викторович,Птица,ОШИБКА_ДАННЫХ,Санкт-Петербург,"ул. Центральная, д. 36, кв. 197",+7-925-734-21-45,ivanovsergei897@outlook.com,Запланирован,3,13465,16.11.2025,22.10.2025,SAP ERP,Требуется ревакцинация
100,VET-000100,Дружок,Дружок,Воробьёва Светлана Дмитриевна,Собака,Немецкая овчарка,Новосибирск,"ул. Пушкина, д. 2, кв. 116",+7-938-488-18-53,vorobevasvet262@gmail.com,категория_5,7,ABC,19.04.2023,00.00.0000,1С:Предприятие,Стерилизация выполнена
101,VET-000101,Белка,Белка,Голубева Виктория Викторовна,Кошка,Британская короткошёрстная,Москва,"ул. Центральная, д. 13, кв. 18",+7-950-668-28-68,golubevavikt10@outlook.com,Отмен.,8,10262,14.01.2023,15.12.2025,Собственная,Требуется ревакцинация
102,VET-000102,Шарик,Шарик,Попов Роман Викторович,Собака,Мейн-кун,Нижний Новгород,"ул. Пушкина, д. 104, кв. 6",+7-931-387-48-27,popovromanvi884@outlook.com,Провед.,11,9168,18.11.2023,15.08.2025,N/A,Хронический пациент
103,VET-000103,Тигра,Тигра,Голубева Виктория Сергеевна,Собака,Лабрадор,Казань,"ул. Победы, д. 139, кв. 165",+7-911-249-24-38,,Заплан.,1,5374,13.11.2026,01.03.2025,CRM Bitrix24,Первое посещение
104,VET-000104,Ася,Ася,Алексеева Татьяна Викторовна,Собака,Мейн-кун,Пермь,"ул. Центральная, д. 46, кв. 60",+7-912-870-40-13,alekseevatat719@mail.ru,Запланирован,6,7985,17.02.2026,04.09.2025,Собственная система учёта,
105,VET-000105,Кеша,Кеша,Павлова Светлана Николаевна,Птица,Мейн-кун,Ростов-на-Дону,"ул. Центральная, д. 31, кв. 193",+7-922-649-12-18,pavlovasvetl304@,Запланирован,8,2525,00.00.0000,16.04.2024,Собственная система учёта,Хронический пациент
106,VET-000106,Ася,Ася,Павлов Алексей Александрович,Экзот. животное,Лабрадор,Казань,"ул. Мира, д. 128, кв. 158",+7-925-265-71-72,pavlovalekse133@outlook.com,Про,11,5100,04.10.2026,23.02.2025,1С:Предприятие,Стерилизация выполнена
107,VET-000107,Тимоша,Тимоша,Лебедев Роман Александрович,Грызун,Немецкая овчарка,Воронеж,"ул. Центральная, д. 3, кв. 112",+7-937-527-31-53,lebedevroman242@yandex.ru,Проведён,1,4564,12.12.2026,12.06.2024,CRM Bitrix24,Первое посещение
108,VET-000108,,Белка,12345XYZ,Птица,Той-терьер,Пермь,"ул. Гагарина, д. 98, кв. 179",+7-949-794-44-11,ivanovegoran160@mail.ru,Отменён,2,5447,17.04.2024,03.02.2024,1С:Предприятие,Требуется ревакцинация
109,VET-000109,12345XYZ,Люся,Голубев Роман Дмитриевич,Собака,Лабрадор,Москва,"ул. Ленина, д. 2, кв. 15",+7-917-617-16-71,golubevroman282@outlook.com,Проведён,10,1103,28.06.2023,22.12.2026,1С:Предприятие,Хронический пациент
110,VET-000110,Барсик,Барсик,Богданова Алина Дмитриевна,Экзотическое животное,Метис,Пермь,"ул. Центральная, д. 113, кв. 102",+7-913-281-75-55,bogdanovaali380@mail.ru,Отмен.,11,11313,03.10.2023,13.09.2026,CRM Bitrix24,Хронический пациент
111,VET-000111,Мурка,Мурка,Морозов Роман Иванович,Птица,Немецкая овчарка,Ростов-на-Дону,"ул. Садовая, д. 120, кв. 78",+7-947-502-97-97,morozovroman364@mail.ru,,-1,н/д,05.08.2025,10.08.2024,Собственная система учёта,Первое посещение
112,VET-000112,Мурка,Мурка,Смирнова Полина Сергеевна,Собака,Мейн-кун,категория_5,"ул. Ленина, д. 52, кв. 52",+7-926-626-91-39,smirnovapoli859@yandex.ru,Проведён,16,11706,16.02.2024,03.11.2025,CRM Bitrix24,Стерилизация выполнена
113,VET-000113,Шарик,Шарик,Фёдорова Наталья Дмитриевна,Собака,Мейн-кун,Ростов-на-Дону,"ул. Советская, д. 79, кв. 42",+7-920-802-36-74,fedorovanata531@gmail.com,Требуется повторный приём,0,9686,15.03.2023,02.07.2024,1С:Предприятие,Хронический пациент
114,VET-000114,Барсик,Барсик,Виноградов Егор Петрович,Грызун,Лабрадор,Пермь,"ул. Спортивная, д. 30, кв. 132",+7-924-581-12-61,vinogradoveg835@outlook.com,Проведён,11,н/д,18.11.2025,18.05.2024,1С:Предприятие,Требуется ревакцинация
115,VET-000115,Барсик,Барсик,Воробьёв Максим Дмитриевич,не указано(ошибка),Мейн-кун,Краснодар,"ул. Ленина, д. 46, кв. 151",+7-947-613-13-44,vorobevmaksi614@yandex.ru,Отменён,11,6671,21.12.2024,24.09.2026,1С:Предприятие,нет данных(ошибка)
116,VET-000116,Граф,Граф,12345XYZ,Кошка,Мейн-кун,Нижний Новгород,"ул. Ленина, д. 72, кв. 89",,popovartemni909@gmail.com,Требуется повторный приём,3,1608,28.11.2024,19.09.2025,SAP ERP,Стерилизация выполнена
117,VET-000117,Дружок,Дружок,Богданов Сергей Викторович,Экзотическое животное,Метис,Казань,"ул. Мира, д. 33, кв. 133",+7-913-671-22-65,bogdanovserg26@mail.ru,Провед.,9,7706,вчера,06.11.2026,Собственная система учёта,Требуется ревакцинация
118,VET-000118,Мурка,Мурка,Воробьёв Алексей Петрович,Кошка,Той-терьер,Нижний Новгород,"ул. Садовая, д. 8, кв. 50",+7-954-785-32-20,vorobevaleks141@outlook.com,Запланирован,,,19.06.2026,23.04.2024,CRM Bitrix24,Требуется ревакцинация
119,VET-000119,Рекс,Рекс,Воробьёв Сергей Дмитриевич,Собака,Той-терьер,Воронеж,"ул. Спортивная, д. 41, кв. 121",+7-927-790-76-71,vorobevserge14@mail.ru,Отменён,16,12355,02.07.2025,26.07.2026,SAP ERP,Стерилизация выполнена
120,VET-000120,Марта,Марта,Смирнов Сергей Дмитриевич,Экзотическое животное,Метис,Волгоград,"ул. Молодёжная, д. 46, кв. 33",+7-910-928-43-54,smirnovserge259@yandex.ru,Отменён,6,2823,10.05.2025,02.10.2024,,Стерилизация выполнена
121,VET-000121,Белка,Белка,Новиков Илья Андреевич,Кошка,Метис,Казань,"ул. Ленина, д. 110, кв. 153",+7-911-207-60-25,novikovilyaa254@gmail.com,Заплан.,12,2059,17.11.2023,04.08.2025,1С:Предприятие,Стерилизация выполнена
122,VET-000122,Барсик,Барсик,Соколова Наталья Андреевна,Собака,Лабрадор,Самара,"ул. Центральная, д. 69, кв. 200",+7-954-326-32-70,sokolovanata952@gmail.com,Провед.,много,14217,15.02.2026,00.00.0000,CRM Bitrix24,####
123,VET-000123,Мухтар,Мухтар,Голубев Кирилл Николаевич,Кошка,Немецкая овчарка,Москва,"ул. Молодёжная, д. 87, кв. 83",+7-916-853-16-95,golubevkiril706@outlook.com,Отменён,9,8451,27.06.2023,20.11.2024,Собственная система учёта,Первое посещение
124,VET-000124,Шарик,Шарик,Воробьёв Андрей Андреевич,Кошка,Метис,Ростов-на-Дону,"ул. Молодёжная, д. 18, кв. 125",+7-952-407-18-45,vorobevandre306@yandex.ru,Требуется повторный приём,9,13132,05.02.2026,07.03.2024,CRM Bitrix24,Стерилизация выполнена
125,VET-000125,Марта,Марта,Петрова Анна Дмитриевна,Птица,Той-терьер,Санкт-Петербург,"ул. Садовая, д. 13, кв. 156",+7-916-723-37-91,petrovaannad343@yandex.ru,Запланирован,12,8698,05.07.2026,17.05.2025,CRM Bitrix24,Требуется ревакцинация
126,VET-000126,Симба,Симба,-,Грызун,Лабрадор,Самара,"ул. Мира, д. 120, кв. 134",+7-937-258-11-64,kozlovayuliy112@outlook.com,Проведён,12,9604,07.02.2023,23.07.2025,Excel-выгрузка,Хронический
127,VET-000127,ОШИБКА_ДАННЫХ,Мухтар,Воробьёва Дарья Андреевна,Кошка,Британская короткошёрстная,Самара,"ул. Спортивная, д. 88, кв. 10",+7-922-748-73-56,vorobevadary462@gmail.com,Треб. повт. приём,17,н/д,09.02.2023,12.05.2026,CRM Bitrix24,Требуется ревакцинация
128,VET-000128,Тигра,Тигра,Соколов Максим Андреевич,Кошка,####,###,"ул. Центральная, д. 143, кв. 200",+7-935-802-26-29,sokolovmaksi442@mail.ru,Заплан.,9,1536,14.02.2024,06.03.2025,1С:Предприятие,Стерилизация выполнена
129,VET-000129,Кеша,Кеша,Кузнецова Татьяна Дмитриевна,Собака,Немецкая овчарка,Екатеринбург,"ул. Ленина, д. 65, кв. 197",+7-958-992-10-72,kuznecovatat232@outlook.com,Отмен.,17,4523,07.04.2024,22.02.2025,Собственная система учёта,Стерилизация выполнена
130,VET-000130,Белка,Белка,Лебедев Андрей Викторович,Птица,Метис,Нижний Новгород,-,+7-924-216-13-66,lebedevandre37@yandex.ru,Отменён,3,12154,20.07.2025,20.12.2024,Собственная система учёта,12345XYZ
131,VET-000131,Тимоша,Тимоша,Иванов Павел Дмитриевич,Птица,Мейн-кун,Челябинск,"ул. Пушкина, д. 29, кв. 45",+7-918-945-44-80,ivanovpaveld287@outlook.com,Запланирован,7,10167,11.03.2025,10.08.2024,CRM Bitrix24,Хронический пациент
132,VET-000132,Барсик,Барсик,Лебедев Артём Николаевич,Грызун,Британская короткошёрстная,Челябинск,ул.,+7-928-233-97-24,lebedevartem787@outlook.com,###,1,1146,00.00.0000,14.10.2026,,Стерилизация выполнена
133,VET-000133,Рекс,Рекс,Морозова Ксения Александровна,Птица,Лабрадор,Казань,"ул. Советская, д. 127, кв. 148",+7-934-821-45-56,morozovaksen666@outlook.com,Отменён,2,13703,06.02.2024,19.09.2024,Собственная система учёта,Стерилизация выполнена
134,VET-000134,Барсик,Барсик,Виноградова Юлия Петровна,Собака,???,Н.Новгород,"ул. Пушкина, д. 135, кв. 175",+7-923-585-18-25,petrov@@mail..ru,Отмен.,9,1903,05.12.2024,08.12.2025,1С:Предприятие,
135,VET-000135,Мурка,Мурка,Кузнецов Дмитрий Николаевич,Птица,Той-терьер,Пермь,"ул. Спортивная, д. 76, кв. 176",,kuznecovdmit33@gmail.com,Отменён,3,9110,27.01.2023,22.01.2025,1С:Предприятие,Требуется ревакцинация
136,VET-000136,Мурка,Мурка,Петров Артём Петрович,Кошка,Британская короткошёрстная,Н.Новгород,"ул. Советская, д. 32, кв. 179",+7-950-918-91-29,petrovartemp92@mail.ru,Отменён,12,14438,08.09.2026,20.06.2026,,
137,VET-000137,Шарик,Шарик,Смирнов Кирилл Иванович,Собака,Немецкая овчарка,Екатеринбург,"ул. Молодёжная, д. 3, кв. 114",+7-939-999-70-38,smirnovkiril564@gmail.com,Проведён,5,2248,2026-13-45,вчера,SAP ERP,Первое посещение
138,VET-000138,Тимоша,Тимоша,Морозова Дарья Николаевна,Собака,Той-терьер,Н.Новгород,"ул. Садовая, д. 91, кв. 117",+7-940-760-91-81,morozovadary767@yandex.ru,Требуется повторный приём,6,5790,13.02.2024,09.11.2024,1С:Предприятие,Стерилизация выполнена
139,VET-000139,Мурка,Мурка,Петрова Светлана Ивановна,Грызун,Той-терьер,Челябинск,"ул. Гагарина, д. 141, кв. 132",+7-942-769-53-86,petrovasvetl962@outlook.com,Проведён,17,7296,12.05.2024,2026,CRM Bitrix24,Стерилизация выполнена
140,VET-000140,Рекс,Рекс,Попов Алексей Петрович,Птица,Метис,Москва,"ул. Советская, д. 141, кв. 12",+7-912-182-98-61,popovaleksei817@yandex.ru,Проведён,10,12738,07.06.2024,12.04.2024,SAP ERP,Первое посещение
141,VET-000141,Граф,Граф,Морозов Павел Николаевич,Кошка,Британская короткошёрстная,Волгоград,"ул. Гагарина, д. 83, кв. 139",+7-942-557-26-27,morozovpavel858@outlook.com,Отменён,8,953,18.01.2026,06.10.2025,SAP ERP,Требуется ревакцинация
142,VET-000142,Белка,,Богданова Екатерина Александровна,Птица,Лабрадор,Екб,"ул. Садовая, д. 76, кв. 140",+7-924-210-35-33,bogdanovaeka425@mail.ru,Зап,16,3143,23.06.2026,18.12.2025,1С:Предприятие,Хронический пациент
143,VET-000143,Белка,Белка,Иванов Виктор Иванович,Экзотическое животное,Лабрадор,Мск,"ул. Центральная, д. 125, кв. 130",+7-949-110-54-67,ivanovviktor123@mail.ru,Проведён,15,528,26.08.2023,09.07.2026,1С:Предприятие,
144,VET-000144,Шарик,Шарик,Волков Кирилл Дмитриевич,Грызун,N/A,Москва,"ул. Центральная, д. 6, кв. 24",+7-933-942-91-14,volkovkirill811@yandex.ru,Проведён,11,,01.02.2026,15.02.2024,,Стерилизация выполнена
145,VET-000145,Рекс,Рекс,####,Экз,Той-терьер,Казань,"ул. Садовая, д. 121, кв. 197",+7-925-458-97-24,semenovvladi482@outlook.com,Отмен.,14,3873,04.10.2026,05.10.2025,1С:Предприятие,Хронический пациент
146,VET-000146,Шарик,Шарик,Соколов Виктор Андреевич,Экзот. животное,Лабрадор,Екб,"ул. Спортивная, д. 78, кв. 101",+7-951-348-97-10,sokolovvikto523@yandex.ru,Треб. повт. приём,2,4636,01.10.2024,23.09.2024,1С:Предприятие,Стерилизация выполнена
147,VET-000147,Тимоша,Тимоша,Егоров,Грызун,Британская короткошёрстная,Новосиб.,"ул. Советская, д. 84, кв. 62",+7-910-2,egorovegoral276@yandex.ru,Проведён,18,5724,11.08.2023,27.08.2026,SAP ERP,Первое посещение
148,VET-000148,Белка,Белка,Козлов Виктор Андреевич,не указано(ошибка),Метис,Крд,"ул. Садовая, д. 128, кв. 192",+7-959-744-70-92,kozlovviktor118@yandex.ru,Отменён,3,3547,02.10.2025,10.03.2025,Собственная система учёта,Стерилизация выполнена
149,VET-000149,Тимоша,Тимоша,Иванов Роман Петрович,Птица,Мейн-кун,Москва,"ул. Садовая, д. 114, кв. 32",+7-933-475-87-88,ivanovromanp862@gmail.com,Провед.,17,4077,,02.01.2026,Собственная система учёта,Стерилизация выполнена
150,VET-000150,Мухтар,Мухтар,Волков Роман Дмитриевич,Пти,Британская короткошёрстная,Новосибирск,"ул. Гагарина, д. 8, кв. 131",+7-922-446-82-90,volkovromand973@mail.ru,Требуется повторный приём,16,6533,03.03.2023,20.01.2024,1С:Предприятие,
151,VET-000151,Кеша,Кеша,Фёдорова Мария Сергеевна,Кошка,Британская короткошёрстная,Ростов-н/Д,"ул. Советская, д. 68, кв. 3",+7-912-956-99-17,fedorovamari38@outlook.com,Отменён,6,7406,27.12.2024,11.03.2026,CRM Bitrix24,
152,VET-000152,Барсик,Барсик,Фёдорова Дарья Сергеевна,Кошка,Немецкая овчарка,Екб,"ул. Пушкина, д. 44, кв. 124",+7-939-517-31-71,fedorovadary668@mail.ru,Требуется повторный приём,12,8199,10.11.2026,17.07.2024,SAP ERP,
153,VET-000153,Дружок,Дружок,Семёнов,Кошка,Британская короткошёрстная,Самара,N/A,+7-926-252-28-45,semenovkiril316@mail.ru,Запланирован,6,11849,10.04.2023,24.04.2025,,
154,VET-000154,Симба,Симба,Воробьёва Екатерина Александровна,Грызун,Мейн-кун,Челябинск,ул.,+7-939-541-71-44,vorobevaekat436@outlook.com,Треб. повт. приём,5,8119,04.06.2024,27.08.2024,1С:Предприятие,
155,VET-000155,нет данных(ошибка),Кеша,Петров Егор Викторович,Кошка,Британская короткошёрстная,Ростов-н/Д,"ул. Спортивная, д. 8, кв. 163",+7-921-925-43-45,petrovegorvi968@outlook.com,Заплан.,9,12546,24.06.2026,06.02.2024,1С:Предприятие,####
156,VET-000156,Мухтар,Мухтар,Павлова Виктория Викторовна,Птица,Лабрадор,Влгд,"ул. Пушкина, д. 38, кв. 125",+7-945-544-84-25,pavlovavikto240@outlook.com,Проведён,12,14453,24.06.2025,13.03.2026,Собственная система учёта,Хронический пациент
157,VET-000157,Мурка,Мурка,Попов Илья Дмитриевич,Экзот. животное,Лабрадор,Санкт-Петербург,"ул. Молодёжная, д. 91, кв. 58",+7-941-163-90-82,popovilyadmi670@yandex.ru,Запланирован,17,8315,26.06.2026,21.12.2026,CRM Bitrix24,Стерилизация выполнена
158,VET-000158,Тимоша,Тимоша,Павлов Виктор Александрович,Собака,Метис,Новосибирск,"ул. Гагарина, д. 99, кв. 66",+7-937-446-24-46,pavlovviktor20@,Проведён,6,5184,26.02.2025,09.01.2025,SAP ERP,Хронический пациент
159,VET-000159,Симба,,Петрова Алина Сергеевна,Соб,Немецкая овчарка,Воронеж,"ул. Молодёжная, д. 4, кв. 39",+7-914-688-35-23,petrovaalina713@yandex.ru,Отменён,11,8366,13.02.2024,вчера,1С:Предприятие,
160,VET-000160,Барсик,Барсик,Воробьёва Светлана Викторовна,Экзотическое животное,Немецкая овчарка,Москва,ул.,+7-930-530-60-26,,Запланирован,-1,13061,18.01.2025,14.12.2026,SAP ERP,Первое посещение
161,VET-000161,Мурка,Мурка,Виноградова Алина Дмитриевна,не указано(ошибка),Лабрадор,Ростов-н/Д,"ул. Гагарина, д. 143, кв. 140",+7-938-456-40-60,vinogradovaa177@yandex.ru,Треб. повт. приём,14,13824,23.08.2026,27.05.2026,Собственная система учёта,Требуется ревакцинация
162,VET-000162,Граф,Граф,нет данных(ошибка),Кошка,Лабрадор,Казань,"ул. Спортивная, д. 104, кв. 21",+7-923-717-70-22,pavlovakseni832@yandex.ru,Запланирован,2,6786,18.03.2025,17.02.2026,N/A,Требуется ревакцинация
163,VET-000163,Тимоша,-,Виноградов Сергей Николаевич,Экзотическое животное,Лабрадор,Екатеринбург,"ул. Гагарина, д. 112, кв. 157",+7-923-752-38-19,vinogradovse71@gmail.com,Отменён,1,7190,17.10.2025,23.09.2025,1С:Предприятие,Стерилизация выполнена
164,VET-000164,Мухтар,Мухтар,Новиков Андрей Александрович,Грызун,Мейн-кун,Смр,"ул. Спортивная, д. 124, кв. 167",+7-927-552-66-74,novikovandre137@yandex.ru,Провед.,0,2330,15.03.2023,06.11.2024,Собственная система учёта,Первое посещение
165,VET-000165,Тимоша,Тимоша,Смирнов Артём Александрович,Птица,Немецкая овчарка,Казань,"ул. Центральная, д. 65, кв. 178",+7-944-178-53-59,smirnovartem281@gmail.com,Запланирован,6,7678,07.11.2025,12.03.2026,Собственная система учёта,
166,VET-000166,Белка,,???,Кошка,Немецкая овчарка,Ворнж,"ул. Пушкина, д. 56, кв. 35",+7-935-9,semenovroman735@gmail.com,Проведён,12,3802,11.05.2025,04.07.2025,Собственная система учёта,Хронический пациент
167,VET-000167,Барсик,Барсик,Иванов Никита Петрович,Грызун,Той-терьер,Ростов-на-Дону,"ул. Спортивная, д. 124, кв. 15",+7-918-769-61-69,ivanovnikita80@yandex.ru,Отмен.,12,1087,23.08.2023,17.01.2024,SAP ERP,Первое посещение
168,VET-000168,Дружок,Дружок,Иванова Екатерина Николаевна,Собака,Немецкая овчарка,Нижний Новгород,"ул. Ленина, д. 106, кв. 126",+7-952-470-58-77,ivanovaekate681@outlook.com,Проведён,12,5289,11.10.2023,09.02.2026,Собственная система учёта,
169,VET-000169,Мурка,Мурка,Богданова Мария Андреевна,Кошка,Британская короткошёрстная,Казань,нет данных(ошибка),+7-936-673-33-95,bogdanovamar690@yandex.ru,Треб. повт. приём,12,7410,23.11.2025,28.08.2025,Excel-выгрузка,Стерилизация выполнена
170,VET-000170,Люся,Люся,Иванов Виктор Сергеевич,Экзотическое животное,Британская короткошёрстная,Екатеринбург,???,+7-917-293-92-82,ivanovviktor310@gmail.com,Запланирован,3,1334,09.01.2026,03.06.2024,Excel-выгрузка,Стерилизация выполнена
171,VET-000171,Барсик,Барсик,Смирнова Елена Сергеевна,Птица,Той-терьер,Ворнж,"ул. Победы, д. 13, кв. 137",+7-958-607-88-68,smirnovaelen817@yandex.ru,Проведён,15,1909,2024,23.03.2024,CRM Bitrix24,Хронический пациент
172,VET-000172,Тимоша,Тимоша,Семёнова,Пти,Британская короткошёрстная,Краснодар,"ул. Центральная, д. 76, кв. 17",+7-950-164-27-36,semenovaelen284@mail.ru,Требуется повторный приём,14,ERROR,15.07.2026,00.00.0000,Собственная система учёта,Хронический пациент
173,VET-000173,Кеша,Кеша,???,Собака,Немецкая овчарка,Краснодар,"ул. Гагарина, д. 132, кв. 53",+7-913-904-42-20,alekseevvikt874@gmail.com,Запланирован,15,14711,11.05.2024,17.04.2026,1С:Предприятие,Хронический пациент
174,VET-000174,Марта,Марта,Воробьёв Андрей Сергеевич,Собака,Британская короткошёрстная,Екатеринбург,"ул. Ленина, д. 101, кв. 99",+7-946-388-82-35,vorobevandre176@gmail.com,Запланирован,10,6236,02.09.2023,05.11.2026,Собственная система учёта,Первое посещение
175,VET-000175,Тигра,Тигра,Попова Алина Андреевна,Птица,Британская короткошёрстная,Москва,"ул. Ленина, д. 108, кв. 78",+7-915-567-99-74,popovaalinaa816@mail.ru,Требуется повторный приём,13,8903,10.03.2023,06.05.2024,N/A,Требуется ревакцинация
176,VET-000176,Мурка,Мурка,-,Птица,Той-терьер,Челябинск,"ул. Ленина, д. 6, кв. 29",+7-936-730-11-64,kuznecovasve320@gmail.com,Требуется повторный приём,,2104,13.11.2024,06.10.2025,Excel-выгрузка,Требуется ревакцинация
177,VET-000177,Тимоша,Тимоша,Кузнецов Илья Иванович,Кошка,Лабрадор,Нижний Новгород,???,+7-912-196-40-94,kuznecovilya655@yandex.ru,Отменён,4,5254,00.00.0000,31.02.2026,CRM Bitrix24,Хронический пациент
178,VET-000178,нет данных(ошибка),Кеша,Голубева Полина Дмитриевна,Птица,Немецкая овчарка,Новосибирск,"ул. Спортивная, д. 10, кв. 57",,golubevapoli777@gmail.com,Требуется повторный приём,0,9931,19.02.2025,18.04.2025,CRM Bitrix24,Хронический пациент
179,VET-000179,Белка,Белка,Лебедева Наталья Ивановна,Кошка,Лабрадор,Крд,"ул. Молодёжная, д. 147, кв. 52",+7-947-4,lebedevanata778@mail.ru,Про,14,10032,25.01.2024,11.05.2025,1С:Предприятие,Хронический пациент
180,VET-000180,Мурка,Мурка,N/A,Птица,Лабрадор,Новосиб.,"ул. Пушкина, д. 84, кв. 118",+7-915-427-41-86,novikovegorp857@gmail.com,Отменён,16,2827,19.03.2023,08.07.2024,1С:Предприятие,Стерилизация выполнена
181,VET-000181,Рекс,Рекс,Иванова Юлия Викторовна,Птица,-,Волгоград,"ул. Гагарина, д. 62, кв. 30",+7-955-138-34-57,ivanovayuliy357@gmail.com,Отмен.,3,2597,02.12.2024,12.07.2024,1С:Предприятие,Требуется ревакцинация
182,VET-000182,Симба,Симба,Лебедев Александр Андреевич,Экзот. животное,Той-терьер,Краснодар,"ул. Гагарина, д. 138, кв. 43",+7-921-938-35-66,lebedevaleks771@gmail.com,Провед.,6,5365,07.02.2024,03.03.2026,Excel-выгрузка,Хронический пациент
183,VET-000183,Люся,Люся,Соколова Светлана Николаевна,Грызун,Той-терьер,Крд,"ул. Ленина, д. 28, кв. 5",+7-918-573-19-45,sokolovasvet440@mail.ru,Отменён,14,11881,13.02.2025,06.09.2024,Excel-выгрузка,
184,VET-000184,Кеша,Кеша,Лебедева Татьяна Сергеевна,Экзотическое животное,Британская короткошёрстная,Краснодар,"ул. Садовая, д. 94, кв. 148",+7-945-386-53-94,lebedevataty715@yandex.ru,Запланирован,4,13790,28.06.2023,01.09.2026,Собственная система учёта,Требуется ревакцинация
185,VET-000185,Тигра,Тигра,Попов Александр Александрович,Экзот. животное,Немецкая,Москва,"ул. Советская, д. 23, кв. 10",+7-945-689-77-18,popovaleksan10@mail.ru,Требуется повторный приём,7,14622,17.06.2025,,SAP ERP,Хронический пациент
186,VET-000186,Белка,Белка,Попова Мария Викторовна,Грызун,Британская короткошёрстная,Ростов-н/Д,"ул. Гагарина, д. 73, кв. 80",+7-911-549-52-75,popovamariya311@gmail.com,Тре,16,3425,08.11.2023,08.01.2025,####,Хронический пациент
187,VET-000187,Барсик,Барсик,Богданов Андрей Сергеевич,Собака,Метис,Казань,"ул. Мира, д. 107, кв. 16",+7-956-958-99-13,bogdanovandr482@gmail.com,Запланирован,8,9762,14.04.2026,03.05.2026,SAP ERP,Требуется ревакцинация
188,VET-000188,12345XYZ,Шарик,Волкова Ольга Александровна,Грызун,Немецкая овчарка,Краснодар,"ул. Садовая, д. 56, кв. 180",+7-959-606-59-50,volkovaolgaa309@yandex.ru,Отменён,14,,08.07.2024,17.02.2026,1С:Предприятие,Первое посещение
189,VET-000189,Мурка,Мурка,Фёдоров Виктор Петрович,###,,Казань,ул.,+7-958-177-61-56,fedorovvikto745@outlook.com,Проведён,14,10875,03.11.2024,19.05.2024,CRM Bitrix24,
190,VET-000190,Тимоша,Тимоша,Воробьёва Татьяна Николаевна,Птица,Немецкая овчарка,Екатеринбург,"ул. Победы, д. 101, кв. 25",+7-953-255-76-51,vorobevataty128@mail.ru,Провед.,15,11867,2026-13-45,27.09.2024,1С:Предприятие,Стерилизация выполнена
191,VET-000191,Рекс,Рекс,ОШИБКА_ДАННЫХ,Экзотическое животное,Метис,Самара,"ул. Спортивная, д. 117, кв. 80",+7-943-331-37-62,lebedevandre108@outlook.com,Проведён,12,,21.07.2023,11.12.2025,,Хронический
192,VET-000192,Барсик,Барсик,Воробьёв Артём Андреевич,Грызун,Британская короткошёрстная,Новосибирск,"ул. Молодёжная, д. 67, кв. 133",+7-936-586-66-26,vorobevartem527@yandex.ru,Требуется повторный приём,12,2812,2026-13-45,06.03.2026,Собственная система учёта,
193,VET-000193,Кеша,,Смирнова Елена Сергеевна,Экзотическое животное,Мейн-кун,Воронеж,"ул. Победы, д. 83, кв. 183",+7-944-665-34-78,smirnovaelen104@outlook.com,Провед.,14,6969,08.04.2024,20.08.2026,,Первое посещение
194,VET-000194,Барсик,Барсик,Фёдорова Юлия Сергеевна,Кошка,Британская короткошёрстная,Влгд,"ул. Молодёжная, д. 142, кв. 3",12345,fedorovayuli527@yandex.ru,Требуется повторный приём,18,5342,06.07.2026,23.11.2026,,
195,VET-000195,Симба,Симба,Морозова Мария Александровна,Кошка,Лабрадор,Екатеринбург,"ул. Молодёжная, д. 10, кв. 121",+7-938-873-28-59,morozovamari616@yandex.ru,Требуется повторный приём,7,6952,18.12.2025,26.11.2024,,Стерилизация выполнена
196,VET-000196,Граф,Граф,12345XYZ,Птица,Лабрадор,Москва,"ул. Центральная, д. 66, кв. 40",+7-957-844-47-31,volkovavikto578@yandex.ru,Отменён,14,8113,04.10.2025,09.03.2024,1С:Предприятие,ОШИБКА_ДАННЫХ
197,VET-000197,-,Ася,Новикова Ксения Сергеевна,Грызун,Метис,Новосибирск,"ул. Мира, д. 22, кв. 65",+7-911-391-39-15,novikovaksen46@mail.ru,Отменён,3,ERROR,08.10.2026,05.06.2026,1С:Предприятие,Требуется ревакцинация
198,VET-000198,Шарик,Шарик,12345XYZ,Птица,Той-терьер,Новосибирск,"ул. Пушкина, д. 131, кв. 158",+7-957-469-28-79,lebedevavikt821@outlook.com,Проведён,5,13732,23.12.2023,24.06.2024,1С:Предприятие,Первое посещение
199,VET-000199,Барсик,Барсик,Воробьёва Наталья Сергеевна,Кошка,Лабрадор,Ростов-на-Дону,"ул. Центральная, д. 24, кв. 125",+7-938-981-27-13,vorobevanata787@mail.ru,Проведён,11,10610,25.06.2026,2026-13-45,CRM Bitrix24,Хронический пациент
200,VET-000200,-,Граф,Лебедева Екатерина Петровна,Экзот. животное,Мейн-кун,Екатеринбург,"ул. Спортивная, д. 124, кв. 96",+7-916-151-66-81,lebedevaekat881@yandex.ru,Заплан.,13,2900,09.10.2024,2025,1С:Предприятие,
