ID,Код записи,Наименование лота,Наименование лота (повтор),Продавец,Категория лота,Состояние лота,Город,Адрес,Телефон,Email,Статус лота,Количество ставок,"Текущая цена, руб.",Дата создания записи,Дата последнего обновления,Система-источник,Примечания
1,AUC-000001,Статуэтка бронзовая,Статуэтка бронзовая,Кузнецов Владимир Дмитриевич,###,"Б/у, отличное",Пермь,"ул. Молодёжная, д. 52, кв. 20",+7-919-462-79-79,kuznecovvlad531@outlook.com,Торги завершены,28,185644,08.07.2026,23.12.2025,Собственная система учёта,Лот с резервной ценой
2,AUC-000002,Ноутбук Apple MacBook Pro,,???,Электронная техника,"Б/у, среднее",Пермь,"ул. Пушкина, д. 68, кв. 40",+7-941-107-82-62,sokolovataty682@outlook.com,Торги завершены,20,389512,26.04.2026,16.03.2024,Собственная система учёта,Лот с резервной ценой
3,AUC-000003,Виниловая пластинка,???,Попова Светлана Андреевна,Произведения искусства,"Б/у,",Санкт-Петербург,"ул. Спортивная, д. 5, кв. 106",+7-915-308-76-40,popovasvetla195@outlook.com,Лот снят с торгов,,69958,06.06.2025,21.02.2025,Собственная система учёта,Проверен экспертом
4,AUC-000004,Картина маслом «Пейзаж»,Картина маслом «Пейзаж»,Павлова Алина Андреевна,не указано(ошибка),"Б/у, среднее",Екатеринбург,"ул. Победы, д. 77, кв. 131",+7-938-502-28-61,pavlovaalina627@yandex.ru,Лот продан,,1259262,16.12.2023,24.01.2026,Собственная система учёта,
5,AUC-000005,Кольцо с бриллиантом,Кольцо с бриллиантом,Попов Илья Петрович,Антикварные предметы,,Волгоград,"ул. Мира, д. 18, кв. 105",+7-918-266-81-71,popovilyapet239@yandex.ru,Торги завершены,58,606653,20.02.2023,18.08.2024,Excel-выгрузка,Возможен самовывоз
6,AUC-000006,Настенные часы XIX века,Настенные,Соколов Павел Иванович,Произв. искусства,Требует реставрации,Воронеж,"ул. Мира, д. 29, кв. 41",+7-938-407-12-58,sokolovpavel324@mail.ru,Лот продан,57,1368970,12.09.2023,15.11.2026,Excel-выгрузка,Продавец с высоким рейтингом
7,AUC-000007,Коллекционные монеты,Коллекционные монеты,Фёдоров Артём Петрович,Ювелирн. изд.,"Б/у, среднее",Санкт-Петербург,"ул. Мира, д. 77, кв. 51",+7-938-891-43-78,fedorovartem383@mail.ru,Торги завер.,29,1028990,02.06.2025,05.11.2025,CRM Bitrix24,Возможен самовывоз
8,AUC-000008,Ноутбук,Ноутбук Apple MacBook Pro,Фёдорова Светлана Викторовна,Про,Новое,Москва,"ул. Спортивная, д. 61, кв. 1",+7-915-240-22-67,fedorovasvet13@gmail.com,Торги завер.,44,356820,26.01.2023,05.12.2024,SAP ERP,нет данных(ошибка)
9,AUC-000009,Настенные часы XIX века,ОШИБКА_ДАННЫХ,Семёнов Никита Викторович,Произведения искусства,Требует реставрации,Екатеринбург,"ул. Молодёжная, д. 89, кв. 14",+7-925-813-80-80,semenovnikit529@gmail.com,Торги завершены,64,1918527,07.01.2026,15.05.2026,SAP ERP,Лот с резервной ценой
10,AUC-000010,Коллекционные монеты,Коллекционные монеты,Лебедев Илья Викторович,Антикварные предметы,Требует реставрации,Санкт-Петербург,"ул. Советская, д. 14, кв. 128",+7-929-576-94-34,lebedevilyav42@,Торги завер.,36,9262,08.04.2025,10.06.2024,Excel-выгрузка,
11,AUC-000011,Виниловая пластинка,Виниловая пластинка,Павлова Мария Николаевна,Антикварные предметы,"Б/у, отличное",Екатеринбург,"ул. Центральная, д. 109, кв. 52",+7-932-753-26-83,pavlovamariy967@yandex.ru,Лот снят с торгов,43,714877,24.10.2026,19.09.2025,SAP ERP,Проверен экспертом
12,AUC-000012,Кольцо с бриллиантом,Кольцо с бриллиантом,Петрова Анна Петровна,Электронная техника,"Б/у, отличное",Ворнж,"ул. Центральная, д. 86, кв. 197",+7-943-254-52-25,petrovaannap919@gmail.com,Торги завер.,32,1629503,07.07.2023,26.06.2024,1С:Предприятие,Лот с резервной ценой
13,AUC-000013,Статуэтка бронзовая,Статуэтка бронзовая,Павлова Алина Александровна,Произведения искусства,Новое,Новосибирск,"ул. Советская, д. 86, кв. 118",+7-924-815-64-82,pavlovaalina516@outlook.com,не указано(ошибка),21,1012260,12.08.2025,17.05.2026,Excel-выгрузка,Возможен самовывоз
14,AUC-000014,,Смартфон новый в упаковке,???,Произведения искусства,"Б/у, отличное",Влгд,"ул. Победы, д. 81, кв. 139",+7-945-410-49-11,vorobevpavel622@gmail.com,Торги завершены,50,120206,09.05.2024,17.04.2026,Excel-выгрузка,Лот с резервной ценой
15,AUC-000015,Фотоаппарат Leica,Фотоаппарат,Голубев Максим Андреевич,Про,Новое,Ростов-на-Дону,"ул. Пушкина, д. 24, кв. 51",+7-915-936-69-96,golubevmaksi881@mail.ru,Неизвестная категория,11,,22.12.2025,23.06.2026,ОШИБКА_ДАННЫХ,Продавец с высоким рейтингом
16,AUC-000016,Скрипка мастеровая,Скрипка,Кузнецов Никита Николаевич,Ювелирные изделия,"Б/у, отличное",Воронеж,"ул. Молодёжная, д. 36, кв. 24",+7-925-111-53-56,kuznecovniki522@outlook.com,Торги завершены,51,386933,20.06.2026,19.08.2026,Excel-выгрузка,Лот с резервной ценой
17,AUC-000017,Ноутбук Apple MacBook Pro,Ноутбук Apple MacBook Pro,Волкова Ольга Ивановна,Электронная техника,Новое,Нижний Новгород,"ул. Спортивная, д. 124, кв. 86",+7-941-400-84-88,volkovaolgai363@yandex.ru,Лот снят с торгов,4,1319621,2024,24.05.2024,CRM Bitrix24,Лот с резервной ценой
18,AUC-000018,Статуэтка бронзовая,Статуэтка бронзовая,Воробьёва Ирина Ивановна,Ювелирные изделия,"Б/у, отличное",Казань,"ул. Садовая, д. 96, кв. 48",+7-934-525-46-36,vorobevairin741@mail.ru,Лот продан,55,1222962,,09.09.2025,SAP ERP,
19,AUC-000019,Кольцо с бриллиантом,Кольцо с бриллиантом,Богданова Ирина Викторовна,Антикв. предм.,Требует реставрации,Санкт-Петербург,"ул. Гагарина, д. 56, кв. 107",,bogdanovairi876@gmail.com,Торги откр.,31,1569585,23.04.2024,19.05.2026,CRM Bitrix24,Проверен экспертом
20,AUC-000020,Картина маслом «Пейзаж»,Картина маслом «Пейзаж»,Павлова Елена Александровна,Антикварные предметы,Новое,Казань,"ул. Молодёжная, д. 80, кв. 148",+7-933-843-44-63,pavlovaelena803@yandex.ru,Торги завершены,21,ABC,03.07.2024,25.10.2024,Собственная система учёта,
21,AUC-000021,Настенные часы XIX века,Настенные часы XIX века,Кузнецов Андрей Николаевич,Антикварные предметы,Требует реставрации,Самара,"ул. Центральная, д. 139, кв. 98",+7-912-884-34-83,kuznecovandr194@yandex.ru,Лот снят с торг.,54,148638,16.07.2024,11.02.2026,1С:Предприятие,
22,AUC-000022,,-,Кузнецова Виктория Николаевна,Электронная техника,Новое,Пермь,"ул. Ленина, д. 113, кв. 85",+7-924-863-82-52,petrov@@mail..ru,Лот снят с торгов,35,1983338,11.06.2026,11.09.2026,Собственная система учёта,Проверен экспертом
23,AUC-000023,Виниловая пластинка,-,Виноградова Полина Сергеевна,Электронная техника,Требует реставрации,###,"ул. Гагарина, д. 27, кв. 72",,vinogradovap561@yandex.ru,Торги завершены,69,1086270,03.11.2026,2024,1С:Предприятие,Возможен самовывоз
24,AUC-000024,Виниловая пластинка,Виниловая пластинка,Кузнецова Ольга Ивановна,Электрон. техн.,####,Пермь,"ул. Ленина, д. 148, кв. 166",+7-930-497-71-49,kuznecovaolg676@mail.ru,Лот продан,19,605652,07.11.2025,10.04.2024,Excel-выгрузка,
25,AUC-000025,Виниловая пластинка,Виниловая пластинка,Лебедева Ольга Дмитриевна,Электрон. техн.,Новое,Москва,"ул. Ленина, д. 7, кв. 131",+7-920-110-73-45,lebedevaolga35@,Лот снят с торг.,60,1533657,04.03.2026,12.07.2025,1С:Предприятие,Возможен самовывоз
26,AUC-000026,Кольцо с бриллиантом,Кольцо с бриллиантом,Фёдоров Павел Николаевич,Юве,"Б/у, среднее",Санкт-Петербург,"ул. Спортивная, д. 114, кв. 123",+7-925-454-30-93,fedorovpavel343@yandex.ru,Торги завершены,68,1230296,11.04.2023,07.04.2024,-,Лот с резервной ценой
27,AUC-000027,Виниловая пластинка,Виниловая пластинка,Смирнова Виктория Ивановна,Произведения искусства,Новое,Волгоград,,+7-958-314-45-58,smirnovavikt911@mail.ru,Торги завер.,49,1294833,27.10.2024,01.10.2024,Excel-выгрузка,Продавец с высоким рейтингом
28,AUC-000028,Виниловая пластинка,Виниловая пластинка,Смирнов Павел Александрович,Ювелирные изделия,Требует реставрации,Казань,"ул. Мира, д. 89, кв. 75",+7-946-321-20-71,smirnovpavel670@gmail.com,Лот снят с торгов,67,1330580,21.01.2025,14.03.2025,SAP ERP,Лот с резервной ценой
29,AUC-000029,Настенные часы XIX века,Настенные часы XIX века,Алексеев Роман Сергеевич,Произв. искусства,Новое,Воронеж,"ул. Советская, д. 18, кв. 13",+7-947-541-50-19,alekseevroma134@outlook.com,Лот продан,58,297396,14.12.2024,09.10.2026,Собственная система учёта,Возможен самовывоз
30,AUC-000030,Скрипка,Скрипка мастеровая,Соколова Ирина Николаевна,Антикварные предметы,"Б/у, отличное",Нижний Новгород,"ул. Центральная, д. 56, кв. 122",+7-930-649-39-61,sokolovairin650@yandex.ru,Лот снят с торгов,19,ERROR,12.03.2025,17.02.2024,CRM Bitrix24,
31,AUC-000031,Настенные часы XIX века,Настенные часы XIX века,Воробьёва Алина Дмитриевна,Антикварные предметы,"Б/у, среднее",Челябинск,"ул. Гагарина, д. 77, кв. 19",телефон отсутствует,vorobevaalin427@gmail.com,Лот продан,13,239452,03.08.2026,10.05.2024,Собственная,Проверен экспертом
32,AUC-000032,Виниловая пластинка,Виниловая пластинка,Богданов Роман Андреевич,Произведения искусства,Требует реставрации,Волгоград,12345XYZ,+7-953-261-80-33,bogdanovroma300@yandex.ru,Торги открыты,46,много,27.05.2026,2026,Excel-выгрузка,Продавец с высоким рейтингом
33,AUC-000033,Картина маслом «Пейзаж»,Картина маслом «Пейзаж»,Козлова Елена Петровна,Электронная техника,"Б/у, отличное",Новосибирск,"ул. Пушкина, д. 4, кв. 127",+7-946-435-50-91,kozlovaelena735@outlook.com,Торги открыты,56,752224,15.09.2026,15.11.2026,Excel-выгрузка,
34,AUC-000034,Ноутбук Apple MacBook Pro,Ноутбук Apple MacBook Pro,Новиков Никита Дмитриевич,Антикварные предметы,"Б/у, среднее",Самара,"ул. Садовая, д. 36, кв. 76",+7-918-822-23-30,novikovnikit627@yandex.ru,Лот снят с торгов,41,62427,19.10.2025,27.04.2024,1С:Предприятие,Продавец с высоким рейтингом
35,AUC-000035,Коллекционные монеты,Коллекционные монеты,N/A,Произведения искусства,"Б/у, отличное",Екб,"ул. Советская, д. 114, кв. 167",+7-939-366-72-29,sokolovaekat423@gmail.com,не указано(ошибка),33,1841425,28.07.2023,04.08.2024,1С:Предприятие,Проверен экспертом
36,AUC-000036,Кольцо с бриллиантом,Кольцо с бриллиантом,Новикова Полина Николаевна,,Требует реставрации,Екатеринбург,"ул. Ленина, д. 27, кв. 9",12345,novikovapoli884@gmail.com,Лот снят с торгов,5,678249,25.06.2024,23.04.2025,,Продавец с высоким рейтингом
37,AUC-000037,Картина маслом «Пейзаж»,Картина маслом «Пейзаж»,Смирнов Дмитрий Петрович,Антикв. предм.,Требует реставрации,Новосибирск,"ул. Ленина, д. 31, кв. 143",+7-955-339-66-51,smirnovdmitr40@gmail.com,Торги открыты,62,582888,04.04.2024,28.01.2024,CRM Bitrix24,Возможен самовывоз
38,AUC-000038,12345XYZ,Ноутбук Apple MacBook Pro,Кузнецов Никита Викторович,Произведения искусства,Новое,Влгд,"ул. Спортивная, д. 126, кв. 131",+7-948-440-76-67,kuznecovniki590@gmail.com,Лот,н/д,632721,13.03.2025,11.08.2024,1С:Предприятие,Продавец с высоким рейтингом
39,AUC-000039,Статуэтка бронзовая,Статуэтка бронзовая,Алексеев Егор Сергеевич,Электронная техника,"Б/у, отличное",СПб,"ул. Мира, д. 110, кв. 2",+7-949-159-84-18,alekseevegor961@outlook.com,Торги завершены,67,1527056,2025,02.11.2024,1С:Предприятие,Лот с резервной ценой
40,AUC-000040,Фотоаппарат Leica,Фотоаппарат Leica,Волков Артём Николаевич,Ювелирн. изд.,"Б/у,",Волгоград,"ул. Центральная, д. 88, кв. 4",+7-956-107-89-65,volkovartemn489@gmail.com,Лот продан,0,1187198,,2026-13-45,SAP ERP,Возможен самовывоз
41,AUC-000041,Кольцо с бриллиантом,Кольцо с бриллиантом,Егоров Сергей Петрович,Произв. искусства,Требует реставрации,Самара,"ул. Спортивная, д. 85, кв. 185",+7-913-715-60-10,egorovsergei441@mail.ru,Торги завершены,9,961792,31.02.2026,,CRM Bitrix24,Продавец с высоким рейтингом
42,AUC-000042,Ноутбук Apple MacBook Pro,Ноутбук Apple MacBook Pro,Иванов Никита Сергеевич,Ювелирн. изд.,Требует реставрации,Москва,"ул. Садовая, д. 50, кв. 139",+7-958-770-93-61,ivanovnikita933@outlook.com,Торги завершены,64,1509302,14.11.2025,22.01.2025,Собственная система учёта,Лот с резервной ценой
43,AUC-000043,Картина,Картина маслом «Пейзаж»,Воробьёва Ксения Ивановна,Ювелирные изделия,Требует реставрации,Волгоград,"ул. Гагарина, д. 98, кв. 44",+7-931-600-67-30,vorobevaksen979@outlook.com,Лот продан,14,224770,23.06.2026,2026,1С:Предприятие,Лот с резервной ценой
44,AUC-000044,Коллекционные монеты,Коллекционные монеты,Алексеева Наталья Дмитриевна,Антикварные предметы,"Б/у, среднее",Екатеринбург,"ул. Мира, д. 138, кв. 118",+7-930-690-97-59,ivanov.mail.ru,Лот продан,78,1504895,11.07.2025,01.07.2025,CRM Bitrix24,Проверен экспертом
45,AUC-000045,Коллекционные монеты,Коллекционные монеты,Волкова Дарья Александровна,Ювелирные изделия,"Б/у, среднее",Новосибирск,"ул. Центральная, д. 105, кв. 22",+7-933-109-62-28,volkovadarya335@gmail.com,Лот снят с торгов,43,1113457,20.09.2024,09.01.2024,SAP ERP,
46,AUC-000046,Статуэтка бронзовая,Статуэтка бронзовая,Соколова Ксения Дмитриевна,Ювелирн. изд.,Требует реставрации,Волгоград,"ул. Молодёжная, д. 43, кв. 66",+7-910-168-87-92,sokolovaksen486@gmail.com,Лот снят с торгов,ERROR,1448756,10.05.2024,16.05.2024,CRM Bitrix24,
47,AUC-000047,Ноутбук Apple MacBook Pro,Ноутбук Apple MacBook Pro,Козлов Максим Петрович,Произведения искусства,Новое,Мск,"ул. Молодёжная, д. 45, кв. 115",+7-936-723-11-44,kozlovmaksim2@outlook.com,Торги открыты,79,409064,14.05.2025,16.08.2026,SAP ERP,нет данных(ошибка)
48,AUC-000048,???,Коллекционные монеты,Воробьёва Полина Дмитриевна,Антикв. предм.,,Самара,"ул. Ленина, д. 62, кв. 13",+7-944-434-15-16,vorobevapoli639@outlook.com,Торги открыты,57,1171104,01.03.2023,,Собственная система учёта,
49,AUC-000049,Кольцо с бриллиантом,Кольцо с бриллиантом,Голубев Александр Андреевич,Электронная техника,Новое,Ростов-на-Дону,"ул. Центральная, д. 106, кв. 67",+7-916-458-69-15,,Лот снят с торг.,52,1516943,09.09.2026,16.12.2025,Excel-выгрузка,Лот с резервной ценой
50,AUC-000050,Ноутбук Apple MacBook Pro,Ноутбук Apple MacBook Pro,Павлов Дмитрий Сергеевич,Произведения искусства,Требует реставрации,Воронеж,"ул. Спортивная, д. 47, кв. 175",,pavlovdmitri466@gmail.com,Торги завер.,73,423155,00.00.0000,10.09.2024,SAP ERP,нет данных(ошибка)
51,AUC-000051,Виниловая пластинка,Виниловая пластинка,Новикова Ксения Андреевна,Электронная техника,Новое,Пермь,"ул. Победы, д. 76, кв. 169",+7-934-592-14-36,novikovaksen4@outlook.com,Лот снят с торг.,69,1079861,17.10.2024,21.06.2026,Excel-выгрузка,Возможен самовывоз
52,AUC-000052,Кольцо с бриллиантом,Кольцо,Лебедева Елена Дмитриевна,Произв. искусства,Требует реставрации,Екатеринбург,"ул. Спортивная, д. 101, кв. 111",+7-913-926-86-36,ivanov.mail.ru,Торги открыты,61,1993899,11.03.2025,25.08.2024,1С:Предприятие,Проверен экспертом
53,AUC-000053,Ноутбук Apple MacBook Pro,Ноутбук Apple MacBook Pro,Егорова Мария Ивановна,Ювелирные изделия,"Б/у, отличное",Волгоград,"ул. Центральная, д. 23, кв. 76",+7-933-792-83-14,egorovamariy845@mail.ru,Торги открыты,34,1266872,16.05.2024,08.10.2025,1С:Предприятие,
54,AUC-000054,Фотоаппарат Leica,Фотоаппарат Leica,Голубева Елена Андреевна,Электронная техника,Требует реставрации,Казань,"ул. Гагарина, д. 46, кв. 195",+7-938-800-11-11,golubevaelen311@outlook.com,Торги открыты,57,350640,20.02.2026,14.01.2025,Собственная система учёта,
55,AUC-000055,Настенные часы XIX века,Настенные часы XIX века,Алексеева Алина Сергеевна,Произведения искусства,Требует реставрации,Казань,"ул. Пушкина, д. 82, кв. 183",+7-928-331-70-46,alekseevaali401@outlook.com,Лот снят с торгов,70,1873565,23.04.2026,28.03.2024,1С:Предприятие,Продавец с высоким рейтингом
56,AUC-000056,Статуэтка бронзовая,Статуэтка бронзовая,Павлова Виктория Петровна,Произв. искусства,"Б/у, среднее",Челяб.,"ул. Советская, д. 61, кв. 157",+7-954-103-35-68,pavlovavikto787@gmail.com,Лот продан,10,1707106,04.07.2023,02.04.2024,Excel-выгрузка,Возможен самовывоз
57,AUC-000057,Виниловая пластинка,Виниловая пластинка,Смирнова Анна Николаевна,Электронная техника,"Б/у, среднее",Казань,"ул. Центральная, д. 5, кв. 35",+7-926-901-59-14,smirnovaanna903@mail.ru,Торги завершены,47,,27.12.2025,06.11.2025,,Продавец с высоким рейтингом
58,AUC-000058,Ноутбук Apple MacBook Pro,,Козлов Никита Александрович,Антикв. предм.,"Б/у, отличное",Пермь,"ул. Молодёжная, д. 64, кв. 132",+7-912-274-83-27,kozlovnikita961@outlook.com,Лот снят с торгов,53,143072,31.02.2026,21.01.2025,SAP ERP,
59,AUC-000059,Фотоаппарат Leica,Фотоаппарат Leica,N/A,Произведения искусства,Требует реставрации,Новосиб.,"ул. Молодёжная, д. 87, кв. 63",+7-938-204-12-81,vorobevapoli285@outlook.com,Торги завершены,38,596753,23.06.2024,17.12.2025,SAP ERP,Возможен самовывоз
60,AUC-000060,Смартфон новый в упаковке,Смартфон новый в упаковке,Волков Андрей Сергеевич,Электронная техника,Новое,Мск,"ул. Садовая, д. 84, кв. 49",+7-947-353-24-63,,Торги открыты,,131888,07.01.2023,06.03.2026,SAP ERP,
61,AUC-000061,,Скрипка мастеровая,Егоров Александр Александрович,Антикв. предм.,"Б/у, отличное",Казань,"ул. Мира, д. 86, кв. 178",12345,egorovaleksa988@mail.ru,Торги открыты,-1,691961,05.07.2025,19.04.2025,Excel-выгрузка,Лот с резервной ценой
62,AUC-000062,Картина маслом «Пейзаж»,Картина маслом «Пейзаж»,Семёнов Кирилл Викторович,Произв. искусства,Требует реставрации,Ростов-на-Дону,"ул. Спортивная, д. 39, кв. 113",+7-917-666-53-42,semenovkiril59@gmail.com,Торги открыты,14,1188456,03.08.2024,2026,SAP ERP,
63,AUC-000063,Кольцо с бриллиантом,Кольцо с бриллиантом,Смирнов Андрей Петрович,Ювелирные изделия,Новое,Пермь,"ул. Центральная, д. 49, кв. 143",+7-932-283-89-32,smirnovandre694@outlook.com,Торги открыты,43,ERROR,19.01.2023,00.00.0000,CRM Bitrix24,
64,AUC-000064,Смартфон новый в упаковке,Смартфон новый в упаковке,Соколова Полина Андреевна,Ювелирные изделия,"Б/у, среднее",Новосиб.,"ул. Ленина, д. 99, кв. 24",+7-920-436-90-79,sokolovapoli866@mail.ru,Торги открыты,49,909927,26.08.2023,01.01.2026,Excel-выгрузка,Проверен экспертом
65,AUC-000065,Статуэтка бронзовая,Статуэтка бронзовая,Кузнецов Егор Петрович,Ювелирные изделия,"Б/у, отличное",Самара,ул.,+7-930-126-76-97,kuznecovegor431@yandex.ru,Торги завершены,41,1827416,05.10.2024,04.04.2025,CRM Bitrix24,Проверен экспертом
66,AUC-000066,Виниловая пластинка,Виниловая пластинка,Воробьёва Юлия Петровна,Электронная техника,"Б/у, среднее",Волгоград,"ул. Садовая, д. 90, кв. 140",+7-915-103-23-85,vorobevayuli280@mail.ru,Лот снят с торгов,59,1190635,26.03.2026,2026-13-45,CRM Bitrix24,
67,AUC-000067,Настенные часы XIX века,Настенные часы XIX века,Лебедева Наталья Александровна,Электрон. техн.,"Б/у, отличное",Крд,"ул. Молодёжная, д. 78, кв. 35",+7-914-360-99-78,lebedevanata750@yandex.ru,Лот снят с торгов,28,1225477,15.02.2025,13.12.2025,CRM Bitrix24,Лот с резервной ценой
68,AUC-000068,Картина маслом «Пейзаж»,Картина маслом «Пейзаж»,Козлов Андрей Николаевич,Ювелирн. изд.,Новое,Ворнж,"ул. Центральная, д. 41, кв. 138",+7-937-243-89-90,kozlovandrei106@gmail.com,Лот,9,1890897,02.02.2025,28.09.2026,CRM Bitrix24,Возможен самовывоз
69,AUC-000069,Картина маслом «Пейзаж»,Картина,,Антикварные предметы,Требует реставрации,Челябинск,"ул. Ленина, д. 13, кв. 186",+7-958-861-71-87,,Лот продан,9,725960,19.07.2024,12.05.2025,1С:Предприятие,Возможен самовывоз
70,AUC-000070,Настенные часы XIX века,Настенные часы XIX века,Павлов Алексей Дмитриевич,Антикварные предметы,???,Воронеж,"ул. Победы, д. 92, кв. 179",+7-915-393-64-25,pavlovalekse516@yandex.ru,Торги открыты,5,1544747,01.11.2026,12.06.2026,CRM Bitrix24,Продавец с высоким рейтингом
71,AUC-000071,Настенные часы XIX века,Настенные часы XIX века,Алексеева Мария Петровна,Ювелирные изделия,"Б/у, среднее",Мск,"ул. Центральная, д. 150, кв. 59",+7-933-506-81-49,alekseevamar916@mail.ru,Торги завер.,37,1543512,16.10.2025,27.07.2024,SAP ERP,
72,AUC-000072,Коллекционные монеты,Коллекционные монеты,Фёдорова,###,"Б/у, среднее",Н.Новгород,"ул. Спортивная, д. 55, кв. 32",+7-940-427-14-75,,Торги открыты,18,1478556,07.03.2026,15.10.2024,Excel-выгрузка,Лот с резервной ценой
73,AUC-000073,???,Скрипка мастеровая,Новикова Полина Сергеевна,Ювелирные изделия,Новое,Казань,"ул. Гагарина, д. 83, кв. 28",+7-933-911-53-93,novikovapoli539@yandex.ru,Торги открыты,40,762241,26.08.2025,28.01.2024,Excel-выгрузка,Проверен экспертом
74,AUC-000074,Статуэтка бронзовая,Статуэтка бронзовая,Петрова Алина Петровна,Электронная техника,Требует реставрации,Волгоград,"ул. Мира, д. 81, кв. 44",+7-926-608-97-30,petrovaalina74@gmail.com,Торги завершены,73,1624115,03.01.2025,10.11.2024,Excel-выгрузка,Возможен самовывоз
75,AUC-000075,N/A,Смартфон новый в упаковке,Морозов Егор Андреевич,Произв. искусства,нет данных(ошибка),,"ул. Молодёжная, д. 10, кв. 17",+7-951-995-54-26,morozovegora597@outlook.com,Лот снят с торгов,68,138810,06.04.2024,2026,Excel-выгрузка,Проверен экспертом
76,AUC-000076,Смартфон новый в упаковке,Смартфон,Кузнецова Елена Петровна,Произведения искусства,Новое,Санкт-Петербург,"ул. Садовая, д. 67, кв. 102",+7-943-625-37-54,kuznecovaele418@yandex.ru,Лот продан,65,1167623,26.07.2026,,SAP ERP,Проверен экспертом
77,AUC-000077,Скрипка мастеровая,Скрипка мастеровая,Воробьёва Ирина Сергеевна,Ювелирн. изд.,Требует реставрации,Казань,"ул. Мира, д. 61, кв. 12",+7-958-735-88-56,vorobevairin310@outlook.com,Лот снят с торгов,42,901183,04.02.2026,04.06.2025,SAP ERP,Проверен экспертом
78,AUC-000078,Статуэтка,Статуэтка бронзовая,Соколова Анна Александровна,Произв. искусства,Новое,Новосибирск,"ул. Садовая, д. 24, кв. 118",+7-951-779-53-62,sokolovaanna636@mail.ru,Торги открыты,67,1266228,14.08.2025,04.04.2025,CRM Bitrix24,
79,AUC-000079,Виниловая пластинка,Виниловая пластинка,Попов Артём Николаевич,Электронная техника,"Б/у, отличное",Влгд,"ул. Спортивная, д. 101, кв. 163",+7-944-971-33-53,popovartemni907@yandex.ru,Торги завершены,54,857484,19.05.2025,23.05.2024,Собственная система учёта,Продавец с высоким рейтингом
80,AUC-000080,Кольцо с бриллиантом,Кольцо с бриллиантом,Лебедев Кирилл Викторович,Электронная техника,"Б/у, среднее",Пермь,"ул. Победы, д. 77, кв. 5",+7-938-205-98-37,,Лот продан,8,142321,28.07.2026,06.04.2024,-,
81,AUC-000081,Настенные часы XIX века,Настенные часы XIX века,Богданова Татьяна Александровна,Ювелирные изделия,"Б/у, среднее",Краснодар,"ул. Садовая, д. 18, кв. 93",+7-941-772-88-88,bogdanovatat447@outlook.com,Торги открыты,42,293883,10.01.2023,15.02.2025,Excel-выгрузка,Возможен самовывоз
82,AUC-000082,Скрипка мастеровая,Скрипка мастеровая,Новикова Юлия Сергеевна,Произведения искусства,"Б/у, среднее",Пермь,"ул. Мира, д. 138, кв. 149",+7-922-216-41-24,novikovayuli934@gmail.com,Торги открыты,58,1140366,28.04.2024,01.08.2026,Excel-выгрузка,Возможен самовывоз
83,AUC-000083,Смартфон новый в упаковке,Смартфон новый в упаковке,Морозова Ирина Александровна,Электронная техника,"Б/у, отличное",СПб,"ул. Садовая, д. 56, кв. 178",+7-944-182-48-77,morozovairin310@gmail.com,Лот снят с торгов,1,ERROR,18.03.2023,15.09.2025,Собственная система учёта,Возможен самовывоз
84,AUC-000084,Фотоаппарат Leica,Фотоаппарат Leica,Смирнов Роман Сергеевич,Антикварные предметы,Новое,Екатеринбург,"ул. Центральная, д. 80, кв. 54",+7-953-872-69-67,smirnovroman890@mail.ru,Лот продан,33,213915,01.11.2023,05.10.2025,Excel-выгрузка,Возможен самовывоз
85,AUC-000085,Фотоаппарат Leica,Фотоаппарат Leica,Смирнова Екатерина Сергеевна,Ювелирн. изд.,"Б/у, отличное",Ворнж,"ул. Молодёжная, д. 45, кв. 56",+7-931-281-69-62,smirnovaekat917@outlook.com,Лот продан,15,1965404,07.12.2024,15.12.2026,нет данных(ошибка),Проверен экспертом
86,AUC-000086,Картина маслом «Пейзаж»,Картина маслом «Пейзаж»,Семёнова Юлия Ивановна,Антикв. предм.,Новое,Самара,"ул. Спортивная, д. 46, кв. 114",,,Лот снят с торгов,,1775612,15.11.2026,24.01.2025,Собственная система учёта,Продавец с высоким рейтингом
87,AUC-000087,Фотоаппарат Leica,Фотоаппарат Leica,Новиков Илья Петрович,###,Требует реставрации,Челябинск,"ул. Гагарина, д. 149, кв. 90",+7-927-471-33-45,novikovilyap525@mail.ru,Торги открыты,49,780632,18.02.2025,10.08.2024,CRM Bitrix24,Продавец с высоким рейтингом
88,AUC-000088,Картина маслом «Пейзаж»,Картина маслом «Пейзаж»,Морозов Никита Николаевич,Неизвестная категория,"Б/у, отличное",Влгд,"ул. Пушкина, д. 46, кв. 138",+7-940-1,morozovnikit368@mail.ru,Торги завершены,69,1098621,28.06.2024,22.10.2024,1С:Предприятие,Лот с резервной ценой
89,AUC-000089,Настенные часы XIX века,Настенные часы XIX века,Павлова Виктория Дмитриевна,Ювелирные изделия,Новое,Воронеж,"ул. Советская, д. 103, кв. 89",+7-923-971-95-47,pavlovavikto717@mail.ru,Торги завершены,58,1858204,03.03.2025,28.10.2025,SAP ERP,Продавец с высоким рейтингом
90,AUC-000090,Картина маслом «Пейзаж»,Картина маслом «Пейзаж»,Соколов Егор Дмитриевич,Электронная техника,"Б/у, отличное",Москва,,+7-934-674-99-95,sokolovegord523@yandex.ru,Лот снят с торгов,76,737071,08.12.2023,08.05.2026,Excel-выгрузка,Продавец с высоким рейтингом
91,AUC-000091,Настенные часы XIX века,Настенные часы XIX века,Воробьёв Артём Дмитриевич,Ювелирные изделия,Требует реставрации,Краснодар,"ул. Центральная, д. 45, кв. 50",+7-944-465-63-19,vorobevartem168@yandex.ru,Лот продан,3,261383,02.02.2025,17.10.2026,1С:Предприятие,Возможен самовывоз
92,AUC-000092,Картина маслом «Пейзаж»,Картина маслом «Пейзаж»,Голубева Екатерина Дмитриевна,Электронная техника,"Б/у, отличное",Краснодар,"ул. Гагарина, д. 145, кв. 140",+7-919-563-44-39,golubevaekat644@yandex.ru,Торги завер.,24,1631069,01.08.2023,06.06.2024,1С:Предприятие,Продавец с высоким рейтингом
93,AUC-000093,Фотоаппарат Leica,Фотоаппарат Leica,Кузнецов Максим Иванович,Электронная техника,Новое,Мск,???,+7-940-301-97-77,kuznecovmaks830@outlook.com,Лот продан,29,204384,2026-13-45,07.09.2026,Excel-выгрузка,Проверен экспертом
94,AUC-000094,Смартфон новый в упаковке,Смартфон новый в упаковке,Попов Владимир Андреевич,Антикв. предм.,"Б/у, отличное",Волгоград,"ул. Садовая, д. 129, кв. 185",12345,popovvladimi453@yandex.ru,Торги открыты,41,330352,15.07.2025,24.03.2026,SAP ERP,Возможен самовывоз
95,AUC-000095,Статуэтка бронзовая,Статуэтка бронзовая,Морозова Татьяна Дмитриевна,Произведения искусства,"Б/у, отличное",Казань,"ул. Ленина, д. 96, кв. 190",+7-919-120-58-16,morozovataty11@mail.ru,Лот снят с торгов,,583093,10.06.2024,21.10.2025,CRM Bitrix24,Возможен самовывоз
96,AUC-000096,Коллекционные монеты,Коллекционные монеты,Смирнова Дарья Петровна,Антикв. предм.,???,Воронеж,"ул. Центральная, д. 61, кв. 17",+7-952-957-63-10,smirnovadary838@,Тор,31,536307,20.10.2025,14.09.2026,-,Возможен самовывоз
97,AUC-000097,Кольцо с бриллиантом,Кольцо с бриллиантом,Воробьёв Виктор Викторович,Электронная техника,"Б/у, среднее",Москва,,+7-946-122-28-17,vorobevvikto239@yandex.ru,Торги завершены,39,1518049,09.09.2026,2024,1С:Предприятие,Возможен самовывоз
98,AUC-000098,Ноутбук Apple MacBook Pro,Ноутбук Apple MacBook Pro,Волкова Виктория Петровна,Антикв. предм.,Новое,СПб,N/A,+7-930-819-43-15,volkovavikto288@outlook.com,Лот продан,49,502042,07.07.2023,14.11.2025,CRM Bitrix24,Проверен экспертом
99,AUC-000099,Виниловая пластинка,Виниловая пластинка,Воробьёв Дмитрий Николаевич,Ювелирные изделия,Новое,Волгоград,"ул. Ленина, д. 127, кв. 112",+7-935-448-81-89,vorobevdmitr362@gmail.com,Лот снят с торгов,20,1739247,10.08.2023,2026-13-45,Собственная система учёта,Возможен
100,AUC-000100,Ноутбук Apple MacBook Pro,Ноутбук Apple MacBook Pro,Алексеев Александр Иванович,Ювелирные изделия,Требует реставрации,Воронеж,,+7-956-965-18-31,alekseevalek426@outlook.com,Лот продан,48,,23.11.2025,04.10.2024,Excel-выгрузка,Возможен самовывоз
101,AUC-000101,Фотоаппарат Leica,Фотоаппарат Leica,Павлов Никита Александрович,Ювелирные изделия,Новое,###,"ул. Мира, д. 51, кв. 92",+7-941-277-92-35,pavlovnikita982@outlook.com,Торги завершены,42,1740976,25.10.2026,02.08.2026,Excel-выгрузка,Проверен экспертом
102,AUC-000102,Кольцо с бриллиантом,Кольцо с бриллиантом,Семёнов Кирилл Андреевич,Электронная техника,Новое,Мск,"ул. Центральная, д. 114, кв. 198",+7-923-899-24-92,semenovkiril285@mail.ru,Лот снят с торгов,0,,21.12.2026,20.01.2026,CRM Bitrix24,Продавец с высоким рейтингом
103,AUC-000103,Ноутбук Apple MacBook Pro,Ноутбук Apple MacBook Pro,Петров Егор Дмитриевич,Произведения искусства,Требует реставрации,Казань,"ул. Гагарина, д. 116, кв. 55",+7-923-482-72-93,petrovegordm428@,Торги завер.,ABC,462278,26.07.2023,04.05.2024,Собственная система учёта,Лот с резервной ценой
104,AUC-000104,Коллекционные монеты,Коллекционные монеты,Егоров Дмитрий Александрович,категория_5,"Б/у, отличное",Пермь,"ул. Спортивная, д. 96, кв. 89",+7-923-312-33-52,egorovdmitri452@mail.ru,Торги завер.,9,1430671,12.07.2024,09.01.2026,SAP ERP,Лот с резервной ценой
105,AUC-000105,Ноутбук Apple MacBook Pro,Ноутбук Apple MacBook Pro,Петров Владимир Иванович,Электрон. техн.,Требует реставрации,Нижний Новгород,"ул. Молодёжная, д. 28, кв. 154",+7-959-197-52-21,petrovvladim918@yandex.ru,Торги открыты,3,1736209,01.11.2023,27.11.2026,Excel-выгрузка,Проверен экспертом
106,AUC-000106,Настенные часы XIX века,???,Попова Виктория Петровна,Электрон. техн.,"Б/у, отличное",СПб,"ул. Молодёжная, д. 98, кв. 156",+7-946-675-44-58,popovaviktor646@mail.ru,Лот продан,34,210436,12.10.2025,10.10.2026,Собственная система учёта,Проверен экспертом
107,AUC-000107,Виниловая пластинка,####,Иванов Никита Сергеевич,Электронная техника,"Б/у, среднее",Ворнж,"ул. Победы, д. 96, кв. 68",+7-956-449-22-28,ivanovnikita39@outlook.com,Торги завершены,6,963401,22.07.2023,00.00.0000,CRM Bitrix24,Лот с резервной ценой
108,AUC-000108,Ноутбук Apple MacBook Pro,Ноутбук Apple MacBook Pro,Морозова Юлия Андреевна,Произв. искусства,"Б/у, среднее",Влгд,"ул. Спортивная, д. 72, кв. 200",+7-957-741-98-29,,Торги завершены,31,400620,05.04.2025,24.11.2025,12345XYZ,
109,AUC-000109,Скрипка мастеровая,Скрипка мастеровая,Смирнов Никита Викторович,не указано(ошибка),Требует реставрации,Нижний Новгород,"ул. Советская, д. 105, кв. 13",+7-913-743-20-23,smirnovnikit834@yandex.ru,Лот продан,38,,27.09.2026,08.09.2026,Excel-выгрузка,Продавец с высоким рейтингом
110,AUC-000110,,Кольцо с бриллиантом,####,Ювелирные изделия,####,Челябинск,"ул. Центральная, д. 106, кв. 81",+7-958-872-67-26,pavlovadarya764@gmail.com,Торги завер.,79,725879,20.08.2026,04.08.2026,SAP ERP,Лот с резервной ценой
111,AUC-000111,Настенные часы XIX века,Настенные часы XIX века,Виноградова Виктория Ивановна,Ювелирные изделия,Новое,Смр,"ул. Гагарина, д. 81, кв. 113",+7-920-309-47-76,vinogradovav440@outlook.com,Торги открыты,39,626495,28.04.2026,03.09.2026,SAP ERP,Возможен самовывоз
112,AUC-000112,Смартфон новый в упаковке,Смартфон новый в упаковке,Фёдоров Алексей Николаевич,Произв. искусства,"Б/у, отличное",Влгд,"ул. Советская, д. 150, кв. 137",+7-946-142-77-55,fedorovaleks943@outlook.com,Торги завершены,42,1705521,09.12.2026,2026,Собственная система учёта,Проверен экспертом
113,AUC-000113,Смартфон новый в упаковке,Смартфон новый в упаковке,Виноградова Светлана Сергеевна,Электрон. техн.,"Б/у, отличное",Сан,"ул. Гагарина, д. 71, кв. 38",+7-954-714-17-24,vinogradovas710@gmail.com,Торги завершены,68,214340,19.04.2025,14.05.2024,Excel-выгрузка,Лот с резервной ценой
114,AUC-000114,,Статуэтка,Новиков Никита Петрович,Произведения искусства,Требует реставрации,Пермь,####,+7-958-444-19-36,novikovnikit70@mail.ru,Торги завершены,74,1887170,10.01.2025,03.02.2026,-,Возможен
115,AUC-000115,Фотоаппарат,Фотоаппарат Leica,Петров Кирилл Александрович,Ювелирные изделия,"Б/у, среднее",Влгд,"ул. Мира, д. 36, кв. 6",+7-915-228-42-99,petrovkirill376@mail.ru,Лот продан,3,,21.02.2023,14.06.2025,1С:Предприятие,Проверен экспертом
116,AUC-000116,Фотоаппарат Leica,Фотоаппарат,Виноградов Алексей Николаевич,Антикварные предметы,"Б/у, среднее",Пермь,"ул. Победы, д. 79, кв. 163",+7-945-818-77-84,vinogradoval782@yandex.ru,Торги завершены,22,564156,19.07.2025,01.05.2026,SAP ERP,Лот с резервной ценой
117,AUC-000117,Кольцо с бриллиантом,Кольцо с бриллиантом,Морозов Владимир Николаевич,Электронная техника,"Б/у, среднее",Воронеж,"ул. Центральная, д. 53, кв. 173",+7-950-424-59-63,morozovvladi396@mail.ru,Лот продан,49,881633,17.01.2026,17.09.2024,CRM Bitrix24,Проверен экспертом
118,AUC-000118,Настенные часы XIX века,Настенные,Иванова Ирина Николаевна,Ювелирные изделия,"Б/у, отличное",Ростов-на-Дону,"ул. Ленина, д. 91, кв. 182",+7-945-614-63-50,ivanovairina798@outlook.com,Торги завершены,63,801451,27.12.2026,04.09.2024,SAP ERP,Проверен экспертом
119,AUC-000119,Смартфон новый в упаковке,Смартфон новый в упаковке,Голубев Александр Андреевич,Электронная техника,"Б/у, среднее",Пермь,ул.,+7-931-155-46-56,golubevaleks646@yandex.ru,Лот снят с торгов,41,,2023,07.04.2024,CRM Bitrix24,Возможен самовывоз
120,AUC-000120,Статуэтка бронзовая,Статуэтка бронзовая,Алексеева Татьяна Николаевна,Ювелирные изделия,Новое,Н.Новгород,"ул. Пушкина, д. 69, кв. 2",+7-955-350-52-33,alekseevatat559@,Лот снят с торгов,61,561562,01.08.2025,07.06.2026,CRM Bitrix24,Лот с резервной ценой
121,AUC-000121,Смартфон новый в упаковке,Смартфон новый в упаковке,Алексеева Юлия Викторовна,Ювелирные изделия,####,Казань,,+7-920-315-14-10,alekseevayul716@outlook.com,,52,1760582,04.10.2026,00.00.0000,SAP ERP,Продавец с высоким рейтингом
122,AUC-000122,Настенные,-,Иванова Ирина Андреевна,Электронная техника,"Б/у, отличное",Челябинск,"ул. Победы, д. 18, кв. 73",+7-931-304-93-21,ivanovairina491@yandex.ru,Тор,39,605232,17.07.2024,2025,Excel-выгрузка,
123,AUC-000123,12345XYZ,Скрипка мастеровая,Егорова Анна Николаевна,Антикварные предметы,Требует реставрации,Ростов-на-Дону,"ул. Ленина, д. 63, кв. 17",+7-954-605-53-27,egorovaannan688@yandex.ru,Лот продан,20,983782,23.08.2026,16.04.2024,Собственная система учёта,Проверен экспертом
124,AUC-000124,Картина маслом «Пейзаж»,Картина маслом «Пейзаж»,нет данных(ошибка),Электрон. техн.,"Б/у, среднее",Самара,"ул. Пушкина, д. 95, кв. 156",+7-952-816-54-31,volkovmaksim535@mail.ru,Торги завершены,59,372936,02.11.2023,07.03.2025,1С:Предприятие,
125,AUC-000125,Ноутбук Apple MacBook Pro,Ноутбук Apple MacBook Pro,Фёдорова Ирина Николаевна,Ювелирн. изд.,Новое,Казань,"ул. Советская, д. 15, кв. 4",+7-952-290-32-98,petrov@@mail..ru,категория_5,76,554064,01.01.2023,20.05.2025,CRM Bitrix24,Лот с резервной ценой
126,AUC-000126,Ноутбук Apple MacBook Pro,Ноутбук Apple MacBook Pro,Морозова Наталья Андреевна,Электронная техника,Требует реставрации,Екатеринбург,"ул. Гагарина, д. 62, кв. 75",телефон отсутствует,morozovanata487@mail.ru,Торги открыты,70,1940594,25.04.2023,17.03.2026,1С:Предприятие,Продавец с высоким рейтингом
127,AUC-000127,####,Фотоаппарат Leica,Егорова Юлия Дмитриевна,Антикварные предметы,Требует реставрации,Пермь,"ул. Советская, д. 74, кв. 45",+7-952-979-77-56,egorovayuliy925@mail.ru,Лот снят с торгов,80,1875487,26.03.2023,19.10.2025,Собственная система учёта,
128,AUC-000128,Фотоаппарат Leica,Фотоаппарат Leica,Семёнов Егор Петрович,Ювелирные изделия,Требует реставрации,Пермь,"ул. Советская, д. 51, кв. 114",+7-949-449-34-46,semenovegorp390@mail.ru,Лот снят с торгов,70,254604,18.05.2026,17.05.2026,1С:Предприятие,Возможен самовывоз
129,AUC-000129,Коллекционные монеты,Коллекционные монеты,Волков Кирилл Сергеевич,Произведения искусства,"Б/у, отличное",Москва,"ул. Садовая, д. 123, кв. 175",+7-933-806-87-34,volkovkirill51@mail.ru,Торги завершены,80,1608311,04.03.2023,27.11.2024,Excel-выгрузка,
130,AUC-000130,Виниловая пластинка,Виниловая пластинка,Морозова Дарья Петровна,Ювелирные изделия,"Б/у, отличное",Самара,"ул. Спортивная, д. 18, кв. 5",+7-947-480-87-64,morozovadary888@gmail.com,Лот снят с торгов,61,н/д,22.04.2024,26.06.2026,Excel-выгрузка,Продавец с высоким рейтингом
131,AUC-000131,Кольцо с бриллиантом,Кольцо с бриллиантом,Попова Светлана Дмитриевна,Ювелирные изделия,"Б/у, отличное",Н.Новгород,"ул. Пушкина, д. 137, кв. 61",+7-930-700-13-48,popovasvetla742@mail.ru,Лот продан,39,644925,07.03.2023,28.10.2024,Excel-выгрузка,
132,AUC-000132,Кольцо с бриллиантом,Кольцо с бриллиантом,Петров Виктор Александрович,Произведения искусства,Требует реставрации,,,+7-935-183-48-84,petrovviktor68@outlook.com,Лот снят с торгов,40,155399,03.04.2026,24.12.2026,1С:Предприятие,Продавец с высоким рейтингом
133,AUC-000133,Виниловая пластинка,Виниловая пластинка,Козлова Ирина Александровна,Произв. искусства,Требует реставрации,Смр,"ул. Садовая, д. 16, кв. 15",12345,kozlovairina140@gmail.com,,70,1464017,05.11.2023,27.01.2024,Excel-выгрузка,
134,AUC-000134,Скрипка мастеровая,Скрипка мастеровая,Лебедев Александр Николаевич,Произв. искусства,N/A,Екатеринбург,"ул. Молодёжная, д. 94, кв. 91",+7-957-183-62-62,lebedevaleks344@gmail.com,Лот снят с торгов,18,702379,12.06.2023,15.08.2026,Excel-выгрузка,Возможен самовывоз
135,AUC-000135,Картина маслом «Пейзаж»,Картина маслом «Пейзаж»,Виноградов Владимир Викторович,Произведения искусства,Новое,Новосибирск,"ул. Садовая, д. 67, кв. 142",+7-954-705-81-18,petrov@@mail..ru,Торги открыты,37,ERROR,04.02.2025,02.09.2026,Excel-выгрузка,Возможен самовывоз
136,AUC-000136,Картина маслом «Пейзаж»,Картина маслом «Пейзаж»,Морозов Виктор Викторович,Ювелирные изделия,"Б/у, отличное",Новосибирск,"ул. Спортивная, д. 18, кв. 24",+7-926-765-96-60,morozovvikto17@mail.ru,Торги открыты,24,812693,04.08.2024,17.01.2024,CRM Bitrix24,Возможен самовывоз
137,AUC-000137,Кольцо с бриллиантом,Кольцо с бриллиантом,Смирнова Ксения Николаевна,Антикварные предметы,Требует реставрации,Ворнж,"ул. Гагарина, д. 17, кв. 22",+7-920-542-57-17,smirnovaksen345@mail.ru,Лот снят с торгов,,1328546,15.01.2026,вчера,Excel-выгрузка,Проверен экспертом
138,AUC-000138,,Фотоаппарат Leica,Голубев Павел Сергеевич,Произведения искусства,"Б/у, отличное",Самара,"ул. Садовая, д. 22, кв. 149",+7-919-807-53-66,golubevpavel706@,Торги откр.,48,32323,27.04.2023,08.09.2024,Excel-выгрузка,Проверен экспертом
139,AUC-000139,Кольцо с бриллиантом,,Соколов Сергей Петрович,Произведения искусства,"Б/у,",Санкт-Петербург,"ул. Центральная, д. 7, кв. 16",+7-957-7,sokolovserge523@yandex.ru,Лот снят с торгов,39,743703,24.02.2026,09.08.2024,Excel-выгрузка,Продавец с высоким рейтингом
140,AUC-000140,Картина маслом «Пейзаж»,Картина маслом «Пейзаж»,Голубева Татьяна Ивановна,Ювелирные изделия,Требует реставрации,Ростов-на-Дону,"ул. Центральная, д. 40, кв. 125",+7-924-287-59-58,golubevataty139@yandex.ru,Торги открыты,21,1802146,08.08.2026,12.08.2025,Собственная система учёта,Продавец с высоким рейтингом
141,AUC-000141,Смартфон новый в упаковке,Смартфон новый в упаковке,Соколов Артём Сергеевич,Ювелирные изделия,Требует реставрации,Санкт-Петербург,"ул. Центральная, д. 22, кв. 12",+7-935-427-94-58,sokolovartem917@outlook.com,Лот продан,70,1311761,01.06.2025,03.08.2024,CRM Bitrix24,Продавец с высоким рейтингом
142,AUC-000142,Фотоаппарат Leica,Фотоаппарат Leica,Петрова Юлия Петровна,Произведения искусства,Новое,Санкт-Петербург,"ул. Ленина, д. 36, кв. 64",+7-935-671-12-98,petrovayuliy571@outlook.com,Лот снят с торг.,16,1991554,03.07.2026,10.08.2025,CRM Bitrix24,Продавец с высоким рейтингом
143,AUC-000143,Скрипка мастеровая,Скрипка мастеровая,Фёдоров Дмитрий Александрович,Антикв. предм.,"Б/у, среднее",Волгоград,"ул. Мира, д. 11, кв. 169",+7-929-922-98-53,fedorovdmitr405@mail.ru,Лот снят с торгов,32,702077,09.08.2024,09.10.2024,SAP ERP,Возможен самовывоз
144,AUC-000144,Картина маслом «Пейзаж»,Картина маслом «Пейзаж»,Фёдорова Ксения Сергеевна,Ювелирные изделия,"Б/у, среднее",Крд,???,+7-928-215-12-16,fedorovaksen249@outlook.com,Лот,20,622093,05.09.2025,21.11.2026,Excel-выгрузка,Проверен экспертом
145,AUC-000145,Фотоаппарат Leica,Фотоаппарат Leica,Алексеев Егор Сергеевич,Электронная техника,Требует реставрации,Н.Новгород,"ул. Центральная, д. 96, кв. 31",+7-941-832-64-86,alekseevegor99@gmail.com,Лот снят с торгов,ERROR,384465,22.11.2023,11.06.2025,SAP ERP,Возможен самовывоз
146,AUC-000146,Коллекционные монеты,Коллекционные монеты,Волков Виктор Сергеевич,Произведения искусства,"Б/у, отличное",Екатеринбург,"ул. Молодёжная, д. 49, кв. 170",+7-926-797-22-75,volkovviktor487@gmail.com,Торги открыты,52,ABC,19.05.2024,18.05.2026,SAP ERP,Лот с резервной ценой
147,AUC-000147,Скрипка мастеровая,Скрипка мастеровая,,Ювелирные изделия,Новое,Челяб.,"ул. Спортивная, д. 62, кв. 107",+7-946-468-30-44,novikovaleks313@yandex.ru,Торги открыты,13,516798,23.07.2023,12.11.2024,CRM Bitrix24,
148,AUC-000148,Ноутбук Apple MacBook Pro,Ноутбук Apple MacBook Pro,Соколова Светлана Викторовна,Антикв. предм.,Требует реставрации,Челябинск,"ул. Молодёжная, д. 84, кв. 96",+7-913-309-40-46,sokolovasvet689@outlook.com,Лот продан,66,246553,26.12.2024,05.06.2026,Excel-выгрузка,Возможен самовывоз
149,AUC-000149,Статуэтка бронзовая,Статуэтка бронзовая,Иванова Елена Сергеевна,Антикварные предметы,Требует реставрации,Москва,,+7-915-431-78-95,ivanovaelena597@yandex.ru,Торги открыты,29,1954560,20.05.2026,22.01.2025,1С:Предприятие,
150,AUC-000150,ОШИБКА_ДАННЫХ,Картина,Кузнецов Алексей Сергеевич,Ювелирн. изд.,"Б/у, отличное",Новосиб.,"ул. Гагарина, д. 90, кв. 61",+7-928-760-63-73,kuznecovalek735@yandex.ru,Торги завершены,71,1702038,11.06.2025,11.01.2026,Собственная система учёта,Проверен экспертом
151,AUC-000151,Ноутбук Apple MacBook Pro,Ноутбук Apple MacBook Pro,Голубев Дмитрий Иванович,Произв. искусства,"Б/у, среднее",Влгд,"ул. Пушкина, д. 65, кв. 85",+7-932-701-24-11,golubevdmitr324@yandex.ru,Лот снят с торгов,31,134058,13.01.2025,14.07.2024,Excel-выгрузка,Проверен экспертом
152,AUC-000152,Статуэтка бронзовая,Статуэтка бронзовая,Егорова Анна Дмитриевна,Антикварные предметы,Требует реставрации,Самара,"ул. Гагарина, д. 36, кв. 17",+7-941-6,egorovaannad119@yandex.ru,Торги открыты,29,1389040,26.02.2023,14.03.2024,1С:Предприятие,Проверен экспертом
153,AUC-000153,ОШИБКА_ДАННЫХ,Картина маслом «Пейзаж»,Егорова Елена Андреевна,Ювелирные изделия,"Б/у, отличное",Челябинск,"ул. Гагарина, д. 14, кв. 91",+7-936-854-48-96,egorovaelena365@outlook.com,,25,1509440,,вчера,Excel-выгрузка,Возможен самовывоз
154,AUC-000154,Статуэтка бронзовая,Статуэтка бронзовая,Смирнов Роман Сергеевич,Электронная техника,"Б/у,",Новосибирск,"ул. Спортивная, д. 45, кв. 108",12345,smirnovroman489@,Торги завер.,8,1653201,02.08.2026,15.06.2024,Excel-выгрузка,Проверен экспертом
155,AUC-000155,Статуэтка бронзовая,Статуэтка бронзовая,Соколова Полина Петровна,Электрон. техн.,Новое,Москва,"ул. Пушкина, д. 148, кв. 44",+7-913-645-88-77,sokolovapoli74@outlook.com,Лот продан,77,679529,03.08.2023,23.08.2026,Excel-выгрузка,Лот с резервной ценой
156,AUC-000156,Статуэтка бронзовая,Статуэтка бронзовая,,Произведения искусства,Новое,СПб,"ул. Центральная, д. 82, кв. 163",+7-942-147-33-68,morozovartem876@gmail.com,Лот продан,52,1977638,23.01.2024,02.10.2025,Excel-выгрузка,
157,AUC-000157,Коллекционные монеты,Коллекционные монеты,Фёдорова Дарья Николаевна,Неизвестная категория,"Б/у,",Казань,"ул. Молодёжная, д. 87, кв. 19",,fedorovadary144@outlook.com,Лот снят с торгов,13,448192,15.11.2024,15.05.2024,Excel-выгрузка,
158,AUC-000158,Фотоаппарат Leica,Фотоаппарат Leica,Козлов Александр Петрович,###,,Воронеж,"ул. Молодёжная, д. 111, кв. 190",+7-952-820-22-82,kozlovaleksa804@yandex.ru,Торги открыты,58,много,09.07.2024,21.07.2026,1С:Предприятие,Проверен экспертом
159,AUC-000159,Статуэтка бронзовая,Статуэтка бронзовая,Волков Кирилл Петрович,Произведения искусства,"Б/у, среднее",Пермь,"ул. Советская, д. 68, кв. 131",+7-954-873-10-89,volkovkirill827@yandex.ru,Торги откр.,71,855175,14.06.2025,05.05.2025,SAP ERP,Проверен экспертом
160,AUC-000160,Скрипка мастеровая,Скрипка мастеровая,Иванова Анна Сергеевна,Антикв. предм.,####,Екб,####,+7-955-129-61-56,petrov@@mail..ru,Торги завершены,20,540970,вчера,,Excel-выгрузка,Лот с резервной ценой
161,AUC-000161,Ноутбук Apple MacBook Pro,Ноутбук Apple MacBook Pro,Воробьёва Ирина Петровна,Произв. искусства,"Б/у, отличное",Новосиб.,"ул. Садовая, д. 112, кв. 126",+7-940-271-85-73,vorobevairin848@yandex.ru,Торги открыты,много,861195,20.05.2025,27.08.2024,1С:Предприятие,Продавец с высоким рейтингом
162,AUC-000162,Ноутбук Apple MacBook Pro,Ноутбук Apple MacBook Pro,Смирнов Виктор Викторович,Произведения искусства,Новое,Пермь,"ул. Победы, д. 76, кв. 112",+7-947-198-20-76,smirnovvikto694@yandex.ru,Торги завершены,30,1423768,09.06.2026,09.09.2025,1С:Предприятие,Продавец с высоким рейтингом
163,AUC-000163,Статуэтка бронзовая,Статуэтка бронзовая,Голубев Алексей Викторович,Электрон. техн.,"Б/у, отличное",Челяб.,"ул. Гагарина, д. 82, кв. 142",+7-941-880-82-56,golubevaleks869@outlook.com,Торги завершены,3,,05.03.2025,21.08.2024,Excel-выгрузка,
164,AUC-000164,Кольцо с бриллиантом,Кольцо с бриллиантом,Воробьёва Ирина Николаевна,Произведения искусства,"Б/у, отличное",Воронеж,"ул. Молодёжная, д. 104, кв. 175",+7-958-916-45-30,vorobevairin138@gmail.com,Торги откр.,34,1884946,09.11.2025,27.04.2024,Собственная система учёта,Продавец с высоким рейтингом
165,AUC-000165,Статуэтка бронзовая,ОШИБКА_ДАННЫХ,Виноградова Виктория Сергеевна,Произведения искусства,"Б/у, отличное",Ростов-на-Дону,"ул. Мира, д. 13, кв. 112",+7-925-578-94-95,vinogradovav682@gmail.com,Лот снят с торг.,28,1540419,18.04.2026,18.06.2024,CRM Bitrix24,Возможен самовывоз
166,AUC-000166,Смартфон новый в упаковке,Смартфон новый в упаковке,Богданова Светлана Петровна,Произведения искусства,Требует реставрации,Новосибирск,"ул. Центральная, д. 61, кв. 29",+7-918-944-34-34,bogdanovasve802@gmail.com,Торги завер.,63,1041404,10.10.2025,13.01.2026,Собственная система учёта,Продавец с высоким рейтингом
167,AUC-000167,Ноутбук Apple MacBook Pro,Ноутбук Apple MacBook Pro,Смирнова Анна Александровна,Антикварные предметы,"Б/у, среднее",Казань,"ул. Центральная, д. 107, кв. 61",+7-949-339-36-70,smirnovaanna852@yandex.ru,Лот продан,29,773435,27.07.2026,06.09.2026,SAP ERP,Продавец с высоким рейтингом
168,AUC-000168,Статуэтка бронзовая,Статуэтка бронзовая,Петров Никита Викторович,Ювелирные изделия,Требует реставрации,Казань,"ул. Советская, д. 9, кв. 172",+7-940-511-15-94,petrovnikita578@yandex.ru,Лот продан,78,,15.11.2024,28.01.2025,CRM Bitrix24,Лот с резервной ценой
169,AUC-000169,Смартфон новый в упаковке,Смартфон новый в упаковке,Смирнова Светлана Александровна,Ювелирные изделия,Новое,Воронеж,ул.,+7-947-442-49-97,smirnovasvet167@mail.ru,Лот продан,,856730,16.07.2026,,1С:Предприятие,Проверен экспертом
170,AUC-000170,Картина маслом «Пейзаж»,Картина маслом «Пейзаж»,,,Новое,Санкт-Петербург,"ул. Молодёжная, д. 33, кв. 178",+7-927-306-70-98,fedorovvikto955@outlook.com,Торги откр.,42,81732,2024,20.07.2025,CRM Bitrix24,Проверен экспертом
171,AUC-000171,Скрипка мастеровая,,Голубев Егор Николаевич,Произв. искусства,Требует реставрации,Новосибирск,"ул. Пушкина, д. 62, кв. 109",+7-912-416-16-64,golubevegorn774@yandex.ru,Лот снят с торгов,16,720671,23.02.2025,11.03.2024,SAP ERP,Проверен экспертом
172,AUC-000172,ОШИБКА_ДАННЫХ,Скрипка мастеровая,Кузнецов Сергей Сергеевич,Ювелирные изделия,"Б/у, отличное",Ростов-на-Дону,"ул. Молодёжная, д. 139, кв. 50",+7-933-264-95-79,kuznecovserg651@,Лот снят с торгов,3,1026937,27.04.2025,28.05.2024,SAP ERP,
173,AUC-000173,Статуэтка бронзовая,Статуэтка бронзовая,Богданов Артём Петрович,,"Б/у, среднее",Крд,"ул. Молодёжная, д. 83, кв. 65",+7-938-864-97-23,bogdanovarte950@mail.ru,Лот снят с торгов,50,1280208,16.04.2026,02.04.2024,SAP ERP,
174,AUC-000174,Виниловая пластинка,Виниловая пластинка,Попов Андрей Александрович,Ювелирные изделия,"Б/у, отличное",Казань,"ул. Гагарина, д. 144, кв. 118",+7-950-869-11-79,popovandreia699@mail.ru,Лот продан,,1483406,,20.04.2026,Excel-выгрузка,Продавец
175,AUC-000175,???,Смартфон новый в упаковке,Голубева Ольга Петровна,Электронная техника,Требует реставрации,Самара,"ул. Спортивная, д. 147, кв. 184",+7-950-747-99-72,golubevaolga660@yandex.ru,Торги завер.,66,1547393,20.02.2024,24.11.2026,CRM Bitrix24,Возможен самовывоз
176,AUC-000176,Скрипка мастеровая,Скрипка мастеровая,Морозова Виктория Ивановна,###,"Б/у, отличное",Новосибирск,"ул. Гагарина, д. 85, кв. 69",+7-927-309-17-83,morozovavikt873@yandex.ru,Лот снят с торг.,66,572123,22.04.2026,10.08.2024,Собственная система учёта,Проверен экспертом
177,AUC-000177,Картина маслом «Пейзаж»,Картина маслом «Пейзаж»,Фёдорова Полина Петровна,Электрон. техн.,"Б/у, отличное",Челябинск,ул.,+7-948-593-17-29,fedorovapoli371@yandex.ru,Лот снят с торгов,40,1196725,12.08.2024,22.06.2026,1С:Предприятие,
178,AUC-000178,Картина маслом «Пейзаж»,Картина маслом «Пейзаж»,Новиков Виктор Викторович,Произв. искусства,Требует реставрации,Самара,"ул. Мира, д. 57, кв. 34",+7-945-452-47-22,novikovvikto577@yandex.ru,Лот продан,12,-1,24.01.2026,06.07.2026,1С:Предприятие,Лот с резервной ценой
179,AUC-000179,Картина маслом «Пейзаж»,Картина маслом «Пейзаж»,####,Произведения искусства,Требует реставрации,Краснодар,"ул. Ленина, д. 56, кв. 130",+7-941-867-49-37,нет_почты,Лот продан,58,8975,вчера,01.05.2025,SAP ERP,Возможен самовывоз
180,AUC-000180,Ноутбук Apple MacBook Pro,Ноутбук Apple MacBook Pro,Смирнова Мария Дмитриевна,Антикварные предметы,"Б/у, среднее",Москва,"ул. Гагарина, д. 86, кв. 37",+7-917-724-19-47,smirnovamari817@outlook.com,Лот продан,23,1626216,15.05.2023,20.02.2024,Excel-выгрузка,
181,AUC-000181,Кольцо с бриллиантом,Кольцо с бриллиантом,Петров,Произведения искусства,Требует реставрации,Екатеринбург,,+7-912-450-58-97,petrovilyavi797@yandex.ru,Торги завер.,38,1795878,24.11.2024,13.11.2025,Excel-выгрузка,Возможен самовывоз
182,AUC-000182,Смартфон новый в упаковке,Смартфон новый в упаковке,Попова Ирина Александровна,Электронная техника,"Б/у, среднее",Воронеж,"ул. Молодёжная, д. 26, кв. 43",+7-931-923-98-92,popovairinaa390@gmail.com,Лот снят с торг.,13,1394910,13.11.2025,19.11.2026,SAP ERP,Продавец с высоким рейтингом
183,AUC-000183,Кольцо с бриллиантом,Кольцо с бриллиантом,Лебедева Ксения Викторовна,Произведения искусства,"Б/у, отличное",Ростов-на-Дону,"ул. Центральная, д. 104, кв. 81",+7-926-160-77-52,lebedevaksen349@mail.ru,Лот продан,45,860214,22.03.2025,26.11.2024,1С:Предприятие,
184,AUC-000184,Кольцо с бриллиантом,Кольцо с бриллиантом,Виноградова Юлия Ивановна,Ювелирные изделия,-,Пермь,,+7-942-742-10-76,vinogradovay227@yandex.ru,Торги завершены,36,73101,21.07.2026,10.03.2024,SAP ERP,Проверен экспертом
185,AUC-000185,Коллекционные монеты,Коллекционные монеты,Смирнов Роман Андреевич,###,Требует реставрации,СПб,"ул. Центральная, д. 67, кв. 49",+7-932-647-23-56,smirnovroman510@outlook.com,Лот продан,44,,18.04.2025,04.11.2026,Собственная система учёта,
186,AUC-000186,Кольцо с бриллиантом,Кольцо с бриллиантом,Голубева Виктория Ивановна,Антикв. предм.,Новое,Санкт-Петербург,"ул. Победы, д. 121, кв. 158",+7-953-4,golubevavikt55@gmail.com,Торги открыты,30,1116155,20.04.2023,14.12.2024,Собственная система учёта,Возможен самовывоз
187,AUC-000187,Картина маслом «Пейзаж»,Картина маслом «Пейзаж»,Воробьёв Алексей Сергеевич,Произведения искусства,Требует реставрации,Екатеринбург,"ул. Мира, д. 60, кв. 199",+7-99-abc-12-34,vorobevaleks68@outlook.com,Лот продан,1,1030854,24.08.2026,06.11.2026,Excel-выгрузка,Возможен самовывоз
188,AUC-000188,Настенные часы XIX века,Настенные часы XIX века,Голубева Дарья Викторовна,Произв. искусства,Новое,Воронеж,"ул. Мира, д. 6, кв. 95",+7-929-207-93-20,golubevadary296@mail.ru,Торги открыты,26,1211911,21.07.2025,16.06.2024,CRM Bitrix24,
189,AUC-000189,Кольцо с бриллиантом,Кольцо с бриллиантом,Иванова Елена Дмитриевна,Электронная техника,"Б/у, среднее",Нижний Новгород,"ул. Советская, д. 130, кв. 99",+7-933-471-10-72,ivanovaelena982@gmail.com,Неизвестная категория,78,983628,07.05.2026,10.07.2024,Excel-выгрузка,
190,AUC-000190,Ноутбук Apple MacBook Pro,Ноутбук Apple MacBook Pro,Козлов Виктор Петрович,Произведения искусства,"Б/у, отличное",Пермь,"ул. Ленина, д. 7, кв. 96",+7-930-945-61-69,kozlovviktor707@yandex.ru,Лот снят с торгов,32,803663,28.05.2024,12.03.2024,CRM Bitrix24,Лот с резервной ценой
191,AUC-000191,Кольцо с бриллиантом,Кольцо с бриллиантом,Павлова Светлана Александровна,Электрон. техн.,Новое,Влгд,"ул. Центральная, д. 84, кв. 120",+7-950-878-42-36,pavlovasvetl17@mail.ru,Торги открыты,1,1774867,17.09.2024,24.06.2024,SAP ERP,Лот с резервной ценой
192,AUC-000192,Ноутбук Apple MacBook Pro,Ноутбук Apple MacBook Pro,Семёнова Екатерина Викторовна,не указано(ошибка),Требует реставрации,Воронеж,"ул. Молодёжная, д. 22, кв. 55",+7-923-258-42-80,semenovaekat855@outlook.com,Лот снят с торг.,55,,02.08.2023,09.08.2024,1С:Предприятие,Возможен самовывоз
193,AUC-000193,Фотоаппарат Leica,Фотоаппарат Leica,Новиков Сергей Петрович,Антикварные предметы,Требует реставрации,Пермь,"ул. Молодёжная, д. 109, кв. 36",+7-955-444-11-72,novikovserge655@outlook.com,Торги завершены,18,1072090,24.01.2024,21.07.2025,CRM Bitrix24,Возможен самовывоз
194,AUC-000194,Виниловая пластинка,Виниловая пластинка,Голубев Дмитрий Иванович,Антикварные предметы,Требует реставрации,Новосиб.,"ул. Садовая, д. 138, кв. 186",+7-948-473-42-26,golubevdmitr70@mail.ru,Торги открыты,50,1852592,23.01.2026,09.01.2026,CRM Bitrix24,
195,AUC-000195,Виниловая пластинка,Виниловая пластинка,Голубева Ирина Дмитриевна,Электрон. техн.,Новое,Воронеж,"ул. Мира, д. 8, кв. 12",+7-917-861-66-43,golubevairin969@yandex.ru,Торги завершены,10,1212715,22.07.2023,26.07.2026,1С:Предприятие,
196,AUC-000196,Ноутбук Apple MacBook Pro,Ноутбук Apple MacBook Pro,Фёдоров Андрей Андреевич,Антикв. предм.,####,Санкт-Петербург,"ул. Ленина, д. 106, кв. 197",+7-933-502-91-75,fedorovandre158@outlook.com,Торги откр.,46,1677925,11.06.2024,12.06.2024,CRM Bitrix24,
197,AUC-000197,Настенные часы XIX века,Настенные часы XIX века,Лебедев Никита Иванович,Антикварные предметы,"Б/у, отличное",Воронеж,,+7-926-333-86-20,lebedevnikit472@yandex.ru,Торги завершены,,762851,13.02.2025,24.09.2024,SAP ERP,Проверен экспертом
198,AUC-000198,Настенные часы XIX века,Настенные часы XIX века,Кузнецова Полина Александровна,Юве,"Б/у, среднее",Влгд,"ул. Победы, д. 149, кв. 143",+7-935-4,kuznecovapol536@outlook.com,Лот продан,50,1328629,18.05.2023,17.06.2025,Excel-выгрузка,Возможен самовывоз
199,AUC-000199,Ноутбук Apple MacBook Pro,Ноутбук Apple MacBook Pro,Смирнова Екатерина Андреевна,Произведения искусства,"Б/у,",Москва,"ул. Пушкина, д. 58, кв. 133",+7-931-344-14-88,smirnovaekat61@outlook.com,Лот снят с торгов,25,350680,23.10.2025,14.08.2024,,Проверен экспертом
200,AUC-000200,Картина маслом «Пейзаж»,Картина маслом «Пейзаж»,Фёдорова Мария Викторовна,Электрон. техн.,Новое,Екатеринбург,"ул. Гагарина, д. 25, кв. 166",+7-910-542-91-89,fedorovamari38@,Торги открыты,75,4146,22.08.2023,02.06.2024,CRM Bitrix24,Продавец с высоким рейтингом
