ID,Код записи,Название помещения,Название помещения (повтор),Ответственный организатор,Тип помещения,Оснащение,Город,Адрес,Телефон,Email,Статус брони,"Вместимость, чел.","Стоимость аренды, руб./час",Дата создания записи,Дата последнего обновления,Система-источник,Примечания
1,ROOM-000001,Переговорная «Атлант»,Переговорная «Атлант»,Петров Максим Иванович,Конфер.-зал,Проектор,Казань,"ул. Центральная, д. 91, кв. 75",+7-914-257-32-35,petrovmaksim193@mail.ru,Отменена,29,,07.07.2026,12.11.2025,Собственная система учёта,Мероприятие для внешних гостей
2,ROOM-000002,Конференц-зал «Главный»,Конференц-зал «Главный»,Иванова Анна Дмитриевна,Пер,Видеоконференцсвязь,Москва,"ул. Победы, д. 33, кв. 162",+7-929-393-17-68,ivanovaannad291@outlook.com,Завершена,ERROR,4691,23.07.2024,02.09.2024,1С:Предприятие,Мероприятие для внешних гостей
3,ROOM-000003,Конференц-зал «Главный»,Конференц-зал «Главный»,Егорова Наталья Дмитриевна,Конференц-зал,Без оснащения,Новосибирск,"ул. Победы, д. 133, кв. 68",+7-931-714-99-79,egorovanatal645@yandex.ru,Завершена,58,4176,21.10.2024,17.01.2026,Excel-выгрузка,Мероприятие для внешних гостей
4,ROOM-000004,Переговорная «Юпитер»,Переговорная «Юпитер»,Петрова Алина Александровна,Открытое пространство,Видеоконференцсвязь,Ростов-на-Дону,"ул. Центральная, д. 31, кв. 179",+7-923-155-60-24,petrovaalina694@outlook.com,Подтверждена,22,-1,14.11.2024,08.05.2025,Excel-выгрузка,Требуется кейтеринг
5,ROOM-000005,Переговорная «Юпитер»,Переговорная «Юпитер»,Богданова Наталья Николаевна,Переговорная комната,Видеоконференцсвязь,Смр,"ул. Советская, д. 66, кв. 3",+7-925-349-96-39,bogdanovanat260@yandex.ru,Ожидает подтверждения,33,2714,13.12.2025,05.11.2024,SAP ERP,Бронь от руководства
6,ROOM-000006,Переговорная «Юпитер»,Переговорная «Юпитер»,Лебедева Ирина Андреевна,Конфер.-зал,Проектор,Челябинск,"ул. Ленина, д. 143, кв. 103",+7-933-371-47-53,lebedevairin33@yandex.ru,Отменена,12,1158,13.06.2023,15.10.2025,Собственная система учёта,Бронь от руководства
7,ROOM-000007,Конференц-зал «Главный»,Конференц-зал «Главный»,Кузнецов Максим Дмитриевич,Переговорная комната,Проектор,Новосибирск,"ул. Спортивная, д. 139, кв. 113",12345,petrov@@mail..ru,Подтверждена,21,2168,12.06.2024,25.03.2025,SAP ERP,Повторяющаяся бронь
8,ROOM-000008,Конференц-зал «Главный»,Конференц-зал «Главный»,Соколова Екатерина Петровна,Переговорная комната,Видеоконференцсвязь,Новосибирск,"ул. Спортивная, д. 127, кв. 36",+7-950-771-65-76,sokolovaekat319@mail.ru,Подтверждена,3,418,12.08.2023,25.03.2026,1С:Предприятие,Бронь от руководства
9,ROOM-000009,Переговорная «Атлант»,Переговорная «Атлант»,Алексеев Александр Викторович,Переговорная комната,???,Самара,"ул. Ленина, д. 2, кв. 61",+7-932-280-90-26,alekseevalek372@yandex.ru,###,13,4106,24.12.2023,14.01.2026,Excel-выгрузка,Требуется кейтеринг
10,ROOM-000010,Переговорная «Атлант»,Переговорная «Атлант»,Павлов Егор Иванович,Переговорная комната,Без оснащения,Санкт-Петербург,"ул. Центральная, д. 13, кв. 168",+7-952-291-93-82,pavlovegoriv651@yandex.ru,Завершена,39,517,10.10.2024,11.09.2025,Excel-выгрузка,
11,ROOM-000011,12345XYZ,Переговорная «Атлант»,Семёнов Илья Николаевич,Конфер.-зал,Видеоконференцсвязь,Воронеж,"ул. Советская, д. 33, кв. 172",+7-934-729-65-18,semenovilyan441@mail.ru,Завершена,39,279,19.09.2023,22.03.2026,Собственная система учёта,Требуется кейтеринг
12,ROOM-000012,Опен-спейс 3 этаж,Опен-спейс 3 этаж,Лебедева Татьяна Андреевна,Откр. простр.,Видеоконференцсвязь,Ростов-на-Дону,"ул. Пушкина, д. 143, кв. 96",,lebedevataty473@outlook.com,Отменена,53,4294,27.02.2025,08.04.2025,SAP ERP,12345XYZ
13,ROOM-000013,Переговорная «Меркурий»,,Лебедева Алина Андреевна,Переговорная комната,Проектор,Санкт-Петербург,"ул. Советская, д. 97, кв. 32",+7-948-140-62-52,lebedevaalin243@outlook.com,Ожидает подтверждения,31,235,11.08.2024,06.01.2025,Собственная система учёта,Требуется кейтеринг
14,ROOM-000014,Переговорная «Юпитер»,Переговорная «Юпитер»,Богданова Татьяна Сергеевна,Конференц-зал,Проектор,Краснодар,"ул. Пушкина, д. 29, кв. 78",+7-910-893-60-43,petrov@@mail..ru,Ожидает подтверждения,42,3550,01.07.2023,14.12.2026,Excel-выгрузка,Бронь от руководства
15,ROOM-000015,Переговорная «Меркурий»,,####,Конференц-зал,Видеоконференцсвязь,Воронеж,"ул. Пушкина, д. 29, кв. 66",+7-944-344-18-17,kozlovkirill94@yandex.ru,Ожид. подтв.,60,4810,03.04.2025,13.10.2025,SAP ERP,Мероприятие для внешних гостей
16,ROOM-000016,Конференц-зал «Главный»,Конференц-зал «Главный»,Лебедев Илья Николаевич,Конференц-зал,Проектор,Новосиб.,"ул. Спортивная, д. 122, кв. 18",+7-934-594-53-38,lebedevilyan650@gmail.com,Завершена,20,4015,19.06.2025,08.10.2026,SAP ERP,Требуется кейтеринг
17,ROOM-000017,Переговорная «Меркурий»,Переговорная «Меркурий»,Волков Роман Андреевич,Переговорная комната,Флипчарт,СПб,"ул. Советская, д. 108, кв. 36",+7-946-2,volkovromana80@outlook.com,Подтв.,15,4404,07.03.2026,2024,1С:Предприятие,Повторяющаяся бронь
18,ROOM-000018,Переговорная «Юпитер»,Переговорная «Юпитер»,нет данных(ошибка),Конференц-зал,Проектор,СПб,"ул. Мира, д. 67, кв. 4",+7-949-307-15-37,lebedevaekat394@mail.ru,Подтв.,27,3233,06.04.2023,16.08.2026,Собственная система учёта,Повторяющаяся бронь
19,ROOM-000019,Конференц-зал «Главный»,Конференц-зал «Главный»,Богданова Екатерина Викторовна,Переговорн. комн.,Видеоконференцсвязь,Москва,"ул. Советская, д. 124, кв. 112",+7-940-589-66-89,bogdanovaeka8@yandex.ru,Подтв.,,2784,18.04.2023,18.03.2025,Собственная система учёта,Требуется кейтеринг
20,ROOM-000020,???,Переговорная «Атлант»,Алексеева Светлана Александровна,Конференц-зал,Флипчарт,Екатеринбург,ОШИБКА_ДАННЫХ,+7-939-134-76-43,alekseevasve122@gmail.com,не указано(ошибка),,1852,28.04.2023,12.03.2025,Собственная система учёта,Повторяющаяся бронь
21,ROOM-000021,Переговорная «Меркурий»,12345XYZ,Алексеев Сергей Дмитриевич,Открытое пространство,Флипчарт,Неизвестная категория,"ул. Молодёжная, д. 21, кв. 10",+7-938-805-90-77,alekseevserg802@gmail.com,Ожид. подтв.,6,4560,28.06.2025,22.09.2026,SAP ERP,
22,ROOM-000022,Переговорная «Меркурий»,Переговорная «Меркурий»,Лебедева Светлана Петровна,Открытое пространство,Флипчарт,Воронеж,"ул. Пушкина, д. 81, кв. 94",+7-940-432-92-18,lebedevasvet343@outlook.com,Завершена,18,646,25.10.2025,26.12.2024,Собственная система учёта,Повторяющаяся бронь
23,ROOM-000023,Переговорная «Атлант»,Переговорная «Атлант»,Фёдорова Екатерина Сергеевна,Переговорная комната,Без оснащения,Влгд,"ул. Спортивная, д. 142, кв. 3",+7-936-217-45-98,fedorovaekat745@mail.ru,Подтверждена,13,4271,01.04.2025,21.05.2024,1С:Предприятие,Бронь
24,ROOM-000024,Малый зал совещаний,Малый зал совещаний,Воробьёв Александр Дмитриевич,,Видеоконференцсвязь,###,"ул. Молодёжная, д. 56, кв. 93",+7-942-353-67-91,vorobevaleks317@yandex.ru,Отмен.,42,,26.12.2026,16.07.2025,Excel-выгрузка,Мероприятие для внешних гостей
25,ROOM-000025,Переговорная «Юпитер»,Переговорная «Юпитер»,Лебедев Владимир Дмитриевич,Переговорная комната,Проектор,Пермь,"ул. Победы, д. 30, кв. 6",+7-923-809-70-93,lebedevvladi751@yandex.ru,Отмен.,39,1148,15.04.2023,08.12.2024,CRM Bitrix24,???
26,ROOM-000026,Переговорная «Меркурий»,Переговорная «Меркурий»,Виноградов Владимир Викторович,Конференц-зал,Видеоконференцсвязь,Воронеж,"ул. Победы, д. 137, кв. 123",+7-913-748-25-55,vinogradovvl380@gmail.com,Отменена,,1126,14.04.2026,10.06.2026,Excel-выгрузка,Мероприятие для внешних гостей
27,ROOM-000027,Малый зал совещаний,Малый зал совещаний,Егорова Дарья Викторовна,Конфер.-зал,Проектор,Ростов-на-Дону,,+7-952-936-52-45,egorovadarya435@yandex.ru,Ожид. подтв.,2,2998,20.02.2023,2026-13-45,1С:Предприятие,Требуется кейтеринг
28,ROOM-000028,Переговорная «Юпитер»,Переговорная «Юпитер»,Иванов Александр Иванович,Конфер.-зал,Проектор,Пермь,"ул. Гагарина, д. 74, кв. 127",+7-950-665-54-41,ivanovaleksa960@outlook.com,Ожидает подтверждения,53,2233,00.00.0000,04.02.2024,Excel-выгрузка,Повторяющаяся бронь
29,ROOM-000029,Переговорная «Атлант»,Переговорная «Атлант»,Соколова Ольга Андреевна,Конференц-зал,Проектор,Ростов-на-Дону,"ул. Советская, д. 70, кв. 2",+7-937-502-22-67,sokolovaolga814@outlook.com,Подтверждена,,4566,09.02.2024,22.06.2026,Собственная система учёта,
30,ROOM-000030,Переговорная «Атлант»,Переговорная «Атлант»,Виноградова Екатерина Андреевна,Открытое пространство,Флипчарт,Нижний Новгород,"ул. Победы, д. 73, кв. 22",+7-935-945-40-26,vinogradovae787@yandex.ru,Ожидает подтверждения,18,3979,18.05.2026,24.10.2026,SAP,Мероприятие для внешних гостей
31,ROOM-000031,Конференц-зал «Главный»,Конференц-зал «Главный»,Богданова Татьяна Ивановна,Переговорная комната,Без оснащения,Ростов-на-Дону,"ул. Советская, д. 39, кв. 135",+7-938-455-27-37,нет_почты,Завершена,23,3454,12.02.2023,27.08.2025,1С:Предприятие,Требуется кейтеринг
32,ROOM-000032,Переговорная «Атлант»,Переговорная «Атлант»,Егорова Ольга Ивановна,Переговорная комната,Флипчарт,Ворнж,"ул. Садовая, д. 87, кв. 55",+7-948-654-66-88,egorovaolgai339@gmail.com,Завершена,35,3635,15.12.2023,08.06.2025,CRM Bitrix24,Требуется кейтеринг
33,ROOM-000033,Переговорная «Атлант»,Переговорная «Атлант»,Смирнов Илья Николаевич,Конференц-зал,Проектор,Екатеринбург,"ул. Советская, д. 11, кв. 139",+7-923-725-27-24,,Ожид. подтв.,58,4127,25.02.2026,14.07.2025,CRM Bitrix24,Повторяющаяся бронь
34,ROOM-000034,Малый зал совещаний,Малый зал совещаний,Егоров Владимир Александрович,Откр. простр.,Без оснащения,Ворнж,"ул. Ленина, д. 84, кв. 117",+7-916-943-89-33,egorovvladim488@gmail.com,Отменена,53,3876,01.09.2023,11.12.2024,1С:Предприятие,Мероприятие для внешних гостей
35,ROOM-000035,Опен-спейс 3 этаж,Опен-спейс 3 этаж,Новиков Максим Александрович,Конференц-зал,-,Москва,"ул. Победы, д. 141, кв. 197",,novikovmaksi784@mail.ru,Подтверждена,23,2019,24.05.2023,23.11.2026,CRM Bitrix24,Мероприятие для внешних гостей
36,ROOM-000036,Переговорная «Атлант»,Переговорная «Атлант»,Воробьёв Владимир Сергеевич,Открытое пространство,Видеоконференцсвязь,Казань,"ул. Гагарина, д. 26, кв. 112",+7-954-683-39-93,vorobevvladi963@gmail.com,Завершена,48,2839,01.07.2026,09.03.2026,CRM Bitrix24,
37,ROOM-000037,Переговорная «Меркурий»,Переговорная «Меркурий»,Попов Сергей Николаевич,Открытое пространство,Без оснащения,Ростов-на-Дону,"ул. Пушкина, д. 34, кв. 42",+7-934-313-41-82,popovsergein106@yandex.ru,Ожи,58,421,,24.08.2025,Собственная система учёта,Повторяющаяся бронь
38,ROOM-000038,Малый зал совещаний,Малый зал совещаний,Семёнов Виктор Сергеевич,Конфер.-зал,Без оснащения,Пермь,"ул. Ленина, д. 81, кв. 25",,semenovvikto714@mail.ru,Подтв.,11,4909,20.03.2024,21.06.2025,Собственная система учёта,Бронь от руководства
39,ROOM-000039,Переговорная «Меркурий»,Переговорная «Меркурий»,Петрова Татьяна Андреевна,Открытое пространство,Флипчарт,категория_5,"ул. Спортивная, д. 129, кв. 29",+7-955-425-99-20,petrovatatya565@outlook.com,Завершена,51,3470,28.12.2026,05.12.2026,SAP ERP,
40,ROOM-000040,Переговорная «Юпитер»,Переговорная «Юпитер»,Козлова Елена Андреевна,Конференц-зал,Проектор,Нижний Новгород,"ул. Пушкина, д. 119, кв. 189",+7-916-319-22-61,ivanov.mail.ru,Ожидает подтверждения,58,4199,22.11.2026,27.06.2025,CRM Bitrix24,Мероприятие для внешних гостей
41,ROOM-000041,Переговорная «Меркурий»,Переговорная «Меркурий»,Соколов Владимир Андреевич,Переговорн. комн.,Проектор,Новосибирск,"ул. Центральная, д. 48, кв. 35",+7-921-512-41-48,sokolovvladi664@mail.ru,Завершена,55,4151,09.09.2026,22.09.2026,Excel-выгрузка,Повторяющаяся бронь
42,ROOM-000042,Переговорная «Юпитер»,Переговорная «Юпитер»,Новикова Наталья Николаевна,Открытое пространство,Без оснащения,Новосибирск,"ул. Победы, д. 88, кв. 54",+7-911-994-66-50,novikovanata797@yandex.ru,Завершена,52,3635,28.09.2025,03.10.2024,Собственная система учёта,Повторяющаяся бронь
43,ROOM-000043,Переговорная «Юпитер»,Переговорная «Юпитер»,Попов Кирилл Дмитриевич,Конференц-зал,Флипчарт,Пермь,"ул. Победы, д. 32, кв. 23",+7-926-835-12-48,popovkirilld948@,Отменена,,1850,23.08.2024,04.08.2025,Excel-выгрузка,Требуется кейтеринг
44,ROOM-000044,Переговорная «Юпитер»,Переговорная «Юпитер»,Богданов Артём Дмитриевич,Конфер.-зал,Флипчарт,Новосибирск,"ул. Садовая, д. 33, кв. 48",+7-946-269-56-14,bogdanovarte341@mail.ru,Отменена,10,3846,02.08.2026,27.08.2024,Excel-выгрузка,
45,ROOM-000045,Переговорная «Меркурий»,Переговорная «Меркурий»,Смирнова Ксения Викторовна,Открытое пространство,Проектор,Н.Новгород,"ул. Садовая, д. 143, кв. 87",+7-948-287-38-89,smirnovaksen583@gmail.com,Завершена,45,2916,2026,11.12.2025,Excel-выгрузка,Повторяющаяся бронь
46,ROOM-000046,Опен-спейс 3 этаж,Опен-спейс 3 этаж,Попова Полина Сергеевна,Открытое пространство,Видеоконференцсвязь,Москва,"ул. Мира, д. 46, кв. 45",+7-923-351-73-41,popovapolina425@outlook.com,Завершена,4,2476,19.12.2025,,1С:Предприятие,Мероприятие для внешних гостей
47,ROOM-000047,Переговорная «Юпитер»,,Алексеева Елена Дмитриевна,Переговорная комната,Без оснащения,Ростов-на-Дону,"ул. Советская, д. 63, кв. 13",+7-946-753-95-99,alekseevaele76@mail.ru,Ожид. подтв.,14,-1,18.12.2023,26.06.2024,Собственная система учёта,Требуется кейтеринг
48,ROOM-000048,####,Конференц-зал «Главный»,Смирнов Кирилл Андреевич,Переговорн. комн.,???,Мск,"ул. Садовая, д. 60, кв. 107",+7-950-783-35-35,smirnovkiril494@gmail.com,Отменена,50,4614,06.08.2026,21.01.2025,1С:Предприятие,Бронь от руководства
49,ROOM-000049,Опен-спейс 3 этаж,ОШИБКА_ДАННЫХ,нет данных(ошибка),Конфер.-зал,Без оснащения,Мск,"ул. Центральная, д. 70, кв. 121",+7-924-945-43-42,lebedevandre296@mail.ru,не указано(ошибка),31,1434,12.11.2025,10.06.2024,Собственная система учёта,Бронь от руководства
50,ROOM-000050,Переговорная «Юпитер»,Переговорная,Павлов Дмитрий Николаевич,Конференц-зал,Проектор,Москва,"ул. Центральная, д. 136, кв. 13",+7-948-416-47-69,pavlovdmitri36@gmail.com,Ожидает подтверждения,много,1747,,26.09.2024,SAP ERP,Бронь от руководства
51,ROOM-000051,Опен-спейс 3 этаж,Опен-спейс 3 этаж,Воробьёв Виктор Иванович,Открытое пространство,Флипчарт,Санкт-Петербург,"ул. Спортивная, д. 114, кв. 63",+7-934-840-43-70,vorobevvikto501@outlook.com,Ожидает подтверждения,ERROR,4035,06.04.2026,17.06.2024,1С:Предприятие,Мероприятие для внешних гостей
52,ROOM-000052,Опен-спейс 3 этаж,Опен-спейс 3 этаж,Алексеева Юлия Александровна,Переговорн. комн.,Без оснащения,Санкт-Петербург,"ул. Молодёжная, д. 57, кв. 47",+7-926-359-87-27,alekseevayul317@gmail.com,Ожид. подтв.,36,1171,20.12.2025,16.04.2026,1С:Предприятие,Мероприятие для внешних гостей
53,ROOM-000053,Переговорная «Меркурий»,Переговорная «Меркурий»,Воробьёв Роман Андреевич,Переговорн. комн.,Без оснащения,Смр,"ул. Садовая, д. 25, кв. 177",+7-922-370-53-14,vorobevroman922@mail.ru,Ожидает подтверждения,33,1073,08.10.2023,02.08.2026,,Бронь от руководства
54,ROOM-000054,Конференц-зал «Главный»,Конференц-зал «Главный»,Иванова Дарья Дмитриевна,Переговорная комната,Видеоконференцсвязь,Челяб.,"ул. Пушкина, д. 26, кв. 117",,ivanovadarya37@yandex.ru,Завершена,41,2738,22.06.2026,09.10.2024,Собственная система учёта,Бронь от руководства
55,ROOM-000055,Опен-спейс 3 этаж,Опен-спейс 3 этаж,Иванова Ксения Александровна,Переговорн. комн.,Проектор,Екб,"ул. Мира, д. 37, кв. 125",+7-914-203-99-76,ivanovakseni816@yandex.ru,Отменена,58,1219,28.11.2023,15.09.2025,CRM Bitrix24,Мероприятие для внешних гостей
56,ROOM-000056,ОШИБКА_ДАННЫХ,Малый зал совещаний,Козлов Илья Александрович,Переговорная комната,Флипчарт,Санкт-Петербург,"ул. Центральная, д. 80, кв. 188",+7-929-362-15-91,kozlovilyaal404@mail.ru,Отменена,46,2130,19.12.2023,08.03.2026,Собственная система учёта,Повторяющаяся бронь
57,ROOM-000057,???,Переговорная «Меркурий»,,Переговорн. комн.,Без оснащения,Ростов-н/Д,"ул. Пушкина, д. 119, кв. 106",+7-921-700-72-15,petrovpavelv7@gmail.com,Отменена,53,2825,19.07.2025,24.03.2026,1С:Предприятие,Требуется кейтеринг
58,ROOM-000058,Переговорная «Атлант»,Переговорная «Атлант»,Соколова Дарья Николаевна,Откр. простр.,Проектор,Н.Новгород,"ул. Садовая, д. 128, кв. 37",+7-930-992-77-73,sokolovadary391@yandex.ru,Завершена,50,4087,08.03.2025,27.11.2024,SAP ERP,Мероприятие для внешних гостей
59,ROOM-000059,Конференц-зал «Главный»,Конференц-зал «Главный»,Семёнова Наталья Николаевна,Открытое пространство,Проектор,Казань,"ул. Центральная, д. 149, кв. 69",+7-912-460-82-19,semenovanata488@gmail.com,Ожид. подтв.,23,1022,08.12.2023,25.09.2026,Excel-выгрузка,Бронь от руководства
60,ROOM-000060,Конференц-зал «Главный»,Конференц-зал «Главный»,Кузнецова Ксения Ивановна,Конфер.-зал,Видеоконференцсвязь,Самара,"ул. Садовая, д. 1, кв. 130",+7-931-717-16-45,petrov@@mail..ru,Отменена,,3607,19.07.2024,17.02.2025,1С:Предприятие,Повторяющаяся бронь
61,ROOM-000061,,Малый зал совещаний,Егорова Алина Александровна,Открытое пространство,Без оснащения,Санкт-Петербург,"ул. Советская, д. 136, кв. 87",+7-955-988-26-12,egorovaalina462@gmail.com,Завершена,12,1334,23.06.2026,20.08.2026,Excel-выгрузка,Требуется кейтеринг
62,ROOM-000062,Переговорная «Меркурий»,Переговорная «Меркурий»,Алексеева Ирина Андреевна,Откр. простр.,Флипчарт,Ростов-н/Д,"ул. Пушкина, д. 24, кв. 149",+7-914-311-39-84,alekseevairi390@yandex.ru,Отменена,12,3232,09.01.2026,24.04.2024,,
63,ROOM-000063,Малый зал совещаний,Малый зал совещаний,Воробьёва Екатерина Дмитриевна,Конфер.-зал,Видеоконференцсвязь,Самара,"ул. Пушкина, д. 135, кв. 2",+7-946-445-43-52,vorobevaekat337@mail.ru,Завершена,23,4246,17.04.2025,10.12.2026,1С:Предприятие,Повторяющаяся бронь
64,ROOM-000064,Конференц-зал «Главный»,Конференц-зал «Главный»,Петров Павел Петрович,Открытое пространство,Без оснащения,Самара,"ул. Центральная, д. 71, кв. 183",+7-932-685-88-85,petrovpavelp165@mail.ru,Завершена,5,1105,12.11.2025,05.03.2025,SAP ERP,
65,ROOM-000065,Малый зал совещаний,Малый,Козлов Роман Николаевич,Открытое пространство,Без оснащения,Санкт-Петербург,"ул. Победы, д. 85, кв. 178",+7-914-303-44-51,kozlovromann522@mail.ru,Подтверждена,33,н/д,16.08.2023,17.07.2026,1С:Предприятие,Повторяющаяся бронь
66,ROOM-000066,Переговорная «Атлант»,Переговорная «Атлант»,Попов Владимир Сергеевич,Переговорн. комн.,Без оснащения,Ростов-на-Дону,"ул. Пушкина, д. 126, кв. 160",+7-942-524-49-82,popovvladimi311@yandex.ru,Завершена,22,3435,14.06.2025,03.01.2024,SAP ERP,Мероприятие для внешних гостей
67,ROOM-000067,Переговорная «Юпитер»,Переговорная «Юпитер»,Павлов Алексей Александрович,Пер,Без оснащения,Казань,"ул. Ленина, д. 112, кв. 104",+7-949-681-95-58,pavlovalekse455@gmail.com,Ожидает подтверждения,55,4734,07.02.2025,19.05.2024,1С:Предприятие,Бронь от руководства
68,ROOM-000068,Малый зал совещаний,Малый зал совещаний,,Открытое пространство,Проектор,Краснодар,"ул. Гагарина, д. 25, кв. 65",+7-917-544-76-74,lebedevairin551@gmail.com,Ожид. подтв.,51,3678,25.04.2026,06.08.2025,CRM Bitrix24,Мероприятие
69,ROOM-000069,Переговорная «Меркурий»,Переговорная «Меркурий»,Смирнов Максим Андреевич,Переговорн. комн.,Проектор,Москва,ул.,+7-915-343-87-20,smirnovmaksi70@mail.ru,Ожидает подтверждения,18,1178,23.09.2025,25.07.2025,1С:Предприятие,Требуется кейтеринг
70,ROOM-000070,Малый зал совещаний,Малый зал совещаний,Попова Юлия Николаевна,Конференц-зал,Видеоконференцсвязь,Пермь,"ул. Гагарина, д. 59, кв. 106",+7-945-880-65-89,popovayuliya930@mail.ru,Подтверждена,60,2741,12.06.2025,21.04.2026,Excel-выгрузка,
71,ROOM-000071,Малый зал совещаний,Малый зал совещаний,Фёдоров Павел Иванович,Открытое пространство,Видеоконференцсвязь,Москва,"ул. Победы, д. 109, кв. 136",+7-942-257-21-65,fedorovpavel822@mail.ru,,58,2357,11.12.2026,01.02.2026,1С:Предприятие,Бронь от руководства
72,ROOM-000072,Малый зал совещаний,Малый зал совещаний,Соколова Юлия Сергеевна,Переговорная комната,Без оснащения,Ека,"ул. Центральная, д. 54, кв. 112",+7-941-397-39-92,,Отменена,8,1528,2024,18.07.2025,SAP ERP,Мероприятие для внешних гостей
73,ROOM-000073,Конференц-зал «Главный»,Конференц-зал «Главный»,,Открытое пространство,Флипчарт,Влгд,"ул. Мира, д. 52, кв. 184",+7-935-593-25-71,novikovpavel110@mail.ru,Ожид. подтв.,56,3125,13.12.2026,02.11.2025,Собственная система учёта,Бронь от руководства
74,ROOM-000074,Переговорная «Юпитер»,Переговорная «Юпитер»,Петров Никита Дмитриевич,Конференц-зал,Без оснащения,Самара,"ул. Ленина, д. 106, кв. 182",+7-944-623-40-87,petrovnikita224@mail.ru,Ожидает подтверждения,4,1553,22.05.2026,26.06.2024,CRM Bitrix24,
75,ROOM-000075,Конференц-зал «Главный»,Конференц-зал «Главный»,Новикова Дарья Ивановна,Конференц-зал,Без оснащения,Краснодар,"ул. Центральная, д. 34, кв. 165",+7-918-694-68-73,novikovadary123@gmail.com,Ожидает подтверждения,48,,21.06.2024,26.04.2025,,Мероприятие для внешних гостей
76,ROOM-000076,Переговорная «Юпитер»,Переговорная «Юпитер»,Фёдоров,Переговорная комната,Видеоконференцсвязь,Казань,12345XYZ,+7-943-811-93-10,fedorovnikit355@gmail.com,Отменена,7,4092,12.04.2024,16.11.2024,1С:Предприятие,
77,ROOM-000077,Конференц-зал «Главный»,Конференц-зал «Главный»,Волкова Наталья Сергеевна,Конференц-зал,ОШИБКА_ДАННЫХ,Ворнж,"ул. Гагарина, д. 135, кв. 75",+7-953-668-73-97,volkovanatal752@yandex.ru,Отмен.,48,4061,18.04.2025,12.05.2024,CRM Bitrix24,Мероприятие для внешних гостей
78,ROOM-000078,Переговорная «Атлант»,Переговорная «Атлант»,Волкова Елена Петровна,Открытое пространство,Видеоконференцсвязь,Краснодар,"ул. Садовая, д. 28, кв. 185",+7-920-839-33-23,volkovaelena322@gmail.com,Ожид. подтв.,44,3765,04.07.2024,11.10.2024,Excel-выгрузка,
79,ROOM-000079,ОШИБКА_ДАННЫХ,ОШИБКА_ДАННЫХ,Воробьёв Владимир Викторович,Открытое пространство,Проектор,Смр,"ул. Садовая, д. 70, кв. 171",+7-910-893-74-54,vorobevvladi687@yandex.ru,Завершена,4,,27.12.2025,вчера,CRM Bitrix24,
80,ROOM-000080,Опен-спейс 3 этаж,Опен-спейс 3 этаж,Егорова Виктория Александровна,Конфер.-зал,Видеоконференцсвязь,Москва,"ул. Пушкина, д. 117, кв. 86",+7-942-349-74-93,egorovavikto306@mail.ru,Завершена,,1088,15.02.2026,18.11.2025,Excel-выгрузка,Повторяющаяся бронь
81,ROOM-000081,,Переговорная «Меркурий»,Павлова Татьяна Викторовна,,Флипчарт,Влгд,"ул. Советская, д. 125, кв. 117",+7-938-676-36-67,pavlovatatya115@outlook.com,Отменена,43,3498,07.04.2024,09.01.2025,CRM Bitrix24,ОШИБКА_ДАННЫХ
82,ROOM-000082,Малый зал совещаний,Малый зал совещаний,Новикова Дарья Андреевна,Открытое пространство,Флипчарт,Санкт-Петербург,"ул. Садовая, д. 31, кв. 83",+7-949-707-49-43,novikovadary594@gmail.com,Отменена,,4929,20.05.2024,12.07.2025,Собственная система учёта,Мероприятие для внешних гостей
83,ROOM-000083,Переговорная «Атлант»,Переговорная «Атлант»,Смирнов Андрей Андреевич,Конференц-зал,Проектор,Москва,"ул. Молодёжная, д. 30, кв. 141",+7-920-521-64-55,smirnovandre563@outlook.com,Подтверждена,55,3701,04.12.2025,06.07.2024,Собственная система учёта,Мероприятие для внешних гостей
84,ROOM-000084,,Опен-спейс 3 этаж,Семёнова Полина Викторовна,Откр. простр.,Флипчарт,Ворнж,"ул. Ленина, д. 71, кв. 54",+7-919-455-26-64,semenovapoli131@mail.ru,Ожид. подтв.,50,1609,08.03.2025,07.03.2025,1С:Предприятие,Бронь от руководства
85,ROOM-000085,Опен-спейс 3 этаж,,Алексеев Сергей Николаевич,Конференц-зал,Видеоконференцсвязь,Москва,"ул. Советская, д. 61, кв. 32",+7-953-964-85-11,alekseevserg400@mail.ru,Завершена,29,4848,2026-13-45,14.11.2025,SAP ERP,
86,ROOM-000086,Опен-спейс 3 этаж,Опен-спейс 3 этаж,Смирнова Екатерина Александровна,Открытое пространство,Видеоконференцсвязь,Нов,"ул. Мира, д. 1, кв. 95",+7-934-336-27-55,smirnovaekat744@gmail.com,Ожидает подтверждения,,2010,19.06.2024,25.06.2025,SAP ERP,Повторяющаяся бронь
87,ROOM-000087,Переговорная «Меркурий»,,Богданов Роман Николаевич,Конфер.-зал,Без оснащения,Екб,"ул. Гагарина, д. 148, кв. 106",+7-918-949-50-19,bogdanovroma962@mail.ru,Завершена,-1,958,05.02.2024,21.11.2026,1С:Предприятие,
88,ROOM-000088,Опен-спейс 3 этаж,Опен-спейс 3 этаж,Лебедев Егор Сергеевич,Переговорная комната,Проектор,Пермь,"ул. Пушкина, д. 149, кв. 147",+7-928-146-93-79,lebedevegors633@outlook.com,Завершена,30,,16.11.2026,20.01.2026,Excel-выгрузка,Повторяющаяся бронь
89,ROOM-000089,Переговорная «Меркурий»,Переговорная «Меркурий»,Павлова,Открытое пространство,Видеоконференцсвязь,Волгоград,"ул. Молодёжная, д. 100, кв. 145",+7-949-461-92-54,pavlovaolgad641@outlook.com,Отменена,40,4694,05.01.2026,18.11.2024,Excel-выгрузка,Мероприятие для внешних гостей
90,ROOM-000090,Переговорная «Меркурий»,Переговорная «Меркурий»,Попов Павел Дмитриевич,Открытое пространство,Флипчарт,Новосибирск,"ул. Садовая, д. 97, кв. 51",+7-946-389-50-47,popovpaveldm583@yandex.ru,Завершена,24,4263,15.07.2026,15.09.2025,Собственная система учёта,Бронь от руководства
91,ROOM-000091,Конференц-зал «Главный»,Конференц-зал «Главный»,Егорова Алина Викторовна,Конфер.-зал,Без оснащения,Ростов-на-Дону,"ул. Победы, д. 86, кв. 178",+7-943-208-52-19,egorovaalina127@outlook.com,Ожид. подтв.,12,2466,18.12.2024,12.04.2025,1С:Предприятие,Повторяющаяся бронь
92,ROOM-000092,Малый зал совещаний,Малый зал совещаний,Фёдоров Андрей Иванович,Открытое пространство,Видеоконференцсвязь,Нижний Новгород,"ул. Мира, д. 126, кв. 73",+7-937-145-87-98,fedorovandre407@outlook.com,Завершена,14,370,,24.06.2024,Собственная система учёта,Бронь от руководства
93,ROOM-000093,Малый зал совещаний,Малый зал совещаний,Новиков Никита Дмитриевич,Переговорная комната,Проектор,Нижний Новгород,"ул. Центральная, д. 143, кв. 56",+7-919-826-32-78,novikovnikit98@mail.ru,Ожидает подтверждения,29,1938,27.04.2025,20.04.2025,CRM Bitrix24,Бронь от руководства
94,ROOM-000094,Конференц-зал «Главный»,Конференц-зал «Главный»,Виноградова Екатерина Александровна,Конференц-зал,Видеоконференцсвязь,Челябинск,"ул. Советская, д. 97, кв. 114",+7-947-190-76-99,vinogradovae895@mail.ru,Подтверждена,4,236,11.12.2023,17.11.2026,,
95,ROOM-000095,Переговорная «Юпитер»,Переговорная «Юпитер»,Семёнов Илья Иванович,Переговорная комната,Без,Казань,"ул. Ленина, д. 99, кв. 141",+7-931-639-68-92,semenovilyai820@outlook.com,Подтверждена,52,4361,25.06.2023,08.07.2025,CRM Bitrix24,
96,ROOM-000096,Переговорная «Меркурий»,Переговорная «Меркурий»,Волков Виктор Николаевич,Конференц-зал,Без оснащения,Москва,"ул. Центральная, д. 146, кв. 162",+7-949-6,volkovviktor456@yandex.ru,Отменена,51,3031,10.11.2026,08.09.2025,CRM Bitrix24,Требуется кейтеринг
97,ROOM-000097,,Опен-спейс 3 этаж,Соколова Виктория Викторовна,Переговорн. комн.,Проектор,Москва,"ул. Ленина, д. 84, кв. 178",+7-921-383-70-46,sokolovavikt272@mail.ru,Подтверждена,35,4619,16.02.2023,06.11.2026,CRM Bitrix24,
98,ROOM-000098,Конференц-зал «Главный»,Конференц-зал «Главный»,Соколов Артём Дмитриевич,Открытое пространство,Видеоконференцсвязь,Екб,"ул. Победы, д. 147, кв. 112",,sokolovartem801@yandex.ru,Завершена,15,4891,05.10.2025,05.03.2025,1С:Предприятие,Повторяющаяся бронь
99,ROOM-000099,Конференц-зал «Главный»,Конференц-зал «Главный»,Богданова Татьяна Николаевна,Переговорная комната,Видеоконференцсвязь,Москва,"ул. Молодёжная, д. 117, кв. 11",+7-954-132-47-17,bogdanovatat374@mail.ru,Ожидает подтверждения,44,4704,2026,17.08.2025,SAP ERP,
100,ROOM-000100,Опен-спейс 3 этаж,Опен-спейс 3 этаж,Козлов Сергей Николаевич,Конференц-зал,Без оснащения,Воронеж,"ул. Центральная, д. 9, кв. 79",+7-956-558-82-74,kozlovsergei631@mail.ru,Ожидает подтверждения,44,3409,22.01.2024,28.10.2026,Excel-выгрузка,Требуется кейтеринг
101,ROOM-000101,Переговорная «Атлант»,Переговорная «Атлант»,Егоров Илья Николаевич,Конференц-зал,Флипчарт,Новосибирск,"ул. Садовая, д. 3, кв. 164",+7-922-349-50-55,egorovilyani953@outlook.com,Ожид. подтв.,31,1767,25.08.2024,,Excel-выгрузка,Повторяющаяся бронь
102,ROOM-000102,12345XYZ,Переговорная «Меркурий»,Лебедев Александр Сергеевич,Переговорн. комн.,Флипчарт,Нижний Новгород,"ул. Молодёжная, д. 119, кв. 136",+7-949-456-17-16,lebedevaleks543@yandex.ru,Подтверждена,15,1579,10.06.2025,14.02.2026,SAP ERP,Требуется кейтеринг
103,ROOM-000103,Конференц-зал «Главный»,Конференц-зал «Главный»,Лебедев Илья Иванович,Переговорная комната,Проектор,Екб,"ул. Победы, д. 133, кв. 60",+7-934-814-37-17,lebedevilyai899@outlook.com,Подтверждена,18,582,2025,28.03.2024,SAP ERP,Повторяющаяся бронь
104,ROOM-000104,Переговорная «Меркурий»,Переговорная «Меркурий»,???,Открытое пространство,Проектор,Санкт-Петербург,"ул. Спортивная, д. 24, кв. 62",+7-934-104-74-18,volkovaleksa393@yandex.ru,Ожидает подтверждения,32,1812,00.00.0000,25.11.2025,нет данных(ошибка),Требуется кейтеринг
105,ROOM-000105,Переговорная «Юпитер»,Переговорная «Юпитер»,Алексеева Анна Андреевна,Переговорная комната,Флипчарт,Новосибирск,"ул. Победы, д. 38, кв. 143",+7-929-151-52-90,alekseevaann54@gmail.com,Отменена,33,1546,03.04.2026,,1С:Предприятие,Требуется кейтеринг
106,ROOM-000106,Малый зал совещаний,Малый зал совещаний,Виноградова Наталья Дмитриевна,Переговорная комната,Проектор,Краснодар,"ул. Ленина, д. 62, кв. 10",+7-931-630-12-29,vinogradovan605@yandex.ru,Ожидает подтверждения,15,2962,07.01.2026,17.07.2025,CRM Bitrix24,Мероприятие для внешних гостей
107,ROOM-000107,Конференц-зал,Конференц-зал,Виноградова Ксения Викторовна,Переговорная комната,Видеоконференцсвязь,Самара,"ул. Советская, д. 56, кв. 192",телефон отсутствует,vinogradovak210@,Завершена,23,615,05.08.2024,25.01.2024,1С:Предприятие,Требуется кейтеринг
108,ROOM-000108,Переговорная «Юпитер»,,Виноградов Роман Николаевич,Открытое пространство,Без оснащения,Нижний Новгород,"ул. Гагарина, д. 6, кв. 44",+7-954-738-13-79,vinogradovro183@,Подтверждена,51,1725,00.00.0000,12.12.2024,1С:Предприятие,Мероприятие для внешних гостей
109,ROOM-000109,Переговорная «Атлант»,Переговорная «Атлант»,Алексеева Ксения Николаевна,Конфер.-зал,Видеоконференцсвязь,Ростов-на-Дону,"ул. Ленина, д. 11, кв. 141",+7-919-341-95-71,alekseevakse202@yandex.ru,Ожидает подтверждения,9,ERROR,25.03.2023,2025,Собственная система учёта,Повторяющаяся бронь
110,ROOM-000110,Опен-спейс 3 этаж,Опен-спейс 3 этаж,Морозова Ксения Сергеевна,Конференц-зал,нет данных(ошибка),Екатеринбург,"ул. Гагарина, д. 50, кв. 187",+7-922-4,morozovaksen143@gmail.com,Ожид. подтв.,15,2207,16.07.2024,18.03.2026,SAP ERP,
111,ROOM-000111,Опен-спейс 3 этаж,Опен-спейс 3 этаж,Алексеева Ксения Петровна,Открытое пространство,Видеоконференцсвязь,Новосибирск,"ул. Гагарина, д. 76, кв. 192",+7-921-839-58-59,alekseevakse277@yandex.ru,Подтверждена,35,1244,00.00.0000,04.04.2026,SAP ERP,
112,ROOM-000112,Малый зал совещаний,Малый зал совещаний,Богданов Кирилл Сергеевич,Переговорная комната,Видеоконференцсвязь,Челябинск,"ул. Садовая, д. 43, кв. 7",+7-944-189-98-63,bogdanovkiri88@yandex.ru,Ожи,25,4742,2023,02.02.2026,Собственная система учёта,Мероприятие
113,ROOM-000113,Опен-спейс 3 этаж,Опен-спейс 3 этаж,Павлов Артём Андреевич,Переговорн. комн.,Проектор,Пермь,"ул. Центральная, д. 136, кв. 45",+7-939-332-47-88,pavlovartema694@yandex.ru,Подтв.,9,743,2026-13-45,11.02.2025,1С:Предприятие,
114,ROOM-000114,Конференц-зал «Главный»,Конференц-зал «Главный»,Кузнецов Кирилл Андреевич,Переговорн. комн.,Проектор,Пермь,"ул. Центральная, д. 47, кв. 115",+7-918-853-42-68,kuznecovkiri588@yandex.ru,Отменена,12,-1,24.07.2023,04.07.2025,CRM Bitrix24,Бронь от руководства
115,ROOM-000115,Переговорная «Юпитер»,Переговорная «Юпитер»,Семёнова Полина Ивановна,Открытое пространство,Без оснащения,,"ул. Советская, д. 120, кв. 85",+7-951-281-18-27,semenovapoli204@gmail.com,Ожидает подтверждения,47,2076,08.10.2023,20.05.2026,Excel-выгрузка,
116,ROOM-000116,Конференц-зал «Главный»,Конференц-зал «Главный»,Богданова Татьяна Александровна,Открытое пространство,ОШИБКА_ДАННЫХ,Волгоград,N/A,+7-941-672-50-17,bogdanovatat462@gmail.com,Подтверждена,58,4040,19.01.2024,23.03.2025,Excel-выгрузка,Требуется кейтеринг
117,ROOM-000117,Переговорная «Юпитер»,Переговорная «Юпитер»,Смирнов Андрей Иванович,Открытое пространство,-,Москва,"ул. Спортивная, д. 5, кв. 143",+7-942-897-40-87,smirnovandre764@gmail.com,Подтверждена,6,4840,26.07.2023,вчера,1С:Предприятие,Требуется кейтеринг
118,ROOM-000118,Конференц-зал «Главный»,Конференц-зал «Главный»,Кузнецова Екатерина Николаевна,Открытое пространство,Проектор,Нижний Новгород,"ул. Советская, д. 114, кв. 6",+7-927-123-95-81,kuznecovaeka135@gmail.com,Завершена,33,4361,22.05.2023,21.05.2024,1С:Предприятие,Повторяющаяся бронь
119,ROOM-000119,Переговорная «Меркурий»,нет данных(ошибка),Егорова Екатерина Дмитриевна,Открытое пространство,Видеоконференцсвязь,Казань,"ул. Центральная, д. 55, кв. 18",+7-954-977-47-43,egorovaekate813@outlook.com,Ожидает подтверждения,29,н/д,06.06.2026,06.09.2025,Собственная система учёта,
120,ROOM-000120,Конференц-зал «Главный»,Конференц-зал «Главный»,-,Конференц-зал,Без оснащения,Неизвестная категория,"ул. Победы, д. 61, кв. 103",+7-929-362-76-19,petrovadarya220@outlook.com,Ожид. подтв.,24,4790,22.02.2024,17.12.2026,SAP ERP,Мероприятие для внешних гостей
121,ROOM-000121,Переговорная «Атлант»,12345XYZ,Смирнов Дмитрий Николаевич,Конференц-зал,Без оснащения,Волгоград,"ул. Советская, д. 49, кв. 113",+7-932-560-51-42,smirnovdmitr877@,Ожидает подтверждения,36,557,17.03.2025,23.11.2026,Собственная система учёта,
122,ROOM-000122,Опен-спейс 3 этаж,Опен-спейс 3 этаж,,Переговорная комната,Видеоконференцсвязь,Новосиб.,"ул. Спортивная, д. 34, кв. 148",+7-948-590-88-38,kuznecovamar495@yandex.ru,Отмен.,16,1601,19.07.2026,08.01.2026,Собственная система учёта,Бронь от руководства
123,ROOM-000123,Опен-спейс 3 этаж,Опен-спейс 3 этаж,Морозова Виктория Викторовна,Конференц-зал,Видеоконференцсвязь,Краснодар,"ул. Молодёжная, д. 72, кв. 14",+7-926-323-18-69,morozovavikt684@mail.ru,Ожидает подтверждения,4,4617,09.09.2024,17.10.2026,Excel-выгрузка,
124,ROOM-000124,Конференц-зал «Главный»,Конференц-зал «Главный»,Петрова Светлана Викторовна,Конференц-зал,Без оснащения,Екатеринбург,"ул. Центральная, д. 45, кв. 179",+7-938-745-52-35,petrovasvetl765@gmail.com,Подтверждена,45,1093,23.05.2025,28.12.2026,CRM Bitrix24,Повторяющаяся бронь
125,ROOM-000125,Малый зал совещаний,12345XYZ,Лебедева Алина Дмитриевна,Конференц-зал,Флипчарт,Мск,"ул. Спортивная, д. 80, кв. 6",+7-942-909-69-97,lebedevaalin853@gmail.com,Подтверждена,19,ERROR,11.04.2023,21.04.2026,SAP ERP,Мероприятие для внешних гостей
126,ROOM-000126,Опен-спейс 3 этаж,Опен-спейс 3 этаж,Алексеева Ольга Дмитриевна,Переговорная комната,Флипчарт,Екатеринбург,"ул. Центральная, д. 67, кв. 92",+7-938-316-92-37,alekseevaolg895@yandex.ru,Подтв.,44,,09.04.2023,16.08.2024,SAP ERP,нет данных(ошибка)
127,ROOM-000127,Переговорная «Атлант»,Переговорная «Атлант»,Голубева Ирина Петровна,Переговорная комната,Видеоконференцсвязь,Екб,"ул. Победы, д. 150, кв. 131",телефон отсутствует,golubevairin223@gmail.com,Подтверждена,32,275,03.02.2026,01.08.2026,CRM Bitrix24,Бронь от руководства
128,ROOM-000128,####,Переговорная «Меркурий»,Новикова Ольга Ивановна,Конфер.-зал,Без оснащения,Новосибирск,"ул. Пушкина, д. 46, кв. 22",+7-943-280-65-53,novikovaolga729@gmail.com,Ожидает подтверждения,40,,25.07.2025,26.10.2024,CRM Bitrix24,Повторяющаяся бронь
129,ROOM-000129,Переговорная «Меркурий»,Переговорная «Меркурий»,Волков Павел Андреевич,Открытое пространство,Проектор,Санкт-Петербург,"ул. Молодёжная, д. 28, кв. 37",+7-924-815-57-24,volkovpavela498@mail.ru,Отменена,2,4525,09.01.2026,00.00.0000,Собственная система учёта,
130,ROOM-000130,Малый зал совещаний,Малый зал совещаний,Смирнов Виктор Сергеевич,Отк,Видеоконференцсвязь,Казань,"ул. Садовая, д. 28, кв. 199",+7-944-431-80-99,smirnovvikto131@mail.ru,Отменена,37,1919,18.09.2025,27.10.2025,1С:Предприятие,Требуется кейтеринг
131,ROOM-000131,Переговорная «Атлант»,Переговорная «Атлант»,Петров Владимир Андреевич,Открытое пространство,Флипчарт,Казань,"ул. Спортивная, д. 105, кв. 180",+7-932-103-92-79,petrovvladim64@gmail.com,Отменена,57,4606,22.05.2025,18.06.2026,SAP,Мероприятие для внешних гостей
132,ROOM-000132,,Переговорная «Юпитер»,Виноградова Алина Дмитриевна,Переговорная комната,Без оснащения,Краснодар,"ул. Ленина, д. 127, кв. 69",+7-940-187-61-44,vinogradovaa662@outlook.com,Завершена,28,3569,02.11.2024,01.02.2026,Excel-выгрузка,
133,ROOM-000133,Переговорная «Меркурий»,Переговорная «Меркурий»,Смирнова Анна Сергеевна,Конфер.-зал,Флипчарт,Новосибирск,"ул. Молодёжная, д. 146, кв. 50",+7-945-788-77-50,smirnovaanna339@gmail.com,Завершена,5,803,22.03.2025,24.11.2025,SAP ERP,Мероприятие для внешних гостей
134,ROOM-000134,Переговорная «Юпитер»,####,Козлова Анна Александровна,Переговорная комната,Видеоконференцсвязь,Новосибирск,"ул. Победы, д. 87, кв. 95",+7-952-738-73-92,kozlovaannaa502@gmail.com,Завершена,36,2433,05.08.2025,20.08.2024,SAP ERP,
135,ROOM-000135,Опен-спейс 3 этаж,Опен-спейс 3 этаж,Егорова Светлана Сергеевна,Открытое пространство,Проектор,Самара,"ул. Победы, д. 107, кв. 146",+7-918-283-24-55,egorovasvetl842@gmail.com,Отменена,30,4102,31.02.2026,05.01.2025,SAP ERP,Мероприятие для внешних гостей
136,ROOM-000136,Переговорная «Атлант»,Переговорная «Атлант»,Иванова Екатерина Дмитриевна,Конфер.-зал,Флипчарт,Воронеж,"ул. Гагарина, д. 21, кв. 156",+7-928-2,ivanovaekate652@outlook.com,Ожидает подтверждения,15,439,07.08.2023,11.08.2026,CRM Bitrix24,Повторяющаяся бронь
137,ROOM-000137,Конференц-зал «Главный»,Конференц-зал «Главный»,Егорова Дарья Дмитриевна,Открытое пространство,Проектор,Москва,ул.,+7-939-621-34-90,egorovadarya168@gmail.com,Завершена,48,109,12.07.2024,03.07.2025,Собственная система учёта,Требуется кейтеринг
138,ROOM-000138,Малый зал совещаний,Малый зал совещаний,Павлов Илья Иванович,Конференц-зал,Видеоконференцсвязь,Новосибирск,"ул. Молодёжная, д. 53, кв. 157",+7-933-214-62-65,pavlovilyaiv436@yandex.ru,Завершена,,1975,04.12.2025,23.01.2025,Excel-выгрузка,Мероприятие для внешних гостей
139,ROOM-000139,Малый зал совещаний,Малый зал совещаний,Иванова Ксения Андреевна,,Видеоконференцсвязь,Екатеринбург,"ул. Садовая, д. 124, кв. 19",+7-951-815-53-44,ivanovakseni804@gmail.com,Подтверждена,53,3293,15.01.2025,,1С:Предприятие,Бронь от руководства
140,ROOM-000140,Малый зал совещаний,Малый зал совещаний,,Конференц-зал,ОШИБКА_ДАННЫХ,Новосибирск,"ул. Гагарина, д. 90, кв. 195",+7-952-866-64-26,lebedevamari584@gmail.com,Завершена,16,2052,06.09.2024,05.08.2024,Excel-выгрузка,Мероприятие для внешних гостей
141,ROOM-000141,Опен-спейс,Опен-спейс 3 этаж,Попов Павел Петрович,Переговорная комната,Видеоконференцсвязь,Нов,"ул. Молодёжная, д. 150, кв. 169",+7-956-238-34-74,popovpavelpe135@gmail.com,Завершена,33,4152,02.10.2025,05.02.2024,SAP ERP,Требуется кейтеринг
142,ROOM-000142,Малый зал совещаний,Малый зал совещаний,Семёнов Александр Сергеевич,Конференц-зал,Видеоконференцсвязь,Москва,"ул. Молодёжная, д. 126, кв. 120",+7-917-139-26-17,semenovaleks99@mail.ru,Ожидает подтверждения,21,4753,23.07.2023,21.01.2026,Excel-выгрузка,
143,ROOM-000143,Переговорная «Меркурий»,Переговорная «Меркурий»,Волкова Юлия Дмитриевна,Конференц-зал,Флипчарт,Волгоград,ул.,+7-941-498-14-67,volkovayuliy867@yandex.ru,Завершена,3,3390,17.03.2025,15.06.2025,Excel-выгрузка,
144,ROOM-000144,Переговорная «Атлант»,Переговорная «Атлант»,Смирнов Артём Сергеевич,Открытое пространство,Проектор,Пермь,"ул. Ленина, д. 143, кв. 179",+7-942-904-12-61,smirnovartem886@outlook.com,Отменена,ABC,1267,07.11.2024,08.02.2025,SAP ERP,Повторяющаяся бронь
145,ROOM-000145,Переговорная «Атлант»,???,Лебедев Егор Александрович,Переговорная комната,Без оснащения,Санкт-Петербург,"ул. Мира, д. 40, кв. 161",+7-99-abc-12-34,lebedevegora961@outlook.com,Отменена,21,4095,16.02.2023,27.10.2024,SAP ERP,Требуется кейтеринг
146,ROOM-000146,Опен-спейс 3 этаж,???,???,Конференц-зал,Флипчарт,Пермь,"ул. Центральная, д. 14, кв. 121",+7-915-248-65-24,alekseevalek176@yandex.ru,Подтверждена,25,,00.00.0000,20.08.2025,SAP ERP,Повторяющаяся бронь
147,ROOM-000147,Малый зал совещаний,Малый зал совещаний,???,Откр. простр.,Проектор,Челябинск,"ул. Ленина, д. 34, кв. 116",+7-955-793-47-67,,Отмен.,48,977,09.07.2023,10.12.2024,1С:Предприятие,Бронь от руководства
148,ROOM-000148,Переговорная «Меркурий»,Переговорная «Меркурий»,Попова Екатерина Викторовна,Открытое пространство,Флипчарт,Воронеж,"ул. Мира, д. 65, кв. 102",+7-949-670-10-40,popovaekater195@mail.ru,Ожидает подтверждения,8,925,23.09.2024,07.01.2024,CRM Bitrix24,Требуется кейтеринг
149,ROOM-000149,-,Конференц-зал «Главный»,Семёнов Илья Дмитриевич,Конференц-зал,Проектор,Казань,"ул. Мира, д. 26, кв. 114",+7-945-121-62-82,semenovilyad335@gmail.com,Отм,40,3364,21.03.2023,08.09.2025,SAP ERP,Бронь от руководства
150,ROOM-000150,Переговорная «Атлант»,Переговорная «Атлант»,Новикова Дарья Андреевна,Конференц-зал,Флипчарт,Санкт-Петербург,"ул. Спортивная, д. 99, кв. 124",+7-954-673-41-39,novikovadary448@,Подтверждена,34,3163,28.06.2026,04.06.2024,1С:Предприятие,Мероприятие для внешних гостей
151,ROOM-000151,Переговорная,Переговорная «Атлант»,Иванова Полина Ивановна,Открытое пространство,Видеоконференцсвязь,Крд,"ул. Мира, д. 41, кв. 109",+7-943-241-79-82,ivanovapolin290@gmail.com,Подтв.,31,650,13.05.2025,20.04.2025,SAP ERP,Требуется кейтеринг
152,ROOM-000152,,Переговорная «Юпитер»,Попов Максим Александрович,Конференц-зал,Видеоконференцсвязь,Санкт-Петербург,"ул. Мира, д. 97, кв. 80",+7-945-936-80-16,popovmaksima436@mail.ru,Отменена,38,4128,16.04.2025,27.01.2025,Excel-выгрузка,Требуется кейтеринг
153,ROOM-000153,Переговорная «Меркурий»,Переговорная «Меркурий»,Петрова Мария Андреевна,Переговорн. комн.,Видеоконференцсвязь,Пермь,"ул. Советская, д. 54, кв. 13",+7-944-674-22-93,petrovamariy74@mail.ru,Ожидает подтверждения,34,4606,10.04.2026,03.08.2026,1С:Предприятие,Бронь от руководства
154,ROOM-000154,Конференц-зал «Главный»,Конференц-зал «Главный»,Воробьёва Ирина Андреевна,Конфер.-зал,Проектор,Москва,"ул. Ленина, д. 146, кв. 57",+7-937-943-17-84,vorobevairin346@outlook.com,Ожидает подтверждения,27,2035,05.05.2024,07.09.2024,1С:Предприятие,Повторяющаяся бронь
155,ROOM-000155,Переговорная «Юпитер»,нет данных(ошибка),Фёдорова Наталья Викторовна,Переговорная комната,Без оснащения,Челябинск,"ул. Садовая, д. 106, кв. 16",+7-921-833-49-74,fedorovanata957@outlook.com,Подтверждена,20,4491,12.05.2025,06.01.2025,Excel-выгрузка,Мероприятие
156,ROOM-000156,Переговорная «Атлант»,Переговорная «Атлант»,N/A,Переговорная комната,Видеоконференцсвязь,Воронеж,"ул. Пушкина, д. 34, кв. 18",+7-913-348-83-70,smirnovkiril16@mail.ru,Завершена,25,3068,07.04.2026,2024,Excel-выгрузка,Повторяющаяся бронь
157,ROOM-000157,Переговорная «Юпитер»,Переговорная «Юпитер»,Богданов Алексей Сергеевич,Переговорн. комн.,Проектор,Смр,"ул. Спортивная, д. 125, кв. 183",+7-926-635-32-13,bogdanovalek923@yandex.ru,Подтверждена,35,2028,21.08.2023,24.12.2025,SAP ERP,Требуется кейтеринг
158,ROOM-000158,Малый зал совещаний,Малый зал совещаний,,Конференц-зал,Без оснащения,Самара,"ул. Победы, д. 55, кв. 10",+7-944-707-79-36,smirnovkiril884@mail.ru,Завершена,47,2930,16.08.2024,03.04.2025,,Требуется кейтеринг
159,ROOM-000159,12345XYZ,Переговорная «Юпитер»,Алексеева Татьяна Ивановна,Конференц-зал,,Мск,"ул. Спортивная, д. 41, кв. 47",+7-936-170-95-29,alekseevatat239@mail.ru,Ожидает подтверждения,48,2423,26.01.2023,27.05.2024,Собственная система учёта,Мероприятие для внешних гостей
160,ROOM-000160,Конференц-зал «Главный»,Конференц-зал «Главный»,Смирнов Алексей Иванович,Переговорная комната,Без оснащения,Воронеж,"ул. Советская, д. 46, кв. 104",+7-915-277-22-33,smirnovaleks405@outlook.com,,30,3618,07.03.2025,27.01.2026,SAP ERP,Мероприятие для внешних гостей
161,ROOM-000161,Переговорная «Атлант»,Переговорная «Атлант»,Лебедев Роман Александрович,категория_5,Без оснащения,Крд,"ул. Победы, д. 49, кв. 20",+7-956-646-51-37,lebedevroman346@gmail.com,Завершена,45,252,09.12.2026,24.12.2025,SAP ERP,Мероприятие для внешних гостей
162,ROOM-000162,Переговорная «Юпитер»,ОШИБКА_ДАННЫХ,Голубев Максим Андреевич,Переговорная комната,Без оснащения,Влгд,"ул. Мира, д. 42, кв. 52",+7-956-296-73-13,golubevmaksi315@outlook.com,Отмен.,54,3554,06.12.2026,19.12.2025,SAP,Повторяющаяся бронь
163,ROOM-000163,Малый зал совещаний,Малый зал совещаний,Новикова Ирина Викторовна,Открытое пространство,Проектор,Екб,"ул. Центральная, д. 54, кв. 66",+7-926-672-54-64,novikovairin565@yandex.ru,Отмен.,27,1334,28.06.2023,23.11.2024,SAP ERP,Бронь от руководства
164,ROOM-000164,Переговорная «Меркурий»,Переговорная «Меркурий»,Голубев Александр Дмитриевич,категория_5,,Краснодар,,+7-941-667-46-42,golubevaleks664@yandex.ru,Подтверждена,53,3054,18.11.2025,11.12.2026,Excel-выгрузка,Мероприятие для внешних гостей
165,ROOM-000165,Малый зал совещаний,Малый зал совещаний,Кузнецова Полина Александровна,Переговорная комната,Без оснащения,Смр,"ул. Гагарина, д. 26, кв. 9",+7-922-520-52-13,kuznecovapol40@outlook.com,Отменена,47,4146,25.06.2024,21.07.2025,SAP ERP,
166,ROOM-000166,Переговорная «Меркурий»,Переговорная «Меркурий»,ОШИБКА_ДАННЫХ,Переговорная комната,Проектор,Н.Новгород,"ул. Победы, д. 115, кв. 160",+7-921-632-49-98,petrovvladim592@gmail.com,Ожид. подтв.,46,3757,,14.12.2026,Excel-выгрузка,
167,ROOM-000167,Переговорная «Юпитер»,Переговорная «Юпитер»,Алексеев Артём Сергеевич,Конференц-зал,,Екб,нет данных(ошибка),+7-953-345-26-69,alekseevarte308@gmail.com,Завершена,51,3895,05.01.2023,03.09.2024,Собственная система учёта,Требуется кейтеринг
168,ROOM-000168,Конференц-зал «Главный»,Конференц-зал «Главный»,Козлов Дмитрий Андреевич,Открытое пространство,Видеоконференцсвязь,категория_5,"ул. Победы, д. 28, кв. 141",+7-938-759-84-95,kozlovdmitri778@yandex.ru,Ожидает подтверждения,16,113,2026,17.02.2024,1С:Предприятие,Повторяющаяся бронь
169,ROOM-000169,Опен-спейс 3 этаж,Опен-спейс 3 этаж,Воробьёв Роман Николаевич,Переговорная комната,Флипчарт,Воронеж,"ул. Спортивная, д. 119, кв. 50",+7-915-876-80-29,vorobevroman653@mail.ru,Ожидает подтверждения,9,2543,24.12.2024,18.09.2025,1С:Предприятие,Бронь от руководства
170,ROOM-000170,Переговорная «Меркурий»,Переговорная «Меркурий»,Семёнов Павел Андреевич,не указано(ошибка),,СПб,"ул. Садовая, д. 22, кв. 155",+7-934-961-95-59,semenovpavel622@outlook.com,Подтв.,51,1410,23.04.2025,08.09.2024,Собственная система учёта,Мероприятие для внешних гостей
171,ROOM-000171,Переговорная «Атлант»,Переговорная «Атлант»,Козлов Виктор Викторович,Открытое пространство,Проектор,Волгоград,"ул. Молодёжная, д. 74, кв. 87",+7-938-709-46-81,kozlovviktor812@yandex.ru,Ожидает подтверждения,25,334,22.03.2025,08.09.2024,Собственная система учёта,Мероприятие для внешних гостей
172,ROOM-000172,Переговорная «Меркурий»,Переговорная,Козлов Алексей Николаевич,Открытое пространство,ОШИБКА_ДАННЫХ,Казань,"ул. Ленина, д. 34, кв. 136",+7-927-159-87-63,kozlovalekse837@gmail.com,Ожид. подтв.,17,4787,16.12.2024,27.09.2025,CRM Bitrix24,Требуется
173,ROOM-000173,Малый зал совещаний,Малый зал совещаний,Соколов Андрей Петрович,Переговорная комната,Флипчарт,Неизвестная категория,"ул. Садовая, д. 88, кв. 39",+7-922-779-13-22,sokolovandre827@outlook.com,Завершена,36,8,08.12.2023,,Excel-выгрузка,
174,ROOM-000174,Малый зал совещаний,Малый зал совещаний,Козлов Артём Дмитриевич,Конфер.-зал,ОШИБКА_ДАННЫХ,Воронеж,"ул. Спортивная, д. 113, кв. 57",+7-927-174-94-64,kozlovartemd220@mail.ru,Ожидает подтверждения,47,3846,26.02.2026,25.09.2026,Excel-выгрузка,Требуется кейтеринг
175,ROOM-000175,Переговорная «Атлант»,,Богданова Юлия Андреевна,Открытое пространство,Без оснащения,Крд,"ул. Гагарина, д. 143, кв. 112",+7-949-978-81-93,bogdanovayul484@outlook.com,Ожидает подтверждения,49,53,27.11.2026,01.12.2025,Собственная система учёта,Бронь от руководства
176,ROOM-000176,Конференц-зал «Главный»,Конференц-зал «Главный»,Волкова Полина Сергеевна,Переговорн. комн.,Проектор,Санкт-Петербург,"ул. Ленина, д. 148, кв. 101",+7-939-912-30-84,нет_почты,Ожид. подтв.,36,3428,25.07.2024,21.03.2025,CRM Bitrix24,
177,ROOM-000177,Опен-спейс 3 этаж,Опен-спейс 3 этаж,Егорова Татьяна Николаевна,Конференц-зал,Видеоконференцсвязь,Новосибирск,"ул. Ленина, д. 46, кв. 47",+7-938-238-36-10,egorovatatya58@gmail.com,Отменена,9,72,,06.08.2026,CRM Bitrix24,Мероприятие для внешних гостей
178,ROOM-000178,Малый зал совещаний,Малый зал совещаний,Лебедева Виктория Викторовна,Конференц-зал,Флипчарт,Н.Новгород,"ул. Пушкина, д. 99, кв. 78",+7-935-501-95-44,lebedevavikt500@gmail.com,Подтверждена,3,83,27.12.2025,02.03.2026,SAP ERP,Бронь от руководства
179,ROOM-000179,Опен-спейс 3 этаж,ОШИБКА_ДАННЫХ,Голубев Андрей Петрович,Конференц-зал,Видеоконференцсвязь,Пермь,"ул. Молодёжная, д. 114, кв. 144",+7-920-650-82-99,golubevandre40@gmail.com,категория_5,,2508,10.06.2023,02.02.2026,CRM Bitrix24,Мероприятие для внешних гостей
180,ROOM-000180,Малый зал совещаний,Малый зал совещаний,Павлова Екатерина Сергеевна,Переговорная комната,Флипчарт,Новосиб.,"ул. Ленина, д. 49, кв. 165",+7-946-680-54-27,pavlovaekate99@gmail.com,Ожидает подтверждения,39,2121,16.03.2025,01.09.2024,CRM Bitrix24,Повторяющаяся бронь
181,ROOM-000181,Конференц-зал «Главный»,Конференц-зал,Виноградов Дмитрий Викторович,Открытое пространство,Проектор,Пермь,"ул. Спортивная, д. 85, кв. 60",+7-945-408-21-86,vinogradovdm454@outlook.com,Подтверждена,,3124,01.02.2025,08.01.2026,Excel-выгрузка,
182,ROOM-000182,Малый,Малый зал совещаний,Волкова Ольга Викторовна,Переговорная комната,Видеоконференцсвязь,Челябинск,"ул. Молодёжная, д. 117, кв. 192",+7-921-553-84-75,volkovaolgav386@mail.ru,Отмен.,2,83,21.04.2023,08.11.2026,1С:Предприятие,Требуется кейтеринг
183,ROOM-000183,Переговорная «Меркурий»,Переговорная «Меркурий»,Морозов Максим Андреевич,Конференц-зал,Флипчарт,Влгд,"ул. Спортивная, д. 91, кв. 113",+7-921-270-96-89,morozovmaksi53@gmail.com,Отмен.,32,2444,08.07.2026,07.04.2024,Excel-выгрузка,Мероприятие для внешних гостей
184,ROOM-000184,Переговорная «Юпитер»,####,Лебедев Александр Николаевич,Переговорная комната,Флипчарт,Казань,"ул. Советская, д. 4, кв. 172",+7-949-248-62-48,lebedevaleks345@yandex.ru,Завершена,5,4882,21.05.2023,16.09.2025,CRM Bitrix24,Мероприятие для внешних гостей
185,ROOM-000185,Переговорная «Юпитер»,Переговорная «Юпитер»,Кузнецова Виктория Николаевна,Конференц-зал,Без оснащения,Пермь,"ул. Мира, д. 137, кв. 184",+7-913-393-24-75,kuznecovavik547@outlook.com,Отменена,46,199,25.12.2023,06.12.2026,N/A,
186,ROOM-000186,Переговорная,,Новиков Дмитрий Дмитриевич,Переговорная комната,Флипчарт,Москва,"ул. Пушкина, д. 136, кв. 98",+7-918-930-13-28,novikovdmitr798@mail.ru,Подтверждена,28,1596,04.11.2026,20.07.2025,CRM Bitrix24,12345XYZ
187,ROOM-000187,Опен-спейс 3 этаж,Опен-спейс 3 этаж,Смирнова Анна Андреевна,Конфер.-зал,Видеоконференцсвязь,Краснодар,"ул. Молодёжная, д. 36, кв. 101",+7-946-735-20-97,smirnovaanna495@gmail.com,Подтверждена,9,4423,28.05.2024,13.07.2025,Excel-выгрузка,Мероприятие для внешних гостей
188,ROOM-000188,Переговорная «Атлант»,Переговорная «Атлант»,Смирнов Кирилл Дмитриевич,Переговорн. комн.,Проектор,Челябинск,"ул. Гагарина, д. 107, кв. 49",+7-920-844-33-54,smirnovkiril864@gmail.com,Отменена,,2852,12.04.2023,05.10.2024,CRM Bitrix24,Мероприятие для внешних гостей
189,ROOM-000189,Переговорная «Юпитер»,Переговорная «Юпитер»,Соколов Алексей Александрович,Открытое пространство,Проектор,Екатеринбург,"ул. Центральная, д. 72, кв. 135",+7-916-506-78-52,sokolovaleks225@gmail.com,Неизвестная категория,35,2920,13.07.2026,19.11.2025,-,
190,ROOM-000190,Малый зал совещаний,Малый зал совещаний,Воробьёв Илья Сергеевич,Открытое пространство,Без оснащения,Воронеж,ул.,+7-939-396-50-38,vorobevilyas611@outlook.com,Ожидает подтверждения,11,3860,13.10.2023,14.03.2025,CRM Bitrix24,
191,ROOM-000191,Опен-спейс 3 этаж,Опен-спейс 3 этаж,Иванов Алексей Николаевич,Конференц-зал,Без оснащения,Ростов-на-Дону,"ул. Спортивная, д. 150, кв. 159",+7-946-399-52-18,petrov@@mail..ru,Отмен.,,78,28.11.2024,02.07.2025,1С:Предприятие,Требуется кейтеринг
192,ROOM-000192,Переговорная «Меркурий»,Переговорная «Меркурий»,Фёдоров Егор Петрович,Переговорн. комн.,Проектор,Воронеж,"ул. Спортивная, д. 52, кв. 127",+7-919-845-74-70,fedorovegorp323@outlook.com,Подтверждена,,1834,12.02.2024,22.03.2025,,Требуется кейтеринг
193,ROOM-000193,Переговорная «Юпитер»,Переговорная «Юпитер»,Новиков Кирилл Андреевич,Открытое пространство,Флипчарт,Влгд,"ул. Победы, д. 67, кв. 6",+7-927-119-29-39,novikovkiril506@outlook.com,Ожид. подтв.,9,3113,08.08.2026,28.02.2025,1С:Предприятие,Мероприятие для внешних гостей
194,ROOM-000194,Малый зал совещаний,Малый зал совещаний,Волков Роман Александрович,Конференц-зал,???,Воронеж,"ул. Советская, д. 90, кв. 102",+7-958-594-73-92,volkovromana704@yandex.ru,Отменена,20,3692,09.04.2024,23.01.2024,CRM Bitrix24,Повторяющаяся бронь
195,ROOM-000195,Малый зал совещаний,Малый зал совещаний,Козлов,Переговорная комната,Флипчарт,Челябинск,"ул. Молодёжная, д. 108, кв. 17",12345,kozlovromans501@outlook.com,Подтверждена,6,2034,25.05.2026,19.11.2024,,Мероприятие для внешних гостей
196,ROOM-000196,Опен-спейс 3 этаж,Опен-спейс 3 этаж,Новикова Юлия Дмитриевна,Открытое пространство,Без оснащения,Челябинск,"ул. Гагарина, д. 19, кв. 161",+7-939-5,petrov@@mail..ru,Завершена,42,4135,04.12.2024,26.05.2026,Excel-выгрузка,Мероприятие для внешних гостей
197,ROOM-000197,Переговорная «Меркурий»,Переговорная «Меркурий»,Соколова,Переговорн. комн.,Проектор,СПб,"ул. Садовая, д. 17, кв. 27",+7-947-513-70-77,sokolovavikt464@yandex.ru,Ожид. подтв.,17,4167,2024,03.11.2026,1С:Предприятие,Требуется кейтеринг
198,ROOM-000198,Конференц-зал «Главный»,Конференц-зал «Главный»,-,,Проектор,Ворнж,"ул. Молодёжная, д. 135, кв. 95",+7-920-133-11-50,egorovadarya789@outlook.com,Отменена,,1825,25.03.2026,06.02.2026,CRM Bitrix24,Бронь от руководства
199,ROOM-000199,Переговорная «Меркурий»,Переговорная «Меркурий»,Новиков Алексей Петрович,Переговорная комната,Проектор,Екатеринбург,"ул. Спортивная, д. 95, кв. 180",+7-932-253-82-62,novikovaleks108@gmail.com,Завершена,-1,1672,16.02.2025,02.12.2025,Собственная система учёта,Требуется кейтеринг
200,ROOM-000200,Переговорная «Меркурий»,Переговорная «Меркурий»,Козлова Ирина Дмитриевна,Переговорн. комн.,Видеоконференцсвязь,Крд,"ул. Мира, д. 46, кв. 61",+7-927-304-21-55,kozlovairina90@yandex.ru,Ожидает подтверждения,41,2487,20.09.2023,06.11.2024,Excel-выгрузка,Требуется кейтеринг
