ID,Код записи,Идентификатор станции,Идентификатор станции (повтор),Ответственный инженер,Тип датчика,Модель датчика,Город,Адрес,Телефон,Email,Статус датчика,Количество показаний за сутки,"Стоимость обслуживания, руб./мес.",Дата создания записи,Дата последнего обновления,Система-источник,Примечания
1,IOT-000001,MS-5022,MS-5022,Соколов Виктор Петрович,Датчик освещённости,DHT22,Санкт-Петербург,"ул. Центральная, д. 102, кв. 36",+7-922-363-13-78,sokolovvikto401@yandex.ru,Не в сети,1147,9015,11.05.2026,20.02.2024,Excel-выгрузка,Установлен новый датчик
2,IOT-000002,MS-2736,MS-2736,Лебедева Виктория Викторовна,Датч. освещ.,BMP280,Нижний Новгород,"ул. Советская, д. 49, кв. 75",+7-946-210-24-12,lebedevavikt271@mail.ru,Треб. калибр.,740,3508,27.12.2023,14.09.2024,Собственная система учёта,
3,IOT-000003,MS-3270,MS-3270,Голубев Максим Андреевич,Датчик атмосферного давления,DHT22,Мск,"ул. Центральная, д. 121, кв. 34",,golubevmaksi786@gmail.com,Не в сети,270,10184,09.05.2024,01.06.2026,SAP ERP,Требуется замена батареи
4,IOT-000004,MS-6023,MS-6023,???,Датчик влажности,DS18B20,Екатеринбург,"ул. Молодёжная, д. 109, кв. 84",+7-940-398-46-86,ivanovaelena168@yandex.ru,Треб. калибр.,760,4376,25.07.2025,16.10.2026,Собственная система учёта,Установлен новый датчик
5,IOT-000005,MS-5945,,Богданова Светлана Дмитриевна,Датч. темп.,BMP280,Нижний Новгород,"ул. Советская, д. 113, кв. 16",+7-937-995-88-38,bogdanovasve496@gmail.com,В сети,273,10395,14.04.2023,06.06.2026,CRM Bitrix24,Требуется замена батареи
6,IOT-000006,MS-6875,MS-6875,Егорова Полина Петровна,Датч. влажн.,BMP280,,"ул. Центральная, д. 81, кв. 52",+7-953-119-85-67,egorovapolin493@gmail.com,В сети,211,9724,18.11.2023,07.02.2024,SAP ERP,Требуется замена батареи
7,IOT-000007,MS-2390,MS-2390,Голубева Елена Петровна,Датчик освещённости,BMP280,Пермь,"ул. Пушкина, д. 145, кв. 141",+7-941-233-50-95,golubevaelen912@yandex.ru,Неиспр.,1094,12608,12.03.2024,07.07.2026,SAP ERP,
8,IOT-000008,MS-8484,MS-8484,Кузнецова Елена Дмитриевна,Датчик освещённости,DHT22,Пермь,"ул. Молодёжная, д. 40, кв. 36",+7-912-867-51-71,kuznecovaele868@yandex.ru,Неисправен,420,-1,05.04.2023,07.03.2026,1С:Предприятие,Требуется замена батареи
9,IOT-000009,MS-2908,MS-2908,Алексеев Никита Андреевич,Датч. влажн.,BMP280,Екб,"ул. Мира, д. 124, кв. 174",+7-918-454-56-93,alekseevniki265@outlook.com,Треб. калибр.,1053,12554,17.08.2023,01.01.2024,Excel-выгрузка,Требуется замена батареи
10,IOT-000010,MS-6316,MS-6316,Соколова Ксения Петровна,Датчик температуры,DHT22,Новосибирск,"ул. Спортивная, д. 50, кв. 144",+7-938-478-69-81,sokolovaksen958@mail.ru,В сети,1021,1902,19.06.2024,06.01.2024,,Установлен новый датчик
11,IOT-000011,нет данных(ошибка),MS-6596,Голубева Полина Николаевна,,SHT31,Екатеринбург,"ул. Победы, д. 23, кв. 93",+7-958-601-48-74,golubevapoli856@gmail.com,Неисправен,433,6823,15.11.2026,18.09.2026,Excel-выгрузка,Требуется замена батареи
12,IOT-000012,MS-1655,MS-1655,Соколова Полина Дмитриевна,Датчик освещённости,DS18B20,Крд,"ул. Центральная, д. 107, кв. 165",+7-917-937-52-26,sokolovapoli614@mail.ru,Не в сети,316,12383,03.08.2023,14.03.2024,SAP ERP,Плановая калибровка выполнена
13,IOT-000013,MS-4441,MS-4441,Иванова Ирина Сергеевна,Датчик температуры,SHT31,Ворнж,N/A,+7-945-116-53-46,ivanovairina299@mail.ru,В сети,805,8153,11.02.2025,12.02.2026,1С:Предприятие,
14,IOT-000014,MS-1741,MS-1741,Голубева Виктория Ивановна,Датчик влажности,BMP280,Волгоград,"ул. Мира, д. 4, кв. 198",+7-958-733-49-95,golubevavikt109@outlook.com,Не в сети,1035,12936,12.03.2024,07.08.2025,1С:Предприятие,
15,IOT-000015,MS-5808,MS-5808,Павлов Никита Петрович,Датчик влажности,DHT22,Самара,"ул. Садовая, д. 19, кв. 172",+7-957-116-61-89,pavlovnikita62@outlook.com,В сети,н/д,11115,04.09.2023,10.12.2024,Excel-выгрузка,Обнаружены аномальные значения
16,IOT-000016,MS-5087,MS-5087,Воробьёва,Датчик температуры,DS18B20,Смр,"ул. Молодёжная, д. 35, кв. 150",+7-949-3,vorobevaanna612@mail.ru,В сети,-1,13633,31.02.2026,17.10.2025,Собственная система учёта,Требуется замена батареи
17,IOT-000017,MS-3882,MS-3882,Иванова Виктория Александровна,Датч. влажн.,DHT22,Новосибирск,"ул. Молодёжная, д. 6, кв. 140",+7-927-616-44-98,ivanovavikto629@gmail.com,Не в сети,38,9006,31.02.2026,14.01.2025,CRM Bitrix24,Требуется замена батареи
18,IOT-000018,???,MS-7260,Лебедев Алексей Александрович,Датч. темп.,DS18B20,Воронеж,N/A,+7-916-862-53-40,lebedevaleks256@mail.ru,В с,390,926,16.08.2025,07.09.2026,Собственная система учёта,N/A
19,IOT-000019,MS-2798,MS-2798,Виноградова Алина Николаевна,Датчик влажности,DHT22,Пермь,"ул. Садовая, д. 101, кв. 195",12345,vinogradovaa893@gmail.com,Неисправен,1120,4254,19.05.2026,20.05.2026,CRM Bitrix24,Обнаружены аномальные значения
20,IOT-000020,MS-6742,MS-6742,Попов Андрей Петрович,Датч. влажн.,BMP280,Новосибирск,"ул. Садовая, д. 12, кв. 13",телефон отсутствует,popovandreip632@yandex.ru,В сети,662,8074,23.09.2026,03.07.2024,Собственная система учёта,Требуется замена батареи
21,IOT-000021,MS-3006,MS-3006,Семёнова Мария Николаевна,Датчик атмосферного давления,BMP280,СПб,"ул. Центральная, д. 142, кв. 18",+7-950-151-55-21,semenovamari586@outlook.com,Треб. калибр.,286,14538,02.12.2024,24.07.2025,Excel-выгрузка,Требуется замена батареи
22,IOT-000022,MS-5634,MS-5634,Егоров Владимир Андреевич,Датчик влажности,DHT22,Самара,"ул. Гагарина, д. 129, кв. 13",+7-958-307-13-77,egorovvladim40@mail.ru,Требует калибровки,563,2785,07.10.2024,18.03.2026,Собственная система учёта,Плановая калибровка выполнена
23,IOT-000023,MS-4395,MS-4395,Смирнов Дмитрий Сергеевич,Датчик освещённости,BMP280,Нижний Новгород,"ул. Мира, д. 86, кв. 114",+7-953-137-93-11,smirnovdmitr884@outlook.com,В сети,1211,582,01.09.2025,01.07.2024,CRM Bitrix24,
24,IOT-000024,MS-5557,MS-5557,Новикова Ксения Петровна,Датчик температуры,DS18B20,Волгоград,"ул. Мира, д. 146, кв. 72",+7-941-527-84-79,novikovaksen244@yandex.ru,Не в сети,много,12372,03.02.2024,16.06.2025,SAP ERP,
25,IOT-000025,MS-1660,MS-1660,Новиков Александр Сергеевич,Датчик освещённости,BMP280,Пермь,"ул. Гагарина, д. 76, кв. 28",+7-922-801-73-73,novikovaleks608@gmail.com,Неиспр.,483,12057,26.12.2026,03.09.2025,1С:Предприятие,Плановая
26,IOT-000026,MS-9580,MS-9580,Кузнецова Дарья Дмитриевна,Датчик температуры,DS18B20,Новосибирск,"ул. Советская, д. 86, кв. 61",телефон отсутствует,kuznecovadar677@gmail.com,Треб. калибр.,611,9873,27.03.2026,09.01.2026,Excel-выгрузка,Требуется замена батареи
27,IOT-000027,MS-8929,MS-8929,Морозова Мария Андреевна,Датчик температуры,BMP280,Челябинск,"ул. Садовая, д. 91, кв. 63",+7-944-277-83-73,morozovamari755@yandex.ru,Не в сети,1339,9717,20.09.2023,23.04.2024,SAP ERP,
28,IOT-000028,MS-5934,MS-5934,Новиков Илья Иванович,Датчик атмосферного давления,BMP280,Ростов-на-Дону,"ул. Пушкина, д. 136, кв. 174",+7-913-981-55-69,novikovilyai952@yandex.ru,Треб. калибр.,1189,9701,03.06.2023,24.08.2024,1С:Предприятие,нет данных(ошибка)
29,IOT-000029,MS-9666,MS-9666,,Датчик влажности,DS18B20,Краснодар,"ул. Советская, д. 136, кв. 134",+7-937-811-55-83,ivanov.mail.ru,,435,808,21.04.2024,,1С:Предприятие,Плановая калибровка выполнена
30,IOT-000030,MS-8283,MS-8283,Смирнова Виктория Викторовна,Датчик атмосферного давления,,Влгд,"ул. Мира, д. 52, кв. 135",+7-949-173-61-97,smirnovavikt942@outlook.com,Треб. калибр.,809,1366,17.05.2025,08.11.2025,Excel-выгрузка,Обнаружены аномальные значения
31,IOT-000031,MS-3289,MS-3289,Петрова Полина Дмитриевна,Датчик температуры,DHT22,Н.Новгород,"ул. Центральная, д. 16, кв. 160",+7-924-423-46-50,petrovapolin72@gmail.com,Неисправен,389,3424,11.10.2024,22.08.2026,SAP ERP,Обнаружены аномальные значения
32,IOT-000032,MS-3781,MS-3781,Смирнова Полина Николаевна,Датчик освещённости,SHT31,Воронеж,ул.,+7-957-937-60-10,smirnovapoli752@mail.ru,Неисправен,205,12598,18.09.2026,17.05.2024,CRM Bitrix24,Требуется замена батареи
33,IOT-000033,MS-7214,MS-7214,Смирнова Наталья Андреевна,Датчик освещённости,BMP280,Москва,"ул. Победы, д. 33, кв. 166",+7-920-306-87-39,smirnovanata158@gmail.com,В сети,924,ABC,06.07.2024,04.05.2024,1С:Предприятие,Установлен новый датчик
34,IOT-000034,MS-4401,MS-4401,Морозова Алина Викторовна,Датч. влажн.,BMP280,Новосибирск,"ул. Мира, д. 18, кв. 104",+7-923-642-80-76,morozovaalin358@mail.ru,Требует калибровки,1151,13889,20.02.2025,2026-13-45,CRM Bitrix24,Установлен новый датчик
35,IOT-000035,MS-8202,MS-8202,Семёнова Виктория Сергеевна,Датчик влажности,BMP280,Кра,-,+7-923-433-43-45,semenovavikt67@gmail.com,Неисправен,372,3100,04.12.2023,00.00.0000,SAP ERP,Обнаружены аномальные значения
36,IOT-000036,N/A,MS-2792,Волкова Наталья Ивановна,Датчик освещённости,BMP280,Пермь,"ул. Центральная, д. 86, кв. 146",+7-955-924-75-61,volkovanatal650@mail.ru,Неиспр.,1038,12307,02.01.2024,21.08.2026,CRM Bitrix24,
37,IOT-000037,MS-8781,MS-8781,Попова Анна Андреевна,Датчик освещённости,DS18B20,Пермь,"ул. Ленина, д. 46, кв. 138",+7-910-392-76-26,popovaannaan155@gmail.com,В сети,,2068,16.07.2025,08.12.2025,Собственная система учёта,
38,IOT-000038,MS-8212,MS-8212,Волкова Ольга Сергеевна,Датчик температуры,,Казань,"ул. Победы, д. 71, кв. 163",+7-958-437-45-68,volkovaolgas568@mail.ru,В сети,878,13869,05.07.2023,17.08.2026,Собственная система учёта,Обнаружены аномальные значения
39,IOT-000039,MS-7137,MS-7137,Семёнова Светлана Дмитриевна,Датчик освещённости,BMP280,Пермь,"ул. Пушкина, д. 63, кв. 19",+7-921-908-30-16,semenovasvet489@mail.ru,Не в сети,1194,4245,вчера,24.09.2026,####,Плановая калибровка выполнена
40,IOT-000040,MS-1587,MS-1587,Голубева Полина Ивановна,Датчик освещённости,DS18B20,Челябинск,"ул. Мира, д. 136, кв. 76",+7-926-946-14-86,golubevapoli412@yandex.ru,Требует калибровки,790,4765,07.04.2025,24.08.2024,CRM,Обнаружены аномальные значения
41,IOT-000041,MS-7176,MS-7176,Иванова Мария Петровна,Датчик атмосферного давления,SHT31,Москва,"ул. Победы, д. 44, кв. 29",+7-913-236-23-68,ivanovamariy865@gmail.com,Неисправен,1251,1088,17.11.2023,25.10.2026,Собственная система учёта,Обнаружены аномальные значения
42,IOT-000042,MS-7750,MS-7750,Фёдоров Виктор Дмитриевич,Датчик освещённости,SHT31,Ворнж,"ул. Садовая, д. 26, кв. 75",+7-948-906-58-64,fedorovvikto822@outlook.com,В сети,-1,9684,18.02.2026,20.06.2025,SAP ERP,
43,IOT-000043,MS-5808,MS-5808,Лебедева Ирина Андреевна,Датчик температуры,BMP280,Ростов-на-Дону,"ул. Молодёжная, д. 57, кв. 130",+7-916-7,lebedevairin925@outlook.com,Требует калибровки,1386,13734,20.05.2024,20.11.2026,Собственная система учёта,Плановая калибровка выполнена
44,IOT-000044,MS-9893,MS-9893,Попов Павел Дмитриевич,Датчик освещённости,SHT31,Москва,"ул. Ленина, д. 146, кв. 162",+7-921-513-82-81,popovpaveldm55@yandex.ru,В сети,653,6376,05.01.2025,19.04.2026,CRM Bitrix24,
45,IOT-000045,MS-2125,MS-2125,Новикова Ольга Ивановна,Датч. освещ.,SHT31,Воронеж,"ул. Пушкина, д. 125, кв. 99",+7-931-4,novikovaolga915@yandex.ru,В сети,,2374,09.12.2025,22.05.2026,Excel-выгрузка,
46,IOT-000046,MS-6979,MS-6979,Лебедева Анна Дмитриевна,Датчик влажности,SHT31,Пермь,"ул. Гагарина, д. 134, кв. 191",+7-916-393-91-95,lebedevaanna364@mail.ru,Не в сети,129,6826,18.09.2024,20.01.2026,Собственная система учёта,
47,IOT-000047,MS-2133,MS-2133,Смирнова Светлана Дмитриевна,Датчик атмосферного давления,SHT31,Волгоград,"ул. Победы, д. 130, кв. 52",+7-913-617-94-61,smirnovasvet582@gmail.com,Неиспр.,388,3764,25.01.2025,03.10.2025,SAP ERP,Плановая калибровка выполнена
48,IOT-000048,MS-7499,MS-7499,Козлова Виктория Ивановна,Датчик температуры,DHT22,Влгд,"ул. Победы, д. 140, кв. 47",+7-930-597-30-97,kozlovavikto749@mail.ru,Не в сети,1126,6998,,19.12.2026,Excel-выгрузка,Требуется замена батареи
49,IOT-000049,MS-1548,-,Морозова Елена Сергеевна,Датчик влажности,DS18B20,Краснодар,"ул. Молодёжная, д. 90, кв. 162",+7-940-524-94-31,morozovaelen700@gmail.com,В сети,1326,7144,27.07.2024,01.10.2025,Собственная система учёта,Установлен новый датчик
50,IOT-000050,MS-1407,MS-1407,Иванова Ксения Сергеевна,Датчик температуры,DHT22,Ростов-на-Дону,,+7-943-778-34-78,ivanovakseni853@yandex.ru,Неиспр.,1220,6939,24.08.2023,10.10.2025,1С:Предприятие,Обнаружены аномальные значения
51,IOT-000051,MS-7035,MS-7035,Лебедева Юлия Сергеевна,Датчик атмосферного давления,SHT31,Новосиб.,"ул. Советская, д. 118, кв. 62",12345,lebedevayuli614@mail.ru,В сети,396,8132,28.01.2025,10.05.2024,CRM Bitrix24,Обнаружены аномальные значения
52,IOT-000052,MS-3521,MS-3521,Павлова Ирина Николаевна,Датч. темп.,DS18B20,Ростов-на-Дону,N/A,,pavlovairina998@gmail.com,Неисправен,1181,ABC,21.09.2024,15.05.2024,SAP ERP,Установлен новый датчик
53,IOT-000053,MS-9487,MS-9487,Виноградов Илья Иванович,Датчик освещённости,???,Смр,"ул. Пушкина, д. 103, кв. 111",+7-927-344-57-92,vinogradovil35@gmail.com,В сети,1243,8172,08.09.2024,28.09.2025,SAP ERP,Обнаружены аномальные значения
54,IOT-000054,MS-6879,MS-6879,Павлов,Датчик освещённости,BMP280,Екб,12345XYZ,+7-918-394-82-94,pavlovegordm299@gmail.com,Не в сети,709,3050,26.03.2025,24.06.2024,Собственная система учёта,Требуется замена батареи
55,IOT-000055,MS-6528,MS-6528,Смирнов Максим Иванович,Датчик освещённости,DS18B20,Казань,"ул. Мира, д. 44, кв. 155",+7-939-909-91-43,smirnovmaksi296@outlook.com,Не в сети,541,10705,08.12.2025,28.02.2026,SAP ERP,
56,IOT-000056,MS-1459,???,,Датчик температуры,DS18B20,Нижний Новгород,"ул. Спортивная, д. 63, кв. 128",+7-957-505-85-12,bogdanovavik360@yandex.ru,В сети,1099,12587,25.01.2023,15.10.2025,CRM Bitrix24,
57,IOT-000057,,MS-6309,Попов Никита Сергеевич,Датчик атмосферного давления,SHT31,Челябинск,"ул. Молодёжная, д. 140, кв. 85",+7-955-647-60-16,popovnikitas990@mail.ru,Требует калибровки,1162,12836,28.12.2023,22.11.2025,1С:Предприятие,Установлен новый датчик
58,IOT-000058,MS-9669,MS-9669,Петров Никита Петрович,Датчик температуры,BMP280,Санкт-Петербург,"ул. Мира, д. 105, кв. 190",+7-916-918-15-72,petrovnikita367@yandex.ru,Не в сети,418,13966,15.10.2023,09.10.2025,SAP ERP,
59,IOT-000059,MS-2201,MS-2201,Богданова Татьяна Петровна,Датчик атмосферного давления,DS18B20,Новосибирск,"ул. Мира, д. 94, кв. 91",+7-915-146-58-68,bogdanovatat9@outlook.com,Неисправен,1375,10152,08.03.2023,28.02.2026,Excel-выгрузка,Установлен новый датчик
60,IOT-000060,MS-8679,MS-8679,Иванова Светлана Петровна,Датчик освещённости,SHT31,Нижний Новгород,"ул. Молодёжная, д. 124, кв. 126",+7-938-974-48-16,ivanovasvetl183@outlook.com,Требует калибровки,631,9366,15.03.2023,16.09.2024,Excel-выгрузка,
61,IOT-000061,MS-8573,MS-8573,Воробьёв Сергей Дмитриевич,Датч. темп.,DS18B20,Екб,"ул. Советская, д. 10, кв. 56",+7-917-824-72-64,vorobevserge697@mail.ru,В сети,347,2973,10.09.2024,18.10.2026,CRM Bitrix24,
62,IOT-000062,MS-6212,MS-6212,Морозов Виктор Андреевич,Датч. атм. давл.,SHT31,Пермь,ул.,+7-943-504-36-44,morozovvikto92@outlook.com,Треб. калибр.,698,3312,08.03.2023,12.05.2026,Excel-выгрузка,Обнаружены аномальные значения
63,IOT-000063,MS-5360,MS-5360,Морозова Татьяна Сергеевна,Датчик атмосферного давления,DS18B20,Мск,"ул. Молодёжная, д. 148, кв. 120",+7-914-597-19-87,morozovataty182@mail.ru,Не в сети,906,14611,вчера,28.02.2025,1С:Предприятие,Требуется замена батареи
64,IOT-000064,MS-6876,,Смирнов Сергей Сергеевич,Датчик влажности,SHT31,Челябинск,"ул. Садовая, д. 135, кв. 19",+7-933-805-76-82,smirnovserge986@mail.ru,Неисправен,444,12626,21.11.2024,20.10.2026,Собственная система учёта,
65,IOT-000065,MS-7074,MS-7074,Козлова Ирина Андреевна,Дат,BMP280,Санкт-Петербург,"ул. Мира, д. 51, кв. 68",+7-910-549-65-19,kozlovairina925@mail.ru,Требует калибровки,399,,17.03.2024,22.04.2025,1С:Предприятие,Обнаружены аномальные значения
66,IOT-000066,MS-5014,MS-5014,Лебедев Виктор Викторович,Датч. влажн.,BMP280,Ворнж,"ул. Ленина, д. 48, кв. 11",+7-930-541-78-61,lebedevvikto399@mail.ru,Треб. калибр.,565,14350,17.01.2025,26.02.2024,,Установлен новый датчик
67,IOT-000067,,MS-8437,Воробьёв Виктор Петрович,не указано(ошибка),DHT22,Краснодар,"ул. Мира, д. 73, кв. 7",+7-923-903-38-47,vorobevvikto83@gmail.com,Неиспр.,63,13444,10.12.2026,08.07.2026,Excel-выгрузка,Обнаружены аномальные значения
68,IOT-000068,MS-3217,####,Алексеев Сергей Андреевич,Датчик влажности,BMP280,Волгоград,"ул. Победы, д. 36, кв. 178",+7-923-800-11-38,alekseevserg77@gmail.com,Не в сети,118,3599,12.05.2026,03.05.2024,CRM Bitrix24,Требуется замена батареи
69,IOT-000069,MS-1358,MS-1358,Воробьёва Мария Николаевна,Датчик температуры,DS18B20,Пермь,нет данных(ошибка),+7-939-481-53-70,vorobevamari180@yandex.ru,Не в сети,1191,10409,28.08.2026,28.03.2024,Собственная система учёта,Плановая калибровка выполнена
70,IOT-000070,MS-6640,MS-6640,Иванова Елена Петровна,Датч. влажн.,BMP280,Новосибирск,"ул. Советская, д. 24, кв. 134",+7-941-471-25-61,ivanovaelena395@yandex.ru,Неиспр.,-1,9132,09.10.2024,22.10.2025,SAP ERP,Плановая калибровка выполнена
71,IOT-000071,MS-5505,MS-5505,Смирнова Татьяна Петровна,Датчик освещённости,???,Мск,"ул. Пушкина, д. 45, кв. 15",+7-930-341-93-34,smirnovataty313@yandex.ru,Не в сети,674,6611,,04.11.2025,Excel-выгрузка,Требуется замена батареи
72,IOT-000072,MS-7746,MS-7746,Иванов Александр Викторович,Датч. темп.,SHT31,Ворнж,"ул. Пушкина, д. 97, кв. 50",+7-931-137-32-58,ivanovaleksa92@yandex.ru,Неиспр.,820,13429,2026-13-45,12.09.2025,1С:Предприятие,Требуется замена батареи
73,IOT-000073,MS-7074,MS-7074,Соколов Владимир Николаевич,Датч. атм. давл.,BMP280,Казань,"ул. Спортивная, д. 117, кв. 150",+7-930-654-97-29,sokolovvladi851@gmail.com,Не в сети,6,2529,13.05.2023,22.09.2025,CRM Bitrix24,Требуется замена батареи
74,IOT-000074,MS-4429,MS-4429,Виноградов Павел Иванович,Датчик атмосферного давления,DS18B20,Ростов-н/Д,"ул. Пушкина, д. 129, кв. 197",+7-917-470-84-62,vinogradovpa740@yandex.ru,Требует калибровки,1417,1118,22.02.2024,2026,1С:Предприятие,Требуется замена батареи
75,IOT-000075,MS-9555,MS-9555,Волкова Мария Дмитриевна,Датчик атмосферного давления,DHT22,СПб,"ул. Советская, д. 8, кв. 88",+7-910-742-91-99,volkovamariy945@gmail.com,Неиспр.,935,3044,10.11.2026,08.10.2024,1С:Предприятие,Требуется замена батареи
76,IOT-000076,MS-3021,MS-3021,Богданов Артём Андреевич,Датчик освещённости,DHT22,Краснодар,"ул. Ленина, д. 9, кв. 64",+7-914-832-46-59,,Не в сети,732,716,12.10.2024,16.11.2025,SAP ERP,
77,IOT-000077,ОШИБКА_ДАННЫХ,MS-3207,Новикова Алина Андреевна,Датч. темп.,DHT22,Нижний Новгород,,+7-916-686-52-65,novikovaalin977@yandex.ru,Неизвестная категория,797,2370,23.06.2026,14.09.2024,1С:Предприятие,Обнаружены аномальные значения
78,IOT-000078,MS-2029,MS-2029,Воробьёва Анна Андреевна,Датчик освещённости,,Казань,"ул. Центральная, д. 130, кв. 13",+7-951-123-55-33,vorobevaanna431@yandex.ru,Требует калибровки,1432,4244,23.05.2026,05.11.2025,SAP ERP,
79,IOT-000079,MS-6369,MS-6369,N/A,Дат,SHT31,СПб,,+7-952-843-97-51,petrovkirill519@outlook.com,В сети,564,9305,08.07.2024,15.02.2025,CRM Bitrix24,Установлен новый датчик
80,IOT-000080,MS-8877,MS-8877,Попов Сергей Сергеевич,Датчик температуры,SHT31,Пермь,"ул. Центральная, д. 36, кв. 74",+7-956-139-79-86,popovsergeis379@mail.ru,Не в сети,87,13435,04.09.2026,04.02.2026,SAP ERP,Установлен новый датчик
81,IOT-000081,MS-4563,MS-4563,Алексеева Мария Ивановна,Датчик влажности,DHT22,Новосибирск,"ул. Пушкина, д. 124, кв. 47",+7-926-9,alekseevamar292@outlook.com,В сети,1244,2665,21.07.2026,22.09.2024,Excel-выгрузка,Обнаружены аномальные значения
82,IOT-000082,MS-7177,MS-7177,Волков Роман Андреевич,Датчик влажности,DHT22,Смр,"ул. Спортивная, д. 103, кв. 53",+7-954-474-33-56,volkovromana150@outlook.com,В сети,428,13654,24.08.2024,,1С:Предприятие,Требуется замена батареи
83,IOT-000083,MS-1678,MS-1678,,Датчик влажности,DHT22,Воронеж,"ул. Ленина, д. 19, кв. 84",+7-912-882-46-99,sokolovdmitr712@gmail.com,Неисправен,1181,7105,23.06.2026,08.01.2025,N/A,
84,IOT-000084,MS-6200,MS-6200,Соколова Анна Викторовна,категория_5,BMP280,Крд,"ул. Победы, д. 9, кв. 77",+7-956-537-56-10,sokolovaanna747@yandex.ru,Не в сети,81,9388,10.07.2026,28.12.2026,CRM Bitrix24,Требуется замена батареи
85,IOT-000085,MS-4695,MS-4695,Смирнов Артём Александрович,Датчик освещённости,DS18B20,Екатеринбург,"ул. Молодёжная, д. 62, кв. 88",+7-924-967-21-86,smirnovartem935@mail.ru,Требует калибровки,789,5511,05.05.2024,16.09.2026,,Обнаружены аномальные значения
86,IOT-000086,MS-5130,MS-5130,Морозова Анна Петровна,Датчик освещённости,BMP280,Екатеринбург,"ул. Садовая, д. 115, кв. 156",+7-933-843-56-27,morozovaanna755@yandex.ru,Неиспр.,987,8984,05.03.2025,00.00.0000,1С:Предприятие,
87,IOT-000087,MS-5648,MS-5648,Соколов Андрей Сергеевич,Датчик освещённости,DHT22,Казань,,+7-934-964-53-12,sokolovandre146@mail.ru,Неисправен,288,8039,2024,06.09.2026,???,Обнаружены аномальные значения
88,IOT-000088,,MS-6850,Новиков Никита Сергеевич,Датчик влажности,BMP280,Санкт-Петербург,"ул. Центральная, д. 106, кв. 93",+7-940-270-33-54,novikovnikit577@gmail.com,Неиспр.,294,6446,16.08.2023,14.06.2026,CRM Bitrix24,Плановая калибровка выполнена
89,IOT-000089,MS-6177,MS-6177,Голубев Алексей Петрович,Датчик освещённости,DHT22,Ростов-на-Дону,"ул. Победы, д. 80, кв. 32",+7-945-279-89-67,golubevaleks186@gmail.com,Треб. калибр.,39,4121,02.01.2025,12.05.2025,CRM Bitrix24,Плановая калибровка выполнена
90,IOT-000090,MS-7901,MS-7901,Алексеев Андрей Петрович,Датч. темп.,DS18B20,Санкт-Петербург,ул.,+7-955-657-53-52,alekseevandr71@yandex.ru,Не в сети,340,8073,вчера,16.05.2025,нет данных(ошибка),Установлен новый датчик
91,IOT-000091,MS-9259,???,Волкова Ольга Викторовна,Датчик освещённости,DS18B20,Челябинск,"ул. Спортивная, д. 30, кв. 29",+7-943-204-57-69,volkovaolgav617@mail.ru,Треб. калибр.,50,11996,28.07.2024,19.06.2026,Excel-выгрузка,Установлен новый датчик
92,IOT-000092,MS-7957,MS-7957,Новикова Виктория Петровна,Датчик атмосферного давления,DS18B20,Пермь,"ул. Спортивная, д. 112, кв. 90",+7-950-746-33-87,novikovavikt514@mail.ru,Треб. калибр.,307,8364,,22.01.2026,CRM Bitrix24,Плановая калибровка выполнена
93,IOT-000093,MS-7811,MS-7811,Попов Илья Сергеевич,Датч. темп.,DHT22,Мск,"ул. Советская, д. 122, кв. 7",,,Неиспр.,620,233,23.06.2025,19.10.2025,CRM Bitrix24,
94,IOT-000094,ОШИБКА_ДАННЫХ,MS-1525,Голубев Александр Дмитриевич,Датч. освещ.,DS18B20,Санкт-Петербург,"ул. Пушкина, д. 26, кв. 66",+7-912-851-99-99,golubevaleks952@outlook.com,В сети,много,1631,25.03.2025,21.06.2026,SAP ERP,
95,IOT-000095,MS-8469,MS-8469,Голубев Сергей Сергеевич,Датчик атмосферного давления,N/A,Нижний Новгород,ул.,+7-910-501-88-67,golubevserge687@yandex.ru,Треб. калибр.,662,12568,12.11.2023,24.02.2026,Собственная система учёта,
96,IOT-000096,MS-6660,MS-6660,Петрова Мария Ивановна,Датчик влажности,SHT31,Нижний Новгород,"ул. Пушкина, д. 33, кв. 91",+7-937-166-92-39,petrovamariy562@outlook.com,Требует калибровки,981,ERROR,,01.10.2024,SAP ERP,
97,IOT-000097,MS-1752,MS-1752,Попов Роман Андреевич,Датчик влажности,DHT22,Самара,"ул. Молодёжная, д. 42, кв. 182",+7-917-739-83-93,нет_почты,Неисправен,472,8229,04.03.2025,,CRM Bitrix24,Требуется замена батареи
98,IOT-000098,MS-4664,MS-4664,Павлова,Датчик температуры,BMP280,Пермь,"ул. Центральная, д. 32, кв. 140",+7-925-874-34-87,pavlovanatal497@gmail.com,В сети,690,10097,27.10.2024,23.02.2025,CRM Bitrix24,Установлен новый датчик
99,IOT-000099,MS-4325,MS-4325,Павлов Андрей Викторович,Датчик освещённости,DHT22,Москва,"ул. Победы, д. 23, кв. 64",+7-954-183-49-52,pavlovandrei474@outlook.com,Неиспр.,755,1811,05.04.2023,27.10.2024,Excel-выгрузка,Плановая калибровка выполнена
100,IOT-000100,MS-2528,MS-2528,Павлова Дарья Сергеевна,Датч. атм. давл.,DS18B20,Краснодар,"ул. Ленина, д. 40, кв. 175",телефон отсутствует,pavlovadarya162@outlook.com,В сети,678,ABC,04.02.2023,10.11.2026,CRM Bitrix24,Плановая калибровка выполнена
101,IOT-000101,MS-5776,MS-5776,Фёдорова Татьяна Ивановна,Датчик температуры,DHT22,Волгоград,"ул. Центральная, д. 29, кв. 85",+7-951-255-11-95,fedorovataty693@mail.ru,Неисправен,,3643,04.06.2025,01.10.2025,CRM Bitrix24,Плановая калибровка выполнена
102,IOT-000102,MS-8020,MS-8020,Фёдорова Светлана Андреевна,Датчик атмосферного давления,DHT22,Санкт-Петербург,"ул. Гагарина, д. 119, кв. 168",+7-938-697-87-81,fedorovasvet237@gmail.com,Неисправен,1286,5664,01.04.2023,2024,CRM Bitrix24,Требуется замена батареи
103,IOT-000103,MS-2549,MS-2549,Воробьёва Ксения Петровна,Датчик температуры,DHT22,Челябинск,"ул. Молодёжная, д. 58, кв. 81",+7-941-108-28-78,vorobevaksen909@outlook.com,В сети,962,10452,21.02.2024,18.10.2025,Собственная система учёта,Обнаружены аномальные значения
104,IOT-000104,MS-9064,MS-9064,Воробьёва Юлия Петровна,Датч. темп.,DHT22,Смр,"ул. Центральная, д. 3, кв. 25",+7-956-174-51-66,vorobevayuli477@outlook.com,Неисправен,791,1116,14.01.2026,12.05.2024,Excel-выгрузка,Установлен новый датчик
105,IOT-000105,12345XYZ,MS-9732,Волков Никита Андреевич,Датчик температуры,SHT31,Новосиб.,"ул. Ленина, д. 15, кв. 156",+7-929-229-64-58,volkovnikita964@yandex.ru,Требует калибровки,1333,5678,27.02.2024,19.10.2025,SAP ERP,Требуется замена батареи
106,IOT-000106,MS-9343,MS-9343,Лебедева Ксения Александровна,Датчик температуры,SHT31,Пермь,"ул. Победы, д. 31, кв. 168",+7-934-876-29-16,lebedevaksen528@outlook.com,Не в сети,1252,4038,16.12.2026,27.10.2024,SAP ERP,Установлен
107,IOT-000107,MS-9762,-,Воробьёв Алексей Иванович,Датчик освещённости,BMP280,Пермь,"ул. Спортивная, д. 74, кв. 1",+7-949-210-80-63,vorobevaleks143@,Неисправен,653,ERROR,03.07.2026,01.06.2025,Собственная система учёта,Установлен новый датчик
108,IOT-000108,MS-2410,MS-2410,Попов Илья Николаевич,Датчик влажности,DHT22,Новосиб.,"ул. Победы, д. 144, кв. 104",+7-939-583-55-26,popovilyanik795@gmail.com,В сети,16,4090,23.11.2024,13.11.2026,CRM Bitrix24,Установлен новый датчик
109,IOT-000109,MS-3374,MS-3374,Фёдорова Елена Петровна,Датч. влажн.,DS18B20,Ростов-на-Дону,"ул. Центральная, д. 42, кв. 102",+7-943-831-27-62,fedorovaelen460@mail.ru,В сети,811,10224,22.01.2024,11.05.2025,1С:Предприятие,Установлен новый датчик
110,IOT-000110,MS-8405,MS-8405,Павлова Анна Андреевна,Датчик влажности,SHT31,Новосибирск,"ул. Молодёжная, д. 86, кв. 98",+7-934-510-41-92,pavlovaannaa188@yandex.ru,В сети,810,5565,вчера,20.02.2024,CRM Bitrix24,Плановая калибровка выполнена
111,IOT-000111,MS-9078,???,Виноградова Наталья Сергеевна,Датчик температуры,DS18B20,Пермь,"ул. Советская, д. 112, кв. 173",+7-942-212-52-40,vinogradovan575@yandex.ru,В сети,396,438,11.10.2023,31.02.2026,Собственная система учёта,
112,IOT-000112,MS-7832,MS-7832,Кузнецов Илья Андреевич,Датчик освещённости,BMP280,Влгд,"ул. Ленина, д. 10, кв. 10",+7-957-103-24-62,kuznecovilya94@gmail.com,В сети,1394,13164,09.09.2024,03.09.2024,Excel-выгрузка,
113,IOT-000113,MS-9947,MS-9947,Егоров Владимир Александрович,Датчик освещённости,DS18B20,Москва,"ул. Молодёжная, д. 72, кв. 43",+7-923-686-45-52,egorovvladim50@gmail.com,Неисправен,123,9867,04.07.2023,21.07.2026,SAP ERP,Плановая калибровка выполнена
114,IOT-000114,,MS-6609,Виноградова Юлия Ивановна,Датчик освещённости,BMP280,Челябинск,"ул. Центральная, д. 35, кв. 166",+7-931-523-95-88,vinogradovay424@yandex.ru,Неисправен,252,8794,01.03.2026,11.07.2025,Собственная система учёта,Плановая калибровка выполнена
115,IOT-000115,MS-7994,MS-7994,Фёдорова Мария Ивановна,Датчик атмосферного давления,DHT22,Ростов-на-Дону,"ул. Советская, д. 6, кв. 26",+7-956-534-51-63,fedorovamari905@yandex.ru,Требует калибровки,595,,06.12.2024,2026-13-45,Excel-выгрузка,Обнаружены
116,IOT-000116,MS-5923,MS-5923,Семёнов Кирилл Петрович,Датч. темп.,BMP280,Новосибирск,"ул. Гагарина, д. 96, кв. 30",+7-924-322-73-36,semenovkiril27@yandex.ru,Требует калибровки,320,3024,13.03.2026,15.10.2024,Excel-выгрузка,
117,IOT-000117,MS-3235,MS-3235,Морозов Егор Сергеевич,,SHT31,Волгоград,,+7-930-269-33-41,morozovegors620@gmail.com,В сети,873,4987,19.11.2023,07.05.2025,Собственная система учёта,Установлен новый датчик
118,IOT-000118,MS-2312,MS-2312,Соколов Андрей Николаевич,Датчик атмосферного давления,DS18B20,Челябинск,"ул. Пушкина, д. 140, кв. 194",+7-947-316-24-27,sokolovandre774@yandex.ru,Треб. калибр.,955,8535,02.01.2024,26.04.2025,CRM Bitrix24,Установлен новый датчик
119,IOT-000119,MS-5985,MS-5985,Голубева Мария Дмитриевна,Датчик атмосферного давления,DS18B20,Воронеж,"ул. Мира, д. 114, кв. 6",+7-957-637-10-33,golubevamari337@yandex.ru,Неисправен,188,10701,16.11.2023,22.01.2024,???,Плановая калибровка выполнена
120,IOT-000120,MS-1236,MS-1236,Козлова Анна Дмитриевна,Датч. темп.,BMP280,Санкт-Петербург,"ул. Центральная, д. 59, кв. 11",+7-922-353-27-77,kozlovaannad421@yandex.ru,В сети,621,13214,19.08.2023,24.11.2026,CRM Bitrix24,Обнаружены
121,IOT-000121,MS-6263,MS-6263,Новикова Елена Андреевна,Датч. влажн.,DS18B20,Волгоград,"ул. Советская, д. 90, кв. 43",+7-925-623-43-89,novikovaelen60@mail.ru,В сети,91,12080,19.12.2025,28.08.2025,,Установлен новый датчик
122,IOT-000122,MS-8108,MS-8108,Голубева Наталья Александровна,Датч. атм. давл.,SHT31,Мск,"ул. Гагарина, д. 132, кв. 132",12345,,Требует калибровки,много,2871,14.06.2026,11.04.2024,CRM Bitrix24,Требуется замена батареи
123,IOT-000123,MS-2869,MS-2869,Богданов Александр Викторович,Датчик атмосферного давления,SHT31,Мск,"ул. Центральная, д. 87, кв. 47",телефон отсутствует,bogdanovalek603@mail.ru,Требует калибровки,252,4292,26.06.2023,21.02.2026,SAP ERP,
124,IOT-000124,####,MS-5438,Павлова Ольга Дмитриевна,Датчик влажности,SHT31,Воронеж,"ул. Садовая, д. 41, кв. 174",+7-910-323-85-65,pavlovaolgad714@outlook.com,Неизвестная категория,627,ABC,23.04.2025,25.02.2026,Excel-выгрузка,Установлен новый датчик
125,IOT-000125,MS-4016,MS-4016,Фёдорова Ольга Дмитриевна,Датчик влажности,DS18B20,Новосибирск,"ул. Садовая, д. 137, кв. 36",телефон отсутствует,fedorovaolga286@outlook.com,Требует калибровки,676,4513,02.06.2024,21.09.2025,CRM Bitrix24,Обнаружены аномальные значения
126,IOT-000126,???,MS-9171,Воробьёв Владимир Сергеевич,Датчик атмосферного давления,DHT22,Челябинск,"ул. Садовая, д. 71, кв. 179",+7-944-538-31-95,vorobevvladi699@gmail.com,Требует калибровки,1105,-1,00.00.0000,26.08.2026,1С:Предприятие,
127,IOT-000127,MS-2951,MS-2951,Богданов Кирилл Сергеевич,Датчик влажности,BMP280,Краснодар,"ул. Гагарина, д. 144, кв. 131",+7-946-289-70-15,bogdanovkiri46@,В сети,302,5391,15.04.2025,20.02.2026,SAP ERP,Обнаружены аномальные значения
128,IOT-000128,N/A,MS-9198,ОШИБКА_ДАННЫХ,Датч. темп.,BMP280,Нижний Новгород,"ул. Ленина, д. 10, кв. 127",+7-917-545-88-14,petrovasvetl983@yandex.ru,Не в сети,1149,14663,27.03.2023,03.04.2026,####,Требуется замена батареи
129,IOT-000129,MS-1820,MS-1820,Соколова Дарья Петровна,Датчик атмосферного давления,DHT22,Ростов-на-Дону,"ул. Спортивная, д. 96, кв. 133",+7-931-893-26-90,sokolovadary400@,В сети,614,5218,12.09.2023,24.11.2024,1С:Предприятие,
130,IOT-000130,MS-1482,MS-1482,Богданова Татьяна Викторовна,Датч. освещ.,DS18B20,Вор,"ул. Гагарина, д. 25, кв. 173",+7-933-736-91-73,bogdanovatat674@mail.ru,Неисправен,1323,14400,16.04.2023,19.11.2024,Собственная система учёта,ОШИБКА_ДАННЫХ
131,IOT-000131,MS-8756,MS-8756,Иванов Андрей Дмитриевич,Датчик температуры,SHT31,Краснодар,"ул. Советская, д. 107, кв. 89",+7-957-159-37-53,ivanovandrei853@,Неиспр.,1364,12014,10.11.2024,08.05.2026,1С:Предприятие,Установлен новый датчик
132,IOT-000132,MS-8717,MS-8717,Иванова Ольга Николаевна,Датчик температуры,DS18B20,Новосибирск,,+7-939-939-94-27,petrov@@mail..ru,Неиспр.,,5670,24.09.2026,09.06.2024,1С:Предприятие,Плановая калибровка выполнена
133,IOT-000133,MS-4625,MS-4625,Богданов Никита Петрович,Датчик атмосферного давления,BMP280,Санкт-Петербург,"ул. Пушкина, д. 118, кв. 162",+7-920-972-21-74,bogdanovniki185@mail.ru,В сети,681,13138,15.05.2024,25.06.2024,1С:Предприятие,
134,IOT-000134,MS-3826,MS-3826,Лебедев Виктор Дмитриевич,Датчик влажности,SHT31,Новосибирск,"ул. Ленина, д. 61, кв. 52",,lebedevvikto238@outlook.com,Неисправен,много,9532,01.07.2026,08.10.2025,CRM Bitrix24,Плановая калибровка выполнена
135,IOT-000135,MS-3965,MS-3965,Волкова Юлия Дмитриевна,Датч. темп.,BMP280,Самара,"ул. Победы, д. 8, кв. 173",+7-946-663-47-33,volkovayuliy943@mail.ru,Неисправен,169,10010,03.12.2026,06.11.2026,Собственная система учёта,
136,IOT-000136,,MS-4014,Петрова Елена Николаевна,Датч. освещ.,DHT22,Москва,N/A,+7-923-930-88-36,petrovaelena370@outlook.com,Неисправен,742,5084,17.07.2023,09.05.2024,1С:Предприятие,Обнаружены аномальные значения
137,IOT-000137,MS-2491,MS-2491,Семёнова Ирина Петровна,Датчик атмосферного давления,BMP280,Крд,"ул. Ленина, д. 20, кв. 90",+7-941-185-91-77,semenovairin181@gmail.com,В сети,1213,много,08.01.2023,14.01.2026,Собственная система учёта,Обнаружены аномальные значения
138,IOT-000138,MS-6311,MS-6311,Морозова Анна Викторовна,Датчик влажности,SHT31,Ростов-н/Д,"ул. Победы, д. 100, кв. 168",+7-929-903-65-50,morozovaanna714@yandex.ru,В сети,много,4394,16.01.2023,14.09.2025,CRM Bitrix24,Требуется
139,IOT-000139,MS-6446,MS-6446,Павлова Наталья Дмитриевна,Датчик температуры,DS18B20,Екатеринбург,"ул. Гагарина, д. 122, кв. 179",+7-937-445-49-86,pavlovanatal205@outlook.com,Не в сети,952,9761,03.06.2024,23.09.2024,1С:Предприятие,Обнаружены аномальные значения
140,IOT-000140,MS-4682,MS-4682,Попова Татьяна Дмитриевна,Датчик атмосферного давления,BMP280,Неизвестная категория,"ул. Садовая, д. 5, кв. 8",+7-923-944-61-93,popovatatyan390@yandex.ru,В сети,1028,13796,27.12.2024,22.08.2024,CRM Bitrix24,Требуется замена батареи
141,IOT-000141,MS-6410,MS-6410,Воробьёв Павел Петрович,Датчик освещённости,####,Пермь,"ул. Гагарина, д. 120, кв. 175",+7-957-885-28-61,vorobevpavel196@mail.ru,В сети,913,,10.03.2025,04.03.2024,Excel-выгрузка,Установлен новый датчик
142,IOT-000142,MS-6440,MS-6440,Виноградова Ксения Ивановна,Датч. темп.,SHT31,Екатеринбург,"ул. Пушкина, д. 104, кв. 30",+7-924-213-58-36,vinogradovak935@gmail.com,Не в сети,1098,13757,2023,18.04.2025,1С:Предприятие,
143,IOT-000143,MS-9552,MS-9552,Виноградова Наталья Петровна,Датчик влажности,BMP280,Краснодар,"ул. Садовая, д. 117, кв. 175",+7-932-622-72-88,vinogradovan714@gmail.com,Требует калибровки,1219,13053,01.02.2023,21.11.2025,CRM Bitrix24,Требуется замена батареи
144,IOT-000144,MS-1615,MS-1615,Голубев Дмитрий Викторович,Датчик влажности,SHT31,Казань,"ул. Центральная, д. 84, кв. 135",+7-949-522-22-62,golubevdmitr797@mail.ru,В сети,544,11890,10.09.2024,09.03.2025,Собственная система учёта,
145,IOT-000145,MS-3757,MS-3757,Семёнов Илья Дмитриевич,Датчик влажности,DS18B20,Волгоград,"ул. Гагарина, д. 81, кв. 145",+7-940-777-45-57,semenovilyad594@gmail.com,Не в сети,-1,5211,16.08.2025,17.08.2025,Excel-выгрузка,Плановая калибровка выполнена
146,IOT-000146,ОШИБКА_ДАННЫХ,MS-2347,Петров Сергей Петрович,Датчик освещённости,BMP280,Самара,"ул. Садовая, д. 31, кв. 134",+7-938-493-58-72,petrovsergei77@mail.ru,В сети,679,13943,09.10.2025,25.01.2025,CRM Bitrix24,
147,IOT-000147,MS-2973,MS-2973,Соколов Никита Андреевич,Датчик освещённости,DS18B20,Пермь,"ул. Пушкина, д. 142, кв. 87",+7-919-709-15-96,sokolovnikit546@mail.ru,В сети,571,5146,14.02.2024,08.03.2024,SAP ERP,Обнаружены аномальные значения
148,IOT-000148,MS-8950,MS-8950,Виноградова Анна Александровна,Датчик освещённости,BMP280,Екб,"ул. Пушкина, д. 85, кв. 160",,vinogradovaa555@outlook.com,Не в сети,444,,10.02.2026,12.05.2026,1С:Предприятие,Установлен новый датчик
149,IOT-000149,MS-8447,MS-8447,Морозов Дмитрий Сергеевич,Датчик освещённости,DS18B20,Москва,"ул. Пушкина, д. 11, кв. 10",+7-911-473-18-10,morozovdmitr438@gmail.com,В сети,365,,27.09.2025,04.08.2024,Excel-выгрузка,Обнаружены аномальные значения
150,IOT-000150,MS-4665,MS-4665,Соколова Виктория Дмитриевна,не указано(ошибка),SHT31,Краснодар,"ул. Советская, д. 33, кв. 57",+7-951-747-37-92,sokolovavikt659@outlook.com,Не в сети,ERROR,2175,11.01.2023,15.08.2025,1С:Предприятие,
151,IOT-000151,MS-6755,MS-6755,Новикова Светлана Александровна,Датчик освещённости,BMP280,Ростов-на-Дону,"ул. Молодёжная, д. 93, кв. 83",+7-948-998-44-31,novikovasvet487@gmail.com,В сети,224,1381,22.05.2026,06.07.2026,12345XYZ,Обнаружены аномальные значения
152,IOT-000152,MS-1064,MS-1064,Попова Наталья Александровна,Датч. влажн.,нет данных(ошибка),Воронеж,"ул. Молодёжная, д. 1, кв. 102",+7-921-235-49-13,popovanataly459@mail.ru,Не в сети,ABC,10235,16.10.2024,17.05.2026,Собственная система учёта,Обнаружены аномальные значения
153,IOT-000153,MS-2744,MS-2744,Попова Светлана Ивановна,Датч. освещ.,DS18B20,Краснодар,"ул. Молодёжная, д. 50, кв. 186",+7-939-990-90-89,popovasvetla324@mail.ru,В сети,476,3008,24.03.2026,10.11.2024,Собственная система учёта,Обнаружены аномальные значения
154,IOT-000154,MS-2560,MS-2560,,Датч. освещ.,SHT31,Воронеж,"ул. Пушкина, д. 12, кв. 40",+7-950-572-21-84,fedorovserge892@yandex.ru,Неисправен,1308,12655,20.04.2024,21.02.2026,1С:Предприятие,Плановая калибровка выполнена
155,IOT-000155,MS-6804,12345XYZ,Фёдорова Юлия Николаевна,Датчик влажности,DHT22,Краснодар,"ул. Победы, д. 25, кв. 183",+7-926-733-97-32,fedorovayuli424@yandex.ru,Неисправен,1295,много,04.02.2025,03.03.2024,Excel-выгрузка,
156,IOT-000156,MS-7090,MS-7090,Иванова Полина Александровна,Датчик атмосферного давления,нет данных(ошибка),Волгоград,"ул. Пушкина, д. 15, кв. 83",+7-917-912-55-30,ivanovapolin448@gmail.com,Неисправен,658,14466,02.12.2025,23.01.2026,Собственная система учёта,Обнаружены аномальные значения
157,IOT-000157,MS-8250,MS-8250,Попова Светлана Ивановна,Датч. влажн.,SHT31,Казань,"ул. Советская, д. 53, кв. 157",+7-920-7,,Неисправен,921,7850,01.08.2026,,Собственная система учёта,Обнаружены аномальные значения
158,IOT-000158,MS-2790,MS-2790,Фёдорова Алина Николаевна,Датчик освещённости,DHT22,Челябинск,"ул. Победы, д. 138, кв. 110",+7-959-985-26-58,fedorovaalin524@gmail.com,,51,785,06.03.2023,26.12.2026,1С:Предприятие,
159,IOT-000159,MS-3064,MS-3064,Семёнов Алексей Петрович,Датчик освещённости,BMP280,Смр,"ул. Гагарина, д. 45, кв. 197",+7-916-181-59-67,semenovaleks101@gmail.com,Треб. калибр.,1009,13231,20.08.2024,10.05.2024,CRM Bitrix24,Установлен новый датчик
160,IOT-000160,MS-6070,MS-6070,Алексеева Наталья Александровна,Датч. темп.,DHT22,Ворнж,"ул. Спортивная, д. 95, кв. 103",+7-956-854-78-82,alekseevanat776@mail.ru,Не в сети,1058,,26.09.2023,18.08.2024,Собственная система учёта,Установлен новый датчик
161,IOT-000161,MS-7137,MS-7137,Голубева Светлана Сергеевна,Датчик температуры,BMP280,Ростов-на-Дону,"ул. Центральная, д. 133, кв. 134",+7-957-578-10-25,golubevasvet349@,Требует калибровки,103,7775,27.09.2024,31.02.2026,####,Плановая калибровка выполнена
162,IOT-000162,MS-4004,MS-4004,Егорова Анна Андреевна,Датч. влажн.,нет данных(ошибка),Санкт-Петербург,"ул. Садовая, д. 147, кв. 30",+7-957-722-13-88,egorovaannaa182@mail.ru,Не в сети,732,5129,23.07.2025,13.09.2025,N/A,
163,IOT-000163,MS-4121,MS-4121,Волков Кирилл Викторович,Датчик освещённости,DS18B20,Новосибирск,"ул. Молодёжная, д. 136, кв. 173",+7-947-412-29-53,volkovkirill783@yandex.ru,В сети,890,9657,28.09.2023,08.11.2024,SAP ERP,
164,IOT-000164,MS-4129,MS-4129,Воробьёв Дмитрий Дмитриевич,Датчик освещённости,DS18B20,Краснодар,"ул. Садовая, д. 135, кв. 173",+7-920-899-37-88,vorobevdmitr501@gmail.com,Треб. калибр.,370,7088,25.08.2026,14.08.2024,Собственная система учёта,Обнаружены аномальные значения
165,IOT-000165,MS-8986,MS-8986,Семёнов Александр Петрович,Датчик атмосферного давления,BMP280,Пермь,"ул. Советская, д. 146, кв. 101",+7-951-381-29-38,semenovaleks641@outlook.com,Требует калибровки,215,н/д,02.01.2024,14.12.2025,Excel-выгрузка,
166,IOT-000166,MS-4396,MS-4396,Павлов Никита Викторович,Датчик влажности,BMP280,Волгоград,???,+7-954-176-42-96,pavlovnikita570@gmail.com,Требует калибровки,1329,н/д,14.09.2023,10.07.2025,SAP ERP,Требуется замена батареи
167,IOT-000167,MS-8069,MS-8069,Попов Виктор Сергеевич,Датчик влажности,BMP280,Пермь,"ул. Ленина, д. 62, кв. 48",+7-954-401-94-42,popovviktors138@yandex.ru,В сети,1055,4432,06.05.2026,27.02.2025,SAP ERP,Обнаружены аномальные значения
168,IOT-000168,MS-6159,MS-6159,Алексеева Наталья Сергеевна,Датч. темп.,SHT31,Воронеж,"ул. Мира, д. 51, кв. 130",+7-956-161-25-26,alekseevanat61@yandex.ru,Неиспр.,795,4576,28.08.2025,16.01.2024,CRM Bitrix24,Установлен новый датчик
169,IOT-000169,MS-2713,MS-2713,Фёдорова Ольга Николаевна,Датч. атм. давл.,BMP280,Ростов-н/Д,"ул. Центральная, д. 60, кв. 174",+7-946-605-93-41,fedorovaolga6@mail.ru,Не в сети,1201,11175,04.10.2026,14.02.2026,1С:Предприятие,Установлен новый датчик
170,IOT-000170,MS-6556,MS-6556,Богданов Максим Иванович,,DHT22,Вол,"ул. Советская, д. 135, кв. 109",+7-946-148-21-41,bogdanovmaks87@mail.ru,Неиспр.,442,9143,05.06.2026,10.04.2025,Собственная система учёта,Требуется замена батареи
171,IOT-000171,MS-9803,MS-9803,Алексеев Андрей Иванович,категория_5,BMP280,Самара,12345XYZ,+7-912-224-91-33,alekseevandr303@mail.ru,Не в сети,,7466,23.07.2023,27.12.2025,Excel-выгрузка,
172,IOT-000172,MS-5193,MS-5193,Козлов Александр Дмитриевич,Датчик освещённости,DHT22,Воронеж,"ул. Советская, д. 16, кв. 41",+7-928-7,kozlovaleksa932@yandex.ru,В сети,619,6208,23.11.2023,01.05.2024,Excel-выгрузка,Плановая калибровка выполнена
173,IOT-000173,MS-1607,MS-1607,,Датчик освещённости,BMP280,Челябинск,"ул. Советская, д. 36, кв. 116",+7-943-777-29-40,golubevilyan443@yandex.ru,Неисправен,1267,13984,08.04.2026,13.04.2024,Собственная система учёта,Установлен новый датчик
174,IOT-000174,MS-6508,MS-6508,Алексеев Александр Александрович,Датчик атмосферного давления,DS18B20,Краснодар,"ул. Мира, д. 7, кв. 200",+7-930-411-81-27,alekseevalek440@gmail.com,Неисправен,,1786,17.08.2023,13.01.2024,Собственная система учёта,
175,IOT-000175,MS-9781,MS-9781,Семёнов Егор Иванович,Датчик температуры,DHT22,Екатеринбург,"ул. Гагарина, д. 150, кв. 64",+7-955-472-41-97,semenovegori822@,Неисправен,284,5806,16.03.2025,11.05.2024,Excel-выгрузка,Плановая калибровка выполнена
176,IOT-000176,MS-8099,MS-8099,Кузнецова Юлия Николаевна,Датчик освещённости,,Нижний Новгород,"ул. Садовая, д. 127, кв. 118",+7-939-554-93-47,kuznecovayul465@yandex.ru,Не в сети,445,9625,06.08.2024,16.08.2026,Собственная система учёта,
177,IOT-000177,MS-6543,N/A,Петров Виктор Иванович,Датч. освещ.,DHT22,Воронеж,"ул. Советская, д. 117, кв. 4",+7-947-213-12-11,petrovviktor619@gmail.com,Требует калибровки,689,14243,04.04.2025,05.02.2024,Excel-выгрузка,Установлен новый датчик
178,IOT-000178,MS-7649,ОШИБКА_ДАННЫХ,Егорова Елена Сергеевна,Датч. атм. давл.,DHT22,Мск,"ул. Советская, д. 121, кв. 15",+7-915-261-69-85,egorovaelena646@yandex.ru,Неисправен,711,4742,18.12.2024,23.09.2026,SAP ERP,Обнаружены аномальные значения
179,IOT-000179,MS-3323,MS-3323,Кузнецов Сергей Петрович,Датч. влажн.,SHT31,Москва,"ул. Пушкина, д. 89, кв. 195",+7-938-898-79-76,kuznecovserg340@yandex.ru,Треб. калибр.,90,6213,25.10.2026,08.01.2026,SAP ERP,Требуется замена батареи
180,IOT-000180,MS-5369,MS-5369,Егоров Виктор Викторович,Датчик атмосферного давления,DHT22,Москва,"ул. Центральная, д. 4, кв. 148",+7-915-141-82-41,egorovviktor800@gmail.com,Не в сети,,1596,,14.08.2025,SAP ERP,
181,IOT-000181,MS-8824,MS-8824,Алексеев Никита Андреевич,Датч. освещ.,DHT22,Влгд,,+7-928-819-80-58,alekseevniki850@gmail.com,Требует калибровки,1267,13162,02.05.2025,23.10.2025,Excel-выгрузка,Требуется замена батареи
182,IOT-000182,MS-8237,,Кузнецова Алина Николаевна,Датч. темп.,DHT22,Пермь,нет данных(ошибка),+7-953-663-66-98,kuznecovaali966@gmail.com,Требует калибровки,1254,3980,11.09.2023,09.04.2024,Excel-выгрузка,Требуется замена батареи
183,IOT-000183,MS-2095,MS-2095,Фёдорова Дарья Ивановна,Датчик атмосферного давления,BMP280,Воронеж,"ул. Спортивная, д. 130, кв. 200",+7-932-886-40-44,fedorovadary53@outlook.com,Неисправен,1332,3211,28.01.2023,07.08.2025,1С:Предприятие,
184,IOT-000184,MS-4158,MS-4158,Иванов Владимир Иванович,Датчик атмосферного давления,DS18B20,Мск,"ул. Гагарина, д. 117, кв. 22",+7-918-662-56-33,ivanovvladim75@outlook.com,Неизвестная категория,521,978,06.09.2025,15.06.2024,Собственная система учёта,Обнаружены аномальные значения
185,IOT-000185,MS-7336,MS-7336,Воробьёва Анна Николаевна,Датчик влажности,BMP280,Воронеж,"ул. Ленина, д. 51, кв. 74",+7-917-995-28-58,vorobevaanna56@gmail.com,Требует калибровки,1133,2596,21.04.2025,08.12.2025,1С:Предприятие,Обнаружены аномальные значения
186,IOT-000186,MS-8921,MS-8921,Козлов Кирилл Сергеевич,Датчик температуры,SHT31,Нижний Новгород,,+7-954-485-14-71,kozlovkirill416@mail.ru,Не в сети,1295,222,15.08.2024,10.09.2024,SAP ERP,
187,IOT-000187,MS-3138,MS-3138,Виноградова Ксения Ивановна,Датчик влажности,DS18B20,Казань,"ул. Победы, д. 52, кв. 34",+7-927-353-15-57,vinogradovak304@outlook.com,Неиспр.,ERROR,4728,27.10.2024,24.05.2025,SAP ERP,
188,IOT-000188,MS-3775,MS-3775,Семёнов Артём Александрович,Датчик освещённости,SHT31,Москва,"ул. Гагарина, д. 34, кв. 38",+7-953-585-12-19,semenovartem246@gmail.com,Не в сети,1116,8552,,22.02.2026,1С:Предприятие,Установлен новый датчик
189,IOT-000189,MS-7556,MS-7556,Егоров Алексей Александрович,Датчик влажности,SHT31,Екатеринбург,"ул. Гагарина, д. 50, кв. 141",+7-957-782-78-95,egorovalekse121@gmail.com,Требует калибровки,799,2130,02.06.2024,24.06.2025,CRM,Плановая калибровка выполнена
190,IOT-000190,MS-9730,MS-9730,Семёнов Кирилл Сергеевич,Датчик атмосферного давления,-,Влгд,"ул. Гагарина, д. 117, кв. 196",+7-951-388-61-78,semenovkiril76@yandex.ru,Не в сети,366,8833,07.01.2025,11.02.2026,SAP ERP,
191,IOT-000191,MS-6265,MS-6265,Павлова Анна Викторовна,Датчик атмосферного давления,DHT22,Новосибирск,"ул. Молодёжная, д. 4, кв. 36",+7-916-447-52-66,pavlovaannav303@outlook.com,Не в сети,876,1685,10.01.2026,05.04.2024,SAP ERP,Плановая калибровка выполнена
192,IOT-000192,MS-6455,MS-6455,Козлов Роман Дмитриевич,Датч. освещ.,DS18B20,Воронеж,"ул. Гагарина, д. 23, кв. 15",+7-912-963-99-16,kozlovromand961@mail.ru,Неисправен,210,8682,13.07.2026,00.00.0000,SAP ERP,
193,IOT-000193,MS-5893,MS-5893,Алексеев Максим Дмитриевич,Датчик влажности,BMP280,Краснодар,"ул. Гагарина, д. 54, кв. 188",+7-959-849-90-73,alekseevmaks523@mail.ru,Не в сети,н/д,14212,10.07.2023,08.03.2026,SAP,Установлен новый датчик
194,IOT-000194,MS-7954,MS-7954,Лебедев Артём Иванович,Датчик температуры,DHT22,Влгд,ул.,+7-932-692-93-34,lebedevartem868@outlook.com,В сети,1415,ABC,04.07.2026,24.07.2024,Собственная система учёта,Плановая калибровка выполнена
195,IOT-000195,MS-5149,???,Козлов Егор Дмитриевич,Датч. влажн.,SHT31,Казань,,+7-935-384-80-95,petrov@@mail..ru,Требует калибровки,632,9549,11.10.2024,28.12.2024,1С:Предприятие,Плановая калибровка выполнена
196,IOT-000196,MS-5771,MS-5771,Морозов Никита Николаевич,Датч. освещ.,DS18B20,,,+7-958-107-62-80,morozovnikit384@outlook.com,Неизвестная категория,778,12495,16.02.2025,14.06.2026,1С:Предприятие,Плановая калибровка выполнена
197,IOT-000197,MS-7078,MS-7078,Козлова Ирина Ивановна,Датчик влажности,DHT22,Самара,"ул. Пушкина, д. 54, кв. 57",+7-951-415-61-24,kozlovairina471@mail.ru,Не в сети,172,н/д,11.02.2025,23.03.2025,Собственная система учёта,Плановая калибровка выполнена
198,IOT-000198,-,MS-2787,Кузнецова Елена Николаевна,Датчик атмосферного давления,,Самара,ул.,+7-919-673-19-41,kuznecovaele383@gmail.com,Не в сети,415,,14.03.2026,20.03.2024,CRM Bitrix24,Обнаружены аномальные значения
199,IOT-000199,MS-1850,MS-1850,Попова Дарья Дмитриевна,Датч. влажн.,DHT22,Челябинск,"ул. Гагарина, д. 49, кв. 189",+7-951-181-85-34,popovadaryad371@gmail.com,Неисправен,349,-1,09.02.2024,25.02.2026,CRM Bitrix24,Установлен новый датчик
200,IOT-000200,MS-5535,MS-5535,Голубева Полина Александровна,###,SHT31,Екатеринбург,"ул. Спортивная, д. 47, кв. 77",+7-950-725-56-33,golubevapoli54@outlook.com,В сети,159,14979,03.04.2025,05.12.2024,CRM Bitrix24,Требуется замена батареи
