ID,Код записи,ФИО игрока,ФИО игрока (повтор),Главный тренер команды,Амплуа,Название команды,Город,Адрес,Телефон,Email,Статус матча,Количество забитых голов/очков,"Стоимость трансфера, руб.",Дата создания записи,Дата последнего обновления,Система-источник,Примечания
1,SPORT-000001,Кузнецов Кирилл Андреевич,Кузнецов Кирилл Андреевич,???,Полузащитник,ФК Звезда,Санкт-Петербург,"ул. Советская, д. 132, кв. 45",,novikovayuli460@yandex.ru,Запланирован,10,40806578,13.09.2025,22.02.2025,SAP ERP,Игрок травмирован
2,SPORT-000002,Егоров Роман Петрович,Егоров Роман Петрович,Волкова Ольга Андреевна,Защитник,ФК Заря,Екатеринбург,"ул. Спортивная, д. 144, кв. 5",+7-944-886-76-96,volkovaolgaa72@gmail.com,Завершён,28,9517579,08.07.2026,06.12.2024,,
3,SPORT-000003,Голубев Сергей Иванович,Голубев Сергей Иванович,Семёнов Виктор Николаевич,Защитник,ФК,Волгоград,"ул. Пушкина, д. 134, кв. 9",+7-911-208-60-80,semenovvikto580@outlook.com,Перенесён,,18762182,21.11.2025,23.12.2026,SAP ERP,Капитан команды
4,SPORT-000004,Волкова Виктория Петровна,Волкова Виктория Петровна,Кузнецова Алина Викторовна,Защ.,ФК Спартак-мол.,Влгд,"ул. Советская, д. 124, кв. 37",+7-928-894-32-83,petrov@@mail..ru,Заплан.,17,602170,20.04.2025,13.11.2025,1С:Предприятие,Капитан команды
5,SPORT-000005,Семёнов Виктор Сергеевич,-,Соколов Андрей Андреевич,Полузащитник,,Пермь,"ул. Центральная, д. 110, кв. 177",+7-99-abc-12-34,sokolovandre365@outlook.com,Запланирован,37,47931584,21.04.2025,02.06.2025,1С:Предприятие,Дисквалифицирован на 2 матча
6,SPORT-000006,Кузнецова Дарья Петровна,Кузнецова Дарья Петровна,Петрова Екатерина Дмитриевна,Полузащ.,ФК Волгоград,Нижний Новгород,ул.,+7-955-2,petrovaekate33@mail.ru,Завершён,27,9780604,,09.08.2024,SAP ERP,Капитан команды
7,SPORT-000007,Алексеева Алина Петровна,Алексеева Алина Петровна,Петров Сергей Петрович,Вр.,ФК Спартак-мол.,Пермь,"ул. Спортивная, д. 143, кв. 171",+7-940-928-78-53,petrovsergei633@gmail.com,Идёт,13,11828353,23.07.2024,16.03.2026,Собственная система учёта,
8,SPORT-000008,Егоров Павел Викторович,Егоров Павел Викторович,Алексеева Дарья Дмитриевна,Защитник,ФК Спартак-мол.,Воронеж,"ул. Спортивная, д. 113, кв. 168",+7-950-508-70-54,alekseevadar694@mail.ru,Идёт,16,5014553,19.02.2025,17.09.2024,1С:Предприятие,Капитан команды
9,SPORT-000009,Иванов Александр Викторович,Иванов Александр Викторович,Лебедева Полина Сергеевна,Вр.,ФК Заря,Челябинск,"ул. Пушкина, д. 92, кв. 154",,lebedevapoli752@gmail.com,Завершён,-1,7812102,08.03.2026,31.02.2026,1С:Предприятие,Новичок сезона
10,SPORT-000010,Попова Наталья Ивановна,Попова Наталья Ивановна,Алексеев Роман Викторович,Вратарь,ФК Звезда,Челябинск,"ул. Пушкина, д. 142, кв. 173",+7-934-662-10-37,alekseevroma738@gmail.com,Завер.,3,35256246,11.11.2025,16.12.2026,CRM,Капитан команды
11,SPORT-000011,Семёнов Владимир Иванович,Семёнов Владимир Иванович,Егорова Ксения Андреевна,Защитник,ФК Звезда,Нижний Новгород,"ул. Спортивная, д. 83, кв. 47",+7-959-857-10-73,egorovakseni965@,Перенесён,1,7101802,05.08.2025,19.04.2024,Собственная система учёта,Игрок травмирован
12,SPORT-000012,Новиков Виктор Александрович,,Кузнецов Алексей Сергеевич,Нап.,ФК Волгоград,Ростов-на-Дону,"ул. Пушкина, д. 100, кв. 24",+7-922-356-49-95,kuznecovalek512@outlook.com,Заплан.,23,3263954,02.05.2026,26.05.2025,1С:Предприятие,Дисквалифицирован на 2 матча
13,SPORT-000013,Голубев Андрей Викторович,12345XYZ,Волкова Алина Дмитриевна,Нап.,ФК,Челяб.,"ул. Мира, д. 5, кв. 27",+7-919-287-50-28,volkovaalina659@gmail.com,Запланирован,14,,22.02.2023,27.11.2025,SAP ERP,Новичок сезона
14,SPORT-000014,Павлова Татьяна Николаевна,Павлова Татьяна Николаевна,Павлов Александр Андреевич,Полузащитник,ФК Волгоград,Новосибирск,"ул. Ленина, д. 150, кв. 94",+7-940-509-19-13,pavlovaleksa357@,Идёт,22,332185,14.10.2026,08.10.2024,Excel-выгрузка,
15,SPORT-000015,Лебедев Егор Андреевич,Лебедев Егор Андреевич,Морозов Артём Сергеевич,Полузащитник,ФК Звезда,Новосибирск,"ул. Спортивная, д. 43, кв. 179",+7-922-667-39-56,morozovartem421@mail.ru,Заплан.,19,43062230,06.06.2024,10.12.2024,SAP ERP,Новичок сезона
16,SPORT-000016,Морозов Егор Александрович,Морозов Егор Александрович,Алексеев Илья Викторович,Защитник,ФК Звезда,Неизвестная категория,"ул. Молодёжная, д. 150, кв. 34",+7-916-669-88-79,alekseevilya29@gmail.com,Завершён,1,17321913,11.05.2024,12.08.2024,SAP ERP,
17,SPORT-000017,Морозов Андрей Николаевич,Морозов Андрей Николаевич,Семёнов Алексей Дмитриевич,Вратарь,ФК Звезда,Новосиб.,"ул. Ленина, д. 76, кв. 145",+7-958-347-85-86,semenovaleks64@gmail.com,Перенес.,30,49337283,28.05.2024,12.12.2025,Excel-выгрузка,Капитан команды
18,SPORT-000018,Виноградова Юлия Николаевна,Виноградова Юлия Николаевна,Иванова Ирина Петровна,Защитник,ФК Звезда,Ростов-на-Дону,"ул. Пушкина, д. 39, кв. 88",+7-949-762-48-56,ivanovairina722@gmail.com,Завершён,24,45376385,01.12.2025,13.06.2024,Excel-выгрузка,
19,SPORT-000019,Смирнов Илья Петрович,Смирнов Илья Петрович,Павлов Павел Петрович,Вр.,ФК Спартак-мол.,Нижний Новгород,"ул. Центральная, д. 77, кв. 37",+7-921-439-43-38,pavlovpavelp870@yandex.ru,Завершён,29,32019653,08.06.2025,15.12.2026,Excel-выгрузка,
20,SPORT-000020,Виноградова Наталья Сергеевна,Виноградова Наталья Сергеевна,Воробьёв Александр Дмитриевич,Полузащитник,ФК Волгоград,Екб,"ул. Победы, д. 140, кв. 49",+7-935-444-66-87,vorobevaleks936@mail.ru,Запланирован,26,1975994,04.07.2025,11.05.2026,Excel-выгрузка,
21,SPORT-000021,ОШИБКА_ДАННЫХ,Семёнов Александр Дмитриевич,Иванов Виктор Андреевич,Полузащитник,ФК Звезда,Новосибирск,"ул. Советская, д. 136, кв. 24",+7-934-199-32-68,ivanovviktor698@outlook.com,,4,22162943,11.08.2026,25.12.2026,Собственная система учёта,Игрок травмирован
22,SPORT-000022,Богданова Елена Николаевна,-,Семёнова Юлия Петровна,Нап.,ФК Звезда,не указано(ошибка),"ул. Гагарина, д. 142, кв. 179",+7-958-730-60-41,semenovayuli314@outlook.com,Перенесён,18,8363033,03.10.2026,11.03.2025,SAP ERP,
23,SPORT-000023,Козлова Наталья Ивановна,Козлова Наталья Ивановна,Богданова Светлана Андреевна,Вратарь,ФК Волгоград,Пермь,-,+7-923-961-67-54,bogdanovasve191@gmail.com,Запланирован,26,37591225,14.04.2025,13.02.2025,####,Игрок травмирован
24,SPORT-000024,Лебедева Татьяна Петровна,Лебедева Татьяна Петровна,Алексеева Анна Викторовна,Защитник,ФК,Екб,"ул. Спортивная, д. 121, кв. 49",+7-932-206-77-70,alekseevaann83@mail.ru,Запланирован,26,25750483,18.07.2025,10.01.2025,1С:Предприятие,Капитан команды
25,SPORT-000025,Виноградов Виктор Александрович,Виноградов Виктор Александрович,Смирнова Анна Сергеевна,Нападающий,ФК Заря,Челябинск,"ул. Молодёжная, д. 9, кв. 3",+7-950-593-86-52,smirnovaanna972@mail.ru,Заплан.,34,18414517,22.07.2024,08.09.2025,CRM Bitrix24,Капитан команды
26,SPORT-000026,Иванов Александр Петрович,Иванов Александр Петрович,Смирнова Юлия Александровна,Вратарь,ФК Заря,Ростов-н/Д,"ул. Советская, д. 99, кв. 57",+7-920-397-43-43,smirnovayuli542@mail.ru,Завер.,15,13124474,26.08.2025,22.04.2025,CRM Bitrix24,Капитан команды
27,SPORT-000027,Лебедев Андрей Дмитриевич,Лебедев Андрей Дмитриевич,Егорова Светлана Ивановна,Защ.,ФК Волгоград,Самара,"ул. Пушкина, д. 73, кв. 192",+7-954-382-87-23,egorovasvetl314@yandex.ru,Завершён,,39992012,24.03.2026,20.05.2025,,Капитан
28,SPORT-000028,Павлов Никита Андреевич,Павлов Никита Андреевич,Волкова Ксения Петровна,Вратарь,ФК Ротор,Челябинск,"ул. Садовая, д. 104, кв. 83",+7-925-566-77-51,volkovakseni67@mail.ru,Завер.,21,37130280,05.01.2026,02.11.2024,CRM Bitrix24,Капитан команды
29,SPORT-000029,Семёнова Екатерина Викторовна,Семёнова Екатерина Викторовна,Смирнова Алина Сергеевна,Вратарь,ФК Заря,Екатеринбург,"ул. Ленина, д. 20, кв. 48",+7-958-515-37-56,smirnovaalin366@yandex.ru,Перенесён,7,2715102,27.06.2025,16.04.2024,Собственная система учёта,Новичок сезона
30,SPORT-000030,Семёнов Андрей Николаевич,Семёнов Андрей Николаевич,Богданов Сергей Иванович,Защитник,ФК Заря,не указано(ошибка),"ул. Спортивная, д. 21, кв. 130",+7-916-315-18-81,bogdanovserg119@,Заплан.,10,744462,,06.05.2025,SAP ERP,
31,SPORT-000031,Егоров Егор Андреевич,Егоров Егор Андреевич,Виноградов Владимир Викторович,Вратарь,ФК Спартак-мол.,Новосибирск,"ул. Победы, д. 97, кв. 135",+7-928-283-10-73,vinogradovvl647@outlook.com,Заплан.,20,24711029,19.09.2023,2025,Excel-выгрузка,
32,SPORT-000032,Козлов Александр Дмитриевич,Козлов Александр Дмитриевич,Кузнецова,Защитник,ФК Ротор,Екб,"ул. Спортивная, д. 5, кв. 160",+7-940-268-98-42,kuznecovairi855@yandex.ru,Запланирован,28,,13.11.2026,01.08.2025,1С:Предприятие,Дисквалифицирован на 2 матча
33,SPORT-000033,Морозова Наталья Александровна,Морозова Наталья Александровна,Кузнецова Светлана Викторовна,Полузащитник,ФК Звезда,Новосибирск,"ул. Советская, д. 1, кв. 10",+7-919-272-47-65,kuznecovasve388@outlook.com,Перенесён,25,39120160,11.07.2024,12.05.2024,Собственная система учёта,Дисквалифицирован на 2 матча
34,SPORT-000034,Фёдоров Роман Дмитриевич,Фёдоров Роман Дмитриевич,Попов Артём Николаевич,Нап.,ФК Спартак-мол.,Ростов-на-Дону,"ул. Пушкина, д. 81, кв. 149",12345,popovartemni261@mail.ru,Завершён,12,3073463,24.09.2024,04.10.2025,CRM Bitrix24,Новичок сезона
35,SPORT-000035,Волкова Дарья Ивановна,Волкова Дарья Ивановна,,Неизвестная категория,ФК Спартак-мол.,Краснодар,"ул. Садовая, д. 88, кв. 62",+7-920-721-16-40,bogdanovmaks670@outlook.com,Запланирован,6,23149100,25.01.2025,2025,SAP ERP,Новичок сезона
36,SPORT-000036,Попов Алексей Иванович,Попов Алексей Иванович,Смирнов Никита Иванович,Нападающий,ФК Звезда,Казань,"ул. Центральная, д. 145, кв. 8",+7-920-349-46-66,smirnovnikit473@outlook.com,Заплан.,38,47427114,24.01.2023,19.02.2026,1С:Предприятие,Новичок сезона
37,SPORT-000037,Смирнова Наталья Сергеевна,Смирнова Наталья Сергеевна,Иванова Виктория Ивановна,Нападающий,ФК Заря,Воронеж,"ул. Центральная, д. 3, кв. 55",+7-959-536-72-16,ivanovavikto266@yandex.ru,Идёт,13,29100300,05.09.2024,21.04.2026,SAP ERP,Новичок сезона
38,SPORT-000038,Семёнова Екатерина Дмитриевна,Семёнова Екатерина Дмитриевна,Богданова Ксения Ивановна,Нападающий,ФК Волгоград,Ворнж,"ул. Пушкина, д. 37, кв. 86",+7-930-768-77-93,нет_почты,Идёт,19,3738937,2025,11.07.2026,ОШИБКА_ДАННЫХ,Новичок сезона
39,SPORT-000039,Лебедева Мария Андреевна,Лебедева Мария Андреевна,Павлова Елена Дмитриевна,Полузащитник,ФК Ротор,,"ул. Садовая, д. 74, кв. 41",+7-957-331-77-61,pavlovaelena751@yandex.ru,Перенесён,39,36375166,03.11.2025,18.06.2026,SAP ERP,Новичок сезона
40,SPORT-000040,Петров Дмитрий Андреевич,Петров Дмитрий Андреевич,Воробьёв Андрей Андреевич,Вратарь,ФК Ротор,Новосибирск,"ул. Пушкина, д. 145, кв. 84",+7-939-670-74-80,vorobevandre234@outlook.com,Идёт,,44008309,18.08.2023,20.10.2026,Excel-выгрузка,Капитан команды
41,SPORT-000041,Волков,Волков Алексей Александрович,Новиков Максим Сергеевич,Полузащ.,ФК Волгоград,Санкт-Петербург,"ул. Советская, д. 42, кв. 38",+7-943-922-57-55,novikovmaksi952@yandex.ru,Завершён,37,35975926,28.07.2025,19.02.2026,SAP ERP,Новичок сезона
42,SPORT-000042,Соколова Полина Петровна,Соколова Полина Петровна,Фёдорова Елена Дмитриевна,Защитник,ФК Заря,Челябинск,"ул. Победы, д. 21, кв. 57",+7-926-366-17-80,fedorovaelen35@yandex.ru,Перенесён,2,16073976,24.03.2026,19.10.2024,Собственная система учёта,Игрок травмирован
43,SPORT-000043,Воробьёва Ирина Петровна,Воробьёва,Волков Никита Андреевич,Полузащ.,####,Новосиб.,"ул. Молодёжная, д. 24, кв. 117",+7-924-600-77-83,volkovnikita279@outlook.com,Идёт,6,29296210,11.12.2023,17.11.2025,Собственная система учёта,Капитан команды
44,SPORT-000044,Егорова Мария Александровна,Егорова Мария Александровна,Воробьёв,Защитник,ФК Спартак-мол.,Ростов-н/Д,"ул. Ленина, д. 32, кв. 132",+7-936-531-27-12,vorobevmaksi143@mail.ru,Перенесён,38,,18.05.2024,13.05.2026,Excel-выгрузка,Игрок травмирован
45,SPORT-000045,Фёдоров Павел Викторович,Фёдоров Павел Викторович,,Защитник,ФК Звезда,Краснодар,"ул. Садовая, д. 10, кв. 195",+7-933-743-73-85,sokolovilyav36@yandex.ru,Идёт,15,27013019,01.03.2024,2026,Собственная система учёта,Игрок травмирован
46,SPORT-000046,Голубева Юлия Петровна,Голубева Юлия Петровна,Новиков Александр Петрович,Нап.,ФК Спартак-мол.,не указано(ошибка),"ул. Центральная, д. 27, кв. 49",+7-934-554-49-34,novikovaleks536@yandex.ru,Перенесён,31,22396043,02.03.2023,10.04.2025,Собственная система учёта,
47,SPORT-000047,Соколов Илья Иванович,Соколов Илья Иванович,Алексеева Мария Петровна,Нападающий,ФК Заря,Москва,"ул. Центральная, д. 105, кв. 61",+7-940-187-49-87,alekseevamar416@outlook.com,,32,6214038,,15.12.2024,N/A,
48,SPORT-000048,Виноградова Виктория Андреевна,Виноградова Виктория Андреевна,Алексеева Елена Дмитриевна,Вр.,ФК Заря,Волгоград,"ул. Гагарина, д. 22, кв. 21",+7-915-596-29-76,alekseevaele36@outlook.com,Идёт,27,49563553,27.06.2026,09.01.2026,1С:Предприятие,Дисквалифицирован на 2 матча
49,SPORT-000049,Морозов Павел Иванович,Морозов Павел Иванович,Козлов Андрей Николаевич,Полузащитник,ФК Волгоград,Вол,нет данных(ошибка),+7-944-938-77-64,kozlovandrei535@yandex.ru,Завершён,0,16867297,05.02.2023,25.11.2026,SAP ERP,
50,SPORT-000050,-,Попов Александр Андреевич,Смирнова Ксения Петровна,Полузащ.,ФК Заря,Санкт-Петербург,"ул. Победы, д. 25, кв. 90",+7-939-730-90-73,smirnovaksen526@gmail.com,Запланирован,28,10634759,26.11.2026,16.02.2024,Excel-выгрузка,
51,SPORT-000051,Морозов Артём Александрович,нет данных(ошибка),Воробьёва Полина Петровна,Вратарь,ФК Заря,Неизвестная категория,"ул. Пушкина, д. 111, кв. 193",+7-928-784-75-83,vorobevapoli750@gmail.com,Запланирован,23,31972932,13.07.2023,19.10.2024,Собственная система учёта,
52,SPORT-000052,Павлова Ирина Викторовна,Павлова Ирина Викторовна,Семёнова Ирина Викторовна,Вр.,ФК Волгоград,категория_5,"ул. Молодёжная, д. 123, кв. 157",+7-950-284-63-19,semenovairin539@gmail.com,Заплан.,35,25091652,18.09.2023,26.11.2024,Excel-выгрузка,Игрок травмирован
53,SPORT-000053,Лебедев Виктор Иванович,Лебедев Виктор Иванович,Кузнецов Максим Сергеевич,категория_5,ФК Звезда,Смр,"ул. Садовая, д. 28, кв. 160",+7-937-892-78-67,kuznecovmaks361@mail.ru,Заплан.,5,7306047,17.03.2026,23.11.2026,Excel-выгрузка,Капитан команды
54,SPORT-000054,Фёдорова Полина Викторовна,Фёдорова Полина Викторовна,Иванова Екатерина Александровна,Защитник,ФК Волгоград,Нижний Новгород,"ул. Спортивная, д. 32, кв. 26",+7-949-476-98-70,ivanovaekate115@outlook.com,Идёт,26,41051403,09.09.2026,06.04.2026,CRM Bitrix24,Игрок травмирован
55,SPORT-000055,Петров Дмитрий Петрович,Петров Дмитрий Петрович,Семёнова Дарья Петровна,Полузащитник,ФК Звезда,Челяб.,"ул. Садовая, д. 79, кв. 33",+7-915-353-13-86,semenovadary675@outlook.com,Заплан.,11,44247362,08.07.2023,13.08.2026,Собственная система учёта,
56,SPORT-000056,Егорова Ольга Сергеевна,Егорова Ольга Сергеевна,Морозов Андрей Дмитриевич,Защ.,ФК Заря,Смр,"ул. Победы, д. 54, кв. 65",+7-936-297-34-25,morozovandre968@mail.ru,Идёт,7,11184456,14.04.2024,17.06.2024,Excel-выгрузка,
57,SPORT-000057,Соколов Илья Викторович,Соколов Илья Викторович,Петрова Полина Александровна,Защ.,ФК Волгоград,Санкт-Петербург,"ул. Центральная, д. 3, кв. 180",+7-943-805-97-15,petrovapolin750@yandex.ru,Идёт,29,25811291,03.02.2023,10.01.2025,1С:Предприятие,
58,SPORT-000058,,Воробьёва Елена Сергеевна,Соколов Кирилл Дмитриевич,не указано(ошибка),ФК Волгоград,СПб,"ул. Пушкина, д. 69, кв. 187",+7-958-834-39-12,sokolovkiril935@gmail.com,Идёт,6,35782888,22.01.2023,вчера,SAP ERP,Дисквалифицирован на 2 матча
59,SPORT-000059,Козлов Илья Сергеевич,Козлов Илья Сергеевич,,Вратарь,ФК Волгоград,,"ул. Пушкина, д. 134, кв. 181",+7-99-abc-12-34,ivanov.mail.ru,Запланирован,14,39035295,08.07.2026,2026-13-45,Excel-выгрузка,Капитан команды
60,SPORT-000060,Волкова Виктория Андреевна,,Новикова,Защ.,ФК Заря,Екатеринбург,"ул. Победы, д. 1, кв. 196",+7-929-209-47-58,novikovanata378@outlook.com,Идёт,28,5735578,13.09.2024,05.08.2026,SAP ERP,Капитан команды
61,SPORT-000061,Морозов Алексей Дмитриевич,Морозов Алексей Дмитриевич,,Вратарь,ФК Ротор,Воронеж,"ул. Ленина, д. 150, кв. 185",+7-910-921-64-39,kozlovviktor515@gmail.com,Запланирован,13,22097139,01.06.2025,18.11.2025,Собственная система учёта,Новичок сезона
62,SPORT-000062,Воробьёв Владимир Дмитриевич,Воробьёв Владимир Дмитриевич,Смирнов Александр Дмитриевич,Вратарь,ФК Волгоград,Казань,"ул. Пушкина, д. 77, кв. 151",+7-937-299-81-71,smirnovaleks771@yandex.ru,Перенес.,12,32381055,31.02.2026,,Excel-выгрузка,Капитан команды
63,SPORT-000063,Фёдоров Алексей Петрович,Фёдоров Алексей Петрович,Волкова Полина Дмитриевна,Полузащ.,ФК Заря,Пермь,"ул. Спортивная, д. 69, кв. 169",+7-949-399-33-58,volkovapolin801@yandex.ru,Завершён,39,30153750,24.10.2023,06.10.2025,Excel-выгрузка,нет данных(ошибка)
64,SPORT-000064,Волков Егор Викторович,Волков Егор Викторович,Смирнов Никита Андреевич,Защ.,ФК Волгоград,Воронеж,"ул. Победы, д. 130, кв. 87",+7-924-788-98-69,smirnovnikit984@yandex.ru,Запланирован,40,24843761,2026-13-45,27.09.2026,Excel-выгрузка,Дисквалифицирован на 2 матча
65,SPORT-000065,Иванов Никита Николаевич,Иванов Никита Николаевич,Новиков Дмитрий Андреевич,Нап.,ФК Звезда,Казань,"ул. Садовая, д. 14, кв. 152",+7-945-357-64-93,novikovdmitr584@outlook.com,Запланирован,38,7023048,25.11.2026,05.01.2024,####,Игрок травмирован
66,SPORT-000066,Иванов Роман Сергеевич,Иванов Роман Сергеевич,Фёдорова Полина Николаевна,,ФК Волгоград,Пермь,"ул. Спортивная, д. 27, кв. 54",+7-954-814-90-11,fedorovapoli358@yandex.ru,Завершён,11,6467226,07.01.2024,20.08.2024,Собственная система учёта,Игрок травмирован
67,SPORT-000067,Виноградов,Виноградов Илья Дмитриевич,Морозов Павел Викторович,,ФК Ротор,Екб,"ул. Пушкина, д. 17, кв. 152",+7-952-667-37-52,morozovpavel690@mail.ru,Идёт,6,10449567,21.01.2023,10.09.2024,CRM Bitrix24,Дисквалифицирован на 2 матча
68,SPORT-000068,Семёнова Мария Петровна,Семёнова Мария Петровна,Голубева Наталья Викторовна,Вр.,ФК Волгоград,Нижний Новгород,"ул. Молодёжная, д. 20, кв. 138",+7-955-271-96-45,golubevanata539@,Запланирован,0,12512540,05.05.2024,24.06.2024,1С:Предприятие,Капитан команды
69,SPORT-000069,Лебедева Полина Сергеевна,Лебедева Полина Сергеевна,Семёнова Алина Петровна,Неизвестная категория,ФК Заря,Новосибирск,"ул. Победы, д. 30, кв. 38",+7-935-822-35-66,semenovaalin363@outlook.com,Идёт,28,17264003,14.11.2023,10.12.2026,CRM Bitrix24,Дисквалифицирован на 2 матча
70,SPORT-000070,Козлов Алексей Иванович,Козлов Алексей Иванович,Фёдоров Илья Николаевич,Полузащ.,ФК Звезда,Мск,"ул. Садовая, д. 22, кв. 155",,fedorovilyan505@gmail.com,Перенес.,23,-1,,вчера,,Новичок сезона
71,SPORT-000071,Семёнов Виктор Александрович,Семёнов Виктор Александрович,Воробьёва Полина Николаевна,Защитник,ФК Заря,Краснодар,"ул. Пушкина, д. 22, кв. 44",+7-945-384-16-85,vorobevapoli922@mail.ru,Завершён,18,18633509,05.08.2025,25.11.2024,CRM Bitrix24,
72,SPORT-000072,Богданов Андрей Андреевич,Богданов Андрей Андреевич,Иванова Полина Дмитриевна,Защитник,ФК Звезда,Екатеринбург,"ул. Победы, д. 1, кв. 58",+7-918-560-54-35,ivanovapolin63@gmail.com,Идёт,1,11403479,02.05.2023,26.12.2026,Excel-выгрузка,???
73,SPORT-000073,Волкова Наталья Ивановна,Волкова Наталья Ивановна,Волков Павел Викторович,Нападающий,,Смр,ул.,+7-939-783-34-66,volkovpavelv170@mail.ru,Завершён,30,11830516,09.10.2026,24.06.2026,####,Дисквалифицирован на 2 матча
74,SPORT-000074,Семёнов Артём Иванович,Семёнов Артём Иванович,Лебедева Татьяна Сергеевна,Защитник,ФК Заря,Н.Новгород,"ул. Центральная, д. 138, кв. 130",+7-928-372-65-82,нет_почты,Перенесён,14,1540191,07.01.2024,,CRM Bitrix24,Игрок травмирован
75,SPORT-000075,Козлов Андрей Николаевич,Козлов Андрей Николаевич,Соколов Максим Андреевич,###,ФК Заря,Пермь,"ул. Молодёжная, д. 76, кв. 104",+7-911-435-25-16,sokolovmaksi328@gmail.com,Идёт,29,28096706,08.06.2025,16.03.2026,SAP ERP,Капитан команды
76,SPORT-000076,N/A,Алексеева Татьяна Дмитриевна,Егорова Наталья Андреевна,Нап.,ФК Ротор,Пермь,"ул. Центральная, д. 51, кв. 170",+7-925-241-80-76,egorovanatal7@mail.ru,Идёт,14,10766640,09.11.2026,04.03.2026,Собственная система учёта,Игрок травмирован
77,SPORT-000077,Виноградов Александр Александрович,Виноградов Александр Александрович,,Полузащитник,ФК Ротор,Самара,"ул. Гагарина, д. 124, кв. 117",+7-945-691-74-79,smirnovaleks38@mail.ru,Завершён,38,2823807,05.03.2024,21.09.2024,CRM Bitrix24,Игрок травмирован
78,SPORT-000078,Волков Никита Викторович,Волков Никита Викторович,Кузнецова Мария Петровна,Нап.,ФК Заря,Казань,"ул. Центральная, д. 101, кв. 99",+7-947-121-34-10,kuznecovamar113@gmail.com,Запланирован,8,10434232,14.04.2026,19.03.2024,Excel-выгрузка,Новичок сезона
79,SPORT-000079,Лебедева Полина Николаевна,Лебедева Полина Николаевна,Егорова Татьяна Сергеевна,Нападающий,ФК Ротор,Челябинск,,+7-940-405-10-84,egorovatatya186@yandex.ru,Перенесён,7,6553611,26.04.2023,18.08.2024,SAP ERP,Дисквалифицирован
80,SPORT-000080,Кузнецов Роман Сергеевич,Кузнецов Роман Сергеевич,Соколов Никита Петрович,Полузащитник,ФК Спартак-мол.,Краснодар,"ул. Гагарина, д. 113, кв. 61",+7-927-479-79-60,sokolovnikit628@yandex.ru,Завер.,14,8188535,18.02.2023,16.02.2024,Excel-выгрузка,
81,SPORT-000081,Волкова Юлия Николаевна,Волкова Юлия Николаевна,Новиков Алексей Викторович,Нападающий,ФК Спартак-мол.,Воронеж,"ул. Мира, д. 3, кв. 15",+7-948-324-20-73,novikovaleks169@gmail.com,Перенесён,35,38138381,09.01.2024,12.01.2026,Excel-выгрузка,Дисквалифицирован на 2 матча
82,SPORT-000082,Морозова Наталья Александровна,Морозова Наталья Александровна,Соколова Елена Андреевна,Защитник,ФК Волгоград,Новосиб.,"ул. Мира, д. 126, кв. 108",+7-920-702-29-73,sokolovaelen3@yandex.ru,Завершён,16,33564406,13.04.2023,11.05.2025,Собственная система учёта,
83,SPORT-000083,Петрова Виктория Сергеевна,Петрова Виктория Сергеевна,Егоров Виктор Александрович,Полузащитник,ФК Ротор,Пермь,"ул. Победы, д. 116, кв. 142",+7-942-605-58-69,egorovviktor12@outlook.com,Идёт,ERROR,47528964,19.02.2024,13.02.2026,SAP ERP,Дисквалифицирован на 2 матча
84,SPORT-000084,Морозов Максим Николаевич,Морозов Максим Николаевич,Лебедева Елена Викторовна,Нападающий,,Санкт-Петербург,"ул. Спортивная, д. 51, кв. 31",+7-917-577-43-30,lebedevaelen460@yandex.ru,Заплан.,18,49299827,25.01.2023,07.12.2026,1С:Предприятие,Капитан команды
85,SPORT-000085,Голубев Кирилл Александрович,,Морозова Мария Александровна,Вр.,ФК Ротор,Смр,"ул. Мира, д. 108, кв. 21",+7-955-281-82-23,morozovamari724@mail.ru,Завершён,4,39188739,02.03.2024,13.09.2026,,
86,SPORT-000086,Попов Никита Сергеевич,Попов Никита Сергеевич,Морозов Павел Александрович,Вратарь,ФК Волгоград,Пермь,"ул. Садовая, д. 17, кв. 200",+7-948-227-65-98,morozovpavel82@gmail.com,Идёт,9,45374057,02.11.2024,16.12.2024,SAP ERP,Новичок сезона
87,SPORT-000087,Богданов Илья Андреевич,Богданов Илья Андреевич,Павлова Ксения Петровна,Защитник,ФК Звезда,Пермь,"ул. Садовая, д. 137, кв. 133",+7-944-978-37-29,pavlovakseni269@outlook.com,Перенесён,,31504894,вчера,20.04.2025,-,Игрок травмирован
88,SPORT-000088,Морозов Никита Сергеевич,Морозов Никита Сергеевич,Козлова Елена Петровна,Полузащитник,-,Новосиб.,"ул. Молодёжная, д. 105, кв. 8",+7-942-454-63-13,kozlovaelena949@outlook.com,Перенес.,3,н/д,24.01.2023,01.04.2026,CRM Bitrix24,Игрок травмирован
89,SPORT-000089,Волков Кирилл Викторович,####,Голубева Елена Ивановна,Защитник,ФК Ротор,Казань,"ул. Молодёжная, д. 65, кв. 110",+7-923-652-98-33,golubevaelen191@mail.ru,Перенесён,25,10959472,25.05.2023,08.11.2026,Excel-выгрузка,Дисквалифицирован на 2 матча
90,SPORT-000090,Лебедев Алексей Александрович,Лебедев Алексей Александрович,Смирнова Алина Андреевна,,ФК Звезда,Екатеринбург,"ул. Советская, д. 12, кв. 152",12345,,Запланирован,30,29793731,24.06.2024,18.05.2025,Собственная система учёта,Капитан команды
91,SPORT-000091,Соколова Елена Петровна,Соколова Елена Петровна,,Вр.,ФК Волгоград,,"ул. Советская, д. 72, кв. 35",+7-957-960-31-36,ivanov.mail.ru,Идёт,28,24629829,2025,03.05.2025,Excel-выгрузка,Новичок сезона
92,SPORT-000092,Морозова Мария Сергеевна,Морозова Мария Сергеевна,Иванов Дмитрий Дмитриевич,Защ.,ФК Спартак-мол.,Краснодар,"ул. Спортивная, д. 11, кв. 72",+7-99-abc-12-34,ivanovdmitri183@outlook.com,Перенес.,38,3347370,21.03.2024,07.06.2026,SAP ERP,Игрок травмирован
93,SPORT-000093,-,Соколов Дмитрий Дмитриевич,Смирнова Полина Сергеевна,категория_5,ФК Ротор,Новосиб.,"ул. Садовая, д. 102, кв. 146",+7-952-659-17-63,smirnovapoli981@outlook.com,Перенесён,31,14188928,2025,25.04.2025,1С:Предприятие,Дисквалифицирован на 2 матча
94,SPORT-000094,Павлов Алексей Дмитриевич,Павлов Алексей Дмитриевич,Соколова Алина Викторовна,Защитник,ФК Спартак-мол.,Санкт-Петербург,"ул. Ленина, д. 120, кв. 109",+7-956-989-39-34,sokolovaalin235@outlook.com,Заплан.,19,42373992,01.09.2023,17.01.2025,Собственная система учёта,Дисквалифицирован на 2 матча
95,SPORT-000095,Соколов Андрей Александрович,Соколов Андрей Александрович,Воробьёв Павел Дмитриевич,Нападающий,ФК Звезда,Казань,"ул. Центральная, д. 105, кв. 129",+7-920-386-30-68,vorobevpavel390@yandex.ru,Идёт,14,10667148,31.02.2026,07.12.2026,1С:Предприятие,
96,SPORT-000096,,,Кузнецова Екатерина Андреевна,###,ФК Волгоград,Краснодар,"ул. Пушкина, д. 141, кв. 89",+7-932-683-44-49,kuznecovaeka647@gmail.com,Заплан.,8,31373357,25.06.2023,10.12.2026,Собственная система учёта,Игрок травмирован
97,SPORT-000097,Богданова Полина Александровна,Богданова Полина Александровна,Павлова Дарья Дмитриевна,Полузащитник,ФК Волгоград,Самара,"ул. Спортивная, д. 42, кв. 54",+7-917-368-48-94,pavlovadarya680@yandex.ru,Перенесён,31,9536091,21.04.2026,08.08.2024,CRM Bitrix24,Новичок сезона
98,SPORT-000098,Морозова Ксения Петровна,Морозова Ксения Петровна,Новиков Виктор Викторович,Вратарь,ФК Ротор,Смр,"ул. Спортивная, д. 130, кв. 118",+7-937-844-38-65,novikovvikto433@yandex.ru,Перенес.,12,4731507,13.09.2025,11.05.2025,Собственная система учёта,Дисквалифицирован на 2 матча
99,SPORT-000099,Волков Роман Дмитриевич,Волков Роман Дмитриевич,Лебедев Алексей Иванович,Нападающий,ФК Волгоград,Москва,"ул. Пушкина, д. 27, кв. 143",+7-928-111-60-61,lebedevaleks283@gmail.com,Завершён,20,1478030,18.02.2025,,SAP ERP,
100,SPORT-000100,Попова Мария Петровна,Попова Мария Петровна,Алексеева Наталья Сергеевна,Защитник,ФК Волгоград,не указано(ошибка),"ул. Советская, д. 3, кв. 98",+7-943-103-30-65,alekseevanat972@gmail.com,Запланирован,24,2888201,14.10.2025,02.12.2025,Excel-выгрузка,Новичок сезона
101,SPORT-000101,Кузнецова Светлана Дмитриевна,Кузнецова Светлана Дмитриевна,Богданов Артём Сергеевич,Защитник,ФК Ротор,Нижний Новгород,"ул. Центральная, д. 36, кв. 11",+7-926-285-31-59,bogdanovarte234@gmail.com,Запланирован,27,23855788,21.06.2023,05.04.2026,CRM Bitrix24,Капитан команды
102,SPORT-000102,Алексеева Ольга Андреевна,Алексеева Ольга Андреевна,Новиков Егор Андреевич,категория_5,ФК Звезда,Пермь,"ул. Мира, д. 72, кв. 96",+7-919-691-40-27,novikovegora66@outlook.com,Завершён,32,11270678,08.07.2024,27.02.2026,1С:Предприятие,
103,SPORT-000103,Богданова Виктория Александровна,Богданова Виктория Александровна,Кузнецова Татьяна Дмитриевна,Вр.,ФК,Самара,"ул. Пушкина, д. 19, кв. 26",+7-927-265-53-20,kuznecovatat695@gmail.com,Запланирован,7,41402916,03.01.2024,24.09.2024,CRM Bitrix24,Игрок травмирован
104,SPORT-000104,Павлов Дмитрий Александрович,Павлов Дмитрий Александрович,Иванов Александр Андреевич,Вратарь,,Пермь,"ул. Победы, д. 93, кв. 20",+7-915-486-89-57,ivanovaleksa153@mail.ru,Идёт,34,27875572,04.02.2023,28.03.2026,SAP ERP,Дисквалифицирован на 2 матча
105,SPORT-000105,Иванов Кирилл Александрович,Иванов Кирилл Александрович,Соколова Анна Сергеевна,Нападающий,ФК Волгоград,Ростов-на-Дону,"ул. Садовая, д. 136, кв. 124",+7-928-843-83-50,sokolovaanna598@mail.ru,Идёт,24,10082694,08.11.2025,2026-13-45,CRM Bitrix24,Игрок травмирован
106,SPORT-000106,Алексеев Кирилл Викторович,Алексеев Кирилл Викторович,Петрова Виктория Николаевна,Вр.,ФК Заря,Пермь,"ул. Центральная, д. 73, кв. 18",+7-945-522-25-77,petrovavikto254@mail.ru,Завершён,18,30700467,03.11.2023,10.11.2026,Excel-выгрузка,Дисквалифицирован на 2 матча
107,SPORT-000107,Лебедев Виктор Дмитриевич,Лебедев Виктор Дмитриевич,Павлова Юлия Дмитриевна,Защитник,ФК Ротор,Ростов-н/Д,"ул. Молодёжная, д. 106, кв. 190",+7-950-808-47-60,pavlovayuliy171@yandex.ru,Перенесён,27,22081899,21.08.2025,16.06.2026,Excel-выгрузка,Капитан команды
108,SPORT-000108,Смирнова Екатерина Александровна,Смирнова Екатерина Александровна,Фёдоров Егор Александрович,Полузащитник,ФК Волгоград,Пермь,"ул. Победы, д. 113, кв. 16",+7-923-807-29-57,fedorovegora171@gmail.com,Завер.,37,38937378,23.09.2023,01.04.2024,SAP ERP,Игрок травмирован
109,SPORT-000109,Семёнова Виктория Петровна,Семёнова Виктория Петровна,Лебедева Алина Ивановна,Полузащитник,ФК Спартак-мол.,Екб,"ул. Мира, д. 103, кв. 186",+7-945-796-38-96,petrov@@mail..ru,Запланирован,22,4475942,12.01.2025,20.05.2025,Собственная система учёта,Капитан команды
110,SPORT-000110,Голубева Юлия Викторовна,Голубева Юлия Викторовна,Лебедева Полина Андреевна,Вратарь,ФК Ротор,Москва,"ул. Ленина, д. 96, кв. 51",+7-948-540-34-89,lebedevapoli794@yandex.ru,Заплан.,25,12393256,22.06.2024,25.11.2024,Собственная система учёта,Дисквалифицирован на 2 матча
111,SPORT-000111,Соколова Татьяна Викторовна,Соколова Татьяна Викторовна,Павлов Виктор Иванович,Защ.,ФК Звезда,Казань,"ул. Пушкина, д. 96, кв. 50",12345,pavlovviktor298@gmail.com,Завершён,37,много,06.09.2025,16.04.2024,CRM Bitrix24,???
112,SPORT-000112,Новикова Юлия Викторовна,нет данных(ошибка),Виноградов Дмитрий Дмитриевич,,ФК Заря,Нижний Новгород,"ул. Мира, д. 23, кв. 125",+7-953-858-84-43,vinogradovdm677@mail.ru,Перенес.,ERROR,11862080,15.01.2026,15.04.2026,SAP ERP,Новичок сезона
113,SPORT-000113,???,Алексеева Полина Александровна,Соколова Мария Викторовна,Защ,ФК Звезда,Казань,"ул. Центральная, д. 77, кв. 104",+7-945-200-59-90,sokolovamari99@yandex.ru,Идёт,4,24908096,10.02.2023,23.05.2025,Собственная система учёта,Капитан команды
114,SPORT-000114,Виноградова Светлана Николаевна,Виноградова Светлана Николаевна,???,Полузащ.,ФК Заря,Волгоград,"ул. Гагарина, д. 1, кв. 165",+7-949-513-75-94,vinogradovni227@mail.ru,Заплан.,14,43366221,27.02.2024,24.07.2025,Собственная система учёта,Капитан команды
115,SPORT-000115,ОШИБКА_ДАННЫХ,Виноградов Виктор Сергеевич,Голубев Андрей Александрович,Нападающий,ФК Спартак-мол.,Новосибирск,"ул. Мира, д. 28, кв. 47",+7-928-376-50-90,нет_почты,Завершён,34,27600112,26.05.2023,22.04.2025,CRM Bitrix24,
116,SPORT-000116,Попов Роман Сергеевич,Попов Роман Сергеевич,Семёнова Ольга Сергеевна,Защитник,ОШИБКА_ДАННЫХ,Самара,"ул. Пушкина, д. 21, кв. 71",+7-959-992-39-20,semenovaolga123@yandex.ru,Идёт,26,11531144,27.10.2026,11.12.2024,Excel-выгрузка,
117,SPORT-000117,Петров Владимир Сергеевич,Петров Владимир Сергеевич,ОШИБКА_ДАННЫХ,Полузащ.,ФК Звезда,Ростов-на-Дону,"ул. Советская, д. 123, кв. 150",+7-938-967-78-24,sokolovaolga130@gmail.com,Перенесён,40,32922548,28.07.2026,02.04.2026,SAP ERP,Дисквалифицирован на 2 матча
118,SPORT-000118,,Кузнецов Артём Викторович,Алексеева Дарья Александровна,Вра,ФК Спартак-мол.,Казань,"ул. Спортивная, д. 1, кв. 14",+7-936-865-72-41,alekseevadar119@yandex.ru,Идёт,25,49699463,2023,31.02.2026,CRM Bitrix24,Дисквалифицирован на 2 матча
119,SPORT-000119,Воробьёва Полина Петровна,Воробьёва Полина Петровна,Новикова Анна Петровна,Полузащ.,ФК Звезда,Екатеринбург,"ул. Пушкина, д. 110, кв. 54",+7-934-197-83-58,novikovaanna25@yandex.ru,Перенесён,15,49797604,27.03.2023,02.09.2025,Excel-выгрузка,Игрок травмирован
120,SPORT-000120,Павлова Ольга Петровна,Павлова Ольга Петровна,,Вр.,ФК Звезда,категория_5,"ул. Гагарина, д. 5, кв. 120",+7-950-906-98-95,semenovanata200@outlook.com,Перенесён,25,37545724,05.10.2025,,CRM Bitrix24,Дисквалифицирован
121,SPORT-000121,Иванов Сергей Николаевич,Иванов Сергей Николаевич,Богданов Артём Петрович,Полузащитник,ФК Спартак-мол.,Волгоград,"ул. Молодёжная, д. 146, кв. 189",+7-951-131-65-81,bogdanovarte600@gmail.com,Перенес.,39,7329809,12.09.2025,07.02.2025,Excel-выгрузка,Дисквалифицирован на 2 матча
122,SPORT-000122,Соколов Кирилл Александрович,???,,Нападающий,ФК Волгоград,Волгоград,"ул. Гагарина, д. 108, кв. 168",+7-929-614-12-21,alekseevakse970@yandex.ru,Идёт,24,11915813,08.11.2025,08.11.2024,нет данных(ошибка),Дисквалифицирован на 2 матча
123,SPORT-000123,Соколов Никита Викторович,Соколов Никита Викторович,Новикова Светлана Дмитриевна,Вратарь,ФК Ротор,категория_5,"ул. Пушкина, д. 60, кв. 106",12345,,Идёт,13,19852757,21.09.2025,01.07.2024,Собственная система учёта,
124,SPORT-000124,,Кузнецова Алина Николаевна,Морозов Артём Викторович,Полузащитник,ФК Звезда,Санкт-Петербург,"ул. Центральная, д. 116, кв. 126",+7-932-120-87-29,morozovartem837@yandex.ru,Завер.,14,45283734,02.01.2024,08.07.2024,Собственная,Новичок сезона
125,SPORT-000125,Павлова Ирина Викторовна,Павлова Ирина Викторовна,Голубев Илья Викторович,Вратарь,ФК Волгоград,Новосибирск,"ул. Мира, д. 29, кв. 7",+7-99-abc-12-34,golubevilyav938@outlook.com,Идёт,ABC,16402720,25.10.2024,07.05.2026,,Новичок сезона
126,SPORT-000126,Фёдорова Елена Николаевна,Фёдорова Елена Николаевна,Воробьёва Алина Николаевна,Защитник,ФК Звезда,Н.Новгород,"ул. Гагарина, д. 91, кв. 41",+7-916-723-69-17,нет_почты,Запланирован,17,39888997,24.11.2023,23.06.2024,CRM Bitrix24,Дисквалифицирован на 2 матча
127,SPORT-000127,Воробьёва Ксения Николаевна,Воробьёва Ксения Николаевна,Голубева Алина Сергеевна,Защитник,ФК Заря,Санкт-Петербург,"ул. Центральная, д. 26, кв. 51",+7-959-644-64-54,golubevaalin141@outlook.com,Перенесён,17,37588181,,10.06.2025,Собственная система учёта,Капитан команды
128,SPORT-000128,Павлова Ирина Александровна,Павлова Ирина Александровна,Павлов Владимир Сергеевич,Вр.,ФК Спартак-мол.,Ростов-на-Дону,"ул. Ленина, д. 17, кв. 80",+7-911-543-87-58,pavlovvladim143@outlook.com,Перенесён,22,1646717,03.03.2026,02.06.2026,CRM Bitrix24,Игрок травмирован
129,SPORT-000129,Кузнецов Виктор Дмитриевич,Кузнецов Виктор Дмитриевич,Семёнова Мария Дмитриевна,,ФК Звезда,Нижний Новгород,"ул. Садовая, д. 42, кв. 76",+7-920-471-43-99,semenovamari615@gmail.com,,,21632160,05.09.2023,26.10.2025,SAP ERP,Новичок сезона
130,SPORT-000130,Голубев Владимир Сергеевич,???,Соколов Владимир Николаевич,Вратарь,ФК Звезда,Челяб.,"ул. Спортивная, д. 51, кв. 191",+7-937-911-73-90,sokolovvladi414@outlook.com,Запланирован,9,27229923,24.03.2023,,SAP ERP,
131,SPORT-000131,Алексеева Анна Александровна,Алексеева Анна Александровна,Виноградов Илья Дмитриевич,Защ.,ФК Звезда,Волгоград,"ул. Советская, д. 63, кв. 46",+7-99-abc-12-34,vinogradovil707@,Запланирован,21,33026048,07.07.2023,13.06.2026,Собственная система учёта,Новичок сезона
132,SPORT-000132,Егорова Светлана Викторовна,Егорова Светлана Викторовна,Новиков Александр Александрович,Полузащитник,ФК Ротор,Пермь,"ул. Советская, д. 59, кв. 41",+7-953-532-51-90,novikovaleks399@yandex.ru,Завершён,19,31599805,21.06.2025,24.07.2025,CRM Bitrix24,Дисквалифицирован на 2 матча
133,SPORT-000133,Егорова Ольга Ивановна,Егорова Ольга Ивановна,Иванов Максим Андреевич,Нападающий,ФК Ротор,Краснодар,"ул. Ленина, д. 3, кв. 13",+7-943-458-40-15,ivanovmaksim287@mail.ru,Пер,35,11435603,25.11.2026,06.07.2025,Собственная система учёта,Игрок травмирован
134,SPORT-000134,Морозов Илья Андреевич,Морозов Илья Андреевич,Фёдорова Полина Ивановна,Защитник,ФК Заря,Волгоград,,+7-952-246-10-21,fedorovapoli977@outlook.com,Завершён,36,45309465,12.08.2025,21.01.2024,Собственная система учёта,Дисквалифицирован на 2 матча
135,SPORT-000135,Богданов Алексей Андреевич,Богданов Алексей Андреевич,Семёнов Дмитрий Александрович,Нап.,ФК Заря,Пермь,"ул. Гагарина, д. 49, кв. 161",+7-928-3,,Запланирован,15,17762484,28.12.2025,13.04.2025,####,Новичок сезона
136,SPORT-000136,ОШИБКА_ДАННЫХ,Соколова Светлана Викторовна,Богданова Анна Дмитриевна,Вратарь,ФК Ротор,СПб,"ул. Ленина, д. 63, кв. 196",+7-958-577-75-66,bogdanovaann151@gmail.com,Завер.,40,44920723,2024,01.08.2026,SAP ERP,Капитан команды
137,SPORT-000137,Алексеева Ксения Николаевна,Алексеева Ксения Николаевна,Козлов Виктор Сергеевич,Полузащитник,ФК Звезда,Москва,,+7-930-792-24-89,kozlovviktor918@,Завершён,31,25217065,13.07.2026,10.06.2025,SAP ERP,Игрок травмирован
138,SPORT-000138,-,Козлова Алина Александровна,нет данных(ошибка),Вратарь,ФК Волгоград,Нижний Новгород,"ул. Победы, д. 72, кв. 74",+7-941-942-70-78,petrovapolin233@yandex.ru,Перенесён,17,5975767,27.04.2023,20.08.2025,Excel-выгрузка,Новичок сезона
139,SPORT-000139,Козлова Светлана Петровна,Козлова Светлана Петровна,Фёдоров Егор Андреевич,Полузащитник,ФК Заря,Ворнж,"ул. Спортивная, д. 81, кв. 69",+7-99-abc-12-34,fedorovegora197@mail.ru,Идёт,3,20673866,31.02.2026,07.04.2025,1С:Предприятие,Дисквалифицирован на 2 матча
140,SPORT-000140,Павлов Егор Сергеевич,Павлов Егор Сергеевич,Иванов Александр Сергеевич,Полузащ.,ФК Звезда,Волгоград,"ул. Гагарина, д. 20, кв. 200",+7-930-272-69-17,ivanovaleksa19@mail.ru,Заплан.,23,24464346,03.07.2026,25.01.2025,1С:Предприятие,Дисквалифицирован на 2 матча
141,SPORT-000141,Морозов Александр Сергеевич,Морозов Александр Сергеевич,Кузнецова Светлана Александровна,Защитник,ФК Заря,Санкт-Петербург,"ул. Спортивная, д. 42, кв. 139",+7-931-112-97-50,kuznecovasve854@mail.ru,Заплан.,15,,26.04.2023,07.12.2026,Excel-выгрузка,
142,SPORT-000142,Козлова Ольга Дмитриевна,Козлова Ольга Дмитриевна,Воробьёва Анна Викторовна,Вратарь,ФК Ротор,Крд,ул.,+7-953-204-64-95,vorobevaanna181@gmail.com,Перенес.,0,29147670,03.06.2024,2026-13-45,Excel-выгрузка,Новичок сезона
143,SPORT-000143,Фёдорова Виктория Петровна,Фёдорова Виктория Петровна,Павлов Сергей Иванович,Нападающий,ФК Заря,Волгоград,"ул. Молодёжная, д. 72, кв. 68",+7-935-756-17-90,pavlovsergei319@outlook.com,Перенесён,25,12479441,10.08.2026,12.03.2026,SAP ERP,Игрок травмирован
144,SPORT-000144,Богданов Сергей Николаевич,,Петров Роман Сергеевич,Вратарь,ФК Ротор,Санкт-Петербург,"ул. Мира, д. 124, кв. 137",+7-938-728-10-17,petrovromans26@mail.ru,Перенесён,3,12386240,25.06.2024,25.02.2026,SAP ERP,Игрок травмирован
145,SPORT-000145,Егоров Роман Николаевич,Егоров Роман Николаевич,Фёдорова Юлия Дмитриевна,Вратарь,ФК Звезда,Новосибирск,"ул. Победы, д. 88, кв. 58",+7-938-600-12-48,fedorovayuli750@yandex.ru,Запланирован,20,11203576,01.12.2023,06.02.2024,Собственная система учёта,Игрок травмирован
146,SPORT-000146,Смирнов Никита Андреевич,Смирнов Никита Андреевич,Алексеева Алина Александровна,Нап.,ФК Спартак-мол.,Пермь,"ул. Молодёжная, д. 55, кв. 20",+7-958-870-74-81,alekseevaali964@yandex.ru,Идёт,18,28686731,,01.10.2025,Собственная система учёта,Дисквалифицирован на 2 матча
147,SPORT-000147,Петрова Виктория Викторовна,Петрова Виктория Викторовна,Петров Илья Сергеевич,Вр.,ФК Ротор,Самара,"ул. Молодёжная, д. 35, кв. 188",+7-934-592-95-49,petrovilyase793@yandex.ru,Перенес.,,7413900,21.03.2023,18.02.2024,SAP ERP,Игрок травмирован
148,SPORT-000148,Алексеева Мария Александровна,Алексеева Мария Александровна,Соколова Ирина Викторовна,Защ.,ФК Заря,Краснодар,"ул. Гагарина, д. 13, кв. 155",+7-954-554-55-18,sokolovairin288@outlook.com,Зап,,699920,01.02.2024,12.03.2024,CRM Bitrix24,Новичок сезона
149,SPORT-000149,Егорова Алина Сергеевна,Егорова Алина Сергеевна,Соколова Ольга Дмитриевна,Защитник,ФК Заря,Челябинск,"ул. Садовая, д. 123, кв. 105",+7-932-897-99-95,,Заплан.,30,34227580,31.02.2026,17.09.2024,SAP ERP,Новичок
150,SPORT-000150,Павлов Илья Иванович,Павлов Илья Иванович,Петров,Полузащитник,####,Крд,"ул. Молодёжная, д. 77, кв. 127",+7-937-178-96-30,petrovviktor990@mail.ru,,31,34630036,2024,13.10.2024,CRM Bitrix24,Новичок сезона
151,SPORT-000151,Иванова Полина Петровна,Иванова Полина Петровна,Морозова Алина Андреевна,Вратарь,ФК Спартак-мол.,Краснодар,"ул. Мира, д. 4, кв. 138",+7-921-482-75-15,morozovaalin896@mail.ru,Перенесён,19,23259943,22.10.2023,2026-13-45,CRM Bitrix24,Капитан команды
152,SPORT-000152,Новикова Татьяна Александровна,Новикова Татьяна Александровна,Богданова Алина Викторовна,Вратарь,ФК Спартак-мол.,Волгоград,"ул. Молодёжная, д. 36, кв. 22",+7-919-633-79-22,bogdanovaali610@gmail.com,Запланирован,7,44024692,18.06.2026,12.05.2026,Excel-выгрузка,Капитан команды
153,SPORT-000153,Лебедева Полина Дмитриевна,Лебедева Полина Дмитриевна,Богданов Дмитрий Дмитриевич,Полузащитник,ФК Заря,Краснодар,"ул. Садовая, д. 103, кв. 143",,bogdanovdmit765@yandex.ru,Идёт,10,9477343,09.08.2023,26.02.2026,CRM Bitrix24,
154,SPORT-000154,Петров Павел Дмитриевич,Петров Павел Дмитриевич,Смирнов Максим Викторович,Нап.,ФК Заря,Смр,"ул. Молодёжная, д. 54, кв. 69",+7-936-888-39-87,smirnovmaksi949@yandex.ru,Запланирован,11,46577790,05.04.2025,14.11.2024,Excel-выгрузка,N/A
155,SPORT-000155,Егорова Юлия Ивановна,Егорова Юлия Ивановна,Морозов Никита Николаевич,Вратарь,ФК Ротор,Краснодар,ул.,+7-955-845-36-93,morozovnikit474@yandex.ru,Запланирован,39,19945594,02.12.2023,19.06.2024,1С:Предприятие,
156,SPORT-000156,Смирнова Екатерина Викторовна,Смирнова Екатерина Викторовна,Богданов Кирилл Петрович,Защитник,ФК Волгоград,Пермь,"ул. Гагарина, д. 109, кв. 159",+7-950-561-16-44,bogdanovkiri236@outlook.com,Перенесён,39,24562497,25.09.2024,24.03.2026,1С:Предприятие,
157,SPORT-000157,Морозова Алина Александровна,Морозова Алина Александровна,Кузнецов Роман Иванович,Защитник,ФК Спартак-мол.,Самара,"ул. Гагарина, д. 18, кв. 192",+7-912-565-15-68,kuznecovroma650@mail.ru,Перенесён,29,28654312,27.01.2026,10.12.2024,Excel-выгрузка,Игрок травмирован
158,SPORT-000158,Голубева Екатерина Александровна,Голубева Екатерина Александровна,12345XYZ,Нападающий,ФК Заря,Смр,"ул. Мира, д. 61, кв. 78",,fedorovasvet946@yandex.ru,Перенесён,39,39006881,08.12.2023,07.11.2024,SAP ERP,Новичок сезона
159,SPORT-000159,Козлова Мария Александровна,Козлова Мария Александровна,Смирнов Павел Андреевич,Защитник,ФК Ротор,Нижний Новгород,"ул. Гагарина, д. 123, кв. 15",+7-948-619-13-73,smirnovpavel782@outlook.com,Завершён,33,24614800,20.02.2025,06.04.2024,Собственная система учёта,Игрок травмирован
160,SPORT-000160,Кузнецова Алина Викторовна,12345XYZ,Богданов Сергей Петрович,###,ФК Звезда,Краснодар,"ул. Садовая, д. 22, кв. 68",+7-915-107-22-51,bogdanovserg997@mail.ru,Перенес.,13,6951329,24.03.2025,27.07.2025,Собственная система учёта,####
161,SPORT-000161,Алексеева Ирина Петровна,Алексеева Ирина Петровна,Виноградова Ксения Ивановна,Полузащитник,12345XYZ,Нижний Новгород,"ул. Победы, д. 5, кв. 22",+7-947-569-82-86,vinogradovak182@outlook.com,Завершён,30,8136332,21.10.2023,10.08.2026,Excel-выгрузка,
162,SPORT-000162,Волкова Полина Викторовна,нет данных(ошибка),Козлов Артём Петрович,Нап.,ФК Ротор,Казань,"ул. Гагарина, д. 117, кв. 99",+7-935-811-54-62,kozlovartemp131@gmail.com,Идёт,38,35071023,09.07.2026,12.09.2025,CRM Bitrix24,Капитан команды
163,SPORT-000163,Егорова Виктория Дмитриевна,Егорова Виктория Дмитриевна,Богданов Владимир Николаевич,Защ.,ФК Заря,Казань,"ул. Ленина, д. 55, кв. 44",+7-940-573-74-69,bogdanovvlad759@outlook.com,Заплан.,30,36939702,11.12.2024,19.11.2025,SAP ERP,
164,SPORT-000164,Попов Егор Викторович,Попов Егор Викторович,Попов Павел Викторович,Нападающий,ФК Ротор,Екатеринбург,ул.,+7-936-163-20-47,popovpavelvi247@outlook.com,Перенесён,20,47558981,16.09.2023,16.09.2024,1С:Предприятие,Капитан
165,SPORT-000165,12345XYZ,Козлова Наталья Дмитриевна,Фёдорова Анна Александровна,Нап.,ФК Заря,Волгоград,"ул. Центральная, д. 16, кв. 95",+7-919-390-66-95,fedorovaanna857@gmail.com,Идёт,28,5279451,12.06.2026,,CRM Bitrix24,Дисквалифицирован на 2 матча
166,SPORT-000166,Петров Дмитрий Александрович,Петров Дмитрий Александрович,Воробьёва Алина Ивановна,Вратарь,ФК Ротор,Санкт-Петербург,"ул. Мира, д. 49, кв. 100",+7-958-388-86-57,vorobevaalin977@yandex.ru,Перенесён,24,45313141,00.00.0000,09.02.2026,Собственная система учёта,Капитан команды
167,SPORT-000167,Богданова Виктория Ивановна,Богданова Виктория Ивановна,Волкова Алина Николаевна,Нападающий,ФК Спартак-мол.,Москва,"ул. Центральная, д. 50, кв. 106",+7-910-734-53-61,volkovaalina525@outlook.com,Запланирован,15,28999224,19.10.2024,16.05.2024,Собственная,
168,SPORT-000168,Виноградова Полина Александровна,Виноградова Полина Александровна,Волкова Ольга Викторовна,Полузащитник,ФК Заря,Волгоград,"ул. Гагарина, д. 136, кв. 31",+7-946-703-21-78,volkovaolgav604@mail.ru,Завершён,,4701186,22.04.2025,19.10.2026,1С:Предприятие,
169,SPORT-000169,Петров Егор Дмитриевич,Петров Егор Дмитриевич,Попова Анна Дмитриевна,Защитник,ФК Звезда,Самара,"ул. Спортивная, д. 26, кв. 45",+7-913-103-36-10,popovaannadm960@yandex.ru,Перенесён,20,12822688,18.12.2024,11.07.2026,CRM Bitrix24,
170,SPORT-000170,Кузнецова Виктория Сергеевна,Кузнецова Виктория Сергеевна,Новиков,Защитник,ФК Волгоград,Екатеринбург,"ул. Садовая, д. 112, кв. 73",+7-923-365-89-12,novikovdmitr664@yandex.ru,Идёт,7,44999659,24.10.2025,26.09.2026,SAP ERP,Дисквалифицирован на 2 матча
171,SPORT-000171,Волков Дмитрий Дмитриевич,Волков Дмитрий Дмитриевич,Семёнова Дарья Дмитриевна,Защитник,ФК Спартак-мол.,Москва,"ул. Садовая, д. 133, кв. 141",+7-943-757-62-87,semenovadary38@yandex.ru,Идё,30,ERROR,11.11.2023,23.04.2024,Excel-выгрузка,ОШИБКА_ДАННЫХ
172,SPORT-000172,Попова Мария Ивановна,Попова Мария Ивановна,Богданова Екатерина Ивановна,Вратарь,ФК Звезда,Казань,нет данных(ошибка),+7-953-654-13-98,bogdanovaeka259@gmail.com,Перенесён,8,28831510,24.03.2026,25.12.2026,SAP ERP,
173,SPORT-000173,Виноградова Татьяна Александровна,Виноградова,Смирнова Анна Дмитриевна,Вратарь,ФК Звезда,Смр,"ул. Мира, д. 99, кв. 105",+7-958-927-84-44,smirnovaanna30@mail.ru,Перенесён,20,34977416,26.04.2025,07.11.2026,Excel-выгрузка,Капитан команды
174,SPORT-000174,Соколова Мария Сергеевна,Соколова Мария Сергеевна,Попова Елена Александровна,Нападающий,ФК Ротор,Челябинск,"ул. Садовая, д. 123, кв. 68",+7-951-808-25-90,popovaelenaa545@yandex.ru,Завершён,34,11419177,2023,00.00.0000,Excel-выгрузка,Дисквалифицирован на 2 матча
175,SPORT-000175,Кузнецова Ольга Николаевна,Кузнецова Ольга Николаевна,Воробьёв Владимир Иванович,Вратарь,ФК Спартак-мол.,Ростов-на-Дону,,,vorobevvladi854@gmail.com,Идёт,8,3948724,25.03.2026,24.05.2024,Excel-выгрузка,Новичок сезона
176,SPORT-000176,Павлова Светлана Дмитриевна,Павлова Светлана Дмитриевна,Морозов Артём Александрович,Полузащитник,ФК Звезда,Москва,"ул. Победы, д. 115, кв. 114",+7-915-460-71-50,morozovartem575@outlook.com,Завершён,17,7928497,18.11.2023,27.05.2025,1С:Предприятие,Новичок сезона
177,SPORT-000177,Фёдоров Владимир Андреевич,Фёдоров Владимир Андреевич,Волков Сергей Сергеевич,Защитник,ФК Ротор,,"ул. Гагарина, д. 92, кв. 196",+7-930-865-91-22,volkovsergei980@yandex.ru,Перенес.,8,27932493,10.07.2026,08.08.2025,12345XYZ,ОШИБКА_ДАННЫХ
178,SPORT-000178,Алексеева Виктория Андреевна,Алексеева Виктория Андреевна,Смирнова Елена Дмитриевна,Защитник,ФК Спартак-мол.,Екб,"ул. Советская, д. 25, кв. 105",+7-939-695-43-69,smirnovaelen651@outlook.com,Заплан.,28,26713551,24.07.2024,17.07.2025,SAP ERP,Новичок сезона
179,SPORT-000179,Воробьёв Владимир Сергеевич,Воробьёв Владимир Сергеевич,Смирнова Анна Викторовна,Вратарь,ФК Заря,Краснодар,"ул. Гагарина, д. 143, кв. 99",+7-919-631-91-86,smirnovaanna365@yandex.ru,Идёт,35,42182873,17.02.2023,19.03.2025,CRM Bitrix24,Капитан команды
180,SPORT-000180,Волков Виктор Дмитриевич,Волков Виктор Дмитриевич,Семёнова Ксения Дмитриевна,Нападающий,ФК Звезда,Челяб.,"ул. Пушкина, д. 61, кв. 105",+7-957-815-42-44,semenovaksen57@yandex.ru,Перенесён,23,6030536,19.08.2026,21.08.2025,1С:Предприятие,
181,SPORT-000181,Смирнов Владимир Александрович,Смирнов Владимир Александрович,Фёдоров Виктор Иванович,Защитник,ФК Заря,Казань,####,+7-957-537-91-47,fedorovvikto109@outlook.com,,0,23459068,03.05.2025,15.11.2024,Собственная система учёта,Игрок травмирован
182,SPORT-000182,Морозов Павел Сергеевич,Морозов Павел Сергеевич,Кузнецов Илья Иванович,Полузащ.,ФК Заря,Краснодар,"ул. Центральная, д. 100, кв. 1",+7-927-641-62-29,kuznecovilya310@outlook.com,Идёт,4,7171997,,19.12.2025,SAP,Игрок травмирован
183,SPORT-000183,Лебедева Дарья Александровна,Лебедева Дарья Александровна,ОШИБКА_ДАННЫХ,Полузащитник,ФК Спартак-мол.,Москва,,+7-936-430-49-93,semenovegora948@gmail.com,,19,10096730,01.12.2023,04.08.2024,SAP ERP,Новичок сезона
184,SPORT-000184,Волков Павел Петрович,Волков Павел Петрович,Виноградова Юлия Дмитриевна,Нападающий,ФК Волгоград,Екатеринбург,"ул. Центральная, д. 19, кв. 185",+7-946-261-49-44,vinogradovay917@yandex.ru,Перенес.,15,46792440,15.02.2023,22.07.2024,,Новичок сезона
185,SPORT-000185,Смирнов Дмитрий Иванович,Смирнов Дмитрий Иванович,Петрова Татьяна Андреевна,Вратарь,ФК Волгоград,Ростов-н/Д,"ул. Гагарина, д. 29, кв. 159",+7-916-604-59-68,petrovatatya513@outlook.com,Запланирован,1,22350364,04.11.2024,09.04.2026,SAP ERP,
186,SPORT-000186,Кузнецов Андрей Иванович,Кузнецов Андрей Иванович,Соколова Анна Дмитриевна,Вратарь,ФК Заря,Казань,"ул. Молодёжная, д. 14, кв. 87",+7-928-825-41-99,sokolovaanna500@outlook.com,Запланирован,19,22138717,20.01.2025,24.05.2025,CRM Bitrix24,Капитан команды
187,SPORT-000187,Богданова Светлана Викторовна,Богданова Светлана Викторовна,Виноградов Кирилл Петрович,Полузащитник,ФК Звезда,Нов,"ул. Советская, д. 68, кв. 21",+7-933-277-48-80,vinogradovki434@mail.ru,Запланирован,19,8357114,08.09.2025,01.03.2026,Excel-выгрузка,Игрок травмирован
188,SPORT-000188,Петров Артём Викторович,Петров Артём Викторович,Лебедева Виктория Андреевна,Полузащитник,ФК Волгоград,Крд,"ул. Гагарина, д. 48, кв. 182",+7-951-979-23-27,petrov@@mail..ru,Идёт,39,26627725,09.05.2025,01.03.2025,SAP ERP,Новичок сезона
189,SPORT-000189,Павлов Александр Сергеевич,Павлов Александр Сергеевич,Волков Артём Дмитриевич,Полузащитник,ФК Спартак-мол.,Челябинск,"ул. Советская, д. 142, кв. 176",+7-944-447-63-79,volkovartemd450@outlook.com,Заплан.,16,37219667,12.04.2026,06.12.2025,CRM Bitrix24,Игрок травмирован
190,SPORT-000190,Соколова Наталья Андреевна,Соколова Наталья Андреевна,Попов Павел Александрович,не указано(ошибка),ФК Ротор,Челябинск,"ул. Пушкина, д. 145, кв. 96",+7-938-640-30-11,popovpavelal467@yandex.ru,Запланирован,,16689341,2025,07.02.2024,####,Капитан команды
191,SPORT-000191,Виноградов Максим Иванович,Виноградов Максим Иванович,Новикова Ирина Петровна,Защитник,ФК Ротор,Влгд,"ул. Центральная, д. 119, кв. 128",+7-920-861-58-37,novikovairin556@gmail.com,Идёт,30,32636806,24.05.2026,21.05.2024,Собственная система учёта,
192,SPORT-000192,ОШИБКА_ДАННЫХ,Алексеева Полина Викторовна,Егоров Андрей Андреевич,Полузащитник,ФК Звезда,Екатеринбург,"ул. Ленина, д. 116, кв. 91",+7-938-822-76-10,egorovandrei210@outlook.com,Запланирован,30,36936928,08.09.2026,14.06.2026,CRM Bitrix24,
193,SPORT-000193,Воробьёв Максим Дмитриевич,Воробьёв Максим Дмитриевич,Голубева Юлия Николаевна,Нападающий,ФК Волгоград,Пермь,"ул. Молодёжная, д. 93, кв. 101",+7-911-622-88-15,golubevayuli795@gmail.com,Запланирован,0,20105732,04.04.2023,15.07.2024,Excel-выгрузка,Игрок травмирован
194,SPORT-000194,Воробьёва Анна Петровна,Воробьёва Анна Петровна,Козлов Андрей Иванович,Защ.,ФК Волгоград,Екатеринбург,"ул. Молодёжная, д. 54, кв. 92",+7-937-439-43-28,petrov@@mail..ru,не указано(ошибка),36,2097535,19.01.2025,24.11.2025,1С:Предприятие,Игрок травмирован
195,SPORT-000195,???,Алексеева Светлана Дмитриевна,Лебедев,Нападающий,ФК Волгоград,Казань,"ул. Молодёжная, д. 146, кв. 177",+7-942-828-79-21,lebedevmaksi895@yandex.ru,Перенесён,24,21187043,18.03.2024,21.12.2024,Excel-выгрузка,
196,SPORT-000196,Соколов Павел Петрович,Соколов Павел Петрович,Воробьёв Роман Петрович,Нападающий,ФК Волгоград,Ростов-на-Дону,"ул. Садовая, д. 123, кв. 34",+7-948-779-61-17,vorobevroman884@yandex.ru,Идёт,9,36718931,14.05.2026,23.02.2024,Excel-выгрузка,Капитан команды
197,SPORT-000197,Морозов Дмитрий Александрович,Морозов Дмитрий Александрович,Виноградова Светлана Александровна,Нап.,ФК Ротор,Краснодар,####,+7-940-821-15-24,vinogradovas498@outlook.com,,1,3237075,22.01.2026,10.06.2026,CRM Bitrix24,
198,SPORT-000198,Богданова Анна Викторовна,Богданова Анна Викторовна,Кузнецова Наталья Сергеевна,Защитник,ФК Спартак-мол.,Мск,N/A,+7-954-837-68-78,kuznecovanat828@outlook.com,Идёт,16,26229791,11.06.2025,23.04.2025,SAP ERP,Игрок травмирован
199,SPORT-000199,Алексеева Ольга Петровна,,Лебедева Наталья Андреевна,Вратарь,ФК Заря,Ростов-на-Дону,"ул. Победы, д. 33, кв. 73",+7-944-564-16-34,lebedevanata796@gmail.com,Завер.,11,14849738,03.03.2024,03.03.2025,Собственная система учёта,Капитан команды
200,SPORT-000200,Егорова Екатерина Александровна,Егорова Екатерина Александровна,Виноградова Татьяна Андреевна,Вратарь,ФК Звезда,Екатеринбург,"ул. Советская, д. 79, кв. 136",+7-953-436-15-17,vinogradovat277@mail.ru,Идёт,,22940074,12.06.2023,08.10.2026,Excel-выгрузка,Дисквалифицирован на 2 матча
