ID,Код записи,Название заказа,Название заказа (повтор),Исполнитель,Категория заказа,Формат оплаты,Город,Адрес,Телефон,Email,Статус отклика,"Срок выполнения, дней","Бюджет заказа, руб.",Дата создания записи,Дата последнего обновления,Система-источник,Примечания
1,FREE-000001,Разработка бота для Telegram,Разработка бота для Telegram,Воробьёв Егор Викторович,Маркетинг и реклама,Почасовая оплата,Казань,"ул. Советская, д. 118, кв. 70",телефон отсутствует,,Рассматр.,74,304583,21.05.2026,14.08.2026,Собственная система учёта,N/A
2,FREE-000002,Разработка landing page,Разработка landing page,ОШИБКА_ДАННЫХ,Маркетинг и реклама,####,Волгоград,N/A,+7-916-216-55-38,lebedevasvet85@outlook.com,Отправлен,9,434654,19.04.2023,23.11.2025,Excel-выгрузка,Первый заказ на платформе
3,FREE-000003,Разработка бота для Telegram,Разработка бота для Telegram,Семёнов Илья Дмитриевич,Копир./перев.,Почасовая оплата,Казань,"ул. Мира, д. 37, кв. 130",+7-935-427-65-97,semenovilyad987@outlook.com,Рассматривается,68,192277,03.04.2024,16.08.2024,CRM Bitrix24,Первый заказ на платформе
4,FREE-000004,Монтаж видеоролика,Монтаж видеоролика,Фёдоров Сергей Андреевич,Копирайтинг и переводы,Фиксированная цена,Челябинск,"ул. Советская, д. 125, кв. 56",+7-953-450-75-39,fedorovserge994@gmail.com,Рассматр.,35,8814,09.03.2026,10.02.2025,Собственная система учёта,Постоянный заказчик
5,FREE-000005,Монтаж видеоролика,Монтаж видеоролика,Алексеева Дарья Викторовна,Граф. дизайн,Почасовая оплата,Пермь,"ул. Садовая, д. 105, кв. 33",+7-957-347-57-88,alekseevadar991@yandex.ru,Отправлен,67,430269,07.11.2025,04.08.2025,SAP ERP,Постоянный заказчик
6,FREE-000006,Разработка landing page,Разработка landing page,Голубева Наталья Николаевна,Графический дизайн,Оплата по этапам,###,,+7-923-576-68-35,golubevanata778@yandex.ru,Принят,ABC,495086,11.06.2024,,N/A,Заказ со срочным дедлайном
7,FREE-000007,Разработка мобильного приложения,Разработка мобильного приложения,Голубев Владимир Петрович,Графический дизайн,Оплата по этапам,Краснодар,ОШИБКА_ДАННЫХ,+7-930-941-15-70,golubevvladi447@mail.ru,Отправлен,29,,10.09.2026,13.08.2024,CRM Bitrix24,
8,FREE-000008,Разработка landing page,Разработка landing page,Виноградова Дарья Сергеевна,Графический дизайн,Почасовая оплата,###,"ул. Советская, д. 96, кв. 156",+7-947-542-66-68,vinogradovad218@gmail.com,Принят,27,212435,10.10.2024,19.03.2026,1С:Предприятие,Постоянный заказчик
9,FREE-000009,Монтаж видеоролика,Монтаж видеоролика,Фёдорова Алина Александровна,Разработка программного обеспечения,Оплата по этапам,Влгд,"ул. Молодёжная, д. 1, кв. 11",+7-952-444-39-49,fedorovaalin996@,Отклонён,6,67773,09.10.2023,08.03.2025,1С:Предприятие,Постоянный заказчик
10,FREE-000010,Монтаж видеоролика,Монтаж видеоролика,,Маркетинг и реклама,Фиксированная цена,Пермь,"ул. Спортивная, д. 17, кв. 132",+7-919-223-27-88,golubevaanna843@gmail.com,Отклонён,14,356713,,15.02.2024,SAP ERP,Постоянный заказчик
11,FREE-000011,Разработка мобильного приложения,Разработка мобильного приложения,Алексеева Елена Александровна,Граф. дизайн,Оплата по этапам,Новосибирск,"ул. Садовая, д. 118, кв. 127",+7-926-633-45-60,alekseevaele328@mail.ru,Откл.,26,много,18.03.2023,05.12.2026,CRM Bitrix24,Постоянный заказчик
12,FREE-000012,Написание SEO-текстов,Написание SEO-текстов,Фёдорова Юлия Сергеевна,Граф. дизайн,,,"ул. Советская, д. 44, кв. 24",+7-922-869-93-98,fedorovayuli311@outlook.com,Рассматривается,3,203098,19.06.2025,05.02.2024,SAP ERP,Постоянный заказчик
13,FREE-000013,Перевод технической документации,Перевод технической документации,Новиков Егор Сергеевич,Разработка программного обеспечения,Оплата по этапам,Смр,"ул. Центральная, д. 129, кв. 68",+7-923-674-38-73,novikovegors474@mail.ru,Отк,,362549,09.02.2026,13.06.2024,Excel-выгрузка,Постоянный заказчик
14,FREE-000014,Аудит юзабилити сайта,Аудит юзабилити сайта,Волков Сергей Николаевич,Разраб. ПО,Фиксированная цена,Мск,"ул. Ленина, д. 81, кв. 36",+7-954-381-36-59,volkovsergei362@outlook.com,Принят,60,313999,27.02.2025,05.07.2026,SAP ERP,
15,FREE-000015,Написание SEO-текстов,Написание SEO-текстов,Семёнов Роман Николаевич,Маркетинг и реклама,Оплата,Москва,"ул. Ленина, д. 48, кв. 112",+7-933-906-53-28,semenovroman44@yandex.ru,Отправлен,16,135148,07.08.2026,,Собственная система учёта,
16,FREE-000016,Разработка бота для Telegram,Разработка бота для Telegram,,Разработка программного обеспечения,Почасовая оплата,Москва,"ул. Ленина, д. 117, кв. 30",+7-927-572-87-52,alekseevairi318@outlook.com,Отклонён,,236154,15.02.2023,16.06.2024,SAP ERP,
17,FREE-000017,Аудит юзабилити сайта,Аудит юзабилити сайта,Иванов Павел Иванович,Маркетинг и реклама,Фиксированная цена,Неизвестная категория,"ул. Спортивная, д. 14, кв. 44",+7-930-107-87-97,ivanovpaveli733@outlook.com,Рассматривается,75,56762,23.06.2026,06.06.2025,Собственная система учёта,Первый заказ на платформе
18,FREE-000018,Наполнение интернет-магазина,Наполнение интернет-магазина,Волкова Дарья Ивановна,Маркетинг и реклама,Фиксированная цена,Екб,"ул. Спортивная, д. 1, кв. 82",+7-919-329-27-79,нет_почты,Отправлен,19,401310,28.10.2026,24.02.2025,SAP ERP,Постоянный заказчик
19,FREE-000019,Дизайн логотипа,Дизайн логотипа,Петров Егор Петрович,Копир./перев.,Оплата по этапам,Мск,"ул. Молодёжная, д. 105, кв. 96",+7-927-246-50-38,petrovegorpe635@mail.ru,Рассматривается,5,165919,01.11.2025,11.09.2026,1С:Предприятие,N/A
20,FREE-000020,Дизайн логотипа,Дизайн логотипа,Виноградов Алексей Петрович,Маркетинг и реклама,Оплата по этапам,Нижний Новгород,"ул. Победы, д. 73, кв. 180",+7-943-435-27-57,vinogradoval286@mail.ru,Принят,89,179250,08.10.2023,16.10.2026,SAP ERP,
21,FREE-000021,Разработка мобильного приложения,Разработка мобильного приложения,Иванова Алина Петровна,Копирайтинг и переводы,Фиксированная цена,Екб,"ул. Победы, д. 132, кв. 82",+7-933-986-23-11,нет_почты,Рассматривается,64,93327,16.06.2026,12.03.2024,CRM Bitrix24,Первый заказ на платформе
22,FREE-000022,Настройка рекламной кампании,???,Семёнов Павел Дмитриевич,Маркетинг и реклама,Почасовая оплата,###,"ул. Ленина, д. 66, кв. 112",+7-954-208-31-37,semenovpavel5@mail.ru,Рассматривается,90,47361,02.11.2023,14.12.2024,SAP ERP,
23,FREE-000023,Написание SEO-текстов,Написание SEO-текстов,Петрова Мария Петровна,Копирайтинг и переводы,Почасовая оплата,Воронеж,"ул. Ленина, д. 30, кв. 5",+7-954-407-40-50,petrovamariy516@mail.ru,Принят,34,465770,08.04.2024,19.02.2024,SAP ERP,Первый заказ на платформе
24,FREE-000024,Разработка мобильного приложения,Разработка мобильного приложения,Лебедева Юлия Ивановна,Маркетинг и реклама,Оплата по этапам,Волгоград,"ул. Победы, д. 118, кв. 55",+7-922-489-45-51,lebedevayuli828@yandex.ru,Отпр.,много,250136,23.06.2026,07.09.2025,SAP ERP,Требуется NDA
25,FREE-000025,Разработка landing page,Разработка landing page,Козлова Ксения Андреевна,Копир./перев.,Фиксированная цена,Волгоград,"ул. Советская, д. 4, кв. 4",+7-955-611-22-28,kozlovakseni903@,Отправлен,83,112240,17.07.2025,11.09.2026,Собственная система учёта,Требуется NDA
26,FREE-000026,Монтаж видеоролика,Монтаж видеоролика,Иванова Ксения Николаевна,Маркетинг и реклама,Оплата по этапам,Смр,"ул. Гагарина, д. 132, кв. 27",+7-952-263-50-33,ivanovakseni796@mail.ru,Отправлен,79,52761,17.12.2023,27.06.2025,SAP ERP,Первый заказ на платформе
27,FREE-000027,Разработка мобильного приложения,Разработка мобильного приложения,Соколов Дмитрий Викторович,Разработка программного обеспечения,Оплата по этапам,Челябинск,"ул. Молодёжная, д. 111, кв. 145",+7-927-225-99-25,sokolovdmitr16@outlook.com,Принят,много,375185,03.11.2026,03.10.2026,SAP ERP,ОШИБКА_ДАННЫХ
28,FREE-000028,Разработка бота для Telegram,Разработка бота для Telegram,Семёнов Виктор Иванович,Разработка программного обеспечения,Оплата по этапам,Краснодар,"ул. Молодёжная, д. 21, кв. 71",,semenovvikto801@outlook.com,Откл.,55,67229,15.10.2026,05.03.2024,Собственная система учёта,Первый заказ на платформе
29,FREE-000029,Аудит юзабилити сайта,Аудит юзабилити сайта,Петрова Мария Дмитриевна,Граф. дизайн,Фиксированная цена,Пермь,,+7-927-914-29-89,petrovamariy903@outlook.com,не указано(ошибка),44,490187,22.12.2024,25.07.2026,1С:Предприятие,Заказ со срочным дедлайном
30,FREE-000030,Дизайн логотипа,Дизайн логотипа,Козлов Виктор Иванович,Копир./перев.,Фиксированная цена,Воронеж,"ул. Ленина, д. 11, кв. 132",+7-958-108-27-86,kozlovviktor185@outlook.com,Принят,62,389264,24.11.2023,19.09.2026,???,Постоянный заказчик
31,FREE-000031,Дизайн логотипа,Дизайн логотипа,Попова Анна Андреевна,Разраб. ПО,Почасовая оплата,Санкт-Петербург,"ул. Мира, д. 32, кв. 61",+7-952-777-15-38,popovaannaan59@yandex.ru,Рассматривается,86,9022,07.08.2025,14.02.2024,Excel-выгрузка,Требуется NDA
32,FREE-000032,Написание SEO-текстов,Написание SEO-текстов,Морозов Роман Николаевич,Графический дизайн,Фиксированная цена,Волгоград,"ул. Центральная, д. 134, кв. 144",+7-932-905-48-22,morozovroman918@gmail.com,Отпр.,32,395666,11.11.2026,23.06.2025,CRM Bitrix24,Заказ со срочным дедлайном
33,FREE-000033,Разработка landing page,Разработка landing page,Лебедев Владимир Петрович,Графический дизайн,Оплата,Волгоград,"ул. Центральная, д. 85, кв. 96",+7-924-577-35-48,lebedevvladi142@mail.ru,Принят,74,489769,09.12.2023,18.11.2024,CRM Bitrix24,Первый заказ на платформе
34,FREE-000034,,нет данных(ошибка),Павлов Александр Александрович,Графический дизайн,Оплата по этапам,Казань,"ул. Молодёжная, д. 42, кв. 25",+7-911-956-32-22,pavlovaleksa40@mail.ru,Отправлен,15,,18.02.2025,,CRM Bitrix24,Заказ со срочным дедлайном
35,FREE-000035,Перевод технической документации,Перевод технической документации,Воробьёва Ирина Ивановна,Маркетинг и реклама,Фиксированная,Казань,-,+7-951-454-40-36,vorobevairin75@mail.ru,Принят,24,284268,13.09.2023,10.09.2025,CRM Bitrix24,Заказ со срочным дедлайном
36,FREE-000036,Написание SEO-текстов,Написание SEO-текстов,Петров Артём Сергеевич,Графический дизайн,Фиксированная цена,Новосибирск,"ул. Советская, д. 57, кв. 130",+7-925-648-68-47,,Принят,25,198575,17.05.2026,12.07.2026,Собственная система учёта,Заказ со срочным дедлайном
37,FREE-000037,Настройка рекламной кампании,Настройка рекламной кампании,Семёнова Алина Николаевна,Маркетинг и реклама,Фиксированная цена,Пермь,ул.,,semenovaalin947@outlook.com,Отправлен,7,408939,22.05.2023,15.10.2026,12345XYZ,
38,FREE-000038,Написание SEO-текстов,Написание SEO-текстов,Козлова Елена Николаевна,Маркетинг/реклама,Оплата по этапам,Екб,"ул. Ленина, д. 24, кв. 20",+7-921-202-81-25,kozlovaelena198@gmail.com,Отклонён,83,477231,20.03.2026,08.07.2024,CRM Bitrix24,Первый заказ на платформе
39,FREE-000039,ОШИБКА_ДАННЫХ,Разработка landing page,Козлов Александр Дмитриевич,Разработка программного обеспечения,Почасовая оплата,###,"ул. Садовая, д. 30, кв. 170",+7-918-421-96-26,,Отправлен,72,147308,21.03.2026,05.04.2024,Собственная система учёта,Первый заказ на платформе
40,FREE-000040,Написание SEO-текстов,N/A,Соколов Павел Иванович,Копир./перев.,Фиксированная цена,Ростов-на-Дону,"ул. Советская, д. 41, кв. 111",+7-924-753-34-79,sokolovpavel351@outlook.com,Рассматривается,28,262049,27.07.2026,27.02.2025,SAP ERP,Первый заказ на платформе
41,FREE-000041,Разработка landing page,Разработка landing page,Голубев Егор Александрович,Разработка программного обеспечения,Оплата по этапам,Пермь,"ул. Пушкина, д. 5, кв. 104",+7-950-412-21-28,golubevegora911@mail.ru,Отклонён,43,75270,15.11.2025,10.11.2026,1С:Предприятие,
42,FREE-000042,Дизайн логотипа,Дизайн логотипа,Попов Виктор Александрович,Маркетинг и реклама,Фиксированная цена,Новосибирск,"ул. Молодёжная, д. 107, кв. 134",+7-944-564-93-77,popovviktora788@yandex.ru,Принят,17,145245,12.09.2023,22.12.2024,CRM Bitrix24,
43,FREE-000043,Аудит юзабилити сайта,Аудит юзабилити сайта,Воробьёва,Граф. дизайн,Оплата по этапам,Пермь,"ул. Советская, д. 139, кв. 46",+7-956-147-39-61,vorobevayuli215@gmail.com,Отклонён,80,37840,14.05.2023,09.09.2025,CRM Bitrix24,Требуется NDA
44,FREE-000044,Разработка бота для Telegram,Разработка,Петрова Полина Андреевна,Копирайтинг и переводы,Почасовая оплата,Москва,"ул. Спортивная, д. 82, кв. 119",+7-928-743-76-50,petrovapolin939@gmail.com,Рассматр.,23,15953,02.12.2023,13.02.2024,SAP ERP,N/A
45,FREE-000045,Перевод технической документации,Перевод технической документации,Лебедева Юлия Дмитриевна,Разработка программного обеспечения,Почасовая оплата,Челябинск,"ул. Молодёжная, д. 145, кв. 171",+7-924-544-37-99,lebedevayuli736@yandex.ru,Отправлен,73,93102,03.11.2025,14.12.2024,####,Заказ со срочным дедлайном
46,FREE-000046,Разработка мобильного приложения,Разработка мобильного приложения,Виноградова Екатерина Александровна,Копирайтинг и переводы,Почасовая оплата,Мск,"ул. Спортивная, д. 143, кв. 187",+7-915-196-35-81,vinogradovae62@yandex.ru,Рассматривается,14,211074,03.06.2023,19.08.2026,Собственная система учёта,Постоянный заказчик
47,FREE-000047,Наполнение интернет-магазина,Наполнение интернет-магазина,Волков Сергей Иванович,Копир./перев.,Фиксированная цена,СПб,"ул. Мира, д. 76, кв. 75",+7-940-556-67-11,ivanov.mail.ru,Рассматривается,37,191203,2025,08.02.2026,SAP ERP,Заказ со срочным дедлайном
48,FREE-000048,Дизайн логотипа,Дизайн логотипа,Попова Анна Ивановна,Маркетинг и реклама,Фиксированная цена,Крд,,+7-933-140-82-54,popovaannaiv337@gmail.com,Отклонён,85,ABC,08.02.2025,17.09.2024,Собственная система учёта,
49,FREE-000049,Написание SEO-текстов,Написание SEO-текстов,Петров Роман Александрович,Маркетинг и реклама,Почасовая оплата,Краснодар,"ул. Советская, д. 68, кв. 126",+7-957-467-61-65,petrovromana62@mail.ru,Принят,64,44928,03.08.2023,25.04.2025,Excel-выгрузка,Постоянный заказчик
50,FREE-000050,Перевод технической документации,Перевод технической документации,Соколова Полина Викторовна,Копирайтинг и переводы,Оплата по этапам,Пермь,"ул. Ленина, д. 71, кв. 135",+7-913-766-32-13,sokolovapoli890@,Рассматривается,40,55973,02.02.2026,17.05.2025,CRM Bitrix24,N/A
51,FREE-000051,Наполнение интернет-магазина,Наполнение интернет-магазина,Смирнова Ксения Андреевна,Графический дизайн,Фиксированная цена,Челяб.,"ул. Ленина, д. 50, кв. 60",+7-954-393-29-11,smirnovaksen27@outlook.com,Отпр.,24,461400,,11.01.2024,Собственная система учёта,Первый заказ на платформе
52,FREE-000052,,Настройка рекламной кампании,Кузнецов Кирилл Николаевич,Маркетинг и реклама,Почасовая оплата,Санкт-Петербург,"ул. Гагарина, д. 47, кв. 21",+7-99-abc-12-34,kuznecovkiri962@outlook.com,Рассматривается,62,191948,11.03.2025,08.10.2026,1С:Предприятие,Заказ со срочным дедлайном
53,FREE-000053,Разработка landing page,Разработка landing page,Кузнецова Ирина Сергеевна,Копирайтинг и переводы,Фиксированная,Казань,,+7-926-415-92-62,kuznecovairi545@yandex.ru,Принят,27,481128,25.01.2026,28.12.2025,CRM Bitrix24,Заказ со срочным дедлайном
54,FREE-000054,Монтаж видеоролика,Монтаж видеоролика,Соколова Полина Сергеевна,Копирайтинг и переводы,Оплата по этапам,Самара,"ул. Ленина, д. 8, кв. 29",+7-930-235-22-75,sokolovapoli752@mail.ru,Рассматривается,,,19.05.2025,13.10.2026,1С:Предприятие,Требуется NDA
55,FREE-000055,Разработка landing page,Разработка landing page,Новикова Юлия Дмитриевна,Копирайтинг и переводы,Оплата по этапам,Ворнж,"ул. Советская, д. 2, кв. 4",+7-99-abc-12-34,,Принят,83,396789,12.10.2025,26.07.2024,Собственная система учёта,Требуется NDA
56,FREE-000056,Разработка бота для Telegram,Разработка бота для Telegram,Голубева,Графический дизайн,Фиксированная цена,Нижний Новгород,"ул. Гагарина, д. 58, кв. 150",+7-922-728-98-68,petrov@@mail..ru,Рассматр.,6,19032,19.10.2024,09.02.2025,1С:Предприятие,Заказ со срочным дедлайном
57,FREE-000057,Разработка бота для Telegram,Разработка бота для Telegram,Егорова Юлия Дмитриевна,Копирайтинг и переводы,Фиксированная цена,Москва,"ул. Садовая, д. 144, кв. 133",+7-958-530-76-90,egorovayuliy138@outlook.com,Рассматривается,75,369428,09.05.2023,15.03.2026,Собственная система учёта,Заказ со срочным дедлайном
58,FREE-000058,Перевод,Перевод технической документации,Виноградова Ольга Андреевна,Маркетинг/реклама,,Пермь,"ул. Советская, д. 118, кв. 32",+7-924-616-56-78,vinogradovao827@yandex.ru,Принят,62,225528,25.01.2023,18.12.2025,Собственная система учёта,Первый заказ на платформе
59,FREE-000059,Дизайн логотипа,Дизайн логотипа,Новиков Артём Николаевич,Разработка программного обеспечения,Фиксированная цена,,,+7-942-915-97-66,novikovartem547@yandex.ru,Откл.,16,64236,04.02.2025,28.06.2026,1С:Предприятие,Первый заказ на платформе
60,FREE-000060,Наполнение интернет-магазина,Наполнение интернет-магазина,Виноградов Андрей Николаевич,Копирайтинг и переводы,Фиксированная цена,Ростов-н/Д,"ул. Мира, д. 76, кв. 75",+7-913-102-19-53,vinogradovan583@,Отправлен,11,244035,07.04.2023,04.01.2024,CRM Bitrix24,
61,FREE-000061,,Аудит юзабилити сайта,Павлов Максим Андреевич,Разработка программного обеспечения,Фиксированная цена,Воронеж,"ул. Центральная, д. 56, кв. 75",+7-946-352-75-26,pavlovmaksim992@outlook.com,Рассматривается,,441866,26.08.2024,11.06.2025,CRM,Первый заказ на платформе
62,FREE-000062,Настройка рекламной кампании,Настройка рекламной кампании,Соколов Алексей Викторович,Разработка программного обеспечения,Почасовая оплата,Казань,"ул. Советская, д. 108, кв. 88",+7-921-521-71-66,sokolovaleks985@outlook.com,Принят,27,428867,23.01.2024,06.03.2026,Excel-выгрузка,Заказ со срочным дедлайном
63,FREE-000063,Аудит юзабилити сайта,Аудит юзабилити сайта,Кузнецова Наталья Сергеевна,Маркетинг и реклама,Фиксированная цена,Краснодар,"ул. Ленина, д. 82, кв. 129",+7-956-733-30-66,kuznecovanat886@outlook.com,Рассматривается,34,284112,20.10.2025,18.11.2024,SAP ERP,Первый заказ на платформе
64,FREE-000064,Перевод технической документации,Перевод технической документации,Петрова Анна Сергеевна,Маркетинг и реклама,Оплата по этапам,Казань,"ул. Пушкина, д. 123, кв. 83",+7-99-abc-12-34,petrovaannas815@outlook.com,Отклонён,ERROR,297075,17.06.2025,22.02.2024,CRM Bitrix24,
65,FREE-000065,Аудит юзабилити сайта,Аудит юзабилити сайта,12345XYZ,Копирайтинг и переводы,Оплата по этапам,Влгд,ул.,+7-930-726-30-50,kuznecovaann404@gmail.com,Отклонён,19,395542,18.07.2024,13.03.2025,1С:Предприятие,N/A
66,FREE-000066,???,Монтаж видеоролика,Кузнецов Максим Александрович,Графический дизайн,Фиксированная цена,Новосибирск,"ул. Пушкина, д. 25, кв. 121",+7-939-366-13-17,kuznecovmaks955@gmail.com,Откл.,25,97716,08.02.2025,22.09.2026,Собственная система учёта,Заказ
67,FREE-000067,Разработка мобильного приложения,Разработка мобильного приложения,-,Разработка программного обеспечения,Оплата,Волгоград,"ул. Спортивная, д. 59, кв. 135",+7-939-312-36-78,lebedevaleks386@mail.ru,Рассматривается,5,58616,31.02.2026,05.11.2025,SAP ERP,Требуется NDA
68,FREE-000068,Написание,Написание SEO-текстов,Соколов Никита Андреевич,Копирайтинг и переводы,Фиксированная цена,Ростов-н/Д,"ул. Мира, д. 44, кв. 139",+7-923-750-74-99,sokolovnikit686@outlook.com,Отпр.,3,286422,05.12.2026,11.08.2026,Собственная система учёта,Заказ со срочным дедлайном
69,FREE-000069,нет данных(ошибка),Наполнение интернет-магазина,Егоров Роман Петрович,Копирайтинг и переводы,Оплата по этапам,Казань,"ул. Ленина, д. 74, кв. 159",+7-928-136-63-79,egorovromanp598@gmail.com,Отправлен,23,284374,12.12.2023,27.09.2024,Excel-выгрузка,
70,FREE-000070,Разработка landing page,Разработка landing page,Кузнецов Максим Андреевич,Раз,Почасовая оплата,Новосибирск,"ул. Центральная, д. 60, кв. 23",+7-926-715-17-32,kuznecovmaks919@gmail.com,Отклонён,70,71879,27.06.2026,09.07.2025,Excel-выгрузка,Заказ со срочным дедлайном
71,FREE-000071,Аудит юзабилити сайта,Аудит юзабилити сайта,Алексеев Алексей Викторович,Разраб. ПО,Почасовая оплата,Новосибирск,"ул. Ленина, д. 16, кв. 29",+7-922-527-50-55,alekseevalek894@outlook.com,Рассматр.,61,406823,08.12.2025,01.12.2024,Excel-выгрузка,####
72,FREE-000072,Разработка мобильного приложения,Разработка мобильного приложения,Соколова Ольга Викторовна,Граф. дизайн,Фиксированная цена,Самара,"ул. Садовая, д. 114, кв. 90",+7-951-217-11-92,sokolovaolga496@yandex.ru,Рассматр.,55,458309,26.02.2026,05.03.2026,CRM Bitrix24,
73,FREE-000073,Написание SEO-текстов,Написание SEO-текстов,Семёнов Кирилл Сергеевич,Разработка программного обеспечения,Фиксированная цена,Санкт-Петербург,"ул. Садовая, д. 51, кв. 177",+7-914-477-47-22,semenovkiril44@yandex.ru,Откл.,45,466242,18.03.2024,13.05.2026,Собственная система учёта,
74,FREE-000074,Аудит юзабилити сайта,Аудит юзабилити сайта,Попова Наталья Александровна,Копирайтинг и переводы,Фиксированная цена,Неизвестная категория,"ул. Победы, д. 66, кв. 190",+7-938-683-50-36,popovanataly778@outlook.com,,45,102420,2023,26.06.2026,1С:Предприятие,Постоянный заказчик
75,FREE-000075,N/A,Наполнение интернет-магазина,Соколова Наталья Николаевна,Маркетинг и реклама,Фиксированная цена,Самара,"ул. Победы, д. 128, кв. 174",+7-938-210-83-24,sokolovanata954@gmail.com,Откл.,45,362772,23.03.2023,17.04.2024,Excel-выгрузка,Первый заказ на платформе
76,FREE-000076,Разработка мобильного приложения,Разработка мобильного приложения,Егорова Юлия Викторовна,,Почасовая оплата,Пермь,"ул. Пушкина, д. 20, кв. 130",+7-942-952-63-24,egorovayuliy100@outlook.com,Отклонён,81,много,21.09.2024,05.06.2024,1С:Предприятие,Заказ со срочным дедлайном
77,FREE-000077,Наполнение интернет-магазина,Наполнение интернет-магазина,Фёдоров Виктор Иванович,Копирайтинг и переводы,Почасовая оплата,Нижний Новгород,"ул. Садовая, д. 139, кв. 113",+7-929-391-76-18,fedorovvikto378@outlook.com,Принят,25,72567,21.12.2023,14.10.2026,Собственная система учёта,Требуется NDA
78,FREE-000078,Разработка landing page,Разработка landing page,Соколова Алина Петровна,Графический дизайн,Оплата по этапам,Краснодар,"ул. Молодёжная, д. 51, кв. 195",+7-944-174-98-43,sokolovaalin95@mail.ru,Рассматривается,48,491617,24.02.2025,,Собственная система учёта,
79,FREE-000079,Настройка рекламной кампании,Настройка рекламной кампании,Новикова Татьяна Андреевна,Копирайтинг и переводы,Почасовая оплата,Самара,"ул. Победы, д. 107, кв. 15",+7-932-655-30-17,novikovataty779@yandex.ru,Отправлен,73,313605,22.02.2025,24.08.2024,Собственная система учёта,Первый заказ на платформе
80,FREE-000080,Написание SEO-текстов,Написание SEO-текстов,Алексеев Александр Викторович,Копирайтинг и переводы,Фиксированная цена,Санкт-Петербург,"ул. Пушкина, д. 64, кв. 32",+7-922-441-49-29,alekseevalek441@outlook.com,Принят,42,12931,10.02.2026,09.11.2024,N/A,Первый заказ на платформе
81,FREE-000081,Перевод технической документации,Перевод технической документации,Виноградова Ирина Петровна,Графический дизайн,Почасовая оплата,Рос,"ул. Победы, д. 91, кв. 106",+7-948-366-80-10,vinogradovai160@gmail.com,Принят,79,81895,2026-13-45,17.04.2024,,Заказ со срочным дедлайном
82,FREE-000082,Разработка бота для Telegram,Разработка бота для Telegram,Алексеева Елена Александровна,,Почасовая оплата,Краснодар,"ул. Гагарина, д. 119, кв. 129",+7-957-445-45-84,alekseevaele651@yandex.ru,Отклонён,39,393745,2025,11.03.2026,Excel-выгрузка,Постоянный заказчик
83,FREE-000083,Настройка рекламной кампании,Настройка рекламной кампании,Иванов Дмитрий Иванович,Разработка программного обеспечения,Фиксированная цена,Воронеж,ул.,+7-918-462-15-77,ivanovdmitri783@gmail.com,Неизвестная категория,4,117453,10.09.2024,20.06.2025,SAP ERP,Первый заказ на платформе
84,FREE-000084,Дизайн логотипа,Дизайн логотипа,Лебедев Александр Александрович,Графический дизайн,Почасовая оплата,Новосибирск,"ул. Ленина, д. 37, кв. 42",+7-945-858-91-65,lebedevaleks712@gmail.com,Принят,ABC,1251,02.09.2025,11.12.2024,Собственная система учёта,Заказ со срочным дедлайном
85,FREE-000085,Разработка landing page,Разработка landing page,Соколова Алина Александровна,Разработка программного обеспечения,Оплата по этапам,Воронеж,"ул. Центральная, д. 150, кв. 137",+7-953-479-76-90,sokolovaalin369@yandex.ru,Отпр.,48,51448,01.06.2023,26.10.2025,SAP ERP,
86,FREE-000086,Дизайн логотипа,Дизайн логотипа,Павлов Никита Сергеевич,Графический дизайн,Фиксированная цена,Нижний Новгород,"ул. Спортивная, д. 125, кв. 177",+7-958-413-83-21,pavlovnikita371@,Откл.,17,315276,13.10.2025,13.11.2024,1С:Предприятие,Постоянный заказчик
87,FREE-000087,Дизайн логотипа,Дизайн логотипа,Волкова Виктория Петровна,Маркетинг/реклама,Фиксированная цена,Смр,"ул. Гагарина, д. 114, кв. 184",+7-934-401-29-93,volkovavikto657@gmail.com,Откл.,51,476246,23.05.2024,13.02.2024,CRM Bitrix24,Заказ со срочным дедлайном
88,FREE-000088,Перевод технической документации,Перевод технической документации,Петрова Ксения Петровна,Маркетинг и реклама,Оплата по этапам,Ростов-на-Дону,"ул. Советская, д. 141, кв. 22",+7-948-853-48-79,petrovakseni9@outlook.com,Отклонён,41,38071,,11.06.2025,Собственная система учёта,ОШИБКА_ДАННЫХ
89,FREE-000089,Разработка бота для Telegram,Разработка бота для Telegram,Алексеева Полина Сергеевна,Разработка программного обеспечения,Фиксированная,Краснодар,"ул. Победы, д. 147, кв. 28",+7-919-943-96-15,alekseevapol580@yandex.ru,Принят,13,176573,24.12.2024,21.08.2026,SAP ERP,Требуется NDA
90,FREE-000090,Разработка landing page,Разработка landing page,Новикова Дарья Дмитриевна,Маркетинг и реклама,Почасовая оплата,Екатеринбург,"ул. Мира, д. 51, кв. 45",+7-949-807-21-18,novikovadary738@yandex.ru,Принят,75,,31.02.2026,17.02.2026,Excel-выгрузка,Постоянный заказчик
91,FREE-000091,Разработка бота для Telegram,Разработка,Виноградова Ольга Андреевна,Маркетинг и реклама,Оплата по этапам,Сан,,+7-946-621-35-29,vinogradovao915@outlook.com,Рассматривается,20,,,04.09.2026,SAP ERP,
92,FREE-000092,Аудит юзабилити сайта,Аудит юзабилити сайта,N/A,Маркетинг и реклама,Фиксированная цена,Волгоград,"ул. Пушкина, д. 138, кв. 34",+7-952-331-45-58,alekseevakse622@mail.ru,Принят,2,35454,02.04.2026,17.09.2024,1С:Предприятие,Требуется NDA
93,FREE-000093,Разработка бота для Telegram,Разработка бота для Telegram,Морозова Полина Ивановна,Копирайтинг и переводы,Почасовая,Ростов-н/Д,"ул. Садовая, д. 63, кв. 198",+7-911-724-44-90,morozovapoli666@outlook.com,Отклонён,63,166588,01.06.2023,23.11.2026,SAP ERP,
94,FREE-000094,Разработка мобильного приложения,Разработка мобильного приложения,Соколов Максим Андреевич,Маркетинг и реклама,Фиксированная цена,Новосибирск,"ул. Мира, д. 75, кв. 13",+7-946-600-85-33,sokolovmaksi927@yandex.ru,Рассматривается,88,370056,08.11.2026,28.05.2024,???,
95,FREE-000095,Разработка мобильного приложения,Разработка мобильного приложения,Виноградов Виктор Сергеевич,Копирайтинг и переводы,Фиксированная цена,Влгд,"ул. Советская, д. 55, кв. 116",+7-941-184-94-15,vinogradovvi191@outlook.com,Откл.,77,169353,,27.08.2025,CRM Bitrix24,Первый заказ на платформе
96,FREE-000096,Разработка landing page,Разработка landing page,Богданова Татьяна Андреевна,Маркетинг и реклама,Почасовая оплата,Челябинск,"ул. Победы, д. 128, кв. 200",+7-943-374-32-55,bogdanovatat810@mail.ru,Отправлен,73,141511,22.01.2025,25.10.2025,1С:Предприятие,
97,FREE-000097,Разработка landing page,Разработка landing page,Кузнецов Никита Иванович,Маркетинг и реклама,Оплата по этапам,Мск,"ул. Победы, д. 142, кв. 64",+7-926-490-85-32,kuznecovniki319@mail.ru,Рассматривается,53,384264,11.05.2023,25.02.2025,нет данных(ошибка),Требуется NDA
98,FREE-000098,Разработка,Разработка мобильного приложения,Фёдорова Екатерина Петровна,Граф. дизайн,Оплата по этапам,Мск,"ул. Гагарина, д. 89, кв. 28",+7-921-729-63-16,fedorovaekat248@mail.ru,Рассматривается,39,224555,18.07.2026,21.07.2024,Собственная система учёта,Первый заказ на платформе
99,FREE-000099,Настройка рекламной кампании,Настройка рекламной кампании,Фёдорова Екатерина Викторовна,Копирайтинг и переводы,Фиксированная цена,Ростов-на-Дону,"ул. Пушкина, д. 14, кв. 41",+7-915-306-67-46,fedorovaekat640@yandex.ru,Принят,43,29021,16.11.2023,16.06.2024,Собственная система учёта,Заказ со срочным дедлайном
100,FREE-000100,Наполнение интернет-магазина,Наполнение интернет-магазина,Смирнов Кирилл Иванович,Разработка программного обеспечения,Фиксированная цена,Нижний Новгород,"ул. Молодёжная, д. 14, кв. 173",+7-915-821-87-67,,Рассматривается,38,298968,,24.11.2026,Excel-выгрузка,Заказ со срочным дедлайном
101,FREE-000101,Настройка рекламной кампании,Настройка рекламной кампании,Соколов Артём Сергеевич,Маркетинг и реклама,Фиксированная цена,Самара,"ул. Молодёжная, д. 141, кв. 146",+7-918-291-83-34,sokolovartem890@mail.ru,Откл.,68,385229,01.03.2024,18.05.2024,SAP ERP,Первый заказ на платформе
102,FREE-000102,Настройка рекламной кампании,,Алексеев Никита Дмитриевич,Маркетинг и реклама,Оплата по этапам,Пермь,"ул. Победы, д. 27, кв. 179",+7-955-396-70-99,alekseevniki53@outlook.com,Отклонён,61,57673,20.04.2023,2024,CRM Bitrix24,12345XYZ
103,FREE-000103,Разработка бота для Telegram,Разработка бота для Telegram,Голубева Светлана Александровна,Копирайтинг и переводы,Фиксированная цена,Челябинск,"ул. Центральная, д. 101, кв. 97",+7-943-954-70-31,golubevasvet570@yandex.ru,Рассматр.,44,92325,27.06.2024,04.11.2026,1С:Предприятие,Постоянный заказчик
104,FREE-000104,Монтаж видеоролика,Монтаж видеоролика,Виноградов Андрей Андреевич,Копирайтинг и переводы,Оплата по этапам,Пермь,"ул. Ленина, д. 57, кв. 48",+7-935-5,vinogradovan975@mail.ru,Принят,4,403038,21.03.2025,06.09.2026,Excel-выгрузка,Постоянный заказчик
105,FREE-000105,Монтаж видеоролика,Монтаж видеоролика,Иванов Никита Андреевич,Граф. дизайн,Оплата по этапам,Крд,"ул. Садовая, д. 97, кв. 130",+7-923-351-35-92,ivanovnikita489@gmail.com,Отклонён,,310656,13.06.2026,06.11.2024,CRM Bitrix24,Заказ со срочным дедлайном
106,FREE-000106,Наполнение интернет-магазина,Наполнение интернет-магазина,Богданова Екатерина Дмитриевна,Маркетинг и реклама,Оплата,Москва,"ул. Мира, д. 22, кв. 173",+7-955-502-42-45,bogdanovaeka586@mail.ru,Рассматр.,66,119792,13.08.2023,25.01.2025,SAP ERP,Первый заказ на платформе
107,FREE-000107,Монтаж видеоролика,####,Воробьёва Алина Викторовна,Граф. дизайн,Фиксированная цена,Пермь,"ул. Советская, д. 65, кв. 124",+7-947-642-77-60,vorobevaalin348@outlook.com,Отклонён,65,15086,31.02.2026,04.05.2024,1С:Предприятие,Требуется NDA
108,FREE-000108,Наполнение интернет-магазина,Наполнение интернет-магазина,Фёдорова Ирина Николаевна,Копир./перев.,Фиксированная цена,###,"ул. Молодёжная, д. 122, кв. 178",+7-929-987-49-75,fedorovairin122@gmail.com,Принят,3,138058,04.01.2025,25.04.2026,CRM Bitrix24,
109,FREE-000109,Аудит юзабилити сайта,Аудит юзабилити сайта,Фёдоров Владимир Александрович,Копирайтинг и переводы,Оплата по этапам,Краснодар,"ул. Пушкина, д. 83, кв. 113",+7-946-2,fedorovvladi19@outlook.com,Принят,2,,23.11.2025,24.04.2024,SAP ERP,Требуется NDA
110,FREE-000110,12345XYZ,Написание SEO-текстов,Виноградов Виктор Андреевич,Маркетинг и реклама,Почасовая оплата,Санкт-Петербург,"ул. Пушкина, д. 40, кв. 141",+7-955-323-52-50,vinogradovvi448@yandex.ru,Рассматривается,52,448773,04.08.2023,07.08.2024,CRM Bitrix24,
111,FREE-000111,Разработка landing page,Разработка landing page,Кузнецова Дарья Петровна,Разработка программного обеспечения,Почасовая оплата,Пермь,"ул. Гагарина, д. 20, кв. 48",+7-942-349-25-84,,Рассматривается,61,319977,13.12.2026,26.08.2024,CRM Bitrix24,Постоянный заказчик
112,FREE-000112,Разработка мобильного приложения,Разработка мобильного приложения,Кузнецова Елена Николаевна,Граф. дизайн,Оплата по этапам,Воронеж,"ул. Мира, д. 29, кв. 115",+7-938-365-84-81,kuznecovaele475@yandex.ru,Рассматр.,47,465799,08.05.2024,18.12.2026,SAP ERP,Заказ со срочным дедлайном
113,FREE-000113,Перевод технической документации,Перевод технической документации,Лебедева Елена Александровна,Графический дизайн,Почасовая оплата,Екатеринбург,"ул. Садовая, д. 41, кв. 14",+7-918-322-76-51,,Отклонён,1,440432,25.04.2024,19.06.2024,SAP ERP,Первый заказ на платформе
114,FREE-000114,Разработка landing page,Разработка landing page,Фёдорова Ольга Николаевна,Маркетинг и реклама,,Воронеж,"ул. Советская, д. 90, кв. 125",+7-948-172-32-89,fedorovaolga254@yandex.ru,Принят,70,-1,19.03.2025,25.02.2024,,Требуется NDA
115,FREE-000115,Монтаж видеоролика,Монтаж видеоролика,Семёнов Владимир Сергеевич,Разработка программного обеспечения,Оплата по этапам,Челяб.,"ул. Ленина, д. 67, кв. 154",+7-931-358-12-43,semenovvladi24@mail.ru,Принят,35,72780,22.07.2025,05.03.2026,CRM Bitrix24,Заказ со срочным дедлайном
116,FREE-000116,Аудит юзабилити сайта,Аудит юзабилити сайта,Морозов Егор Дмитриевич,Маркетинг/реклама,Фиксированная цена,Влгд,"ул. Советская, д. 7, кв. 100",+7-913-380-11-98,morozovegord827@outlook.com,Отклонён,71,,05.01.2023,02.07.2026,Excel-выгрузка,Заказ со срочным дедлайном
117,FREE-000117,Написание SEO-текстов,Написание SEO-текстов,Козлова Дарья Ивановна,Разработка программного обеспечения,Почасовая оплата,Казань,N/A,+7-942-379-87-28,kozlovadarya545@yandex.ru,Отклонён,37,255591,11.11.2023,20.03.2025,1С:Предприятие,Первый заказ на платформе
118,FREE-000118,Монтаж видеоролика,Монтаж видеоролика,Воробьёв Роман Иванович,Копирайтинг и переводы,Фиксированная цена,Ростов-на-Дону,"ул. Молодёжная, д. 47, кв. 195",+7-927-521-96-95,vorobevroman831@yandex.ru,Принят,10,440211,08.07.2025,13.11.2025,SAP ERP,Заказ со срочным дедлайном
119,FREE-000119,12345XYZ,Написание SEO-текстов,Иванов Андрей Дмитриевич,Маркетинг и реклама,Фиксированная цена,Волгоград,"ул. Спортивная, д. 118, кв. 67",+7-927-240-49-14,ivanovandrei51@outlook.com,Принят,70,482156,2023,25.02.2024,1С:Предприятие,Первый заказ на платформе
120,FREE-000120,Написание SEO-текстов,Написание SEO-текстов,Богданова Юлия Викторовна,Разраб. ПО,Почасовая оплата,Ростов-н/Д,"ул. Пушкина, д. 52, кв. 34",+7-911-790-98-34,bogdanovayul111@yandex.ru,Отклонён,54,-1,23.03.2026,19.03.2026,CRM Bitrix24,Требуется NDA
121,FREE-000121,Монтаж видеоролика,Монтаж видеоролика,Виноградова Дарья Андреевна,Графический дизайн,Оплата по этапам,Нижний Новгород,"ул. Спортивная, д. 30, кв. 13",+7-942-552-28-23,,Принят,14,167436,2025,23.01.2025,Собственная система учёта,
122,FREE-000122,Аудит юзабилити сайта,Аудит юзабилити сайта,Иванова Ирина Дмитриевна,Разработка программного обеспечения,Оплата по этапам,Ворнж,"ул. Спортивная, д. 29, кв. 176",+7-921-266-59-62,ivanovairina446@outlook.com,Отправлен,53,57250,07.10.2023,15.03.2025,SAP ERP,Заказ со срочным дедлайном
123,FREE-000123,Аудит юзабилити сайта,Аудит юзабилити сайта,Виноградова Елена Александровна,Граф. дизайн,Фиксированная цена,Нижний Новгород,"ул. Ленина, д. 89, кв. 117",+7-941-259-17-53,vinogradovae662@outlook.com,Отклонён,81,274651,02.04.2023,24.01.2025,CRM Bitrix24,Первый заказ на платформе
124,FREE-000124,Разработка мобильного приложения,Разработка мобильного приложения,нет данных(ошибка),Копирайтинг и переводы,Оплата по этапам,Пермь,"ул. Молодёжная, д. 44, кв. 81",+7-912-299-79-98,kozlovakseni670@mail.ru,Принят,13,44381,23.08.2026,07.04.2026,CRM Bitrix24,Постоянный заказчик
125,FREE-000125,Написание SEO-текстов,Написание SEO-текстов,Воробьёв Павел Николаевич,Копирайтинг и переводы,Фиксированная цена,Пермь,"ул. Молодёжная, д. 53, кв. 138",+7-932-699-49-26,vorobevpavel987@gmail.com,Отправлен,81,281190,04.09.2024,2026-13-45,SAP ERP,Заказ со срочным дедлайном
126,FREE-000126,Настройка рекламной кампании,Настройка рекламной кампании,Павлов Роман Александрович,Разработка программного обеспечения,Оплата по этапам,Пермь,"ул. Молодёжная, д. 106, кв. 52",+7-917-675-40-60,pavlovromana465@gmail.com,Принят,53,,24.02.2024,06.09.2026,Собственная система учёта,Заказ со срочным дедлайном
127,FREE-000127,Дизайн логотипа,Дизайн логотипа,Морозова Екатерина Александровна,Разработка программного обеспечения,Фиксированная цена,Ростов-н/Д,"ул. Мира, д. 85, кв. 108",+7-916-939-41-45,morozovaekat788@yandex.ru,Рассматр.,44,269804,05.04.2023,12.03.2024,1С:Предприятие,Заказ со срочным дедлайном
128,FREE-000128,Разработка мобильного приложения,Разработка мобильного приложения,Петров Максим Дмитриевич,Графический дизайн,ОШИБКА_ДАННЫХ,Крд,"ул. Мира, д. 18, кв. 24",+7-933-539-73-65,petrovmaksim958@outlook.com,Рассматр.,8,489391,16.06.2024,20.12.2026,Excel-выгрузка,Первый заказ на платформе
129,FREE-000129,Наполнение интернет-магазина,Наполнение интернет-магазина,Соколова Светлана Андреевна,Графический дизайн,Фиксированная цена,Казань,"ул. Победы, д. 59, кв. 196",+7-942-143-81-87,sokolovasvet5@yandex.ru,не указано(ошибка),30,111615,16.05.2024,18.10.2025,,Заказ со срочным дедлайном
130,FREE-000130,Настройка рекламной кампании,Настройка рекламной кампании,Воробьёв Егор Иванович,Копирайтинг и переводы,Фиксированная цена,Казань,"ул. Центральная, д. 121, кв. 26",+7-940-131-14-37,vorobevegori87@mail.ru,Принят,2,ERROR,21.06.2023,28.04.2024,Собственная система учёта,Постоянный заказчик
131,FREE-000131,Перевод технической документации,Перевод технической документации,Кузнецова Ирина Дмитриевна,Маркетинг/реклама,Почасовая оплата,Москва,"ул. Пушкина, д. 129, кв. 151",+7-937-2,kuznecovairi286@yandex.ru,Отправлен,71,149801,12.04.2025,13.04.2024,1С:Предприятие,Требуется NDA
132,FREE-000132,Наполнение интернет-магазина,Наполнение интернет-магазина,Смирнов Дмитрий Дмитриевич,Разработка программного обеспечения,Фиксированная цена,не указано(ошибка),"ул. Центральная, д. 99, кв. 161",+7-925-781-56-77,smirnovdmitr174@gmail.com,Откл.,11,487691,16.11.2026,00.00.0000,SAP ERP,Первый заказ на платформе
133,FREE-000133,Настройка рекламной кампании,???,Павлов Андрей Петрович,Копирайтинг и переводы,Оплата по этапам,Мск,"ул. Садовая, д. 80, кв. 160",+7-935-421-91-75,pavlovandrei277@outlook.com,Отклонён,43,271416,21.01.2023,28.07.2024,SAP ERP,
134,FREE-000134,Монтаж видеоролика,Монтаж видеоролика,Морозова Юлия Александровна,Разраб. ПО,Фиксированная цена,Москва,"ул. Победы, д. 94, кв. 134",+7-918-763-40-91,morozovayuli995@gmail.com,Отправлен,56,114255,13.03.2025,,CRM Bitrix24,Заказ со срочным дедлайном
135,FREE-000135,Разработка landing page,Разработка landing page,Егорова Светлана Дмитриевна,Копирайтинг и переводы,Фиксированная,Мск,"ул. Садовая, д. 22, кв. 28",+7-932-401-27-74,egorovasvetl203@gmail.com,Отпр.,82,212243,27.11.2025,31.02.2026,1С:Предприятие,Требуется NDA
136,FREE-000136,Монтаж видеоролика,Монтаж видеоролика,Егоров Владимир Викторович,Разраб. ПО,Оплата по этапам,Нижний Новгород,"ул. Мира, д. 71, кв. 146",+7-921-637-68-61,egorovvladim4@mail.ru,Принят,51,149559,08.07.2023,,Собственная система учёта,
137,FREE-000137,Перевод технической документации,Перевод технической документации,Волкова Елена Викторовна,Копир./перев.,Почасовая оплата,Воронеж,"ул. Центральная, д. 47, кв. 13",+7-949-633-20-90,volkovaelena916@mail.ru,Рас,31,461872,11.11.2026,21.07.2024,SAP ERP,Первый заказ на платформе
138,FREE-000138,Написание SEO-текстов,Написание SEO-текстов,Новиков Алексей Андреевич,Копирайтинг и переводы,,Пермь,"ул. Мира, д. 18, кв. 25",+7-946-512-81-34,novikovaleks442@outlook.com,Отправлен,27,154798,07.08.2024,22.07.2026,Excel-выгрузка,Заказ со срочным дедлайном
139,FREE-000139,Написание SEO-текстов,Написание SEO-текстов,Петров Никита Иванович,Маркетинг и реклама,Почасовая оплата,Казань,"ул. Спортивная, д. 144, кв. 59",+7-956-177-70-23,petrovnikita343@yandex.ru,категория_5,много,405986,03.09.2023,20.10.2026,Excel-выгрузка,Требуется NDA
140,FREE-000140,Разработка мобильного приложения,Разработка мобильного приложения,Алексеева Алина Андреевна,,Почасовая оплата,,"ул. Пушкина, д. 120, кв. 53",+7-921-338-75-31,alekseevaali158@outlook.com,Рассматр.,,308022,23.09.2025,,1С:Предприятие,
141,FREE-000141,Перевод технической документации,Перевод технической документации,Голубев Павел Петрович,Копирайтинг и переводы,Почасовая оплата,Екб,"ул. Спортивная, д. 147, кв. 27",+7-959-176-38-35,golubevpavel887@gmail.com,Рассматривается,19,158220,09.09.2025,28.01.2024,1С:Предприятие,Первый заказ на платформе
142,FREE-000142,Разработка мобильного приложения,Разработка мобильного приложения,Петров Роман Александрович,Разработка программного обеспечения,Почасовая оплата,Волгоград,"ул. Ленина, д. 18, кв. 101",+7-944-499-69-83,petrovromana156@outlook.com,Рассматривается,63,218232,11.09.2025,18.02.2024,1С:Предприятие,
143,FREE-000143,Написание SEO-текстов,Написание,Богданов Андрей Иванович,Графический дизайн,Почасовая оплата,Екатеринбург,-,+7-946-514-71-62,bogdanovandr518@mail.ru,Рассматр.,2,65348,,23.09.2025,Excel-выгрузка,Требуется NDA
144,FREE-000144,Перевод технической документации,Перевод технической документации,Новиков Андрей Сергеевич,Маркетинг и реклама,Оплата по этапам,Москва,"ул. Молодёжная, д. 49, кв. 91",+7-942-969-76-87,novikovandre923@yandex.ru,Отклонён,16,96746,13.11.2025,27.10.2026,Excel-выгрузка,Требуется NDA
145,FREE-000145,Монтаж видеоролика,Монтаж видеоролика,Попова Светлана Сергеевна,Копирайтинг и переводы,Оплата по этапам,Екб,"ул. Пушкина, д. 78, кв. 106",+7-953-964-72-14,popovasvetla744@mail.ru,Принят,50,147038,19.08.2023,20.01.2025,Excel-выгрузка,Заказ со срочным дедлайном
146,FREE-000146,,Разработка бота для Telegram,Смирнов Павел Сергеевич,Разраб. ПО,Оплата по этапам,Волгоград,"ул. Ленина, д. 32, кв. 136",+7-910-353-92-96,petrov@@mail..ru,Рассматривается,71,438999,17.03.2024,08.06.2025,SAP ERP,Первый заказ на платформе
147,FREE-000147,,Аудит юзабилити сайта,???,Копирайтинг и переводы,Почасовая оплата,Ростов-на-Дону,"ул. Центральная, д. 81, кв. 3",+7-959-762-91-69,pavlovakseni951@yandex.ru,Рассматривается,58,373591,19.06.2026,08.09.2026,1С:Предприятие,Заказ со срочным дедлайном
148,FREE-000148,Дизайн логотипа,Дизайн логотипа,Смирнова Виктория Ивановна,Разработка программного обеспечения,Почасовая оплата,Воронеж,"ул. Спортивная, д. 90, кв. 164",+7-916-785-87-52,smirnovavikt193@outlook.com,Принят,44,75583,01.06.2025,06.06.2025,Собственная система учёта,
149,FREE-000149,N/A,Разработка мобильного приложения,Новикова Юлия Викторовна,Копирайтинг и переводы,Оплата по этапам,Самара,,,novikovayuli81@mail.ru,Рас,90,285577,22.07.2026,12.05.2025,Собственная система учёта,
150,FREE-000150,Дизайн логотипа,,???,Разработка программного обеспечения,Фиксированная цена,Краснодар,"ул. Центральная, д. 58, кв. 6",+7-933-778-95-66,нет_почты,Принят,7,291137,02.10.2023,02.08.2024,1С:Предприятие,Постоянный заказчик
151,FREE-000151,Разработка мобильного приложения,Разработка мобильного приложения,Воробьёва Наталья Дмитриевна,Графический дизайн,Почасовая оплата,Нижний Новгород,"ул. Гагарина, д. 93, кв. 185",+7-942-911-28-32,ivanov.mail.ru,Принят,53,31845,15.04.2023,21.01.2026,1С:Предприятие,Требуется NDA
152,FREE-000152,Разработка мобильного приложения,Разработка мобильного приложения,Алексеев Дмитрий Сергеевич,Маркетинг и реклама,Почасовая оплата,Екатеринбург,"ул. Центральная, д. 50, кв. 98",+7-949-278-38-13,alekseevdmit560@yandex.ru,Отклонён,37,410659,24.06.2025,01.04.2024,Собственная система учёта,
153,FREE-000153,Аудит юзабилити сайта,Аудит юзабилити сайта,Егоров Виктор Александрович,Разработка программного обеспечения,Почасовая оплата,Пермь,,+7-924-861-66-94,egorovviktor19@gmail.com,Отправлен,83,356830,12.10.2026,19.08.2024,1С:Предприятие,Требуется NDA
154,FREE-000154,Разработка landing page,Разработка landing page,####,Копирайтинг и переводы,Оплата по этапам,Казань,ул.,+7-932-797-72-78,petrovatatya270@mail.ru,Рассматривается,23,3732,31.02.2026,28.07.2024,1С:Предприятие,Требуется NDA
155,FREE-000155,Разработка,Разработка мобильного приложения,Виноградова Ксения Сергеевна,Графический дизайн,Оплата по этапам,Влгд,"ул. Садовая, д. 130, кв. 172",+7-918-259-48-67,vinogradovak82@outlook.com,Отправлен,21,52682,27.10.2024,24.03.2024,SAP ERP,Постоянный заказчик
156,FREE-000156,Разработка мобильного приложения,Разработка мобильного приложения,Морозов Артём Дмитриевич,Разработка программного обеспечения,Оплата по этапам,Н.Новгород,"ул. Молодёжная, д. 89, кв. 100",+7-943-424-67-50,morozovartem282@mail.ru,Отклонён,7,287275,04.10.2025,10.10.2024,1С:Предприятие,Требуется NDA
157,FREE-000157,Разработка landing page,Разработка landing page,Кузнецова Татьяна Дмитриевна,Разраб. ПО,ОШИБКА_ДАННЫХ,Ростов-на-Дону,"ул. Пушкина, д. 21, кв. 8",+7-937-381-94-51,kuznecovatat647@mail.ru,Отклонён,29,н/д,02.05.2024,09.10.2024,Excel-выгрузка,Требуется NDA
158,FREE-000158,Разработка бота для Telegram,???,12345XYZ,Копирайтинг и переводы,Почасовая,Челябинск,"ул. Центральная, д. 86, кв. 173",+7-911-561-60-66,petrovvladim442@outlook.com,Рассматр.,50,317305,21.01.2026,05.12.2024,SAP ERP,Требуется NDA
159,FREE-000159,Аудит юзабилити сайта,Аудит юзабилити сайта,Кузнецова Ольга Александровна,Граф. дизайн,Почасовая оплата,Краснодар,"ул. Молодёжная, д. 17, кв. 86",+7-911-953-24-50,kuznecovaolg340@yandex.ru,Рассматр.,,93362,03.01.2025,28.02.2025,1С:Предприятие,Постоянный заказчик
160,FREE-000160,Монтаж видеоролика,,Павлова Ксения Александровна,Разработка программного обеспечения,Оплата по этапам,СПб,"ул. Пушкина, д. 104, кв. 118",+7-99-abc-12-34,pavlovakseni729@gmail.com,Рассматр.,21,357518,05.04.2023,2026-13-45,CRM Bitrix24,Заказ со срочным дедлайном
161,FREE-000161,Разработка landing page,Разработка landing page,Лебедев Кирилл Сергеевич,Копирайтинг и переводы,Почасовая оплата,Новосибирск,"ул. Центральная, д. 128, кв. 171",+7-922-947-44-65,lebedevkiril580@outlook.com,Рассматривается,16,122584,01.06.2025,27.08.2026,Собственная система учёта,Заказ со срочным дедлайном
162,FREE-000162,Дизайн логотипа,Дизайн логотипа,Иванов Андрей Дмитриевич,Маркетинг и реклама,Оплата по этапам,Волгоград,"ул. Садовая, д. 135, кв. 74",+7-948-952-52-99,ivanovandrei503@outlook.com,Отпр.,55,416063,04.09.2026,06.04.2026,Excel-выгрузка,Постоянный заказчик
163,FREE-000163,Написание SEO-текстов,Написание SEO-текстов,Виноградова Ксения Ивановна,Графический дизайн,Фиксированная цена,Волгоград,"ул. Мира, д. 138, кв. 49",,vinogradovak454@gmail.com,Отправлен,8,378398,02.10.2023,18.06.2024,CRM Bitrix24,Постоянный заказчик
164,FREE-000164,Дизайн логотипа,Дизайн логотипа,Виноградова Наталья Андреевна,Разраб. ПО,Почасовая оплата,Санкт-Петербург,"ул. Центральная, д. 107, кв. 16",+7-918-835-45-79,vinogradovan416@outlook.com,Рассматривается,89,75605,10.11.2025,16.06.2024,CRM Bitrix24,Постоянный заказчик
165,FREE-000165,Написание SEO-текстов,Написание,Попов Артём Викторович,Копирайтинг и переводы,Фиксированная цена,Казань,"ул. Центральная, д. 1, кв. 137",+7-939-367-68-26,popovartemvi564@yandex.ru,Отправлен,46,434454,27.01.2023,2026,CRM Bitrix24,Заказ со срочным дедлайном
166,FREE-000166,Аудит юзабилити сайта,Аудит юзабилити сайта,Семёнов Андрей Викторович,Графический дизайн,Фиксированная цена,Казань,"ул. Садовая, д. 30, кв. 122",+7-917-352-96-23,semenovandre82@mail.ru,Откл.,44,ERROR,13.04.2026,28.06.2024,нет данных(ошибка),Требуется NDA
167,FREE-000167,Разработка бота для Telegram,Разработка бота для Telegram,Новиков,Маркетинг/реклама,Почасовая оплата,Екатеринбург,"ул. Пушкина, д. 54, кв. 121",+7-949-208-63-77,novikovandre283@mail.ru,Рассматривается,87,418480,26.06.2024,26.02.2026,Excel-выгрузка,Постоянный заказчик
168,FREE-000168,Аудит юзабилити сайта,Аудит юзабилити сайта,Волков Егор Николаевич,Графический дизайн,,Самара,"ул. Спортивная, д. 54, кв. 14",+7-910-879-73-90,volkovegorni994@yandex.ru,не указано(ошибка),-1,300795,16.04.2026,00.00.0000,CRM Bitrix24,
169,FREE-000169,Разработка бота для Telegram,Разработка бота для Telegram,Петрова Дарья Сергеевна,Копир./перев.,Почасовая оплата,Екб,"ул. Победы, д. 19, кв. 103",+7-943-785-97-70,petrovadarya593@gmail.com,Отклонён,89,289893,08.08.2023,18.06.2026,1С:Предприятие,Требуется NDA
170,FREE-000170,Разработка мобильного приложения,Разработка мобильного приложения,нет данных(ошибка),Копир./перев.,Почасовая оплата,Нижний Новгород,"ул. Мира, д. 47, кв. 48",+7-951-757-90-87,kozlovairina420@mail.ru,Отправлен,33,341211,05.06.2024,22.12.2024,Собственная система учёта,
171,FREE-000171,Дизайн логотипа,Дизайн логотипа,Морозова Виктория Ивановна,Графический дизайн,Фиксированная цена,Ростов-на-Дону,"ул. Садовая, д. 100, кв. 30",+7-941-871-95-15,morozovavikt693@outlook.com,Отпр.,88,466929,10.07.2025,,Собственная система учёта,Требуется NDA
172,FREE-000172,Дизайн логотипа,Дизайн логотипа,Голубева Мария Ивановна,Маркетинг и реклама,Почасовая оплата,Смр,"ул. Спортивная, д. 136, кв. 181",+7-929-6,golubevamari288@mail.ru,Принят,38,255845,04.01.2026,13.12.2025,,Требуется NDA
173,FREE-000173,Аудит юзабилити сайта,Аудит юзабилити сайта,Фёдорова Ольга Дмитриевна,Разработка программного обеспечения,Почасовая оплата,Краснодар,"ул. Советская, д. 137, кв. 116",+7-928-952-13-65,fedorovaolga920@gmail.com,При,68,435638,2026,26.11.2024,Excel-выгрузка,Постоянный заказчик
174,FREE-000174,Разработка landing page,Разработка landing page,Богданова Виктория Дмитриевна,Маркетинг и реклама,Фиксированная цена,Воронеж,???,+7-918-349-94-75,bogdanovavik672@yandex.ru,Отклонён,30,20535,02.09.2026,2026,Собственная система учёта,Постоянный заказчик
175,FREE-000175,Написание SEO-текстов,Написание SEO-текстов,Козлов Павел Петрович,Разработка программного обеспечения,???,Нижний Новгород,"ул. Победы, д. 87, кв. 30",+7-920-901-96-48,kozlovpavelp232@outlook.com,Принят,41,260752,20.04.2023,05.10.2025,1С:Предприятие,Постоянный заказчик
176,FREE-000176,Написание SEO-текстов,Написание SEO-текстов,Волкова Алина Александровна,Маркетинг и реклама,Оплата по этапам,Мск,"ул. Ленина, д. 28, кв. 148",+7-947-451-95-76,volkovaalina976@gmail.com,Рассматр.,49,70485,15.04.2025,05.04.2024,SAP ERP,Требуется NDA
177,FREE-000177,Настройка рекламной кампании,Настройка рекламной кампании,Соколов Дмитрий Дмитриевич,Граф. дизайн,Фиксированная цена,Влгд,"ул. Советская, д. 121, кв. 71",+7-914-908-89-42,sokolovdmitr460@yandex.ru,Рассматривается,12,359731,18.10.2026,28.12.2026,SAP ERP,Постоянный заказчик
178,FREE-000178,Разработка мобильного приложения,Разработка мобильного приложения,Козлова Юлия Александровна,Графический дизайн,Почасовая оплата,Ростов-на-Дону,ул.,+7-937-250-70-39,kozlovayuliy14@gmail.com,Отправлен,25,,13.05.2025,21.04.2026,Собственная система учёта,???
179,FREE-000179,Перевод технической документации,Перевод технической документации,Морозова Мария Николаевна,Графический дизайн,Фиксированная цена,Мск,"ул. Советская, д. 60, кв. 117",+7-926-3,morozovamari435@outlook.com,Отклонён,90,323326,25.01.2025,15.08.2024,SAP ERP,Требуется NDA
180,FREE-000180,Настройка рекламной кампании,Настройка рекламной кампании,,Копир./перев.,Оплата по этапам,СПб,"ул. Пушкина, д. 44, кв. 59",+7-955-343-58-12,smirnovavikt76@yandex.ru,Рассматривается,65,35621,27.12.2025,26.10.2026,CRM Bitrix24,
181,FREE-000181,Написание SEO-текстов,Написание SEO-текстов,Виноградова Полина Александровна,Маркетинг и реклама,Фиксированная цена,Нижний Новгород,"ул. Гагарина, д. 1, кв. 154",+7-943-667-44-15,vinogradovap379@outlook.com,категория_5,49,385622,25.09.2024,02.08.2024,1С:Предприятие,
182,FREE-000182,Аудит юзабилити сайта,Аудит юзабилити сайта,Голубев Виктор Андреевич,Разработка программного обеспечения,Оплата по этапам,###,,+7-949-484-55-98,golubevvikto805@mail.ru,Принят,53,149429,25.05.2025,27.03.2026,1С:Предприятие,Требуется NDA
183,FREE-000183,Разработка мобильного приложения,Разработка мобильного приложения,Кузнецова Алина Викторовна,,Фиксированная цена,Ростов-на-Дону,"ул. Мира, д. 150, кв. 91",+7-942-631-74-53,kuznecovaali312@mail.ru,Рассматривается,86,244163,02.07.2025,08.03.2026,CRM,Первый заказ на платформе
184,FREE-000184,Наполнение интернет-магазина,Наполнение интернет-магазина,Козлов Егор Сергеевич,Раз,Фиксированная цена,Ростов-на-Дону,"ул. Мира, д. 91, кв. 22",телефон отсутствует,kozlovegorse777@outlook.com,Принят,75,266583,03.11.2024,18.11.2026,Собственная система учёта,Первый заказ на платформе
185,FREE-000185,Наполнение интернет-магазина,Наполнение интернет-магазина,Павлов Алексей Андреевич,Копирайтинг и переводы,Фиксированная цена,Санкт-Петербург,"ул. Молодёжная, д. 115, кв. 123",+7-917-144-69-58,pavlovalekse5@mail.ru,Откл.,73,397953,15.05.2026,16.05.2025,SAP ERP,
186,FREE-000186,Перевод технической документации,Перевод технической документации,Алексеев Владимир Дмитриевич,Копир./перев.,Фиксированная цена,Новосиб.,"ул. Центральная, д. 24, кв. 186",+7-950-863-63-24,alekseevvlad238@gmail.com,Принят,40,53856,2026-13-45,02.01.2024,CRM Bitrix24,Первый заказ на платформе
187,FREE-000187,Разработка landing page,Разработка landing page,Иванова Юлия Андреевна,Разраб. ПО,Фиксированная цена,Ростов-на-Дону,"ул. Ленина, д. 4, кв. 6",+7-958-139-66-95,ivanovayuliy489@yandex.ru,категория_5,41,457932,19.03.2023,16.11.2026,####,Постоянный заказчик
188,FREE-000188,Настройка рекламной кампании,Настройка,Иванов Дмитрий Александрович,Копирайтинг и переводы,Оплата по этапам,Ростов-на-Дону,"ул. Центральная, д. 108, кв. 32",+7-923-491-27-29,ivanovdmitri38@outlook.com,,49,231996,08.09.2024,20.06.2024,1С:Предприятие,
189,FREE-000189,Разработка landing page,Разработка landing page,Смирнова Алина Сергеевна,Разраб. ПО,,Ростов-на-Дону,"ул. Центральная, д. 19, кв. 30",+7-924-481-13-84,smirnovaalin945@outlook.com,Принят,86,395238,20.05.2024,20.07.2025,Собственная система учёта,Заказ со срочным дедлайном
190,FREE-000190,Разработка бота для Telegram,Разработка бота для Telegram,Смирнова Анна Андреевна,Копир./перев.,Фиксированная цена,Волгоград,"ул. Мира, д. 93, кв. 33",+7-936-721-10-17,smirnovaanna130@yandex.ru,Отправлен,80,183350,2025,10.06.2025,SAP ERP,
191,FREE-000191,Написание SEO-текстов,,Семёнова Дарья Ивановна,Маркетинг/реклама,Почасовая оплата,Пермь,"ул. Пушкина, д. 3, кв. 124",+7-946-684-71-97,semenovadary870@gmail.com,Отправлен,88,423898,07.02.2023,21.08.2025,Excel-выгрузка,Постоянный
192,FREE-000192,Настройка рекламной кампании,Настройка рекламной кампании,Павлова Екатерина Александровна,Разработка программного обеспечения,Почасовая оплата,Волгоград,"ул. Советская, д. 62, кв. 46",+7-942-711-53-61,pavlovaekate777@gmail.com,Принят,34,401979,2026-13-45,07.07.2025,CRM Bitrix24,Заказ со срочным дедлайном
193,FREE-000193,Настройка рекламной кампании,Настройка,Волков Егор Петрович,Разработка программного обеспечения,Фиксированная,Ростов-на-Дону,"ул. Спортивная, д. 51, кв. 133",+7-938-723-55-66,volkovegorpe203@mail.ru,Отправлен,46,339330,24.07.2023,23.04.2026,CRM Bitrix24,Требуется NDA
194,FREE-000194,Аудит юзабилити сайта,нет данных(ошибка),Соколова Ольга Сергеевна,Маркетинг и реклама,Оплата по этапам,Челябинск,"ул. Центральная, д. 27, кв. 1",+7-945-624-16-15,sokolovaolga39@outlook.com,Рассматривается,,75866,28.06.2024,12.04.2026,Excel-выгрузка,Первый заказ на платформе
195,FREE-000195,-,,Петров Дмитрий Андреевич,Разработка программного обеспечения,Почасовая оплата,Нов,"ул. Пушкина, д. 137, кв. 9",+7-940-603-75-59,petrovdmitri710@gmail.com,Рассматривается,78,404856,09.06.2024,2026-13-45,SAP ERP,Постоянный заказчик
196,FREE-000196,Написание SEO-текстов,Написание SEO-текстов,Виноградов Сергей Петрович,Копирайтинг и переводы,Фиксированная цена,Новосибирск,"ул. Молодёжная, д. 89, кв. 104",+7-910-704-24-89,vinogradovse549@gmail.com,Рассматривается,59,ABC,16.05.2023,26.12.2026,1С:Предприятие,
197,FREE-000197,Дизайн логотипа,Дизайн логотипа,Кузнецов Кирилл Петрович,Маркетинг и реклама,Фиксированная цена,Смр,"ул. Молодёжная, д. 111, кв. 189",+7-947-581-29-92,kuznecovkiri979@yandex.ru,Рассматривается,28,,20.04.2026,07.01.2024,Собственная система учёта,Требуется NDA
198,FREE-000198,Наполнение,Наполнение интернет-магазина,Семёнов Никита Александрович,Маркетинг и реклама,Оплата по этапам,Ворнж,нет данных(ошибка),,semenovnikit590@mail.ru,Откл.,33,368851,16.08.2023,08.01.2024,Собственная система учёта,Требуется NDA
199,FREE-000199,Написание,Написание SEO-текстов,Попова Ирина Петровна,Копирайтинг и переводы,Фиксированная цена,Краснодар,"ул. Пушкина, д. 33, кв. 111",+7-915-644-94-97,popovairinap239@outlook.com,Рассматривается,25,384174,25.07.2026,17.07.2026,SAP ERP,Требуется NDA
200,FREE-000200,Монтаж видеоролика,Монтаж видеоролика,Алексеев Дмитрий Петрович,Маркетинг/реклама,Оплата по этапам,Ростов-на-Дону,"ул. Гагарина, д. 84, кв. 197",+7-932-344-97-96,alekseevdmit999@yandex.ru,Отклонён,63,8509,18.12.2024,06.02.2026,Собственная система учёта,Заказ со срочным дедлайном
